melody_id,collection,voc_inst,prop_repeated_pitch,pitch_range,prop_gap_transitions,core_finnish_blind,continuity_finnish_blind,augmented_finnish_blind,core_dutch_ref,continuity_dutch_ref,augmented_dutch_ref
ls1_0001,LS1,vocal,0.384615,9,0,1.807955,-0.634035,1.173919,2.568331,-0.529124,2.039207
ls1_0002,LS1,vocal,0.490566,8,0,2.819663,-0.634035,2.185628,3.547250,-0.529124,3.018126
ls1_0003,LS1,vocal,0.325581,14,0.0697674,0.064501,1.774883,1.839384,0.977268,1.806788,2.784056
ls1_0004,LS1,vocal,0.097561,14,0.0731707,-1.541356,1.892391,0.351035,-0.622992,1.920734,1.297742
ls1_0005,LS1,vocal,0.44898,10,0,1.995706,-0.634035,1.361670,2.784691,-0.529124,2.255567
ls1_0006,LS1,vocal,0.206897,7,0.0344828,1.087432,0.556579,1.644012,1.791793,0.625407,2.417200
ls1_0007,LS1,vocal,0.512821,12,0,1.914232,-0.634035,1.280196,2.762027,-0.529124,2.232903
ls1_0008,LS1,vocal,0.424658,14,0,0.762255,-0.634035,0.128219,1.672590,-0.529124,1.143466
ls1_0009,LS1,vocal,0.521739,10,0.057971,2.508122,1.367578,3.875700,3.295321,1.411827,4.707148
ls1_0010,LS1,vocal,0.28,14,0.06,-0.256511,1.437634,1.181124,0.657376,1.479760,2.137136
ls1_0011,LS1,vocal,0.327586,14,0.0517241,0.078620,1.151887,1.230507,0.991338,1.202672,2.194011
ls1_0012,LS1,vocal,0.363636,14,0.0151515,0.332507,-0.110886,0.221620,1.244340,-0.021830,1.222510
ls1_0013,LS1,vocal,0.147059,17,0.0882353,-1.989383,2.412538,0.423155,-0.981668,2.425117,1.443449
ls1_0014,LS1,vocal,0.302326,12,0.0232558,0.431800,0.168937,0.600737,1.284761,0.249513,1.534274
ls1_0015,LS1,vocal,0.111111,9,0.0833333,-0.118227,2.243284,2.125057,0.648862,2.260993,2.909854
ls1_0016,LS1,vocal,0.333333,10,0.121212,1.181256,3.551156,4.732412,1.973079,3.529227,5.502306
ls1_0017,LS1,vocal,0.2,12,0.06,-0.288838,1.437634,1.148796,0.566634,1.479760,2.046394
ls1_0018,LS1,vocal,0.475,13,0.025,1.382337,0.229160,1.611497,2.261248,0.307911,2.569159
ls1_0019,LS1,vocal,0.122449,14,0.0204082,-1.366079,0.070614,-1.295465,-0.448326,0.154170,-0.294157
ls1_0020,LS1,vocal,0.215385,9,0.0307692,0.616130,0.428359,1.044489,1.380659,0.501073,1.881732
ls1_0021,LS1,vocal,0.62963,8,0.037037,3.799032,0.644773,4.443805,4.523206,0.710928,5.234134
ls1_0022,LS1,vocal,0.327273,12,0,0.607493,-0.634035,-0.026543,1.459842,-0.529124,0.930718
ls1_0023,LS1,vocal,0.221053,12,0.0315789,-0.140573,0.456317,0.315744,0.714383,0.528183,1.242566
ls1_0024,LS1,vocal,0.36,12,0.04,0.837978,0.747078,1.585056,1.689523,0.810132,2.499655
ls1_0025,LS1,vocal,0.386364,12,0.0227273,1.023646,0.150688,1.174334,1.874545,0.231817,2.106362
ls1_0026,LS1,vocal,0.222222,13,0,-0.397876,-0.634035,-1.031912,0.487239,-0.529124,-0.041885
ls1_0027,LS1,vocal,0.175439,13,0,-0.727355,-0.634035,-1.361390,0.158909,-0.529124,-0.370215
ls1_0028,LS1,vocal,0.35,13,0,0.502012,-0.634035,-0.132024,1.383991,-0.529124,0.854867
ls1_0029,LS1,vocal,0.408163,13,0.0408163,0.911632,0.775264,1.686896,1.792184,0.837464,2.629648
ls1_0030,LS1,vocal,0.378378,15,0.027027,0.170789,0.299149,0.469938,1.112449,0.375779,1.488228
ls1_0031,LS1,vocal,0.0545455,15,0.0727273,-2.109837,1.877079,-0.232758,-1.160229,1.905887,0.745658
ls1_0032,LS1,vocal,0.225806,15,0.0322581,-0.903714,0.479766,-0.423949,0.041691,0.550921,0.592612
ls1_0033,LS1,vocal,0.206897,13,0,-0.505809,-0.634035,-1.139844,0.379683,-0.529124,-0.149441
ls1_0034,LS1,vocal,0.133333,12,0.0666667,-0.758345,1.667820,0.909475,0.098764,1.702969,1.801733
ls1_0035,LS1,vocal,0.473684,13,0.0526316,1.373070,1.183219,2.556289,2.252014,1.233055,3.485069
ls1_0036,LS1,vocal,0.422222,12,0.0666667,1.276184,1.667820,2.944004,2.126203,1.702969,3.829172
ls1_0037,LS1,vocal,0.105263,12,0.0263158,-0.956032,0.274592,-0.681440,-0.098234,0.351965,0.253731
ls1_0038,LS1,vocal,0.468085,13,0.0212766,1.333638,0.100599,1.434237,2.212719,0.183246,2.395965
ls1_0039,LS1,vocal,0.1875,9,0,0.419750,-0.634035,-0.214286,1.184964,-0.529124,0.655839
ls1_0040,LS1,vocal,0.395833,9,0.0208333,1.886958,0.085294,1.972253,2.647059,0.168405,2.815464
ls1_0041,LS1,vocal,0.131868,12,0.0549451,-0.768664,1.263098,0.494434,0.088481,1.310513,1.398994
ls1_0042,LS1,vocal,0.348837,12,0.0465116,0.759363,0.971910,1.731273,1.611182,1.028150,2.639333
ls1_0043,LS1,vocal,0.428571,14,0.0285714,0.789819,0.352474,1.142293,1.700058,0.427487,2.127546
ls1_0044,LS1,vocal,0.449275,14,0.0434783,0.935628,0.867175,1.802803,1.845360,0.926589,2.771949
ls1_0045,LS1,vocal,0.566667,9,0.0333333,3.090069,0.516892,3.606961,3.845977,0.586923,4.432900
ls1_0046,LS1,vocal,0.352113,9,0,1.579051,-0.634035,0.945016,2.340225,-0.529124,1.811101
ls1_0047,LS1,vocal,0.176471,10,0.0392157,0.076534,0.719997,0.796531,0.872207,0.783872,1.656079
ls1_0048,LS1,vocal,0.361111,10,0.0277778,1.376883,0.325071,1.701954,2.168025,0.400915,2.568939
ls1_0049,LS1,vocal,0.159292,12,0.0265487,-0.575528,0.282633,-0.292895,0.280943,0.359763,0.640706
ls1_0050,LS1,vocal,0.0930233,12,0.0232558,-1.042233,0.168937,-0.873295,-0.184135,0.249513,0.065378
ls1_0051,LS1,vocal,0.261905,12,0.047619,0.147132,1.010147,1.157279,1.001085,1.065228,2.066314
ls1_0052,LS1,vocal,0.355556,14,0.0222222,0.275597,0.133250,0.408847,1.187629,0.214907,1.402536
ls1_0053,LS1,vocal,0.391304,14,0,0.527361,-0.634035,-0.106674,1.438516,-0.529124,0.909392
ls1_0054,LS1,vocal,0.413333,14,0.0133333,0.682503,-0.173664,0.508838,1.593117,-0.082705,1.510411
ls1_0055,LS1,vocal,0.333333,14,0,0.119095,-0.634035,-0.514941,1.031672,-0.529124,0.502548
ls1_0056,LS1,vocal,0.207792,14,0.038961,-0.765041,0.711205,-0.053836,0.150617,0.775346,0.925963
ls1_0057,LS1,vocal,0.108108,17,0.0540541,-2.263697,1.232334,-1.031363,-1.255026,1.280681,0.025655
ls1_0058,LS1,vocal,0.204082,15,0.0204082,-1.056713,0.070614,-0.986099,-0.110775,0.154170,0.043394
ls1_0059,LS1,vocal,0.0666667,12,0.0666667,-1.227852,1.667820,0.439968,-0.369107,1.702969,1.333863
ls1_0060,LS1,vocal,0.396226,14,0,0.562026,-0.634035,-0.072010,1.473059,-0.529124,0.943935
ls1_0061,LS1,vocal,0.329114,14,0.0506329,0.089379,1.114209,1.203588,1.002060,1.166137,2.168197
ls1_0062,LS1,vocal,0.310345,7,0,1.815977,-0.634035,1.181942,2.517799,-0.529124,1.988675
ls1_0063,LS1,vocal,0.30303,8,0,1.498924,-0.634035,0.864888,2.231113,-0.529124,1.701989
ls1_0064,LS1,vocal,0.230769,10,0.0384615,0.458938,0.693958,1.152896,1.253278,0.758622,2.011900
ls1_0065,LS1,vocal,0.382353,12,0.0294118,0.995401,0.381489,1.376890,1.846398,0.455623,2.302021
ls1_0066,LS1,vocal,0.206897,14,0.0344828,-0.771349,0.556579,-0.214770,0.144331,0.625407,0.769738
ls1_0067,LS1,vocal,0.658537,6,0,4.533693,-0.634035,3.899657,5.196780,-0.529124,4.667656
ls1_0068,LS1,vocal,0.5625,12,0.03125,2.264104,0.444959,2.709064,3.110680,0.517170,3.627850
ls1_0069,LS1,vocal,0.341176,12,0.0235294,0.705411,0.178384,0.883795,1.557419,0.258674,1.816092
ls1_0070,LS1,vocal,0.42,14,0.02,0.729453,0.056521,0.785975,1.639904,0.140504,1.780408
ls1_0071,LS1,vocal,0.4,14,0.0307692,0.588601,0.428359,1.016961,1.499543,0.501073,2.000615
ls1_0072,LS1,vocal,0.394737,14,0,0.551535,-0.634035,-0.082500,1.462605,-0.529124,0.933481
ls1_0073,LS1,vocal,0,17,0,-3.025059,-0.634035,-3.659095,-2.013735,-0.529124,-2.542859
ls1_0074,LS1,vocal,0.1875,12,0.0625,-0.376871,1.523954,1.147083,0.478909,1.563463,2.042372
ls1_0075,LS1,vocal,0.246377,8,0,1.099936,-0.634035,0.465901,1.833516,-0.529124,1.304392
ls1_0076,LS1,vocal,0.514286,8,0,2.986711,-0.634035,2.352676,3.713716,-0.529124,3.184592
ls1_0077,LS1,vocal,0.358974,8,0,1.892915,-0.634035,1.258880,2.623732,-0.529124,2.094608
ls1_0078,LS1,vocal,0.258065,8,0,1.182248,-0.634035,0.548212,1.915541,-0.529124,1.386417
ls1_0079,LS1,vocal,0.291667,10,0.0138889,0.887814,-0.154482,0.733332,1.680660,-0.064105,1.616555
ls1_0080,LS1,vocal,0.409836,10,0.0491803,1.720034,1.064055,2.784088,2.509979,1.117502,3.627481
ls1_0081,LS1,vocal,0.206897,10,0.0344828,0.290812,0.556579,0.847391,1.085738,0.625407,1.711145
ls1_0082,LS1,vocal,0.294118,13,0.0352941,0.108455,0.584594,0.693048,0.991806,0.652572,1.644378
ls1_0083,LS1,vocal,0.242424,13,0,-0.255601,-0.634035,-0.889637,0.629018,-0.529124,0.099894
ls1_0084,LS1,vocal,0.181818,13,0,-0.682426,-0.634035,-1.316461,0.203682,-0.529124,-0.325442
ls1_0085,LS1,vocal,0.288462,13,0,0.068621,-0.634035,-0.565415,0.952111,-0.529124,0.422987
ls1_0086,LS1,vocal,0.196078,13,0,-0.581996,-0.634035,-1.216032,0.303761,-0.529124,-0.225363
ls1_0087,LS1,vocal,0.264151,13,0.0377358,-0.102589,0.668902,0.566313,0.781498,0.734325,1.515823
ls1_0088,LS1,vocal,0.455696,9,0.0253165,2.308549,0.240087,2.548635,3.067180,0.318506,3.385686
ls1_0089,LS1,vocal,0.522727,12,0,1.984001,-0.634035,1.349966,2.831553,-0.529124,2.302429
ls1_0090,LS1,vocal,0.509804,12,0.0196078,1.892987,0.042981,1.935968,2.740856,0.127374,2.868230
ls1_0091,LS1,vocal,0.603774,12,0.0188679,2.554778,0.017433,2.572211,3.400341,0.102600,3.502941
ls1_0092,LS1,vocal,0.252874,12,0.137931,0.083529,4.128424,4.211953,0.937704,4.089000,5.026704
ls1_0093,LS1,vocal,0.186047,12,0.0465116,-0.387107,0.971910,0.584803,0.468708,1.028150,1.496858
ls1_0094,LS1,vocal,0.4,12,0.0666667,1.119682,1.667820,2.787502,1.970246,1.702969,3.673215
ls1_0095,LS1,vocal,0.382979,12,0.0425532,0.999808,0.835234,1.835042,1.850789,0.895616,2.746406
ls1_0096,LS1,vocal,0.0985915,19,0,-2.861799,-0.634035,-3.495834,-1.792518,-0.529124,-2.321642
ls1_0097,LS1,vocal,0.142857,12,0.114286,-0.691272,3.312002,2.620730,0.165602,3.297322,3.462924
ls1_0098,LS1,vocal,0.5,12,0.0277778,1.823942,0.325071,2.149013,2.672052,0.400915,3.072966
ls1_0099,LS1,vocal,0.370508,12,0.0247831,0.911982,0.221673,1.133655,1.763270,0.300650,2.063920
ls1_0100,LS1,vocal,0.166667,12,0.0555556,-0.523592,1.284177,0.760586,0.332699,1.330954,1.663653
ls1_0101,LS1,vocal,0.354839,14,0.0322581,0.270549,0.479766,0.750314,1.182598,0.550921,1.733519
ls1_0102,LS1,vocal,0.428571,14,0,0.789819,-0.634035,0.155783,1.700058,-0.529124,1.170934
ls1_0103,LS1,vocal,0.4375,14,0,0.852699,-0.634035,0.218664,1.762720,-0.529124,1.233596
ls1_0104,LS1,vocal,0.333333,14,0.0238095,0.119095,0.188056,0.307151,1.031672,0.268052,1.299724
ls1_0105,LS1,vocal,0.193548,14,0.0322581,-0.865355,0.479766,-0.385589,0.050653,0.550921,0.601574
ls1_0106,LS1,vocal,0.205128,14,0.025641,-0.783803,0.251294,-0.532509,0.131921,0.329373,0.461294
ls1_0107,LS1,vocal,0.261905,17,0.0238095,-1.180569,0.188056,-0.992513,-0.175673,0.268052,0.092379
ls1_0108,LS1,vocal,0.0740741,17,0.0740741,-2.503385,1.923582,-0.579804,-1.493879,1.950980,0.457100
ls1_0109,LS1,vocal,0.338462,17,0,-0.641410,-0.634035,-1.275445,0.361607,-0.529124,-0.167517
ls1_0110,LS1,vocal,0.451613,17,0.0537634,0.155470,1.222299,1.377769,1.155710,1.270951,2.426661
ls1_0111,LS1,vocal,0.333333,8,0.0277778,1.712336,0.325071,2.037407,2.443782,0.400915,2.844697
ls1_0112,LS1,vocal,0.280702,13,0.0350877,0.013972,0.577467,0.591439,0.897652,0.645662,1.543314
ls1_0113,LS1,vocal,0.152542,13,0.0508475,-0.888603,1.121617,0.233013,-0.001778,1.173320,1.171542
ls1_0114,LS1,vocal,0.416667,13,0,0.971518,-0.634035,0.337483,1.851862,-0.529124,1.322738
ls1_0115,LS1,vocal,0.128205,7,0.025641,0.533240,0.251294,0.784534,1.239532,0.329373,1.568905
ls1_0116,LS1,vocal,0.266667,7,0.04,1.508369,0.747078,2.255447,2.211263,0.810132,3.021395
ls1_0117,LS1,vocal,0.206349,9,0.031746,0.552497,0.462086,1.014583,1.317248,0.533777,1.851026
ls1_0118,LS1,vocal,0.246377,9,0,0.834396,-0.634035,0.200360,1.598164,-0.529124,1.069040
ls1_0119,LS1,vocal,0.25,12,0,0.063292,-0.634035,-0.570744,0.917537,-0.529124,0.388413
ls1_0120,LS1,vocal,0.266667,12,0,0.180668,-0.634035,-0.453367,1.034505,-0.529124,0.505381
ls1_0121,LS1,vocal,0.360656,12,0.0491803,0.842596,1.064055,1.906650,1.694126,1.117502,2.811628
ls1_0122,LS1,vocal,0.127273,17,0,-2.128728,-0.634035,-2.762764,-1.120528,-0.529124,-1.649652
ls1_0123,LS1,vocal,0.111111,12,0,-0.914847,-0.634035,-1.548883,-0.057193,-0.529124,-0.586317
ls1_0124,LS1,vocal,0.463768,12,0,1.568775,-0.634035,0.934740,2.417774,-0.529124,1.888650
ls1_0125,LS1,vocal,0.234043,14,0.0425532,-0.580170,0.835234,0.255063,0.334844,0.895616,1.230460
ls1_0126,LS1,vocal,0.677419,12,0,3.073435,-0.634035,2.439400,3.917191,-0.529124,3.388067
ls1_0127,LS1,vocal,0.27907,12,0,0.268019,-0.634035,-0.366017,1.121550,-0.529124,0.592426
ls1_0128,LS1,vocal,0.0606061,17,0.030303,-2.598235,0.412262,-2.185973,-1.588399,0.485464,-1.102935
ls1_0129,LS1,vocal,0.254237,12,0.0338983,0.093133,0.536399,0.629533,0.947275,0.605839,1.553113
ls1_0130,LS1,vocal,0.116279,17,0.0232558,-2.206152,0.168937,-2.037215,-1.197682,0.249513,-0.948169
ls1_0131,LS1,vocal,0.404762,13,0,0.887678,-0.634035,0.253642,1.768313,-0.529124,1.239189
ls1_0132,LS1,vocal,0.289855,16,0,-0.718186,-0.634035,-1.352221,0.255836,-0.529124,-0.273288
ls1_0133,LS1,vocal,0.253731,13,0,-0.175970,-0.634035,-0.810005,0.708372,-0.529124,0.179248
ls1_0134,LS1,vocal,0.315789,15,0,-0.270000,-0.634035,-0.904035,0.673197,-0.529124,0.144072
ls1_0135,LS1,vocal,0.333333,14,0.0277778,0.119095,0.325071,0.444166,1.031672,0.400915,1.432587
ls1_0136,LS1,vocal,0.225806,16,0.0645161,-1.169254,1.593566,0.424312,-0.193661,1.630966,1.437305
ls1_0137,LS1,vocal,0.142857,16,0.0357143,-1.753433,0.599101,-1.154332,-0.775804,0.666640,-0.109164
ls1_0138,LS1,vocal,0.166667,16,0.0277778,-1.585752,0.325071,-1.260681,-0.608708,0.400915,-0.207793
ls1_0139,LS1,vocal,0.229508,14,0.0491803,-0.612104,1.064055,0.451950,0.303021,1.117502,1.420523
ls1_0140,LS1,vocal,0.0322581,15,0.0322581,-2.266798,0.479766,-1.787033,-1.316643,0.550921,-0.765722
ls1_0141,LS1,vocal,0.545455,16,0,1.081899,-0.634035,0.447864,2.049648,-0.529124,1.520524
ls1_0142,LS1,vocal,0.586957,16,0.0217391,1.374181,0.116570,1.490751,2.340911,0.198732,2.539643
ls1_0143,LS1,vocal,0.544304,16,0.0379747,1.073795,0.677148,1.750943,2.041572,0.742321,2.783893
ls1_0144,LS1,vocal,0.241379,17,0.0344828,-1.325121,0.556579,-0.768542,-0.319722,0.625407,0.305685
ls1_0145,LS1,vocal,0.33913,12,0.026087,0.691002,0.266691,0.957692,1.543060,0.344304,1.887363
ls1_0146,LS1,vocal,0.142857,16,0.0285714,-1.753433,0.352474,-1.400959,-0.775804,0.427487,-0.348317
ls1_0147,LS1,vocal,0.345455,14,0,0.204460,-0.634035,-0.429576,1.116739,-0.529124,0.587615
ls1_0148,LS1,vocal,0.172414,8,0,0.579044,-0.634035,-0.054991,1.314439,-0.529124,0.785315
ls1_0149,LS1,vocal,0.418605,8,0,2.312868,-0.634035,1.678832,3.042221,-0.529124,2.513097
ls1_0150,LS1,vocal,0.322581,8,0,1.636609,-0.634035,1.002574,2.368319,-0.529124,1.839195
ls1_0151,LS1,vocal,0.318841,12,0.0434783,0.548109,0.867175,1.415283,1.400664,0.926589,2.327253
ls1_0152,LS1,vocal,0.2,12,0.0285714,-0.288838,0.352474,0.063636,0.566634,0.427487,0.994122
ls1_0153,LS1,vocal,0.188406,12,0.0434783,-0.370492,0.867175,0.496683,0.485266,0.926589,1.411854
ls1_0154,LS1,vocal,0.25641,12,0.0512821,0.108437,1.136622,1.245059,0.962525,1.187871,2.150395
ls1_0155,LS1,vocal,0.119048,12,0.047619,-0.858953,1.010147,0.151193,-0.001494,1.065228,1.063734
ls1_0156,LS1,vocal,0.246154,12,0.0307692,0.036205,0.428359,0.464564,0.890545,0.501073,1.391617
ls1_0157,LS1,vocal,0.229167,12,0,-0.083429,-0.634035,-0.717464,0.771328,-0.529124,0.242204
ls1_0158,LS1,vocal,0.2,13,0,-0.554378,-0.634035,-1.188414,0.331283,-0.529124,-0.197841
ls1_0159,LS1,vocal,0.32381,8,0,1.645264,-0.634035,1.011228,2.376943,-0.529124,1.847819
ls1_0160,LS1,vocal,0.5,12,0.0294118,1.823942,0.381489,2.205431,2.672052,0.455623,3.127675
ls1_0161,LS1,vocal,0.106667,12,0.04,-0.946148,0.747078,-0.199070,-0.088384,0.810132,0.721748
ls1_0162,LS1,vocal,0.323529,10,0,1.112210,-0.634035,0.478175,1.904274,-0.529124,1.375150
ls1_0163,LS1,vocal,0.258065,14,0.0322581,-0.410993,0.479766,0.068772,0.503431,0.550921,1.054352
ls1_0164,LS1,vocal,0.470588,12,0,1.616807,-0.634035,0.982771,2.465638,-0.529124,1.936514
ls1_0165,LS1,vocal,0.244444,12,0,0.024166,-0.634035,-0.609869,0.878548,-0.529124,0.349424
ls1_0166,LS1,vocal,0.466667,15,0,0.792568,-0.634035,0.158533,1.732061,-0.529124,1.202937
ls1_0167,LS1,vocal,0.395349,12,0,1.086926,-0.634035,0.452890,1.937604,-0.529124,1.408480
ls1_0168,LS1,vocal,0.302326,12,0.0232558,0.431800,0.168937,0.600737,1.284761,0.249513,1.534274
ls1_0169,LS1,vocal,0.2,7,0.0285714,1.038863,0.352474,1.391337,1.743393,0.427487,2.170880
ls1_0170,LS1,vocal,0.0769231,12,0,-1.155620,-0.634035,-1.789655,-0.297127,-0.529124,-0.826251
ls1_0171,LS1,vocal,0.272727,12,0.030303,0.223351,0.412262,0.635613,1.077038,0.485464,1.562502
ls1_0172,LS1,vocal,0.325581,12,0,0.595581,-0.634035,-0.038454,1.447972,-0.529124,0.918848
ls1_0173,LS1,vocal,0.142857,12,0.047619,-0.691272,1.010147,0.318874,0.165602,1.065228,1.230831
ls1_0174,LS1,vocal,0.0851064,12,0,-1.097988,-0.634035,-1.732023,-0.239696,-0.529124,-0.768820
ls1_0175,LS1,vocal,0.169014,15,0,-1.303680,-0.634035,-1.937716,-0.356882,-0.529124,-0.886006
ls1_0176,LS1,vocal,0.38806,15,0.0298507,0.238971,0.396646,0.635617,1.180393,0.470321,1.650714
ls1_0177,LS1,vocal,0.196078,15,0.0392157,-1.113077,0.719997,-0.393080,-0.166942,0.783872,0.616930
ls1_0178,LS1,vocal,0.301587,12,0.015873,0.426601,-0.085975,0.340626,1.279580,0.002327,1.281907
ls1_0179,LS1,vocal,0.114286,15,0.142857,-1.689110,4.298512,2.609401,-0.740968,4.253933,3.512965
ls1_0180,LS1,vocal,0.313953,12,0.104651,0.513691,2.979342,3.493033,1.366366,2.974743,4.341110
ls1_0181,LS1,vocal,0.268657,14,0,-0.336397,-0.634035,-0.970432,0.577768,-0.529124,0.048644
ls1_0182,LS1,vocal,0.142857,17,0.0285714,-2.018973,0.352474,-1.666499,-1.011156,0.427487,-0.583668
ls1_0183,LS1,vocal,0.164835,12,0.0549451,-0.536490,1.263098,0.726608,0.319845,1.310513,1.630359
ls1_0184,LS1,vocal,0.280702,14,0.0350877,-0.251568,0.577467,0.325899,0.662301,0.645662,1.307962
ls1_0185,LS1,vocal,0.272727,17,0,-1.104350,-0.634035,-1.738385,-0.099720,-0.529124,-0.628844
ls1_0186,LS1,vocal,0.185185,16,0.0740741,-1.455334,1.923582,0.468248,-0.478743,1.950980,1.472236
ls1_0187,LS1,vocal,0.533333,10,0,2.589776,-0.634035,1.955740,3.376690,-0.529124,2.847566
ls1_0188,LS1,vocal,0.03125,15,0.03125,-2.273898,0.444959,-1.828938,-1.323718,0.517170,-0.806548
ls1_0189,LS1,vocal,0.473684,12,0.0263158,1.638610,0.274592,1.913202,2.487366,0.351965,2.839331
ls1_0190,LS1,vocal,0.205128,12,0.0512821,-0.252722,1.136622,0.883900,0.602624,1.187871,1.790495
ls1_0191,LS1,vocal,0.269841,12,0.0793651,0.203026,2.106269,2.309294,1.056784,2.128130,3.184914
ls1_0192,LS1,vocal,0.209677,12,0.0645161,-0.220684,1.593566,1.372882,0.634551,1.630966,2.265517
ls1_0193,LS1,vocal,0.234043,17,0.0496454,-1.376791,1.080112,-0.296679,-0.371211,1.133073,0.761862
ls1_0194,LS1,vocal,0.32381,15,0.0285714,-0.213518,0.352474,0.138956,0.729482,0.427487,1.156969
ls1_0195,LS1,vocal,0.24,14,0.08,-0.538215,2.128191,1.589976,0.376653,2.149388,2.526041
ls1_0196,LS1,vocal,0.160714,17,0.107143,-1.893213,3.065375,1.172162,-0.885833,3.058169,2.172335
ls1_0197,LS1,vocal,0.226667,17,0.04,-1.428736,0.747078,-0.681659,-0.422976,0.810132,0.387156
ls1_0198,LS1,vocal,0.375,13,0.03125,0.678077,0.444959,1.123036,1.559443,0.517170,2.076612
ls1_0199,LS1,vocal,0.166667,10,0,0.007489,-0.634035,-0.626547,0.803402,-0.529124,0.274278
ls1_0200,LS1,vocal,0.419355,10,0,1.787071,-0.634035,1.153035,2.576782,-0.529124,2.047658
ls1_0201,LS1,vocal,0.4,12,0.0666667,1.119682,1.667820,2.787502,1.970246,1.702969,3.673215
ls1_0202,LS1,vocal,0.384615,12,0.0576923,1.011334,1.357955,2.369289,1.862276,1.402495,3.264771
ls1_0203,LS1,vocal,0.362319,14,0,0.323228,-0.634035,-0.310807,1.235094,-0.529124,0.705970
ls1_0204,LS1,vocal,0.216667,17,0.0166667,-1.499162,-0.058572,-1.557734,-0.493156,0.028899,-0.464257
ls1_0205,LS1,vocal,0.241379,17,0.0172414,-1.325121,-0.038728,-1.363849,-0.319722,0.048141,-0.271580
ls1_0206,LS1,vocal,0.0704225,16,0.0140845,-2.263561,-0.147728,-2.411289,-1.284154,-0.057555,-1.341709
ls1_0207,LS1,vocal,0.301887,10,0,0.959790,-0.634035,0.325755,1.752385,-0.529124,1.223261
ls1_0208,LS1,vocal,0.126984,14,0.047619,-1.334140,1.010147,-0.323993,-0.416499,1.065228,0.648730
ls1_0209,LS1,vocal,0.580645,14,0,1.860813,-0.634035,1.226778,2.767321,-0.529124,2.238197
ls1_0210,LS1,vocal,0.324324,14,0.045045,0.055648,0.921272,0.976920,0.968446,0.979047,1.947493
ls1_0211,LS1,vocal,0.233333,10,0.0333333,0.476996,0.516892,0.993888,1.271273,0.586923,1.858195
ls1_0212,LS1,vocal,0.0851064,13,0.0212766,-1.363528,0.100599,-1.262929,-0.475047,0.183246,-0.291801
ls1_0213,LS1,vocal,0.191489,9,0.0425532,0.447845,0.835234,1.283079,1.212961,0.895616,2.108577
ls1_0214,LS1,vocal,0.0465116,14,0.0697674,-1.900876,1.774883,-0.125993,-0.981259,1.806788,0.825528
ls1_0215,LS1,vocal,0.21875,14,0.03125,-0.687870,0.444959,-0.242911,0.227520,0.517170,0.744689
ls1_0216,LS1,vocal,0.125,10,0.0208333,-0.285953,0.085294,-0.200658,0.510983,0.168405,0.679388
ls1_0217,LS1,vocal,0.373494,7,0.0361446,2.260711,0.613958,2.874670,2.960983,0.681047,3.642030
ls1_0218,LS1,vocal,0.272727,12,0.030303,0.223351,0.412262,0.635613,1.077038,0.485464,1.562502
ls1_0219,LS1,vocal,0.275862,17,0.0114943,-1.082273,-0.237164,-1.319437,-0.077720,-0.144280,-0.222000
ls1_0220,LS1,vocal,0.111111,13,0,-1.180387,-0.634035,-1.814423,-0.292545,-0.529124,-0.821669
ls1_0221,LS1,vocal,0.123288,17,0,-2.156793,-0.634035,-2.790829,-1.148495,-0.529124,-1.677620
ls1_0222,LS1,vocal,0.164179,21,0,-2.930972,-0.634035,-3.565008,-1.802924,-0.529124,-2.332048
ls1_0223,LS1,vocal,0.333333,17,0.04,-0.677526,0.747078,0.069552,0.325617,0.810132,1.135749
ls1_0224,LS1,vocal,0.342857,12,0,0.717248,-0.634035,0.083212,1.569214,-0.529124,1.040090
ls1_0225,LS1,vocal,0.34375,12,0,0.723536,-0.634035,0.089500,1.575480,-0.529124,1.046356
ls1_0226,LS1,vocal,0.236364,12,0.0363636,-0.032744,0.621522,0.588778,0.821836,0.688381,1.510218
ls1_0227,LS1,vocal,0.183908,24,0.0344828,-3.588650,0.556579,-3.032070,-2.370520,0.625407,-1.745113
ls1_0228,LS1,vocal,0.0819672,12,0,-1.120096,-0.634035,-1.754131,-0.261727,-0.529124,-0.790851
ls1_0229,LS1,vocal,0.142857,12,0.0714286,-0.691272,1.832238,1.140966,0.165602,1.862404,2.028007
ls1_0230,LS1,vocal,0.433333,8,0.0333333,2.416596,0.516892,2.933488,3.145588,0.586923,3.732510
ls1_0231,LS1,vocal,0.355263,15,0.0263158,0.007998,0.274592,0.282589,0.950225,0.351965,1.302191
ls1_0232,LS1,vocal,0.173913,15,0.0217391,-1.269179,0.116570,-1.152609,-0.322500,0.198732,-0.123768
ls1_0233,LS1,vocal,0.235955,16,0.0337079,-1.097782,0.529824,-0.567958,-0.122438,0.599462,0.477025
ls1_0234,LS1,vocal,0.175,15,0.05,-1.261524,1.092356,-0.169168,-0.314872,1.144946,0.830074
ls1_0235,LS1,vocal,0.520408,8,0.0408163,3.029829,0.775264,3.805093,3.756684,0.837464,4.594147
ls1_0236,LS1,vocal,0.274194,12,0.016129,0.233677,-0.077135,0.156542,1.087329,0.010898,1.098227
ls1_0237,LS1,vocal,0.447368,13,0.0263158,1.187739,0.274592,1.462330,2.067328,0.351965,2.419294
ls1_0238,LS1,vocal,0.216495,15,0.0309278,-0.969292,0.433836,-0.535457,-0.023659,0.506383,0.482724
ls1_0239,LS1,vocal,0.292683,10,0,0.894971,-0.634035,0.260936,1.687792,-0.529124,1.158668
ls1_0240,LS1,vocal,0.346667,14,0.04,0.212996,0.747078,0.960074,1.125246,0.810132,1.935378
ls1_0241,LS1,vocal,0.375,14,0.0625,0.412536,1.523954,1.936490,1.324091,1.563463,2.887554
ls1_0242,LS1,vocal,0.263158,13,0.0526316,-0.109583,1.183219,1.073636,0.774528,1.233055,2.007583
ls1_0243,LS1,vocal,0.133333,9,0.0666667,0.038276,1.667820,1.706096,0.804819,1.702969,2.507788
ls1_0244,LS1,vocal,0.333333,12,0,0.650175,-0.634035,0.016140,1.502375,-0.529124,0.973251
ls1_0245,LS1,vocal,0.431373,12,0.0392157,1.340626,0.719997,2.060623,2.190420,0.783872,2.974292
ls1_0246,LS1,vocal,0.0384615,17,0.0384615,-2.754190,0.693958,-2.060232,-1.743810,0.758622,-0.985188
ls1_0247,LS1,vocal,0.377049,12,0,0.958048,-0.634035,0.324013,1.809176,-0.529124,1.280052
ls1_0248,LS1,vocal,0.251656,12,0.00662252,0.074952,-0.405374,-0.330423,0.929156,-0.307393,0.621764
ls1_0249,LS1,vocal,0.23913,16,0,-1.075419,-0.634035,-1.709454,-0.100153,-0.529124,-0.629277
ls1_0250,LS1,vocal,0.404762,13,0,0.887678,-0.634035,0.253642,1.768313,-0.529124,1.239189
ls1_0251,LS1,vocal,0.542857,13,0,1.860227,-0.634035,1.226192,2.737474,-0.529124,2.208350
ls1_0252,LS1,vocal,0.446809,9,0,2.245956,-0.634035,1.611921,3.004806,-0.529124,2.475681
ls1_0253,LS1,vocal,0.477612,10,0,2.197352,-0.634035,1.563317,2.985634,-0.529124,2.456510
ls1_0254,LS1,vocal,0.481481,10,0.0246914,2.224604,0.218504,2.443107,3.012791,0.297577,3.310368
ls1_0255,LS1,vocal,0.492063,10,0,2.299129,-0.634035,1.665093,3.087056,-0.529124,2.557932
ls1_0256,LS1,vocal,0.52381,10,0.0380952,2.522703,0.681310,3.204014,3.309851,0.746358,4.056209
ls1_0257,LS1,vocal,0.492958,10,0,2.305426,-0.634035,1.671391,3.093332,-0.529124,2.564208
ls1_0258,LS1,vocal,0.490909,10,0,2.290999,-0.634035,1.656963,3.078954,-0.529124,2.549830
ls1_0259,LS1,vocal,0.480519,12,0,1.686748,-0.634035,1.052713,2.535336,-0.529124,2.006212
ls1_0260,LS1,vocal,0.366197,12,0.028169,0.881622,0.338579,1.220202,1.733016,0.414014,2.147030
ls1_0261,LS1,vocal,0.42953,12,0.0201342,1.327651,0.061156,1.388807,2.177490,0.144998,2.322489
ls1_0262,LS1,vocal,0.28,12,0,0.274570,-0.634035,-0.359466,1.128079,-0.529124,0.598955
ls1_0263,LS1,vocal,0.0483871,17,0.0806452,-2.684288,2.150467,-0.533821,-1.674152,2.170989,0.496837
ls1_0264,LS1,vocal,0.526316,12,0,2.009273,-0.634035,1.375238,2.856737,-0.529124,2.327613
ls1_0265,LS1,vocal,0.441176,16,0.0294118,0.347510,0.381489,0.728999,1.317818,0.455623,1.773441
ls1_0266,LS1,vocal,0.09375,16,0.0625,-2.099275,1.523954,-0.575321,-1.120441,1.563463,0.443023
ls1_0267,LS1,vocal,0.373333,15,0.04,0.135259,0.747078,0.882336,1.077043,0.810132,1.887175
ls1_0268,LS1,vocal,0.382353,12,0.0294118,0.995401,0.381489,1.376890,1.846398,0.455623,2.302021
ls1_0269,LS1,vocal,0.0789474,14,0.0526316,-1.672444,1.183219,-0.489225,-0.753623,1.233055,0.479432
ls1_0270,LS1,vocal,0.391304,9,0.0434783,1.855062,0.867175,2.722237,2.615274,0.926589,3.541863
ls1_0271,LS1,vocal,0.282051,9,0.025641,1.085637,0.251294,1.336930,1.848530,0.329373,2.177903
ls1_0272,LS1,vocal,0.343284,12,0.0298507,0.720251,0.396646,1.116897,1.572207,0.470321,2.042527
ls1_0273,LS1,vocal,0.421053,12,0,1.267947,-0.634035,0.633912,2.117994,-0.529124,1.588870
ls1_0274,LS1,vocal,0.401709,12,0.017094,1.131720,-0.043816,1.087904,1.982242,0.043208,2.025450
ls1_0275,LS1,vocal,0.307692,14,0,-0.061485,-0.634035,-0.695520,0.851722,-0.529124,0.322598
ls1_0276,LS1,vocal,0.207547,13,0,-0.501227,-0.634035,-1.135262,0.384249,-0.529124,-0.144875
ls1_0277,LS1,vocal,0.376812,13,0,0.690835,-0.634035,0.056800,1.572157,-0.529124,1.043033
ls1_0278,LS1,vocal,0.377049,13,0,0.692508,-0.634035,0.058473,1.573824,-0.529124,1.044700
ls1_0279,LS1,vocal,0.3125,13,0,0.237914,-0.634035,-0.396121,1.120814,-0.529124,0.591690
ls1_0280,LS1,vocal,0.137255,7,0,0.596974,-0.634035,-0.037061,1.303044,-0.529124,0.773920
ls1_0281,LS1,vocal,0.0571429,9,0,-0.498303,-0.634035,-1.132339,0.270110,-0.529124,-0.259014
ls1_0282,LS1,vocal,0.155172,12,0,-0.604541,-0.634035,-1.238576,0.252032,-0.529124,-0.277092
ls1_0283,LS1,vocal,0.16,12,0,-0.570542,-0.634035,-1.204578,0.285912,-0.529124,-0.243212
ls1_0284,LS1,vocal,0.133333,16,0,-1.820506,-0.634035,-2.454541,-0.842643,-0.529124,-1.371767
ls1_0285,LS1,vocal,0.4,13,0.04,0.854142,0.747078,1.601219,1.734894,0.810132,2.545026
ls1_0286,LS1,vocal,0.08,10,0.16,-0.602870,4.890417,4.287548,0.195171,4.827900,5.023071
ls1_0287,LS1,vocal,0.266667,8,0.0333333,1.242829,0.516892,1.759721,1.975911,0.586923,2.562834
ls1_0288,LS1,vocal,0.255814,15,0,-0.692383,-0.634035,-1.326419,0.252285,-0.529124,-0.276839
ls1_0289,LS1,vocal,0.128205,9,0.025641,0.002160,0.251294,0.253453,0.768829,0.329373,1.098202
ls1_0290,LS1,vocal,0.434783,7,0,2.692343,-0.634035,2.058307,3.391110,-0.529124,2.861986
ls1_0291,LS1,vocal,0.386139,17,0,-0.305639,-0.634035,-0.939675,0.696208,-0.529124,0.167083
ls1_0292,LS1,vocal,0.442857,17,0,0.093807,-0.634035,-0.540229,1.094261,-0.529124,0.565137
ls1_0293,LS1,vocal,0.513514,10,0.00900901,2.450193,-0.322974,2.127219,3.237593,-0.227490,3.010104
ls1_0294,LS1,vocal,0.517647,10,0.0117647,2.479303,-0.227826,2.251478,3.266603,-0.135225,3.131378
ls1_0295,LS1,vocal,0.254237,12,0.0169492,0.093133,-0.048818,0.044315,0.947275,0.038357,0.985632
ls1_0296,LS1,vocal,0.243902,8,0,1.082510,-0.634035,0.448474,1.816151,-0.529124,1.287027
ls1_0297,LS1,vocal,0.235294,12,0,-0.040276,-0.634035,-0.674311,0.814330,-0.529124,0.285206
ls1_0298,LS1,vocal,0.433333,12,0.0833333,1.354435,2.243284,3.597719,2.204181,2.260993,4.465174
ls1_0299,LS1,vocal,0.496552,11,0.0724138,2.065197,1.866256,3.931453,2.883203,1.895391,4.778594
ls1_0300,LS1,vocal,0.222222,12,0.0740741,-0.132336,1.923582,1.791246,0.722591,1.950980,2.673571
ls1_0301,LS1,vocal,0.392857,12,0.0714286,1.069378,1.832238,2.901616,1.920117,1.862404,3.782521
ls1_0302,LS1,vocal,0.38806,16,0.0447761,-0.026570,0.911987,0.885417,0.945042,0.970043,1.915085
ls1_0303,LS1,vocal,0.4375,16,0.0416667,0.321619,0.804624,1.126243,1.292016,0.865934,2.157951
ls1_0304,LS1,vocal,0.490909,14,0.0363636,1.228838,0.621522,1.850360,2.137548,0.688381,2.825929
ls1_0305,LS1,vocal,0.1,12,0,-0.993098,-0.634035,-1.627134,-0.135171,-0.529124,-0.664296
ls1_0306,LS1,vocal,0.22807,12,0,-0.091151,-0.634035,-0.725187,0.763632,-0.529124,0.234508
ls1_0307,LS1,vocal,0.179104,12,0.0447761,-0.435997,0.911987,0.475990,0.419988,0.970043,1.390031
ls1_0308,LS1,vocal,0.415584,14,0.025974,0.698356,0.262791,0.961148,1.608915,0.340523,1.949437
ls1_0309,LS1,vocal,0.41791,12,0,1.245818,-0.634035,0.611783,2.095942,-0.529124,1.566818
ls1_0310,LS1,vocal,0.318841,12,0.0434783,0.548109,0.867175,1.415283,1.400664,0.926589,2.327253
ls1_0311,LS1,vocal,0.204082,14,0.0408163,-0.791173,0.775264,-0.015910,0.124576,0.837464,0.962040
ls1_0312,LS1,vocal,0.15625,13,0,-0.862492,-0.634035,-1.496528,0.024243,-0.529124,-0.504881
ls1_0313,LS1,vocal,0.222222,14,0.047619,-0.663416,1.010147,0.346731,0.251888,1.065228,1.317116
ls1_0314,LS1,vocal,0.380952,14,0.0238095,0.454457,0.188056,0.642512,1.365865,0.268052,1.633917
ls1_0315,LS1,vocal,0.333333,14,0.025641,0.119095,0.251294,0.370388,1.031672,0.329373,1.361045
ls1_0316,LS1,vocal,0.20339,14,0,-0.796045,-0.634035,-1.430081,0.119721,-0.529124,-0.409403
ls1_0317,LS1,vocal,0.267606,14,0.0422535,-0.343799,0.824887,0.481088,0.570391,0.885583,1.455974
ls1_0318,LS1,vocal,0.153846,14,0.102564,-1.144962,2.907280,1.762319,-0.227979,2.904866,2.676886
ls1_0319,LS1,vocal,0.25641,17,0.025641,-1.219264,0.251294,-0.967971,-0.214233,0.329373,0.115140
ls1_0320,LS1,vocal,0.545455,14,0,1.612980,-0.634035,0.978944,2.520351,-0.529124,1.991227
ls1_0321,LS1,vocal,0.2,12,0.0307692,-0.288838,0.428359,0.139521,0.566634,0.501073,1.067707
ls1_0322,LS1,vocal,0.392157,14,0.0588235,0.533365,1.397013,1.930379,1.444499,1.440370,2.884869
ls1_0323,LS1,vocal,0.223301,10,0.0679612,0.406342,1.712516,2.118858,1.200865,1.746311,2.947176
ls1_0324,LS1,vocal,0.540984,10,0.0327869,2.643653,0.498025,3.141678,3.430380,0.568627,3.999007
ls1_0325,LS1,vocal,0.25641,10,0.025641,0.639517,0.251294,0.890811,1.433228,0.329373,1.762601
ls1_0326,LS1,vocal,0.264706,12,0,0.166859,-0.634035,-0.467176,1.020744,-0.529124,0.491620
ls1_0327,LS1,vocal,0.360656,14,0.0163934,0.311516,-0.068005,0.243510,1.223422,0.019751,1.243174
ls1_0328,LS1,vocal,0.4,14,0,0.588601,-0.634035,-0.045434,1.499543,-0.529124,0.970418
ls1_0329,LS1,vocal,0.323944,13,0,0.318507,-0.634035,-0.315528,1.201126,-0.529124,0.672002
ls1_0330,LS1,vocal,0.25,17,0.0277778,-1.264409,0.325071,-0.939338,-0.259221,0.400915,0.141694
ls1_0331,LS1,vocal,0.181818,15,0.0454545,-1.213506,0.935411,-0.278095,-0.267022,0.992758,0.725736
ls1_0332,LS1,vocal,0.111111,12,0,-0.914847,-0.634035,-1.548883,-0.057193,-0.529124,-0.586317
ls1_0333,LS1,vocal,0.60241,14,0.0361446,2.014092,0.613958,2.628050,2.920065,0.681047,3.601112
ls1_0334,LS1,vocal,0.245614,12,0.0526316,0.032403,1.183219,1.215622,0.886756,1.233055,2.119811
ls1_0335,LS1,vocal,0.515152,12,0,1.930648,-0.634035,1.296612,2.778386,-0.529124,2.249262
ls1_0336,LS1,vocal,0.28169,12,0.0140845,0.286473,-0.147728,0.138745,1.139940,-0.057555,1.082385
ls1_0337,LS1,vocal,0.173913,12,0.0217391,-0.472558,0.116570,-0.355989,0.383555,0.198732,0.582287
ls1_0338,LS1,vocal,0.15625,13,0.125,-0.862492,3.681943,2.819451,0.024243,3.656051,3.680294
ls1_0339,LS1,vocal,0.5,12,0.03125,1.823942,0.444959,2.268901,2.672052,0.517170,3.189221
ls1_0340,LS1,vocal,0.459459,12,0.027027,1.538431,0.299149,1.837580,2.387536,0.375779,2.763314
ls1_0341,LS1,vocal,0.2,17,0.0857143,-1.616539,2.325493,0.708954,-0.610124,2.340710,1.730586
ls1_0342,LS1,vocal,0.210526,17,0.0526316,-1.542407,1.183219,-0.359188,-0.536250,1.233055,0.696805
ls1_0343,LS1,vocal,0.258065,12,0.0645161,0.120087,1.593566,1.713653,0.974134,1.630966,2.605101
ls1_0344,LS1,vocal,0.217391,12,0.0434783,-0.166358,0.867175,0.700816,0.688687,0.926589,1.615276
ls1_0345,LS1,vocal,0.3,8,0.0333333,1.477583,0.516892,1.994475,2.209847,0.586923,2.796769
ls1_0346,LS1,vocal,0.302326,13,0,0.166260,-0.634035,-0.467776,1.049409,-0.529124,0.520285
ls1_0347,LS1,vocal,0.0638298,19,0.0425532,-3.106612,0.835234,-2.271378,-2.036478,0.895616,-1.140861
ls1_0348,LS1,vocal,0.416667,12,0.0555556,1.237059,1.284177,2.521236,2.087213,1.330954,3.418167
ls1_0349,LS1,vocal,0.25974,12,0.142857,0.131889,4.298512,4.430400,0.985895,4.253933,5.239828
ls1_0350,LS1,vocal,0.372881,14,0,0.397616,-0.634035,-0.236420,1.309222,-0.529124,0.780098
ls1_0351,LS1,vocal,0.37931,13,0,0.708433,-0.634035,0.074397,1.589693,-0.529124,1.060569
ls1_0352,LS1,vocal,0.142857,8,0.0857143,0.370888,2.325493,2.696381,1.107009,2.340710,3.447719
ls1_0353,LS1,vocal,0.0571429,19,0,-3.153705,-0.634035,-3.787741,-2.083407,-0.529124,-2.612531
ls1_0354,LS1,vocal,0.166667,10,0.0277778,0.007489,0.325071,0.332560,0.803402,0.400915,1.204317
ls1_0355,LS1,vocal,0.394737,15,0,0.285995,-0.634035,-0.348040,1.227254,-0.529124,0.698130
ls1_0356,LS1,vocal,0.142857,9,0,0.105348,-0.634035,-0.528687,0.871657,-0.529124,0.342533
ls1_0357,LS1,vocal,0.404762,9,0,1.949839,-0.634035,1.315803,2.709720,-0.529124,2.180596
ls1_0358,LS1,vocal,0.321429,9,0,1.362955,-0.634035,0.728920,2.124882,-0.529124,1.595758
ls1_0359,LS1,vocal,0.310345,12,0,0.488276,-0.634035,-0.145759,1.341041,-0.529124,0.811917
ls1_0360,LS1,vocal,0.205128,14,0.0769231,-0.783803,2.021951,1.238149,0.131921,2.046368,2.178289
ls1_0361,LS1,vocal,0.411765,14,0,0.671456,-0.634035,0.037420,1.582108,-0.529124,1.052984
ls1_0362,LS1,vocal,0.309859,12,0.0140845,0.484856,-0.147728,0.337128,1.337632,-0.057555,1.280077
ls1_0363,LS1,vocal,0.47619,12,0.0238095,1.656261,0.188056,1.844317,2.504955,0.268052,2.773007
ls1_0364,LS1,vocal,0.263158,7,0,1.483659,-0.634035,0.849623,2.186638,-0.529124,1.657514
ls1_0365,LS1,vocal,0.404255,12,0.0425532,1.149650,0.835234,1.984884,2.000110,0.895616,2.895726
ls1_0366,LS1,vocal,0.2,12,0.08,-0.288838,2.128191,1.839353,0.566634,2.149388,2.716022
ls1_0367,LS1,vocal,0.245902,16,0.0327869,-1.027732,0.498025,-0.529708,-0.052632,0.568627,0.515995
ls1_0368,LS1,vocal,0.3125,6,0,2.096696,-0.634035,1.462660,2.768276,-0.529124,2.239152
ls1_0369,LS1,vocal,0.0740741,8,0,-0.113523,-0.634035,-0.747559,0.624286,-0.529124,0.095161
ls1_0370,LS1,vocal,0.0555556,13,0.0555556,-1.571643,1.284177,-0.287466,-0.682437,1.330954,0.648517
ls1_0371,LS1,vocal,0.185185,15,0.0555556,-1.189794,1.284177,0.094384,-0.243392,1.330954,1.087562
ls1_0372,LS1,vocal,0.173913,9,0.0217391,0.324062,0.116570,0.440632,1.089609,0.198732,1.288342
ls1_0373,LS1,vocal,0.121951,10,0.0243902,-0.307424,0.208107,-0.099317,0.489587,0.287495,0.777082
ls1_0374,LS1,vocal,0.333333,12,0.047619,0.650175,1.010147,1.660322,1.502375,1.065228,2.567604
ls1_0375,LS1,vocal,0.184211,14,0.0263158,-0.931118,0.274592,-0.656526,-0.014880,0.351965,0.337085
ls1_0376,LS1,vocal,0.339623,14,0,0.163388,-0.634035,-0.470648,1.075811,-0.529124,0.546687
ls1_0377,LS1,vocal,0.205128,12,0.025641,-0.252722,0.251294,-0.001429,0.602624,0.329373,0.931998
ls1_0378,LS1,vocal,0.289474,10,0.105263,0.872370,3.000473,3.872843,1.665269,2.995234,4.660503
ls1_0379,LS1,vocal,0.413793,10,0.0344828,1.747902,0.556579,2.304481,2.537750,0.625407,3.163157
ls1_0380,LS1,vocal,0.285714,12,0,0.314813,-0.634035,-0.319222,1.168182,-0.529124,0.639058
ls1_0381,LS1,vocal,0.375,12,0.0625,0.943617,1.523954,2.467571,1.794794,1.563463,3.358258
ls1_0382,LS1,vocal,0.189189,14,0.027027,-0.896055,0.299149,-0.596906,0.020060,0.375779,0.395839
ls1_0383,LS1,vocal,0.235294,17,0,-1.367977,-0.634035,-2.002012,-0.362428,-0.529124,-0.891552
ls1_0384,LS1,vocal,0.166667,14,0.0277778,-1.054672,0.325071,-0.729601,-0.138004,0.400915,0.262911
ls1_0385,LS1,vocal,0.0232558,10,0.0232558,-1.002496,0.168937,-0.833559,-0.203063,0.249513,0.046450
ls1_0386,LS1,vocal,0.333333,7,0.0333333,1.977876,0.516892,2.494768,2.679134,0.586923,3.266056
ls1_0387,LS1,vocal,0.387097,12,0.0322581,1.028810,0.479766,1.508575,1.879690,0.550921,2.430611
ls1_0388,LS1,vocal,0.0847458,12,0.0508475,-1.100528,1.121617,0.021089,-0.242227,1.173320,0.931093
ls1_0389,LS1,vocal,0.114754,12,0.0491803,-0.889191,1.064055,0.174864,-0.031626,1.117502,1.085876
ls1_0390,LS1,vocal,0.441176,13,0,1.144131,-0.634035,0.510096,2.023873,-0.529124,1.494749
ls1_0391,LS1,vocal,0.358974,12,0,0.830755,-0.634035,0.196719,1.682325,-0.529124,1.153201
ls1_0392,LS1,vocal,0.0882353,12,0.0294118,-1.075952,0.381489,-0.694463,-0.217737,0.455623,0.237886
ls1_0393,LS1,vocal,0.395349,14,0,0.555845,-0.634035,-0.078190,1.466900,-0.529124,0.937776
ls1_0394,LS1,vocal,0.326531,14,0.0612245,0.071186,1.479913,1.551099,0.983930,1.520758,2.504688
ls1_0395,LS1,vocal,0.3125,16,0.0416667,-0.558706,0.804624,0.245918,0.414759,0.865934,1.280693
ls1_0396,LS1,vocal,0.205882,8,0.0294118,0.814750,0.381489,1.196239,1.549324,0.455623,2.004947
ls1_0397,LS1,vocal,0.345455,10,0,1.266620,-0.634035,0.632585,2.058146,-0.529124,1.529022
ls1_0398,LS1,vocal,0.5,13,0,1.558402,-0.634035,0.924366,2.436700,-0.529124,1.907576
ls1_0399,LS1,vocal,0.127273,13,0,-1.066567,-0.634035,-1.700603,-0.179122,-0.529124,-0.708246
ls1_0400,LS1,vocal,0.333333,13,0,0.384635,-0.634035,-0.249400,1.267024,-0.529124,0.737900
ls1_0401,LS1,vocal,0.193548,13,0,-0.599815,-0.634035,-1.233850,0.286005,-0.529124,-0.243119
ls1_0402,LS1,vocal,0.236842,7,0,1.298327,-0.634035,0.664292,2.001953,-0.529124,1.472828
ls1_0403,LS1,vocal,0.255319,10,0,0.631833,-0.634035,-0.002203,1.425571,-0.529124,0.896446
ls1_0404,LS1,vocal,0.256757,13,0.0405405,-0.154663,0.765741,0.611078,0.729605,0.828230,1.557835
ls1_0405,LS1,vocal,0.5,14,0.0172414,1.292861,-0.038728,1.254133,2.201348,0.048141,2.249490
ls1_0406,LS1,vocal,0.289474,16,0.0131579,-0.720872,-0.179722,-0.900593,0.253159,-0.088579,0.164580
ls1_0407,LS1,vocal,0.452381,8,0.0238095,2.550741,0.188056,2.738796,3.279265,0.268052,3.547317
ls1_0408,LS1,vocal,0.394737,10,0,1.613696,-0.634035,0.979660,2.404012,-0.529124,1.874888
ls1_0409,LS1,vocal,0.1875,10,0.03125,0.154210,0.444959,0.599169,0.949612,0.517170,1.466782
ls1_0410,LS1,vocal,0.380952,12,0,0.985537,-0.634035,0.351502,1.836569,-0.529124,1.307444
ls1_0411,LS1,vocal,0.4375,10,0.0511364,1.914860,1.131592,3.046452,2.704126,1.182993,3.887119
ls1_0412,LS1,vocal,0.358974,10,0.0512821,1.361835,1.136622,2.498458,2.153029,1.187871,3.340900
ls1_0413,LS1,vocal,0.346154,8,0,1.802626,-0.634035,1.168590,2.533757,-0.529124,2.004633
ls1_0414,LS1,vocal,0.290909,12,0,0.351398,-0.634035,-0.282637,1.204640,-0.529124,0.675515
ls1_0415,LS1,vocal,0.179487,12,0,-0.433302,-0.634035,-1.067337,0.422674,-0.529124,-0.106450
ls1_0416,LS1,vocal,0.333333,12,0.0333333,0.650175,0.516892,1.167067,1.502375,0.586923,2.089298
ls1_0417,LS1,vocal,0.231579,16,0.0631579,-1.128601,1.546670,0.418069,-0.153149,1.585491,1.432341
ls1_0418,LS1,vocal,0.244898,14,0,-0.503720,-0.634035,-1.137756,0.411027,-0.529124,-0.118097
ls1_0419,LS1,vocal,0.407407,8,0,2.234010,-0.634035,1.599975,2.963638,-0.529124,2.434514
ls1_0420,LS1,vocal,0.162162,12,0,-0.555315,-0.634035,-1.189350,0.301086,-0.529124,-0.228038
ls1_0421,LS1,vocal,0.113636,12,0.0454545,-0.897063,0.935411,0.038349,-0.039471,0.992758,0.953287
ls1_0422,LS1,vocal,0.363636,12,0.030303,0.863587,0.412262,1.275850,1.715044,0.485464,2.200507
ls1_0423,LS1,vocal,0.162162,13,0.027027,-0.820855,0.299149,-0.521706,0.065735,0.375779,0.441513
ls1_0424,LS1,vocal,0.05,14,0.0333333,-1.876309,0.516892,-1.359416,-0.956778,0.586923,-0.369855
ls1_0425,LS1,vocal,0.551724,8,0,3.250375,-0.634035,2.616340,3.976461,-0.529124,3.447337
ls1_0426,LS1,vocal,0.352941,10,0.0588235,1.319346,1.397013,2.716359,2.110688,1.440370,3.551058
ls1_0427,LS1,vocal,0.194444,10,0.0555556,0.203117,1.284177,1.487294,0.998348,1.330954,2.329302
ls1_0428,LS1,vocal,0.0571429,12,0.0857143,-1.294924,2.325493,1.030569,-0.435945,2.340710,1.904765
ls1_0429,LS1,vocal,0.183673,15,0,-1.200440,-0.634035,-1.834475,-0.254001,-0.529124,-0.783125
ls1_0430,LS1,vocal,0.216216,7,0,1.153067,-0.634035,0.519032,1.857199,-0.529124,1.328075
ls1_0431,LS1,vocal,0.0689655,7,0,0.116039,-0.634035,-0.517996,0.823785,-0.529124,0.294661
ls1_0432,LS1,vocal,0.40625,13,0.03125,0.898158,0.444959,1.343117,1.778757,0.517170,2.295927
ls1_0433,LS1,vocal,0.491803,10,0.0163934,2.297296,-0.068005,2.229291,3.085230,0.019751,3.104981
ls1_0434,LS1,vocal,0.162791,6,0.0232558,1.042353,0.168937,1.211290,1.717607,0.249513,1.967120
ls1_0435,LS1,vocal,0.2,8,0.0222222,0.773323,0.133250,0.906572,1.508041,0.214907,1.722948
ls1_0436,LS1,vocal,0.225806,9,0,0.689527,-0.634035,0.055491,1.453800,-0.529124,0.924676
ls1_0437,LS1,vocal,0.484848,9,0,2.513856,-0.634035,1.879821,3.271772,-0.529124,2.742648
ls1_0438,LS1,vocal,0.266667,11,0.0222222,0.446209,0.133250,0.579458,1.269856,0.214907,1.484763
ls1_0439,LS1,vocal,0.436364,7,0,2.703477,-0.634035,2.069442,3.402206,-0.529124,2.873082
ls1_0440,LS1,vocal,0.2,12,0.1,-0.288838,2.818748,2.529909,0.566634,2.819016,3.385650
ls1_0441,LS1,vocal,0.0769231,12,0.102564,-1.155620,2.907280,1.751661,-0.297127,2.904866,2.607739
ls1_0442,LS1,vocal,0.0793651,12,0.047619,-1.138422,1.010147,-0.128275,-0.279988,1.065228,0.785240
ls1_0443,LS1,vocal,0.0508475,12,0,-1.339260,-0.634035,-1.973295,-0.480127,-0.529124,-1.009251
ls1_0444,LS1,vocal,0.230769,12,0.0461538,-0.072143,0.959557,0.887414,0.782575,1.016171,1.798746
ls1_0445,LS1,vocal,0.166667,12,0.0333333,-0.523592,0.516892,-0.006699,0.332699,0.586923,0.919622
ls1_0446,LS1,vocal,0.0681818,12,0,-1.217181,-0.634035,-1.851216,-0.358473,-0.529124,-0.887597
ls1_0447,LS1,vocal,0.0983607,12,0,-1.004643,-0.634035,-1.638679,-0.146676,-0.529124,-0.675801
ls1_0448,LS1,vocal,0.333333,12,0,0.650175,-0.634035,0.016140,1.502375,-0.529124,0.973251
ls1_0449,LS1,vocal,0.489796,8,0,2.814239,-0.634035,2.180204,3.541845,-0.529124,3.012721
ls1_0450,LS1,vocal,0.194805,13,0.0909091,-0.590963,2.504858,1.913895,0.294825,2.514640,2.809465
ls1_0451,LS1,vocal,0.387097,12,0,1.028810,-0.634035,0.394774,1.879690,-0.529124,1.350566
ls1_0452,LS1,vocal,0.463415,9,0,2.362906,-0.634035,1.728871,3.121348,-0.529124,2.592224
ls1_0453,LS1,vocal,0.111111,12,0.0277778,-0.914847,0.325071,-0.589776,-0.057193,0.400915,0.343722
ls1_0454,LS1,vocal,0.0857143,12,0.0285714,-1.093707,0.352474,-0.741233,-0.235429,0.427487,0.192058
ls1_0455,LS1,vocal,0,12,0.0540541,-1.697358,1.232334,-0.465024,-0.836977,1.280681,0.443704
ls1_0456,LS1,vocal,0,12,0.0731707,-1.697358,1.892391,0.195033,-0.836977,1.920734,1.083757
ls1_0457,LS1,vocal,0.418919,14,0,0.721840,-0.634035,0.087804,1.632317,-0.529124,1.103192
ls1_0458,LS1,vocal,0.190476,9,0.047619,0.440710,1.010147,1.450857,1.205851,1.065228,2.271079
ls1_0459,LS1,vocal,0.285714,10,0.038961,0.845894,0.711205,1.557098,1.638885,0.775346,2.414231
ls1_0460,LS1,vocal,0.0638298,10,0.0212766,-0.716750,0.100599,-0.616151,0.081687,0.183246,0.264933
ls1_0461,LS1,vocal,0.344828,12,0,0.731125,-0.634035,0.097089,1.583043,-0.529124,1.053919
ls1_0462,LS1,vocal,0.254545,12,0,0.095304,-0.634035,-0.538732,0.949437,-0.529124,0.420313
ls1_0463,LS1,vocal,0.447368,12,0,1.453279,-0.634035,0.819243,2.302680,-0.529124,1.773556
ls1_0464,LS1,vocal,0.478873,12,0.028169,1.675155,0.338579,2.013734,2.523783,0.414014,2.937797
ls1_0465,LS1,vocal,0.464789,17,0.0140845,0.248262,-0.147728,0.100534,1.248179,-0.057555,1.190624
ls1_0466,LS1,vocal,0.673469,5,0,4.904399,-0.634035,4.270363,5.536931,-0.529124,5.007807
ls1_0467,LS1,vocal,0.388889,10,0.0555556,1.572511,1.284177,2.856688,2.362971,1.330954,3.693924
ls1_0468,LS1,vocal,0.329114,10,0,1.151540,-0.634035,0.517505,1.943467,-0.529124,1.414342
ls1_0469,LS1,vocal,0.047619,17,0.0952381,-2.689697,2.654329,-0.035368,-1.679542,2.659581,0.980038
ls1_0470,LS1,vocal,0.243243,14,0,-0.515374,-0.634035,-1.149409,0.399415,-0.529124,-0.129709
ls1_0471,LS1,vocal,0.309524,15,0.0952381,-0.314126,2.654329,2.340203,0.629224,2.659581,3.288804
ls1_0472,LS1,vocal,0.315789,14,0.0526316,-0.004460,1.183219,1.178759,0.908548,1.233055,2.141603
ls1_0473,LS1,vocal,0.0740741,14,0.037037,-1.706765,0.644773,-1.061991,-0.787824,0.710928,-0.076897
ls1_0474,LS1,vocal,0.340426,16,0.0425532,-0.362038,0.835234,0.473196,0.610742,0.895616,1.506359
ls1_0475,LS1,vocal,0.25,15,0,-0.733329,-0.634035,-1.367364,0.211482,-0.529124,-0.317642
ls1_0476,LS1,vocal,0.5,10,0.0454545,2.355022,0.935411,3.290434,3.142755,0.992758,4.135513
ls1_0477,LS1,vocal,0.186047,14,0.0232558,-0.918187,0.168937,-0.749250,-0.001995,0.249513,0.247518
ls1_0478,LS1,vocal,0.163265,12,0.0408163,-0.547546,0.775264,0.227718,0.308828,0.837464,1.146292
ls1_0479,LS1,vocal,0.380952,15,0,0.188916,-0.634035,-0.445119,1.130514,-0.529124,0.601390
ls1_0480,LS1,vocal,0.228571,9,0.142857,0.709000,4.298512,5.007511,1.473205,4.253933,5.727138
ls1_0481,LS1,vocal,0.183908,14,0.0229885,-0.933248,0.159708,-0.773540,-0.017003,0.240563,0.223560
ls1_0482,LS1,vocal,0.231884,14,0.0434783,-0.595372,0.867175,0.271803,0.319695,0.926589,1.246284
ls1_0483,LS1,vocal,0.453125,15,0,0.697199,-0.634035,0.063164,1.637025,-0.529124,1.107901
ls1_0484,LS1,vocal,0.136364,15,0.0454545,-1.533624,0.935411,-0.598213,-0.586024,0.992758,0.406733
ls1_0485,LS1,vocal,0.405405,12,0,1.157750,-0.634035,0.523715,2.008181,-0.529124,1.479057
ls1_0486,LS1,vocal,0.134328,13,0.0149254,-1.016877,-0.118695,-1.135572,-0.129605,-0.029402,-0.159006
ls1_0487,LS1,vocal,0.521739,12,0.0434783,1.977042,0.867175,2.844216,2.824618,0.926589,3.751207
ls1_0488,LS1,vocal,0.419048,10,0.0380952,1.784907,0.681310,2.466217,2.574626,0.746358,3.320984
ls1_0489,LS1,vocal,0.615385,12,0,2.636550,-0.634035,2.002514,3.481827,-0.529124,2.952703
ls1_0490,LS1,vocal,0.216216,14,0,-0.705714,-0.634035,-1.339750,0.209737,-0.529124,-0.319387
ls1_0491,LS1,vocal,0.4,17,0,-0.208019,-0.634035,-0.842055,0.793488,-0.529124,0.264364
ls1_0492,LS1,vocal,0.352941,12,0,0.788265,-0.634035,0.154230,1.639984,-0.529124,1.110860
ls1_0493,LS1,vocal,0.362319,17,0,-0.473392,-0.634035,-1.107428,0.529039,-0.529124,-0.000085
ls1_0494,LS1,vocal,0.181818,13,0.038961,-0.682426,0.711205,0.028779,0.203682,0.775346,0.979028
ls1_0495,LS1,vocal,0.390805,15,0,0.258302,-0.634035,-0.375734,1.199657,-0.529124,0.670533
ls1_0496,LS1,vocal,0.431818,13,0,1.078224,-0.634035,0.444189,1.958196,-0.529124,1.429072
ls1_0497,LS1,vocal,0.541667,9,0.0833333,2.914004,2.243284,5.157288,3.670526,2.260993,5.931518
ls1_0498,LS1,vocal,0.489362,9,0,2.545641,-0.634035,1.911606,3.303446,-0.529124,2.774322
ls1_0499,LS1,vocal,0.357143,14,0,0.286776,-0.634035,-0.347260,1.198769,-0.529124,0.669645
ls1_0500,LS1,vocal,0.344828,12,0.0689655,0.731125,1.747194,2.478319,1.583043,1.779938,3.362981
ls1_0501,LS1,vocal,0.027027,14,0.0810811,-2.038098,2.165518,0.127420,-1.118003,2.185584,1.067581
ls1_0502,LS1,vocal,0.220339,12,0.0338983,-0.145599,0.536399,0.390801,0.709374,0.605839,1.315213
ls1_0503,LS1,vocal,0.393939,12,0.030303,1.076999,0.412262,1.489262,1.927712,0.485464,2.413176
ls1_0504,LS1,vocal,0.305556,14,0.0277778,-0.076533,0.325071,0.248538,0.836726,0.400915,1.237641
ls1_0505,LS1,vocal,0.416667,10,0,1.768139,-0.634035,1.134103,2.557917,-0.529124,2.028793
ls1_0506,LS1,vocal,0.175,12,0.025,-0.464903,0.229160,-0.235743,0.391183,0.307911,0.699094
ls1_0507,LS1,vocal,0.378378,14,0.0810811,0.436329,2.165518,2.601847,1.347801,2.185584,3.533385
ls1_0508,LS1,vocal,0.206897,9,0.0344828,0.556352,0.556579,1.112931,1.321090,0.625407,1.946497
ls1_0509,LS1,vocal,0.129032,16,0.0645161,-1.850796,1.593566,-0.257230,-0.872828,1.630966,0.758138
ls1_0510,LS1,vocal,0.323529,13,0.0294118,0.315590,0.381489,0.697079,1.198219,0.455623,1.653842
ls1_0511,LS1,vocal,0,14,0.025641,-2.228439,0.251294,-1.977145,-1.307680,0.329373,-0.978307
ls1_0512,LS1,vocal,0.416667,16,0.0833333,0.174898,2.243284,2.418181,1.145807,2.260993,3.406799
ls1_0513,LS1,vocal,0.338983,16,0,-0.372197,-0.634035,-1.006232,0.600619,-0.529124,0.071495
ls1_0514,LS1,vocal,0.208333,17,0.125,-1.557851,3.681943,2.124092,-0.551640,3.656051,3.104411
ls1_0515,LS1,vocal,0.3,8,0.0333333,1.477583,0.516892,1.994475,2.209847,0.586923,2.796769
ls1_0516,LS1,vocal,0.290323,13,0.0322581,0.081727,0.479766,0.561493,0.965172,0.550921,1.516093
ls1_0517,LS1,vocal,0.464286,14,0,1.041340,-0.634035,0.407305,1.950703,-0.529124,1.421579
ls1_0518,LS1,vocal,0.234043,14,0.0638298,-0.580170,1.569869,0.989698,0.334844,1.607987,1.942830
ls1_0519,LS1,vocal,0.186441,9,0,0.412290,-0.634035,-0.221746,1.177529,-0.529124,0.648405
ls1_0520,LS1,vocal,0.384615,10,0.0512821,1.542415,1.136622,2.679037,2.332979,1.187871,3.520850
ls1_0521,LS1,vocal,0.375,14,0,0.412536,-0.634035,-0.221499,1.324091,-0.529124,0.794967
ls1_0522,LS1,vocal,0.508197,17,0,0.553967,-0.634035,-0.080068,1.552818,-0.529124,1.023694
ls1_0523,LS1,vocal,0.272727,16,0,-0.838810,-0.634035,-1.472845,0.135632,-0.529124,-0.393492
ls1_0524,LS1,vocal,0.166667,16,0.0666667,-1.585752,1.667820,0.082068,-0.608708,1.702969,1.094262
ls1_0525,LS1,vocal,0.16129,15,0,-1.358076,-0.634035,-1.992111,-0.411087,-0.529124,-0.940211
ls1_0526,LS1,vocal,0.394737,12,0.0526316,1.082616,1.183219,2.265834,1.933309,1.233055,3.166363
ls1_0527,LS1,vocal,0.489362,15,0,0.952400,-0.634035,0.318365,1.891336,-0.529124,1.362212
ls1_0528,LS1,vocal,0.415385,15,0.0307692,0.431409,0.428359,0.859768,1.372161,0.501073,1.873234
ls1_0529,LS1,vocal,0.322034,12,0,0.570598,-0.634035,-0.063438,1.423075,-0.529124,0.893951
ls1_0530,LS1,vocal,0,12,0,-1.697358,-0.634035,-2.331394,-0.836977,-0.529124,-1.366101
ls1_0531,LS1,vocal,0.0465116,13,0,-1.635336,-0.634035,-2.269371,-0.745908,-0.529124,-1.275032
ls1_0532,LS1,vocal,0.277778,10,0,0.790000,-0.634035,0.155965,1.583187,-0.529124,1.054062
ls1_0533,LS1,vocal,0.227273,14,0.113636,-0.627848,3.289582,2.661734,0.287333,3.275580,3.562913
ls1_0534,LS1,vocal,0.0526316,16,0.157895,-2.388856,4.817727,2.428871,-1.409012,4.757413,3.348400
ls1_0535,LS1,vocal,0.12766,14,0.148936,-1.329383,4.508407,3.179024,-0.411758,4.457467,4.045709
ls1_0536,LS1,vocal,0.217391,12,0.173913,-0.166358,5.370805,5.204446,0.688687,5.293728,5.982415
ls1_0537,LS1,vocal,0.354839,8,0,1.863790,-0.634035,1.229754,2.594708,-0.529124,2.065584
ls1_0538,LS1,vocal,0.444444,8,0,2.494847,-0.634035,1.860812,3.223566,-0.529124,2.694442
ls1_0539,LS1,vocal,0.0408163,15,0.0816327,-2.206526,2.184563,-0.021963,-1.256581,2.204051,0.947471
ls1_0540,LS1,vocal,0.129032,14,0.129032,-1.319716,3.821168,2.501452,-0.402125,3.791056,3.388932
ls1_0541,LS1,vocal,0.0344828,14,0.0689655,-1.985590,1.747194,-0.238396,-1.065678,1.779938,0.714259
ls1_0542,LS1,vocal,0.162162,14,0.108108,-1.086395,3.098703,2.012308,-0.169617,3.090487,2.920870
ls1_0543,LS1,vocal,0.192308,15,0,-1.139633,-0.634035,-1.773668,-0.193406,-0.529124,-0.722530
ls1_0544,LS1,vocal,0.162791,9,0.0465116,0.245732,0.971910,1.217642,1.011552,1.028150,2.039703
ls1_0545,LS1,vocal,0.333333,10,0,1.181256,-0.634035,0.547220,1.973079,-0.529124,1.443955
ls1_0546,LS1,vocal,0.16129,10,0.0322581,-0.030375,0.479766,0.449391,0.765671,0.550921,1.316592
ls1_0547,LS1,vocal,0.324324,12,0.0540541,0.586728,1.232334,1.819062,1.439150,1.280681,2.719831
ls1_0548,LS1,vocal,0.319149,12,0,0.550280,-0.634035,-0.083755,1.402828,-0.529124,0.873704
ls1_0549,LS1,vocal,0.36,14,0,0.306897,-0.634035,-0.327138,1.218820,-0.529124,0.689696
ls1_0550,LS1,vocal,0.181818,10,0,0.114195,-0.634035,-0.519841,0.909737,-0.529124,0.380612
ls1_0551,LS1,vocal,0.382353,12,0,0.995401,-0.634035,0.361365,1.846398,-0.529124,1.317274
ls1_0552,LS1,vocal,0.107143,12,0,-0.942794,-0.634035,-1.576829,-0.085042,-0.529124,-0.614167
ls1_0553,LS1,vocal,0.243243,14,0.027027,-0.515374,0.299149,-0.216225,0.399415,0.375779,0.775193
ls1_0554,LS1,vocal,0.375,7,0.0625,2.271318,1.523954,3.795272,2.971553,1.563463,4.535016
ls1_0555,LS1,vocal,0.138462,12,0,-0.722229,-0.634035,-1.356264,0.134754,-0.529124,-0.394370
ls1_0556,LS1,vocal,0.0909091,12,0.030303,-1.057122,0.412262,-0.644859,-0.198972,0.485464,0.286492
ls1_0557,LS1,vocal,0.181818,10,0,0.114195,-0.634035,-0.519841,0.909737,-0.529124,0.380612
ls1_0558,LS1,vocal,0.413793,10,0,1.747902,-0.634035,1.113866,2.537750,-0.529124,2.008626
ls1_0559,LS1,vocal,0.27027,10,0.0540541,0.737128,1.232334,1.969461,1.530498,1.280681,2.811180
ls1_0560,LS1,vocal,0.205882,12,0,-0.247411,-0.634035,-0.881447,0.607917,-0.529124,0.078793
ls1_0561,LS1,vocal,0.1,12,0,-0.993098,-0.634035,-1.627134,-0.135171,-0.529124,-0.664296
ls1_0562,LS1,vocal,0.135135,11,0.0810811,-0.480115,2.165518,1.685403,0.346761,2.185584,2.532345
ls1_0563,LS1,vocal,0.107143,14,0.0714286,-1.473874,1.832238,0.358364,-0.555746,1.862404,1.306659
ls1_0564,LS1,vocal,0.0769231,12,0,-1.155620,-0.634035,-1.789655,-0.297127,-0.529124,-0.826251
ls1_0565,LS1,vocal,0.1875,17,0.03125,-1.704572,0.444959,-1.259612,-0.697850,0.517170,-0.180680
ls1_0566,LS1,vocal,0.137931,12,0.0344828,-0.725965,0.556579,-0.169386,0.131031,0.625407,0.756438
ls1_0567,LS1,vocal,0.333333,12,0,0.650175,-0.634035,0.016140,1.502375,-0.529124,0.973251
ls1_0568,LS1,vocal,0.264706,13,0,-0.098681,-0.634035,-0.732716,0.785392,-0.529124,0.256268
ls1_0569,LS1,vocal,0.193548,13,0.0322581,-0.599815,0.479766,-0.120049,0.286005,0.550921,0.836926
ls1_0570,LS1,vocal,0.3,15,0.0333333,-0.381199,0.516892,0.135693,0.562385,0.586923,1.149308
ls1_0571,LS1,vocal,0.135135,12,0,-0.745655,-0.634035,-1.379691,0.111409,-0.529124,-0.417715
ls1_0572,LS1,vocal,0.292683,12,0,0.363891,-0.634035,-0.270145,1.217088,-0.529124,0.687964
ls1_0573,LS1,vocal,0.323529,12,0.0294118,0.581130,0.381489,0.962619,1.433571,0.455623,1.889194
ls1_0574,LS1,vocal,0.179104,15,0,-1.232618,-0.634035,-1.866653,-0.286067,-0.529124,-0.815191
ls1_0575,LS1,vocal,0.4,16,0.0285714,0.057521,0.352474,0.409995,1.028839,0.427487,1.456327
ls1_0576,LS1,vocal,0.262295,14,0.0163934,-0.381199,-0.068005,-0.449205,0.533121,0.019751,0.552873
ls1_0577,LS1,vocal,0.514286,14,0,1.393470,-0.634035,0.759435,2.301606,-0.529124,1.772482
ls1_0578,LS1,vocal,0.333333,17,0,-0.677526,-0.634035,-1.311561,0.325617,-0.529124,-0.203507
ls1_0579,LS1,vocal,0.218182,12,0,-0.160791,-0.634035,-0.794826,0.694235,-0.529124,0.165111
ls1_0580,LS1,vocal,0.40625,12,0.03125,1.163698,0.444959,1.608657,2.014109,0.517170,2.531278
ls1_0581,LS1,vocal,0.121212,12,0,-0.843710,-0.634035,-1.477745,0.013696,-0.529124,-0.515428
ls1_0582,LS1,vocal,0.232143,13,0,-0.328009,-0.634035,-0.962045,0.556863,-0.529124,0.027739
ls1_0583,LS1,vocal,0.235294,13,0,-0.305816,-0.634035,-0.939851,0.578979,-0.529124,0.049855
ls1_0584,LS1,vocal,0.156863,15,0,-1.389257,-0.634035,-2.023293,-0.442160,-0.529124,-0.971284
ls1_0585,LS1,vocal,0.233333,15,0,-0.850705,-0.634035,-1.484741,0.094515,-0.529124,-0.434609
ls1_0586,LS1,vocal,0.254545,14,0.0181818,-0.435777,-0.006257,-0.442033,0.478734,0.079629,0.558363
ls1_0587,LS1,vocal,0.323529,10,0,1.112210,-0.634035,0.478175,1.904274,-0.529124,1.375150
ls1_0588,LS1,vocal,0.0769231,10,0.0192308,-0.624539,0.029961,-0.594578,0.173577,0.114749,0.288326
ls1_0589,LS1,vocal,0.298507,14,0.0447761,-0.126170,0.911987,0.785817,0.787262,0.970043,1.757305
ls1_0590,LS1,vocal,0.170213,14,0,-1.029698,-0.634035,-1.663734,-0.113117,-0.529124,-0.642242
ls1_0591,LS1,vocal,0.259259,16,0,-0.933660,-0.634035,-1.567695,0.041113,-0.529124,-0.488011
ls1_0592,LS1,vocal,0.363636,12,0,0.863587,-0.634035,0.229552,1.715044,-0.529124,1.185920
ls1_0593,LS1,vocal,0.433962,12,0,1.358864,-0.634035,0.724829,2.208595,-0.529124,1.679471
ls1_0594,LS1,vocal,0.351852,12,0,0.780594,-0.634035,0.146558,1.632339,-0.529124,1.103215
ls1_0595,LS1,vocal,0.15625,13,0,-0.862492,-0.634035,-1.496528,0.024243,-0.529124,-0.504881
ls1_0596,LS1,vocal,0.162162,13,0,-0.820855,-0.634035,-1.454891,0.065735,-0.529124,-0.463390
ls1_0597,LS1,vocal,0.333333,13,0,0.384635,-0.634035,-0.249400,1.267024,-0.529124,0.737900
ls1_0598,LS1,vocal,0.195122,12,0,-0.323192,-0.634035,-0.957228,0.532400,-0.529124,0.003276
ls1_0599,LS1,vocal,0.481013,12,0,1.690222,-0.634035,1.056186,2.538797,-0.529124,2.009673
ls1_0600,LS1,vocal,0.257143,13,0.0285714,-0.151944,0.352474,0.200530,0.732315,0.427487,1.159802
ls1_0601,LS1,vocal,0.347826,15,0.0217391,-0.044379,0.116570,0.072191,0.898031,0.198732,1.096764
ls1_0602,LS1,vocal,0.212121,15,0.030303,-1.000094,0.412262,-0.587831,-0.054353,0.485464,0.431111
ls1_0603,LS1,vocal,0.310345,14,0.0344828,-0.042804,0.556579,0.513775,0.870337,0.625407,1.495744
ls1_0604,LS1,vocal,0.170732,15,0,-1.291584,-0.634035,-1.925619,-0.344827,-0.529124,-0.873951
ls1_0605,LS1,vocal,0.416667,10,0,1.768139,-0.634035,1.134103,2.557917,-0.529124,2.028793
ls1_0606,LS1,vocal,0.34375,10,0,1.254616,-0.634035,0.620581,2.046183,-0.529124,1.517059
ls1_0607,LS1,vocal,0.2,12,0.0666667,-0.288838,1.667820,1.378982,0.566634,1.702969,2.269604
ls1_0608,LS1,vocal,0.133333,12,0.0666667,-0.758345,1.667820,0.909475,0.098764,1.702969,1.801733
ls1_0609,LS1,vocal,0.529412,12,0.0294118,2.031077,0.381489,2.412566,2.878465,0.455623,3.334088
ls1_0610,LS1,vocal,0.204545,12,0,-0.256826,-0.634035,-0.890862,0.598535,-0.529124,0.069410
ls1_0611,LS1,vocal,0.245614,12,0.0175439,0.032403,-0.028284,0.004119,0.886756,0.058269,0.945025
ls1_0612,LS1,vocal,0.30303,14,0,-0.094317,-0.634035,-0.728353,0.819004,-0.529124,0.289880
ls1_0613,LS1,vocal,0.30303,14,0.0909091,-0.094317,2.504858,2.410541,0.819004,2.514640,3.333643
ls1_0614,LS1,vocal,0.466667,14,0,1.058108,-0.634035,0.424073,1.967413,-0.529124,1.438289
ls1_0615,LS1,vocal,0.227273,14,0.0151515,-0.627848,-0.110886,-0.738734,0.287333,-0.021830,0.265502
ls1_0616,LS1,vocal,0.166667,17,0,-1.851293,-0.634035,-2.485328,-0.844059,-0.529124,-1.373183
ls1_0617,LS1,vocal,0.384615,17,0.0307692,-0.316367,0.428359,0.111992,0.685517,0.501073,1.186590
ls1_0618,LS1,vocal,0.196721,17,0.0819672,-1.639630,2.196115,0.556485,-0.633134,2.215253,1.582119
ls1_0619,LS1,vocal,0.28125,10,0,0.814453,-0.634035,0.180418,1.607555,-0.529124,1.078431
ls1_0620,LS1,vocal,0.380952,13,0.015873,0.719997,-0.085975,0.634022,1.601217,0.002327,1.603544
ls1_0621,LS1,vocal,0.380952,13,0.015873,0.719997,-0.085975,0.634022,1.601217,0.002327,1.603544
ls1_0622,LS1,vocal,0.611111,13,0,2.340913,-0.634035,1.706877,3.216484,-0.529124,2.687360
ls1_0623,LS1,vocal,0.44,9,0.04,2.198006,0.747078,2.945084,2.957023,0.810132,3.767155
ls1_0624,LS1,vocal,0.166667,12,0,-0.523592,-0.634035,-1.157627,0.332699,-0.529124,-0.196425
ls1_0625,LS1,vocal,0.234375,12,0.234375,-0.046749,7.458425,7.411676,0.807880,7.318079,8.125959
ls1_0626,LS1,vocal,0.520833,12,0,1.970663,-0.634035,1.336627,2.818261,-0.529124,2.289137
ls1_0627,LS1,vocal,0.238095,12,0,-0.020549,-0.634035,-0.654584,0.833989,-0.529124,0.304865
ls1_0628,LS1,vocal,0.555556,12,0.0833333,2.215197,2.243284,4.458481,3.061944,2.260993,5.322936
ls1_0629,LS1,vocal,0.294118,14,0,-0.157086,-0.634035,-0.791121,0.756454,-0.529124,0.227330
ls1_0630,LS1,vocal,0.111111,14,0.0740741,-1.445927,1.923582,0.477654,-0.527896,1.950980,1.423083
ls1_0631,LS1,vocal,0.129032,14,0.0322581,-1.319716,0.479766,-0.839950,-0.402125,0.550921,0.148796
ls1_0632,LS1,vocal,0.344828,14,0.0344828,0.200044,0.556579,0.756624,1.112339,0.625407,1.737746
ls1_0633,LS1,vocal,0.191489,14,0,-0.879856,-0.634035,-1.513891,0.036203,-0.529124,-0.492921
ls1_0634,LS1,vocal,0.0740741,14,0.0740741,-1.706765,1.923582,0.216817,-0.787824,1.950980,1.163155
ls1_0635,LS1,vocal,0.261905,19,0.0714286,-1.711649,1.832238,0.120589,-0.646376,1.862404,1.216028
ls1_0636,LS1,vocal,0.0666667,10,0.0333333,-0.696771,0.516892,-0.179879,0.101597,0.586923,0.688519
ls1_0637,LS1,vocal,0,13,0.0344828,-1.962898,0.556579,-1.406319,-1.072329,0.625407,-0.446922
ls1_0638,LS1,vocal,0.145161,13,0,-0.940585,-0.634035,-1.574621,-0.053579,-0.529124,-0.582703
ls1_0639,LS1,vocal,0.107692,13,0,-1.204465,-0.634035,-1.838500,-0.316538,-0.529124,-0.845662
ls1_0640,LS1,vocal,0.266667,9,0.0333333,0.977289,0.516892,1.494181,1.740560,0.586923,2.327482
ls1_0641,LS1,vocal,0.162162,9,0.027027,0.241306,0.299149,0.540455,1.007141,0.375779,1.382920
ls1_0642,LS1,vocal,0.3,12,0.0333333,0.415422,0.516892,0.932314,1.268440,0.586923,1.855363
ls1_0643,LS1,vocal,0.375,12,0.03125,0.943617,0.444959,1.388576,1.794794,0.517170,2.311964
ls1_0644,LS1,vocal,0.037037,12,0.037037,-1.436521,0.644773,-0.791748,-0.577049,0.710928,0.133879
ls1_0645,LS1,vocal,0.166667,14,0,-1.054672,-0.634035,-1.688707,-0.138004,-0.529124,-0.667128
ls1_0646,LS1,vocal,0.164179,14,0.0149254,-1.072191,-0.118695,-1.190886,-0.155462,-0.029402,-0.184864
ls1_0647,LS1,vocal,0.466667,14,0,1.058108,-0.634035,0.424073,1.967413,-0.529124,1.438289
ls1_0648,LS1,vocal,0.42,14,0.04,0.729453,0.747078,1.476531,1.639904,0.810132,2.450036
ls1_0649,LS1,vocal,0.283582,17,0.0447761,-1.027904,0.911987,-0.115917,-0.023540,0.970043,0.946503
ls1_0650,LS1,vocal,0.2,17,0.0333333,-1.616539,0.516892,-1.099647,-0.610124,0.586923,-0.023201
ls1_0651,LS1,vocal,0.369863,17,0.0136986,-0.420262,-0.161051,-0.581313,0.581984,-0.070475,0.511510
ls1_0652,LS1,vocal,0.123457,8,0.0740741,0.234259,1.923582,2.157841,0.970856,1.950980,2.921836
ls1_0653,LS1,vocal,0.119403,10,0,-0.325370,-0.634035,-0.959406,0.471703,-0.529124,-0.057421
ls1_0654,LS1,vocal,0.296296,10,0,0.920419,-0.634035,0.286383,1.713151,-0.529124,1.184026
ls1_0655,LS1,vocal,0.189189,9,0,0.431646,-0.634035,-0.202389,1.196818,-0.529124,0.667694
ls1_0656,LS1,vocal,0.166667,13,0.0333333,-0.789132,0.516892,-0.272239,0.097347,0.586923,0.684270
ls1_0657,LS1,vocal,0.228571,13,0,-0.353161,-0.634035,-0.987197,0.531799,-0.529124,0.002675
ls1_0658,LS1,vocal,0.20339,12,0,-0.264965,-0.634035,-0.899000,0.590424,-0.529124,0.061300
ls1_0659,LS1,vocal,0.319149,12,0,0.550280,-0.634035,-0.083755,1.402828,-0.529124,0.873704
ls1_0660,LS1,vocal,0.0526316,14,0,-1.857775,-0.634035,-2.491811,-0.938309,-0.529124,-1.467433
ls1_0661,LS1,vocal,0.16129,14,0.0322581,-1.092535,0.479766,-0.612770,-0.175736,0.550921,0.375185
ls1_0662,LS1,vocal,0.225806,16,0.225806,-1.169254,7.162571,5.993317,-0.193661,7.031192,6.837531
ls1_0663,LS1,vocal,0.25,12,0,0.063292,-0.634035,-0.570744,0.917537,-0.529124,0.388413
ls1_0664,LS1,vocal,0.153846,14,0,-1.144962,-0.634035,-1.778997,-0.227979,-0.529124,-0.757103
ls1_0665,LS1,vocal,0.204545,14,0.0227273,-0.787907,0.150688,-0.637219,0.127831,0.231817,0.359648
ls1_0666,LS1,vocal,0.260274,17,0.0136986,-1.192054,-0.161051,-1.353105,-0.187118,-0.070475,-0.257592
ls1_0667,LS1,vocal,0.26087,13,0,-0.125698,-0.634035,-0.759734,0.758469,-0.529124,0.229345
ls1_0668,LS1,vocal,0.212121,12,0,-0.203473,-0.634035,-0.837509,0.651702,-0.529124,0.122578
ls1_0669,LS1,vocal,0.272727,17,0,-1.104350,-0.634035,-1.738385,-0.099720,-0.529124,-0.628844
ls1_0670,LS1,vocal,0.28125,17,0.03125,-1.044328,0.444959,-0.599369,-0.039907,0.517170,0.477263
ls1_0671,LS1,vocal,0.375,17,0.03125,-0.384084,0.444959,0.060875,0.618036,0.517170,1.135206
ls1_0672,LS1,vocal,0.372549,13,0,0.660815,-0.634035,0.026780,1.542242,-0.529124,1.013118
ls1_0673,LS1,vocal,0.428571,12,0,1.320899,-0.634035,0.686864,2.170762,-0.529124,1.641638
ls1_0674,LS1,vocal,0.102041,12,0,-0.978726,-0.634035,-1.612761,-0.120849,-0.529124,-0.649973
ls1_0675,LS1,vocal,0.178218,12,0.029703,-0.442241,0.391544,-0.050698,0.413766,0.465373,0.879139
ls1_0676,LS1,vocal,0.107143,12,0,-0.942794,-0.634035,-1.576829,-0.085042,-0.529124,-0.614167
ls1_0677,LS1,vocal,0.371429,14,0.0285714,0.387384,0.352474,0.739858,1.299027,0.427487,1.726514
ls1_0678,LS1,vocal,0.186047,14,0,-0.918187,-0.634035,-1.552223,-0.001995,-0.529124,-0.531119
ls1_0679,LS1,vocal,0.275229,14,0.0275229,-0.290108,0.316272,0.026164,0.623895,0.392382,1.016277
ls1_0680,LS1,vocal,0.225806,14,0.0645161,-0.638174,1.593566,0.955392,0.277042,1.630966,1.908008
ls1_0681,LS1,vocal,0.415094,14,0,0.694905,-0.634035,0.060869,1.605475,-0.529124,1.076351
ls1_0682,LS1,vocal,0.375,16,0,-0.118544,-0.634035,-0.752579,0.853388,-0.529124,0.324264
ls1_0683,LS1,vocal,0.218182,16,0.0363636,-1.222952,0.621522,-0.601430,-0.247171,0.688381,0.441210
ls1_0684,LS1,vocal,0.2,16,0.0333333,-1.350999,0.516892,-0.834107,-0.374772,0.586923,0.212150
ls1_0685,LS1,vocal,0.305263,16,0.0105263,-0.609673,-0.270585,-0.880257,0.363971,-0.176688,0.187282
ls1_0686,LS1,vocal,0.276923,16,0.0307692,-0.809260,0.428359,-0.380901,0.165078,0.501073,0.666151
ls1_0687,LS1,vocal,0.0882353,19,0,-2.934734,-0.634035,-3.568769,-1.865198,-0.529124,-2.394322
ls1_0688,LS1,vocal,0.171429,12,0,-0.490055,-0.634035,-1.124091,0.366118,-0.529124,-0.163006
ls1_0689,LS1,vocal,0.305556,16,0.0277778,-0.607613,0.325071,-0.282542,0.366023,0.400915,0.766937
ls1_0690,LS1,vocal,0.294118,16,0,-0.688166,-0.634035,-1.322201,0.285751,-0.529124,-0.243373
ls1_0691,LS1,vocal,0.3,16,0.0333333,-0.646739,0.516892,-0.129847,0.327033,0.586923,0.913956
ls1_0692,LS1,vocal,0.238806,16,0.0149254,-1.077704,-0.118695,-1.196399,-0.102430,-0.029402,-0.131831
ls1_0693,LS1,vocal,0.342857,16,0.0285714,-0.344913,0.352474,0.007561,0.627807,0.427487,1.055295
ls1_0694,LS1,vocal,0.514286,16,0.0285714,0.862390,0.352474,1.214864,1.830903,0.427487,2.258390
ls1_0695,LS1,vocal,0.2,19,0.0333333,-2.147620,0.516892,-1.630727,-1.080827,0.586923,-0.493905
ls1_0696,LS1,vocal,0.208955,12,0.0149254,-0.225770,-0.118695,-0.344465,0.629483,-0.029402,0.600081
ls1_0697,LS1,vocal,0.375,13,0.025,0.678077,0.229160,0.907237,1.559443,0.307911,1.867354
ls1_0698,LS1,vocal,0.241758,14,0.021978,-0.525832,0.124818,-0.401014,0.388993,0.206731,0.595724
ls1_0699,LS1,vocal,0.151515,14,0.030303,-1.161378,0.412262,-0.749116,-0.244338,0.485464,0.241125
ls1_0700,LS1,vocal,0.30303,14,0.030303,-0.094317,0.412262,0.317945,0.819004,0.485464,1.304467
ls1_0701,LS1,vocal,0.518519,17,0,0.626659,-0.634035,-0.007376,1.625257,-0.529124,1.096133
ls1_0702,LS1,vocal,0.537037,16,0,1.022618,-0.634035,0.388583,1.990573,-0.529124,1.461449
ls1_0703,LS1,vocal,0.382979,12,0,0.999808,-0.634035,0.365772,1.850789,-0.529124,1.321665
ls1_0704,LS1,vocal,0.09375,13,0.09375,-1.302655,2.602949,1.300294,-0.414386,2.609757,2.195371
ls1_0705,LS1,vocal,0.230088,15,0,-0.873558,-0.634035,-1.507593,0.071742,-0.529124,-0.457382
ls1_0706,LS1,vocal,0.571429,15,0.0649351,1.530364,1.608031,3.138396,2.467286,1.644993,4.112279
ls1_0707,LS1,vocal,0.404762,15,0,0.356597,-0.634035,-0.277438,1.297610,-0.529124,0.768486
ls1_0708,LS1,vocal,0.137931,15,0.0689655,-1.522586,1.747194,0.224609,-0.575024,1.779938,1.204914
ls1_0709,LS1,vocal,0.152174,14,0.0217391,-1.156739,0.116570,-1.040169,-0.239715,0.198732,-0.040983
ls1_0710,LS1,vocal,0.302326,14,0.0232558,-0.099280,0.168937,0.069657,0.814058,0.249513,1.063571
ls1_0711,LS1,vocal,0.514286,11,0,2.190091,-0.634035,1.556055,3.007661,-0.529124,2.478537
ls1_0712,LS1,vocal,0.542373,9,0,2.918978,-0.634035,2.284942,3.675482,-0.529124,3.146358
ls1_0713,LS1,vocal,0.377358,9,0,1.756847,-0.634035,1.122812,2.517401,-0.529124,1.988277
ls1_0714,LS1,vocal,0.372881,9,0,1.725317,-0.634035,1.091281,2.485981,-0.529124,1.956856
ls1_0715,LS1,vocal,0.313433,17,0.0447761,-0.817677,0.911987,0.094310,0.185954,0.970043,1.155997
ls1_0716,LS1,vocal,0.215278,15,0.0277778,-0.977863,0.325071,-0.652793,-0.032200,0.400915,0.368714
ls1_0717,LS1,vocal,0.440678,13,0.0169492,1.140620,-0.048818,1.091802,2.020374,0.038357,2.058732
ls1_0718,LS1,vocal,0.32,9,0,1.352894,-0.634035,0.718859,2.114856,-0.529124,1.585732
ls1_0719,LS1,vocal,0.258621,12,0,0.124004,-0.634035,-0.510032,0.978038,-0.529124,0.448914
ls1_0720,LS1,vocal,0.126984,14,0.047619,-1.334140,1.010147,-0.323993,-0.416499,1.065228,0.648730
ls1_0721,LS1,vocal,0.459459,10,0.027027,2.069511,0.299149,2.368661,2.858239,0.375779,3.234018
ls1_0722,LS1,vocal,0.253968,17,0,-1.236462,-0.634035,-1.870498,-0.231372,-0.529124,-0.760496
ls1_0723,LS1,vocal,0.181818,10,0.0227273,0.114195,0.150688,0.264883,0.909737,0.231817,1.141553
ls1_0724,LS1,vocal,0.5,12,0.0357143,1.823942,0.599101,2.423043,2.672052,0.666640,3.338692
ls1_0725,LS1,vocal,0.322581,14,0.0322581,0.043368,0.479766,0.523133,0.956209,0.550921,1.507130
ls1_0726,LS1,vocal,0.433333,14,0.1,0.823355,2.818748,3.642102,1.733478,2.819016,4.552494
ls1_0727,LS1,vocal,0.162791,14,0.0232558,-1.081969,0.168937,-0.913031,-0.165206,0.249513,0.084307
ls1_0728,LS1,vocal,0.333333,16,0.0333333,-0.411986,0.516892,0.104907,0.560969,0.586923,1.147891
ls1_0729,LS1,vocal,0.193878,12,0.0714286,-0.331956,1.832238,1.500282,0.523667,1.862404,2.386071
ls1_0730,LS1,vocal,0.307692,8,0,1.531756,-0.634035,0.897721,2.263832,-0.529124,1.734708
ls1_0731,LS1,vocal,0.307692,8,0.0576923,1.531756,1.357955,2.889711,2.263832,1.402495,3.666327
ls1_0732,LS1,vocal,0.35,9,0,1.564172,-0.634035,0.930137,2.325398,-0.529124,1.796274
ls1_0733,LS1,vocal,0.181818,12,0.0454545,-0.416885,0.935411,0.518526,0.439033,0.992758,1.431791
ls1_0734,LS1,vocal,0.172414,13,0.0689655,-0.748657,1.747194,0.998537,0.137681,1.779938,1.917619
ls1_0735,LS1,vocal,0.0689655,14,0.0344828,-1.742742,0.556579,-1.186163,-0.823677,0.625407,-0.198270
ls1_0736,LS1,vocal,0.129032,14,0,-1.319716,-0.634035,-1.953751,-0.402125,-0.529124,-0.931249
ls1_0737,LS1,vocal,0.384615,15,0.025641,0.214714,0.251294,0.466007,1.156221,0.329373,1.485594
ls1_0738,LS1,vocal,0.338462,15,0.0153846,-0.110330,-0.102838,-0.213168,0.832310,-0.014026,0.818285
ls1_0739,LS1,vocal,0.137931,9,0.0344828,0.070655,0.556579,0.627235,0.837086,0.625407,1.462493
ls1_0740,LS1,vocal,0.447368,10,0.0263158,1.984359,0.274592,2.258951,2.773383,0.351965,3.125349
ls1_0741,LS1,vocal,0.483871,12,0,1.710352,-0.634035,1.076316,2.558857,-0.529124,2.029733
ls1_0742,LS1,vocal,0.0196078,17,0,-2.886969,-0.634035,-3.521004,-1.876126,-0.529124,-2.405251
ls1_0743,LS1,vocal,0.147059,12,0.0294118,-0.661682,0.381489,-0.280193,0.195090,0.455623,0.650713
ls1_0744,LS1,vocal,0.340426,12,0.0425532,0.700123,0.835234,1.535357,1.552149,0.895616,2.447765
ls1_0745,LS1,vocal,0.444444,14,0,0.901606,-0.634035,0.267570,1.811456,-0.529124,1.282332
ls1_0746,LS1,vocal,0.368421,14,0,0.366204,-0.634035,-0.267832,1.277920,-0.529124,0.748796
ls1_0747,LS1,vocal,0.403226,14,0,0.611320,-0.634035,-0.022716,1.522181,-0.529124,0.993057
ls1_0748,LS1,vocal,0.431818,14,0,0.812684,-0.634035,0.178649,1.722844,-0.529124,1.193720
ls1_0749,LS1,vocal,0.111111,14,0.015873,-1.445927,-0.085975,-1.531902,-0.527896,0.002327,-0.525570
ls1_0750,LS1,vocal,0.0666667,17,0.0666667,-2.555553,1.667820,-0.887733,-1.545865,1.702969,0.157104
ls1_0751,LS1,vocal,0.202532,13,0,-0.536549,-0.634035,-1.170584,0.349050,-0.529124,-0.180074
ls1_0752,LS1,vocal,0.127273,9,0.0545455,-0.004407,1.249301,1.244894,0.762285,1.297134,2.059419
ls1_0753,LS1,vocal,0.340426,12,0.0212766,0.700123,0.100599,0.800722,1.552149,0.183246,1.735395
ls1_0754,LS1,vocal,0.243243,12,0.0540541,0.015707,1.232334,1.248040,0.870118,1.280681,2.150799
ls1_0755,LS1,vocal,0.34375,14,0,0.192455,-0.634035,-0.441580,1.104777,-0.529124,0.575653
ls1_0756,LS1,vocal,0.237288,14,0.0508475,-0.557313,1.121617,0.564304,0.357621,1.173320,1.530941
ls1_0757,LS1,vocal,0.425532,14,0,0.768413,-0.634035,0.134377,1.678727,-0.529124,1.149603
ls1_0758,LS1,vocal,0.389831,14,0,0.516982,-0.634035,-0.117054,1.428172,-0.529124,0.899048
ls1_0759,LS1,vocal,0.310345,10,0.0344828,1.019357,0.556579,1.575936,1.811744,0.625407,2.437151
ls1_0760,LS1,vocal,0.0769231,12,0.0512821,-1.155620,1.136622,-0.018997,-0.297127,1.187871,0.890744
ls1_0761,LS1,vocal,0.185185,9,0.0740741,0.403448,1.923582,2.327029,1.168718,1.950980,3.119698
ls1_0762,LS1,vocal,0.142857,17,0,-2.018973,-0.634035,-2.653009,-1.011156,-0.529124,-1.540280
ls1_0763,LS1,vocal,0.191176,15,0.0147059,-1.147599,-0.126273,-1.273873,-0.201345,-0.036751,-0.238095
ls1_0764,LS1,vocal,0.129412,14,0.0235294,-1.317043,0.178384,-1.138659,-0.399461,0.258674,-0.140788
ls1_0765,LS1,vocal,0.194444,12,0,-0.327964,-0.634035,-0.961999,0.527645,-0.529124,-0.001479
ls1_0766,LS1,vocal,0.0740741,16,0.0555556,-2.237845,1.284177,-0.953668,-1.258528,1.330954,0.072426
ls1_0767,LS1,vocal,0.375,14,0.025,0.412536,0.229160,0.641697,1.324091,0.307911,1.632002
ls1_0768,LS1,vocal,0.272727,17,0.0181818,-1.104350,-0.006257,-1.110607,-0.099720,0.079629,-0.020091
ls1_0769,LS1,vocal,0.25,17,0,-1.264409,-0.634035,-1.898445,-0.259221,-0.529124,-0.788345
ls1_0770,LS1,vocal,0.214286,12,0.142857,-0.188230,4.298512,4.110282,0.666892,4.253933,4.920825
ls1_0771,LS1,vocal,0.2,10,0,0.242242,-0.634035,-0.391793,1.037338,-0.529124,0.508214
ls1_0772,LS1,vocal,0.231884,12,0.0724638,-0.064292,1.867981,1.803690,0.790398,1.897064,2.687463
ls1_0773,LS1,vocal,0.266667,13,0.0666667,-0.084872,1.667820,1.582948,0.799153,1.702969,2.502122
ls1_0774,LS1,vocal,0.307692,8,0.0384615,1.531756,0.693958,2.225714,2.263832,0.758622,3.022454
ls1_0775,LS1,vocal,0.142857,15,0.0285714,-1.487893,0.352474,-1.135419,-0.540452,0.427487,-0.112965
ls1_0776,LS1,vocal,0.258065,15,0.0322581,-0.676534,0.479766,-0.196768,0.268079,0.550921,0.819001
ls1_0777,LS1,vocal,0.125,15,0.03125,-1.613654,0.444959,-1.168695,-0.665775,0.517170,-0.148605
ls1_0778,LS1,vocal,0.122449,15,0.0408163,-1.631620,0.775264,-0.856356,-0.683678,0.837464,0.153786
ls1_0779,LS1,vocal,0.473684,12,0.0263158,1.638610,0.274592,1.913202,2.487366,0.351965,2.839331
ls1_0780,LS1,vocal,0.204545,13,0.0227273,-0.522367,0.150688,-0.371679,0.363183,0.231817,0.595000
ls1_0781,LS1,vocal,0.151515,13,0.030303,-0.895838,0.412262,-0.483575,-0.008987,0.485464,0.476477
ls1_0782,LS1,vocal,0.258065,13,0.0322581,-0.145453,0.479766,0.334312,0.738783,0.550921,1.289704
ls1_0783,LS1,vocal,0.153846,8,0.0512821,0.448280,1.136622,1.584902,1.184131,1.187871,2.372001
ls1_0784,LS1,vocal,0.244444,12,0,0.024166,-0.634035,-0.609869,0.878548,-0.529124,0.349424
ls1_0785,LS1,vocal,0.363636,12,0,0.863587,-0.634035,0.229552,1.715044,-0.529124,1.185920
ls1_0786,LS1,vocal,0.253968,12,0.047619,0.091239,1.010147,1.101386,0.945387,1.065228,2.010615
ls1_0787,LS1,vocal,0.352941,12,0,0.788265,-0.634035,0.154230,1.639984,-0.529124,1.110860
ls1_0788,LS1,vocal,0.347826,12,0,0.752242,-0.634035,0.118206,1.604086,-0.529124,1.074962
ls1_0789,LS1,vocal,0.266667,12,0.0333333,0.180668,0.516892,0.697561,1.034505,0.586923,1.621427
ls1_0790,LS1,vocal,0.391304,12,0,1.058442,-0.634035,0.424406,1.909219,-0.529124,1.380095
ls1_0791,LS1,vocal,0.333333,13,0.0333333,0.384635,0.516892,0.901527,1.267024,0.586923,1.853946
ls1_0792,LS1,vocal,0.137931,12,0,-0.725965,-0.634035,-1.360001,0.131031,-0.529124,-0.398093
ls1_0793,LS1,vocal,0.485714,15,0.0285714,0.926713,0.352474,1.279187,1.865739,0.427487,2.293226
ls1_0794,LS1,vocal,0.440678,9,0,2.202781,-0.634035,1.568746,2.961781,-0.529124,2.432657
ls1_0795,LS1,vocal,0.246914,13,0.0617284,-0.223985,1.497312,1.273327,0.660525,1.537629,2.198154
ls1_0796,LS1,vocal,0.222222,17,0.037037,-1.460037,0.644773,-0.815264,-0.454167,0.710928,0.256761
ls1_0797,LS1,vocal,0.037037,17,0.037037,-2.764222,0.644773,-2.119449,-1.753807,0.710928,-1.042880
ls1_0798,LS1,vocal,0.333333,12,0,0.650175,-0.634035,0.016140,1.502375,-0.529124,0.973251
ls1_0799,LS1,vocal,0.295082,12,0.0491803,0.380786,1.064055,1.444841,1.233925,1.117502,2.351427
ls1_0800,LS1,vocal,0.244898,12,0,0.027360,-0.634035,-0.606675,0.881731,-0.529124,0.352607
ls1_0801,LS1,vocal,0.204082,12,0,-0.260093,-0.634035,-0.894128,0.595279,-0.529124,0.066155
ls1_0802,LS1,vocal,0.326531,12,0,0.602266,-0.634035,-0.031769,1.454633,-0.529124,0.925509
ls1_0803,LS1,vocal,0.479452,15,0,0.882610,-0.634035,0.248575,1.821790,-0.529124,1.292666
ls1_0804,LS1,vocal,0.5,16,0.0192308,0.761781,0.029961,0.791742,1.730645,0.114749,1.845394
ls1_0805,LS1,vocal,0.147541,15,0.0491803,-1.454907,1.064055,-0.390852,-0.507581,1.117502,0.609921
ls1_0806,LS1,vocal,0.457143,12,0.0857143,1.522116,2.325493,3.847609,2.371278,2.340710,4.711988
ls1_0807,LS1,vocal,0.121951,14,0.0243902,-1.369585,0.208107,-1.161478,-0.451820,0.287495,-0.164324
ls1_0808,LS1,vocal,0.222222,14,0,-0.663416,-0.634035,-1.297452,0.251888,-0.529124,-0.277236
ls1_0809,LS1,vocal,0.371429,10,0.114286,1.449545,3.312002,4.761547,2.240433,3.297322,5.537755
ls1_0810,LS1,vocal,0.568966,10,0.0172414,2.840719,-0.038728,2.801991,3.626759,0.048141,3.674900
ls1_0811,LS1,vocal,0.325581,14,0.0232558,0.064501,0.168937,0.233438,0.977268,0.249513,1.226782
ls1_0812,LS1,vocal,0.195122,14,0.0487805,-0.854273,1.050249,0.195976,0.061697,1.104115,1.165812
ls1_0813,LS1,vocal,0.272727,14,0,-0.307729,-0.634035,-0.941765,0.606335,-0.529124,0.077211
ls1_0814,LS1,vocal,0.0217391,14,0.0434783,-2.075339,0.867175,-1.208164,-1.155114,0.926589,-0.228525
ls1_0815,LS1,vocal,0.357143,14,0,0.286776,-0.634035,-0.347260,1.198769,-0.529124,0.669645
ls1_0816,LS1,vocal,0.191489,17,0.12766,-1.676476,3.773773,2.097296,-0.669852,3.745097,3.075245
ls1_0817,LS1,vocal,0.208955,12,0.0447761,-0.225770,0.911987,0.686217,0.629483,0.970043,1.599526
ls1_0818,LS1,vocal,0.145833,10,0,-0.139232,-0.634035,-0.773267,0.657193,-0.529124,0.128069
ls1_0819,LS1,vocal,0.214286,13,0,-0.453770,-0.634035,-1.087805,0.431541,-0.529124,-0.097583
ls1_0820,LS1,vocal,0.353846,12,0.0153846,0.794639,-0.102838,0.691801,1.646335,-0.014026,1.632310
ls1_0821,LS1,vocal,0.297297,12,0,0.396388,-0.634035,-0.237648,1.249472,-0.529124,0.720348
ls1_0822,LS1,vocal,0.146341,12,0,-0.666734,-0.634035,-1.300769,0.190056,-0.529124,-0.339068
ls1_0823,LS1,vocal,0.230769,12,0,-0.072143,-0.634035,-0.706178,0.782575,-0.529124,0.253450
ls1_0824,LS1,vocal,0.292683,12,0.0243902,0.363891,0.208107,0.571997,1.217088,0.287495,1.504584
ls1_0825,LS1,vocal,0.4,16,0,0.057521,-0.634035,-0.576514,1.028839,-0.529124,0.499715
ls1_0826,LS1,vocal,0.0857143,16,0,-2.155868,-0.634035,-2.789903,-1.176836,-0.529124,-1.705960
ls1_0827,LS1,vocal,0.352941,16,0,-0.273895,-0.634035,-0.907931,0.698578,-0.529124,0.169454
ls1_0828,LS1,vocal,0.378378,16,0,-0.094751,-0.634035,-0.728787,0.877097,-0.529124,0.347973
ls1_0829,LS1,vocal,0.315789,16,0.0263158,-0.535540,0.274592,-0.260948,0.437845,0.351965,0.789810
ls1_0830,LS1,vocal,0.382353,16,0.0294118,-0.066760,0.381489,0.314729,0.904991,0.455623,1.360614
ls1_0831,LS1,vocal,0.526316,10,0,2.540354,-0.634035,1.906318,3.327441,-0.529124,2.798316
ls1_0832,LS1,vocal,0.371429,15,0,0.121844,-0.634035,-0.512191,1.063675,-0.529124,0.534551
ls1_0833,LS1,vocal,0.190476,15,0,-1.152531,-0.634035,-1.786567,-0.206259,-0.529124,-0.735383
ls1_0834,LS1,vocal,0.121212,12,0,-0.843710,-0.634035,-1.477745,0.013696,-0.529124,-0.515428
ls1_0835,LS1,vocal,0.140351,13,0.0175439,-0.974463,-0.028284,-1.002747,-0.087338,0.058269,-0.029069
ls1_0836,LS1,vocal,0.114286,13,0,-1.158030,-0.634035,-1.792065,-0.270265,-0.529124,-0.799389
ls1_0837,LS1,vocal,0.2,13,0.0181818,-0.554378,-0.006257,-0.560635,0.331283,0.079629,0.410911
ls1_0838,LS1,vocal,0.45,10,0.0166667,2.002892,-0.058572,1.944321,2.791852,0.028899,2.820751
ls1_0839,LS1,vocal,0.394737,12,0.0789474,1.082616,2.091846,3.174461,1.933309,2.114144,4.047453
ls1_0840,LS1,vocal,0.405405,14,0.027027,0.626670,0.299149,0.925819,1.537478,0.375779,1.913257
ls1_0841,LS1,vocal,0.435897,12,0,1.372493,-0.634035,0.738458,2.222176,-0.529124,1.693052
ls1_0842,LS1,vocal,0.423729,10,0,1.817875,-0.634035,1.183839,2.607479,-0.529124,2.078355
ls1_0843,LS1,vocal,0.46,10,0,2.073318,-0.634035,1.439283,2.862033,-0.529124,2.332908
ls1_0844,LS1,vocal,0.489362,12,0,1.749021,-0.634035,1.114985,2.597391,-0.529124,2.068267
ls1_0845,LS1,vocal,0.5,12,0.0138889,1.823942,-0.154482,1.669460,2.672052,-0.064105,2.607947
ls1_0846,LS1,vocal,0.296296,12,0,0.389338,-0.634035,-0.244697,1.242447,-0.529124,0.713323
ls1_0847,LS1,vocal,0.0952381,14,0,-1.557715,-0.634035,-2.191750,-0.639294,-0.529124,-1.168418
ls1_0848,LS1,vocal,0.366667,13,0.0666667,0.619388,1.667820,2.287208,1.500959,1.702969,3.203928
ls1_0849,LS1,vocal,0.5,9,0,2.620562,-0.634035,1.986527,3.378106,-0.529124,2.848982
ls1_0850,LS1,vocal,0.384615,10,0.025641,1.542415,0.251294,1.793708,2.332979,0.329373,2.662352
ls1_0851,LS1,vocal,0.0689655,12,0,-1.211662,-0.634035,-1.845697,-0.352973,-0.529124,-0.882097
ls1_0852,LS1,vocal,0.181818,14,0.0909091,-0.947966,2.504858,1.556892,-0.031670,2.514640,2.482969
ls1_0853,LS1,vocal,0.566667,12,0.0333333,2.293449,0.516892,2.810341,3.139922,0.586923,3.726845
ls1_0854,LS1,vocal,0.352941,17,0.147059,-0.539436,4.443587,3.904151,0.463226,4.394611,4.857837
ls1_0855,LS1,vocal,0,10,0.03125,-1.166278,0.444959,-0.721319,-0.366274,0.517170,0.150896
ls1_0856,LS1,vocal,0.121212,10,0.030303,-0.312629,0.412262,0.099633,0.484400,0.485464,0.969864
ls1_0857,LS1,vocal,0.172414,14,0.103448,-1.014197,2.937809,1.923612,-0.097671,2.934469,2.836798
ls1_0858,LS1,vocal,0.4,12,0.0285714,1.119682,0.352474,1.472156,1.970246,0.427487,2.397733
ls1_0859,LS1,vocal,0.310345,17,0,-0.839425,-0.634035,-1.473460,0.164282,-0.529124,-0.364842
ls1_0860,LS1,vocal,0.465116,10,0.0232558,2.109350,0.168937,2.278288,2.897939,0.249513,3.147452
ls1_0861,LS1,vocal,0.344828,12,0,0.731125,-0.634035,0.097089,1.583043,-0.529124,1.053919
ls1_0862,LS1,vocal,0.320755,12,0,0.561589,-0.634035,-0.072446,1.414098,-0.529124,0.884974
ls1_0863,LS1,vocal,0.25,12,0.0277778,0.063292,0.325071,0.388363,0.917537,0.400915,1.318452
ls1_0864,LS1,vocal,0.117647,17,0,-2.196518,-0.634035,-2.830553,-1.188082,-0.529124,-1.717206
ls1_0865,LS1,vocal,0.477273,14,0.0454545,1.132802,0.935411,2.068214,2.041847,0.992758,3.034605
ls1_0866,LS1,vocal,0.355263,12,0.0526316,0.804618,1.183219,1.987837,1.656280,1.233055,2.889335
ls1_0867,LS1,vocal,0.375,12,0.05,0.943617,1.092356,2.035973,1.794794,1.144946,2.939740
ls1_0868,LS1,vocal,0.313725,12,0.0196078,0.512085,0.042981,0.555066,1.364766,0.127374,1.492140
ls1_0869,LS1,vocal,0.411765,13,0.0294118,0.936996,0.381489,1.318485,1.817460,0.455623,2.273083
ls1_0870,LS1,vocal,0.272727,12,0.0545455,0.223351,1.249301,1.472652,1.077038,1.297134,2.374173
ls1_0871,LS1,vocal,0.220339,14,0.0169492,-0.676679,-0.048818,-0.725497,0.238671,0.038357,0.277028
ls1_0872,LS1,vocal,0.35,15,0.05,-0.029069,1.092356,1.063287,0.913288,1.144946,2.058234
ls1_0873,LS1,vocal,0.294118,14,0,-0.157086,-0.634035,-0.791121,0.756454,-0.529124,0.227330
ls1_0874,LS1,vocal,0.44,11,0.02,1.666926,0.056521,1.723447,2.486320,0.140504,2.626824
ls1_0875,LS1,vocal,0.166667,12,0,-0.523592,-0.634035,-1.157627,0.332699,-0.529124,-0.196425
ls1_0876,LS1,vocal,0.470588,12,0.0196078,1.616807,0.042981,1.659787,2.465638,0.127374,2.593012
ls1_0877,LS1,vocal,0.425,12,0.075,1.295747,1.955552,3.251299,2.145697,1.981981,4.127678
ls1_0878,LS1,vocal,0.16129,14,0.0322581,-1.092535,0.479766,-0.612770,-0.175736,0.550921,0.375185
ls1_0879,LS1,vocal,0.15625,14,0.03125,-1.128032,0.444959,-0.683073,-0.211109,0.517170,0.306061
ls1_0880,LS1,vocal,0.275862,14,0.0344828,-0.285652,0.556579,0.270927,0.628335,0.625407,1.253742
ls1_0881,LS1,vocal,0.1,14,0,-1.524179,-0.634035,-2.158214,-0.605875,-0.529124,-1.134999
ls2_0882,LS2,vocal,0.121212,14,0.030303,-1.374790,0.412262,-0.962528,-0.457007,0.485464,0.028457
ls2_0883,LS2,vocal,0.272727,14,0,-0.307729,-0.634035,-0.941765,0.606335,-0.529124,0.077211
ls2_0884,LS2,vocal,0.301587,17,0,-0.901100,-0.634035,-1.535136,0.102822,-0.529124,-0.426302
ls2_0885,LS2,vocal,0.324675,15,0.012987,-0.207420,-0.185622,-0.393042,0.735558,-0.094301,0.641257
ls2_0886,LS2,vocal,0.344828,10,0,1.262205,-0.634035,0.628170,2.053746,-0.529124,1.524622
ls2_0887,LS2,vocal,0.285714,10,0,0.845894,-0.634035,0.211858,1.638885,-0.529124,1.109761
ls2_0888,LS2,vocal,0.425,10,0,1.826827,-0.634035,1.192792,2.616401,-0.529124,2.087276
ls2_0889,LS2,vocal,0.390244,10,0.0487805,1.582054,1.050249,2.632303,2.372480,1.104115,3.476595
ls2_0890,LS2,vocal,0.285714,10,0.0357143,0.845894,0.599101,1.444995,1.638885,0.666640,2.305526
ls2_0891,LS2,vocal,0.4,10,0.0333333,1.650762,0.516892,2.167654,2.440949,0.586923,3.027872
ls2_0892,LS2,vocal,0.265306,10,0.0408163,0.702167,0.775264,1.477431,1.495660,0.837464,2.333123
ls2_0893,LS2,vocal,0.350877,10,0.0350877,1.304810,0.577467,1.882277,2.096202,0.645662,2.741864
ls2_0894,LS2,vocal,0.206897,13,0,-0.505809,-0.634035,-1.139844,0.379683,-0.529124,-0.149441
ls2_0895,LS2,vocal,0.176471,13,0,-0.720087,-0.634035,-1.354122,0.166152,-0.529124,-0.362972
ls2_0896,LS2,vocal,0.145833,13,0.0416667,-0.935853,0.804624,-0.131228,-0.048862,0.865934,0.817072
ls2_0897,LS2,vocal,0.516129,9,0.0322581,2.734153,0.479766,3.213918,3.491301,0.550921,4.042222
ls2_0898,LS2,vocal,0.5,9,0,2.620562,-0.634035,1.986527,3.378106,-0.529124,2.848982
ls2_0899,LS2,vocal,0.322581,14,0.0322581,0.043368,0.479766,0.523133,0.956209,0.550921,1.507130
ls2_0900,LS2,vocal,0.297297,14,0.027027,-0.134693,0.299149,0.164457,0.778769,0.375779,1.154548
ls2_0901,LS2,vocal,0.0714286,13,0.047619,-1.459856,1.010147,-0.449709,-0.571039,1.065228,0.494189
ls2_0902,LS2,vocal,0.162162,13,0.108108,-0.820855,3.098703,2.277848,0.065735,3.090487,3.156221
ls2_0903,LS2,vocal,0.12,13,0.08,-1.117786,2.128191,1.010405,-0.230162,2.149388,1.919226
ls2_0904,LS2,vocal,0.181818,14,0.0909091,-0.947966,2.504858,1.556892,-0.031670,2.514640,2.482969
ls2_0905,LS2,vocal,0.233333,12,0,-0.054085,-0.634035,-0.688120,0.800570,-0.529124,0.271445
ls2_0906,LS2,vocal,0.285714,17,0,-1.012888,-0.634035,-1.646923,-0.008576,-0.529124,-0.537700
ls2_0907,LS2,vocal,0.243243,17,0.027027,-1.311994,0.299149,-1.012845,-0.306640,0.375779,0.069138
ls2_0908,LS2,vocal,0.179104,17,0,-1.763698,-0.634035,-2.397733,-0.756770,-0.529124,-1.285894
ls2_0909,LS2,vocal,0.205128,17,0.025641,-1.580423,0.251294,-1.329130,-0.574134,0.329373,-0.244761
ls2_0910,LS2,vocal,0.243243,17,0,-1.311994,-0.634035,-1.946030,-0.306640,-0.529124,-0.835764
ls2_0911,LS2,vocal,0.333333,17,0.0277778,-0.677526,0.325071,-0.352455,0.325617,0.400915,0.726532
ls2_0912,LS2,vocal,0.454545,17,0,0.176123,-0.634035,-0.457913,1.176291,-0.529124,0.647167
ls2_0913,LS2,vocal,0.325,17,0.025,-0.736214,0.229160,-0.507054,0.267133,0.307911,0.575044
ls2_0914,LS2,vocal,0.307692,17,0,-0.858105,-0.634035,-1.492141,0.145667,-0.529124,-0.383457
ls2_0915,LS2,vocal,0.473684,17,0,0.310909,-0.634035,-0.323126,1.310608,-0.529124,0.781484
ls2_0916,LS2,vocal,0.16129,17,0.0967742,-1.889156,2.707367,0.818211,-0.881791,2.711011,1.829221
ls2_0917,LS2,vocal,0.258065,17,0.0322581,-1.207614,0.479766,-0.727848,-0.202624,0.550921,0.348297
ls2_0918,LS2,vocal,0.25,17,0,-1.264409,-0.634035,-1.898445,-0.259221,-0.529124,-0.788345
ls2_0919,LS2,vocal,0.103448,12,0,-0.968813,-0.634035,-1.602849,-0.110971,-0.529124,-0.640095
ls2_0920,LS2,vocal,0.58,10,0.04,2.918430,0.747078,3.665508,3.704199,0.810132,4.514331
ls2_0921,LS2,vocal,0.290323,13,0,0.081727,-0.634035,-0.552308,0.965172,-0.529124,0.436048
ls2_0922,LS2,vocal,0.315789,13,0,0.261081,-0.634035,-0.372955,1.143900,-0.529124,0.614776
ls2_0923,LS2,vocal,0.259259,13,0,-0.137039,-0.634035,-0.771075,0.747168,-0.529124,0.218043
ls2_0924,LS2,vocal,0.263158,13,0,-0.109583,-0.634035,-0.743618,0.774528,-0.529124,0.245404
ls2_0925,LS2,vocal,0.156863,12,0,-0.592637,-0.634035,-1.226672,0.263895,-0.529124,-0.265229
ls2_0926,LS2,vocal,0.125,14,0.03125,-1.348114,0.444959,-0.903154,-0.430423,0.517170,0.086746
ls2_0927,LS2,vocal,0.171429,14,0.0857143,-1.021136,2.325493,1.304357,-0.104585,2.340710,2.236125
ls2_0928,LS2,vocal,0.166667,16,0,-1.585752,-0.634035,-2.219788,-0.608708,-0.529124,-1.137832
ls2_0929,LS2,vocal,0.292683,12,0,0.363891,-0.634035,-0.270145,1.217088,-0.529124,0.687964
ls2_0930,LS2,vocal,0.371429,14,0,0.387384,-0.634035,-0.246651,1.299027,-0.529124,0.769903
ls2_0931,LS2,vocal,0.325,14,0.075,0.060406,1.955552,2.015958,0.973188,1.981981,2.955169
ls2_0932,LS2,vocal,0.22093,14,0.0116279,-0.672515,-0.232549,-0.905064,0.242821,-0.139805,0.103015
ls2_0933,LS2,vocal,0.196078,14,0.0196078,-0.847537,0.042981,-0.804556,0.068409,0.127374,0.195783
ls2_0934,LS2,vocal,0.344828,17,0,-0.596576,-0.634035,-1.230612,0.406284,-0.529124,-0.122840
ls2_0935,LS2,vocal,0.349206,14,0.047619,0.230882,1.010147,1.241029,1.143070,1.065228,2.208298
ls2_0936,LS2,vocal,0.0645161,17,0,-2.570698,-0.634035,-3.204733,-1.560958,-0.529124,-2.090082
ls2_0937,LS2,vocal,0.117647,17,0.0294118,-2.196518,0.381489,-1.815029,-1.188082,0.455623,-0.732459
ls2_0938,LS2,vocal,0.2,17,0,-1.616539,-0.634035,-2.250575,-0.610124,-0.529124,-1.139248
ls2_0939,LS2,vocal,0.101695,16,0.0338983,-2.043322,0.536399,-1.506923,-1.064683,0.605839,-0.458844
ls2_0940,LS2,vocal,0.162162,15,0,-1.351936,-0.634035,-1.985971,-0.404969,-0.529124,-0.934093
ls2_0941,LS2,vocal,0.16129,16,0,-1.623616,-0.634035,-2.257651,-0.646439,-0.529124,-1.175563
ls2_0942,LS2,vocal,0.129032,16,0,-1.850796,-0.634035,-2.484832,-0.872828,-0.529124,-1.401952
ls2_0943,LS2,vocal,0.457143,17,0.0285714,0.194415,0.352474,0.546889,1.194519,0.427487,1.622007
ls2_0944,LS2,vocal,0.266667,12,0.0333333,0.180668,0.516892,0.697561,1.034505,0.586923,1.621427
ls2_0945,LS2,vocal,0.285714,13,0.0178571,0.049273,-0.017467,0.031806,0.932830,0.068758,1.001589
ls2_0946,LS2,vocal,0.454545,10,0,2.034904,-0.634035,1.400869,2.823752,-0.529124,2.294628
ls2_0947,LS2,vocal,0.030303,12,0.030303,-1.483946,0.412262,-1.071684,-0.624309,0.485464,-0.138845
ls2_0948,LS2,vocal,0.351852,12,0.0555556,0.780594,1.284177,2.064771,1.632339,1.330954,2.963293
ls2_0949,LS2,vocal,0.351852,12,0.0555556,0.780594,1.284177,2.064771,1.632339,1.330954,2.963293
ls2_0950,LS2,vocal,0.333333,12,0,0.650175,-0.634035,0.016140,1.502375,-0.529124,0.973251
ls2_0951,LS2,vocal,0.285714,13,0,0.049273,-0.634035,-0.584762,0.932830,-0.529124,0.403706
ls2_0952,LS2,vocal,0.206897,13,0,-0.505809,-0.634035,-1.139844,0.379683,-0.529124,-0.149441
ls2_0953,LS2,vocal,0.4,14,0,0.588601,-0.634035,-0.045434,1.499543,-0.529124,0.970418
ls2_0954,LS2,vocal,0.285714,7,0,1.642514,-0.634035,1.008479,2.344940,-0.529124,1.815816
ls2_0955,LS2,vocal,0.65625,12,0.0625,2.924348,1.523954,4.448302,3.768623,1.563463,5.332086
ls2_0956,LS2,vocal,0.28169,15,0,-0.510148,-0.634035,-1.144183,0.433885,-0.529124,-0.095239
ls2_0957,LS2,vocal,0.233333,15,0,-0.850705,-0.634035,-1.484741,0.094515,-0.529124,-0.434609
ls2_0958,LS2,vocal,0.34375,13,0,0.457995,-0.634035,-0.176040,1.340128,-0.529124,0.811004
ls2_0959,LS2,vocal,0.4375,12,0,1.383779,-0.634035,0.749744,2.233423,-0.529124,1.704299
ls2_0960,LS2,vocal,0.357143,12,0,0.817856,-0.634035,0.183821,1.669472,-0.529124,1.140348
ls2_0961,LS2,vocal,0.301887,12,0.0377358,0.428710,0.668902,1.097611,1.281682,0.734325,2.016007
ls2_0962,LS2,vocal,0.222222,14,0.037037,-0.663416,0.644773,-0.018643,0.251888,0.710928,0.962816
ls2_0963,LS2,vocal,0.129032,14,0.0322581,-1.319716,0.479766,-0.839950,-0.402125,0.550921,0.148796
ls2_0964,LS2,vocal,0.192308,10,0.0769231,0.188068,2.021951,2.210020,0.983353,2.046368,3.029721
ls2_0965,LS2,vocal,0.333333,10,0.030303,1.181256,0.412262,1.593518,1.973079,0.485464,2.458542
ls2_0966,LS2,vocal,0.28125,10,0.03125,0.814453,0.444959,1.259413,1.607555,0.517170,2.124724
ls2_0967,LS2,vocal,0.5,9,0.0333333,2.620562,0.516892,3.137455,3.378106,0.586923,3.965029
ls2_0968,LS2,vocal,0.275862,9,0.0344828,1.042049,0.556579,1.598628,1.805094,0.625407,2.430501
ls2_0969,LS2,vocal,0.454545,12,0.0227273,1.503824,0.150688,1.654512,2.353049,0.231817,2.584866
ls2_0970,LS2,vocal,0.464286,14,0,1.041340,-0.634035,0.407305,1.950703,-0.529124,1.421579
ls2_0971,LS2,vocal,0.0806452,17,0.112903,-2.457108,3.264268,0.807160,-1.447763,3.251034,1.803271
ls2_0972,LS2,vocal,0.172414,12,0,-0.483117,-0.634035,-1.117152,0.373033,-0.529124,-0.156091
ls2_0973,LS2,vocal,0.272727,12,0.0227273,0.223351,0.150688,0.374039,1.077038,0.231817,1.308855
ls2_0974,LS2,vocal,0.390625,12,0,1.053657,-0.634035,0.419622,1.904452,-0.529124,1.375327
ls2_0975,LS2,vocal,0.16129,15,0,-1.358076,-0.634035,-1.992111,-0.411087,-0.529124,-0.940211
ls2_0976,LS2,vocal,0.133333,13,0.0666667,-1.023885,1.667820,0.643935,-0.136588,1.702969,1.566381
ls2_0977,LS2,vocal,0.178571,10,0.0357143,0.091329,0.599101,0.690431,0.886951,0.666640,1.553591
ls2_0978,LS2,vocal,0.371429,8,0.0285714,1.980625,0.352474,2.333099,2.711136,0.427487,3.138624
ls2_0979,LS2,vocal,0.193548,9,0,0.462346,-0.634035,-0.171689,1.227411,-0.529124,0.698287
ls2_0980,LS2,vocal,0.105263,13,0.0526316,-1.221572,1.183219,-0.038353,-0.333586,1.233055,0.899469
ls2_0981,LS2,vocal,0.222222,15,0.037037,-0.928957,0.644773,-0.284183,0.016536,0.710928,0.727464
ls2_0982,LS2,vocal,0.103448,13,0.0344828,-1.234354,0.556579,-0.677774,-0.346323,0.625407,0.279084
ls2_0983,LS2,vocal,0.142857,10,0.0714286,-0.160192,1.832238,1.672046,0.636306,1.862404,2.498710
ls2_0984,LS2,vocal,0.369565,12,0,0.905342,-0.634035,0.271306,1.756653,-0.529124,1.227529
ls2_0985,LS2,vocal,0.236842,12,0,-0.029374,-0.634035,-0.663409,0.825194,-0.529124,0.296070
ls2_0986,LS2,vocal,0.244898,14,0,-0.503720,-0.634035,-1.137756,0.411027,-0.529124,-0.118097
ls2_0987,LS2,vocal,0.321429,14,0,0.035254,-0.634035,-0.598781,0.948124,-0.529124,0.419000
ls2_0988,LS2,vocal,0.0344828,9,0,-0.657889,-0.634035,-1.291925,0.111080,-0.529124,-0.418044
ls2_0989,LS2,vocal,0.129032,12,0,-0.788636,-0.634035,-1.422671,0.068579,-0.529124,-0.460545
ls2_0990,LS2,vocal,0.319149,14,0.0212766,0.019200,0.100599,0.119799,0.932125,0.183246,1.115371
ls2_0991,LS2,vocal,0.261905,19,0.047619,-1.711649,1.010147,-0.701502,-0.646376,1.065228,0.418852
ls2_0992,LS2,vocal,0.433333,14,0.0333333,0.823355,0.516892,1.340247,1.733478,0.586923,2.320400
ls2_0993,LS2,vocal,0.0789474,15,0.0526316,-1.937984,1.183219,-0.754765,-0.988975,1.233055,0.244080
ls2_0994,LS2,vocal,0.393939,12,0.030303,1.076999,0.412262,1.489262,1.927712,0.485464,2.413176
ls2_0995,LS2,vocal,0.205128,12,0,-0.252722,-0.634035,-0.886758,0.602624,-0.529124,0.073500
ls2_0996,LS2,vocal,0.354839,12,0,0.801629,-0.634035,0.167594,1.653301,-0.529124,1.124177
ls2_0997,LS2,vocal,0,12,0.0526316,-1.697358,1.183219,-0.514139,-0.836977,1.233055,0.396078
ls2_0998,LS2,vocal,0.128205,12,0.025641,-0.794461,0.251294,-0.543167,0.062774,0.329373,0.392147
ls2_0999,LS2,vocal,0.223881,12,0.0447761,-0.120657,0.911987,0.791330,0.734230,0.970043,1.704273
ls2_1000,LS2,vocal,0.333333,12,0,0.650175,-0.634035,0.016140,1.502375,-0.529124,0.973251
ls2_1001,LS2,vocal,0.255814,14,0,-0.426843,-0.634035,-1.060879,0.487637,-0.529124,-0.041488
ls2_1002,LS2,vocal,0.30303,14,0.030303,-0.094317,0.412262,0.317945,0.819004,0.485464,1.304467
ls2_1003,LS2,vocal,0.363636,14,0.0545455,0.332507,1.249301,1.581808,1.244340,1.297134,2.541474
ls2_1004,LS2,vocal,0.333333,14,0.1,0.119095,2.818748,2.937842,1.031672,2.819016,3.850688
ls2_1005,LS2,vocal,0.355932,14,0.0508475,0.278250,1.121617,1.399867,1.190272,1.173320,2.363592
ls2_1006,LS2,vocal,0.225806,14,0,-0.638174,-0.634035,-1.272209,0.277042,-0.529124,-0.252082
ls2_1007,LS2,vocal,0.301587,10,0.047619,0.957681,1.010147,1.967828,1.750283,1.065228,2.815511
ls2_1008,LS2,vocal,0.354839,8,0.0483871,1.863790,1.036666,2.900456,2.594708,1.090944,3.685651
ls2_1009,LS2,vocal,0.311111,8,0.0666667,1.555834,1.667820,3.223654,2.287825,1.702969,3.990794
ls2_1010,LS2,vocal,0.365854,8,0.0731707,1.941364,1.892391,3.833755,2.672011,1.920734,4.592746
ls2_1011,LS2,vocal,0.315789,8,0,1.588782,-0.634035,0.954746,2.320658,-0.529124,1.791534
ls2_1012,LS2,vocal,0.242424,10,0.030303,0.541019,0.412262,0.953282,1.335073,0.485464,1.820537
ls2_1013,LS2,vocal,0.181818,13,0.0606061,-0.682426,1.458560,0.776135,0.203682,1.500052,1.703733
ls2_1014,LS2,vocal,0.477273,7,0.0227273,2.991584,0.150688,3.142272,3.689308,0.231817,3.921125
ls2_1015,LS2,vocal,0.305556,7,0.0555556,1.782248,1.284177,3.066426,2.484187,1.330954,3.815141
ls2_1016,LS2,vocal,0.285714,9,0,1.111434,-0.634035,0.477398,1.874237,-0.529124,1.345113
ls2_1017,LS2,vocal,0.304348,12,0,0.446042,-0.634035,-0.187994,1.298953,-0.529124,0.769829
ls2_1018,LS2,vocal,0.516129,12,0,1.937532,-0.634035,1.303497,2.785246,-0.529124,2.256122
ls2_1019,LS2,vocal,0.133333,12,0.0333333,-0.758345,0.516892,-0.241453,0.098764,0.586923,0.685686
ls2_1020,LS2,vocal,0.266667,12,0.0222222,0.180668,0.133250,0.313918,1.034505,0.214907,1.249412
ls2_1021,LS2,vocal,0.0789474,17,0.0789474,-2.469064,2.091846,-0.377219,-1.459678,2.114144,0.654466
ls2_1022,LS2,vocal,0.446809,8,0,2.511496,-0.634035,1.877461,3.240157,-0.529124,2.711033
ls2_1023,LS2,vocal,0.258065,14,0,-0.410993,-0.634035,-1.045029,0.503431,-0.529124,-0.025693
ls2_1024,LS2,vocal,0.166667,14,0,-1.054672,-0.634035,-1.688707,-0.138004,-0.529124,-0.667128
ls2_1025,LS2,vocal,0.363636,17,0.0606061,-0.464114,1.458560,0.994447,0.538285,1.500052,2.038337
ls2_1026,LS2,vocal,0.21875,13,0,-0.422330,-0.634035,-1.056365,0.462871,-0.529124,-0.066253
ls2_1027,LS2,vocal,0.361111,13,0,0.580263,-0.634035,-0.053773,1.461970,-0.529124,0.932846
ls2_1028,LS2,vocal,0.352941,9,0,1.584886,-0.634035,0.950851,2.346039,-0.529124,1.816915
ls2_1029,LS2,vocal,0.176471,14,0.0588235,-0.985627,1.397013,0.411387,-0.069200,1.440370,1.371170
ls2_1030,LS2,vocal,0.230769,14,0.0576923,-0.603223,1.357955,0.754732,0.311871,1.402495,1.714366
ls2_1031,LS2,vocal,0.5625,12,0,2.264104,-0.634035,1.630069,3.110680,-0.529124,2.581556
ls2_1032,LS2,vocal,0.189189,12,0,-0.364974,-0.634035,-0.999010,0.490763,-0.529124,-0.038361
ls2_1033,LS2,vocal,0.6,14,0.06,1.997121,1.437634,3.434756,2.903154,1.479760,4.382914
ls2_1034,LS2,vocal,0.37931,14,0.0344828,0.442892,0.556579,0.999472,1.354341,0.625407,1.979748
ls2_1035,LS2,vocal,0.363636,14,0.0606061,0.332507,1.458560,1.791067,1.244340,1.500052,2.744392
ls2_1036,LS2,vocal,0.220339,14,0,-0.676679,-0.634035,-1.310715,0.238671,-0.529124,-0.290453
ls2_1037,LS2,vocal,0.172414,13,0.0344828,-0.748657,0.556579,-0.192078,0.137681,0.625407,0.763088
ls2_1038,LS2,vocal,0.37931,14,0,0.442892,-0.634035,-0.191143,1.354341,-0.529124,0.825217
ls2_1039,LS2,vocal,0.0461538,17,0.0153846,-2.700016,-0.102838,-2.802854,-1.689825,-0.014026,-1.703851
ls2_1040,LS2,vocal,0.361702,17,0,-0.477736,-0.634035,-1.111771,0.524711,-0.529124,-0.004413
ls2_1041,LS2,vocal,0.117647,15,0,-1.665438,-0.634035,-2.299473,-0.717378,-0.529124,-1.246502
ls2_1042,LS2,vocal,0.315789,12,0.0263158,0.526621,0.274592,0.801212,1.379251,0.351965,1.731217
ls2_1043,LS2,vocal,0.216667,16,0.0333333,-1.233622,0.516892,-0.716730,-0.257805,0.586923,0.329118
ls2_1044,LS2,vocal,0.108108,16,0.027027,-1.998157,0.299149,-1.699008,-1.019675,0.375779,-0.643896
ls2_1045,LS2,vocal,0.403509,12,0,1.144393,-0.634035,0.510357,1.994871,-0.529124,1.465746
ls2_1046,LS2,vocal,0.394737,10,0,1.613696,-0.634035,0.979660,2.404012,-0.529124,1.874888
ls2_1047,LS2,vocal,0.266667,10,0,0.711749,-0.634035,0.077713,1.505208,-0.529124,0.976084
ls2_1048,LS2,vocal,0.388889,12,0,1.041431,-0.634035,0.407395,1.892267,-0.529124,1.363143
ls2_1049,LS2,vocal,0.354839,12,0,0.801629,-0.634035,0.167594,1.653301,-0.529124,1.124177
ls2_1050,LS2,vocal,0.428571,6,0,2.914140,-0.634035,2.280105,3.582872,-0.529124,3.053748
ls2_1051,LS2,vocal,0.185185,12,0,-0.393173,-0.634035,-1.027208,0.462663,-0.529124,-0.066461
ls2_1052,LS2,vocal,0.258065,12,0.0322581,0.120087,0.479766,0.599853,0.974134,0.550921,1.525055
ls2_1053,LS2,vocal,0.377778,14,0.0444444,0.432099,0.900535,1.332634,1.343586,0.958938,2.302524
ls2_1054,LS2,vocal,0.2,12,0.0333333,-0.288838,0.516892,0.228054,0.566634,0.586923,1.153557
ls2_1055,LS2,vocal,0.21875,15,0.03125,-0.953410,0.444959,-0.508451,-0.007832,0.517170,0.509338
ls2_1056,LS2,vocal,0.0625,14,0.09375,-1.788276,2.602949,0.814672,-0.869052,2.609757,1.740705
ls2_1057,LS2,vocal,0.137931,17,0.0344828,-2.053666,0.556579,-1.497087,-1.045727,0.625407,-0.420321
ls2_1058,LS2,vocal,0.133333,13,0.0333333,-1.023885,0.516892,-0.506993,-0.136588,0.586923,0.450335
ls2_1059,LS2,vocal,0.121212,13,0.030303,-1.109250,0.412262,-0.696987,-0.221655,0.485464,0.263809
ls2_1060,LS2,vocal,0.137931,13,0.0344828,-0.991505,0.556579,-0.434926,-0.104321,0.625407,0.521086
ls2_1061,LS2,vocal,0.0952381,15,0.047619,-1.823255,1.010147,-0.813108,-0.874646,1.065228,0.190583
ls2_1062,LS2,vocal,0.0625,13,0.0416667,-1.522736,0.804624,-0.718112,-0.633700,0.865934,0.232234
ls2_1063,LS2,vocal,0.258065,13,0.0322581,-0.145453,0.479766,0.334312,0.738783,0.550921,1.289704
ls2_1064,LS2,vocal,0.211538,13,0.0384615,-0.473118,0.693958,0.220840,0.412260,0.758622,1.170882
ls2_1065,LS2,vocal,0.204545,14,0.0454545,-0.787907,0.935411,0.147505,0.127831,0.992758,1.120589
ls2_1066,LS2,vocal,0.424242,17,0,-0.037289,-0.634035,-0.671325,0.963622,-0.529124,0.434498
ls2_1067,LS2,vocal,0.533333,11,0,2.324235,-0.634035,1.690200,3.141338,-0.529124,2.612214
ls2_1068,LS2,vocal,0.209302,10,0.0232558,0.307755,0.168937,0.476692,1.102622,0.249513,1.352135
ls2_1069,LS2,vocal,0.147059,10,0.0294118,-0.130601,0.381489,0.250888,0.665793,0.455623,1.121416
ls2_1070,LS2,vocal,0.609756,12,0.0243902,2.596910,0.208107,2.805017,3.442326,0.287495,3.729822
ls2_1071,LS2,vocal,0.454545,12,0.0909091,1.503824,2.504858,4.008682,2.353049,2.514640,4.867688
ls2_1072,LS2,vocal,0.382353,12,0,0.995401,-0.634035,0.361365,1.846398,-0.529124,1.317274
ls2_1073,LS2,vocal,0.16129,12,0.0322581,-0.561455,0.479766,-0.081689,0.294968,0.550921,0.845889
ls2_1074,LS2,vocal,0.193548,12,0.0322581,-0.334274,0.479766,0.145491,0.521357,0.550921,1.072278
ls2_1075,LS2,vocal,0.193548,12,0.0322581,-0.334274,0.479766,0.145491,0.521357,0.550921,1.072278
ls2_1076,LS2,vocal,0.371429,14,0.0571429,0.387384,1.338983,1.726368,1.299027,1.384099,2.683125
ls2_1077,LS2,vocal,0.375,14,0,0.412536,-0.634035,-0.221499,1.324091,-0.529124,0.794967
ls2_1078,LS2,vocal,0.456522,12,0.0217391,1.517742,0.116570,1.634311,2.366919,0.198732,2.565651
ls2_1079,LS2,vocal,0.210526,13,0.0263158,-0.480246,0.274592,-0.205654,0.405157,0.351965,0.757122
ls2_1080,LS2,vocal,0.410256,9,0.025641,1.988534,0.251294,2.239828,2.748281,0.329373,3.077654
ls2_1081,LS2,vocal,0.47619,9,0.0714286,2.452881,1.832238,4.285120,3.211010,1.862404,5.073414
ls2_1082,LS2,vocal,0.410714,12,0.0892857,1.195138,2.448807,3.643945,2.045439,2.460287,4.505726
ls2_1083,LS2,vocal,0.103448,12,0.0344828,-0.968813,0.556579,-0.412234,-0.110971,0.625407,0.514436
ls2_1084,LS2,vocal,0.410256,12,0,1.191914,-0.634035,0.557878,2.042226,-0.529124,1.513102
ls2_1085,LS2,vocal,0.03125,15,0.03125,-2.273898,0.444959,-1.828938,-1.323718,0.517170,-0.806548
ls2_1086,LS2,vocal,0.333333,14,0.0333333,0.119095,0.516892,0.635987,1.031672,0.586923,1.618595
ls2_1087,LS2,vocal,0.272727,14,0.030303,-0.307729,0.412262,0.104533,0.606335,0.485464,1.091799
ls2_1088,LS2,vocal,0.375,14,0.025,0.412536,0.229160,0.641697,1.324091,0.307911,1.632002
ls2_1089,LS2,vocal,0.365385,14,0.0384615,0.344819,0.693958,1.038777,1.256610,0.758622,2.015232
ls2_1090,LS2,vocal,0.25,14,0.03125,-0.467789,0.444959,-0.022829,0.446834,0.517170,0.964004
ls2_1091,LS2,vocal,0.0740741,14,0.037037,-1.706765,0.644773,-1.061991,-0.787824,0.710928,-0.076897
ls2_1092,LS2,vocal,0.2,17,0.0285714,-1.616539,0.352474,-1.264065,-0.610124,0.427487,-0.182637
ls2_1093,LS2,vocal,0.272727,17,0.030303,-1.104350,0.412262,-0.692088,-0.099720,0.485464,0.385744
ls2_1094,LS2,vocal,0.25,14,0.03125,-0.467789,0.444959,-0.022829,0.446834,0.517170,0.964004
ls2_1095,LS2,vocal,0.542857,13,0.0285714,1.860227,0.352474,2.212701,2.737474,0.427487,3.164961
ls2_1096,LS2,vocal,0.464286,13,0.0357143,1.306880,0.599101,1.905982,2.186055,0.666640,2.852695
ls2_1097,LS2,vocal,0.181818,17,0.136364,-1.744586,4.074305,2.329719,-0.737725,4.036521,3.298796
ls2_1098,LS2,vocal,0.481481,12,0.0740741,1.693523,1.923582,3.617105,2.542088,1.950980,4.493067
ls2_1099,LS2,vocal,0.181818,12,0.030303,-0.416885,0.412262,-0.004623,0.439033,0.485464,0.924497
ls2_1100,LS2,vocal,0.169492,17,0.0338983,-1.831398,0.536399,-1.294999,-0.824234,0.605839,-0.218396
ls2_1101,LS2,vocal,0.4375,12,0.03125,1.383779,0.444959,1.828739,2.233423,0.517170,2.750593
ls2_1102,LS2,vocal,0.225806,13,0.0322581,-0.372634,0.479766,0.107132,0.512394,0.550921,1.063315
ls2_1103,LS2,vocal,0.0704225,15,0.084507,-1.998021,2.283809,0.285788,-1.048803,2.300290,1.251487
ls2_1104,LS2,vocal,0.5,12,0,1.823942,-0.634035,1.189906,2.672052,-0.529124,2.142927
ls2_1105,LS2,vocal,0.225806,12,0.0322581,-0.107094,0.479766,0.372672,0.747745,0.550921,1.298667
ls2_1106,LS2,vocal,0.241379,12,0,0.002580,-0.634035,-0.631456,0.857037,-0.529124,0.327913
ls2_1107,LS2,vocal,0.531915,12,0.0638298,2.048706,1.569869,3.618574,2.896032,1.607987,4.504019
ls2_1108,LS2,vocal,0.531915,12,0.0638298,2.048706,1.569869,3.618574,2.896032,1.607987,4.504019
ls2_1109,LS2,vocal,0.54902,12,0,2.169167,-0.634035,1.535132,3.016074,-0.529124,2.486950
ls2_1110,LS2,vocal,0.58,12,0.06,2.387350,1.437634,3.824984,3.233496,1.479760,4.713256
ls2_1111,LS2,vocal,0.602564,12,0.025641,2.546260,0.251294,2.797553,3.391852,0.329373,3.721226
ls2_1112,LS2,vocal,0.372093,14,0.0465116,0.392064,0.971910,1.363974,1.303690,1.028150,2.331840
ls2_1113,LS2,vocal,0.466667,14,0.1,1.058108,2.818748,3.876856,1.967413,2.819016,4.786429
ls2_1114,LS2,vocal,0.542857,14,0.0285714,1.594687,0.352474,1.947161,2.502122,0.427487,2.929609
ls2_1115,LS2,vocal,0.486486,14,0,1.197691,-0.634035,0.563656,2.106510,-0.529124,1.577386
ls2_1116,LS2,vocal,0.25641,12,0.0512821,0.108437,1.136622,1.245059,0.962525,1.187871,2.150395
ls2_1117,LS2,vocal,0.133333,12,0,-0.758345,-0.634035,-1.392380,0.098764,-0.529124,-0.430360
ls2_1118,LS2,vocal,0.16129,12,0.0322581,-0.561455,0.479766,-0.081689,0.294968,0.550921,0.845889
ls2_1119,LS2,vocal,0.235294,15,0,-0.836896,-0.634035,-1.470932,0.108276,-0.529124,-0.420849
ls2_1120,LS2,vocal,0.235294,15,0,-0.836896,-0.634035,-1.470932,0.108276,-0.529124,-0.420849
ls2_1121,LS2,vocal,0.47619,15,0,0.859640,-0.634035,0.225605,1.798900,-0.529124,1.269776
ls2_1122,LS2,vocal,0.333333,15,0.0333333,-0.146445,0.516892,0.370447,0.796320,0.586923,1.383243
ls2_1123,LS2,vocal,0.5,13,0.0263158,1.558402,0.274592,1.832993,2.436700,0.351965,2.788665
ls2_1124,LS2,vocal,0.0769231,15,0.128205,-1.952240,3.792609,1.840369,-1.003182,3.763363,2.760181
ls2_1125,LS2,vocal,0.121951,15,0.0487805,-1.635125,1.050249,-0.584876,-0.687171,1.104115,0.416943
ls2_1126,LS2,vocal,0.4,15,0.0333333,0.323061,0.516892,0.839953,1.264191,0.586923,1.851113
ls2_1127,LS2,vocal,0.272727,15,0.0181818,-0.573270,-0.006257,-0.579526,0.370984,0.079629,0.450612
ls2_1128,LS2,vocal,0.345455,12,0,0.735540,-0.634035,0.101505,1.587443,-0.529124,1.058319
ls2_1129,LS2,vocal,0.15625,15,0,-1.393573,-0.634035,-2.027608,-0.446461,-0.529124,-0.975585
ls2_1130,LS2,vocal,0.222222,15,0.111111,-0.928957,3.202390,2.273434,0.016536,3.191031,3.207568
ls2_1131,LS2,vocal,0.235294,13,0,-0.305816,-0.634035,-0.939851,0.578979,-0.529124,0.049855
ls2_1132,LS2,vocal,0.230769,13,0.0769231,-0.337683,2.021951,1.684268,0.547223,2.046368,2.593591
ls2_1133,LS2,vocal,0.275,13,0,-0.026183,-0.634035,-0.660219,0.857637,-0.529124,0.328513
ls2_1134,LS2,vocal,0.4,13,0,0.854142,-0.634035,0.220106,1.734894,-0.529124,1.205770
ls2_1135,LS2,vocal,0.128205,15,0,-1.591081,-0.634035,-2.225117,-0.643281,-0.529124,-1.172405
ls2_1136,LS2,vocal,0.266667,14,0,-0.350412,-0.634035,-0.984447,0.563802,-0.529124,0.034677
ls2_1137,LS2,vocal,0.363636,12,0.0545455,0.863587,1.249301,2.112888,1.715044,1.297134,3.012178
ls2_1138,LS2,vocal,0.245283,15,0.0566038,-0.766549,1.320370,0.553821,0.178378,1.366049,1.544428
ls2_1139,LS2,vocal,0.266667,12,0,0.180668,-0.634035,-0.453367,1.034505,-0.529124,0.505381
ls2_1140,LS2,vocal,0.410256,12,0.0512821,1.191914,1.136622,2.328536,2.042226,1.187871,3.230097
ls2_1141,LS2,vocal,0.280702,10,0,0.810592,-0.634035,0.176557,1.603707,-0.529124,1.074583
ls2_1142,LS2,vocal,0.238806,10,0,0.515537,-0.634035,-0.118498,1.309680,-0.529124,0.780556
ls2_1143,LS2,vocal,0.170732,17,0.0731707,-1.822664,1.892391,0.069727,-0.815530,1.920734,1.105204
ls2_1144,LS2,vocal,0.333333,13,0.0222222,0.384635,0.133250,0.517885,1.267024,0.214907,1.481931
ls2_1145,LS2,vocal,0.275,13,0,-0.026183,-0.634035,-0.660219,0.857637,-0.529124,0.328513
ls2_1146,LS2,vocal,0.344828,12,0,0.731125,-0.634035,0.097089,1.583043,-0.529124,1.053919
ls2_1147,LS2,vocal,0.375,12,0,0.943617,-0.634035,0.309581,1.794794,-0.529124,1.265670
ls2_1148,LS2,vocal,0.166667,16,0.0333333,-1.585752,0.516892,-1.068860,-0.608708,0.586923,-0.021785
ls2_1149,LS2,vocal,0.25,10,0.0357143,0.594372,0.599101,1.193474,1.388240,0.666640,2.054881
ls2_1150,LS2,vocal,0.285714,10,0.0714286,0.845894,1.832238,2.678132,1.638885,1.862404,3.501290
ls2_1151,LS2,vocal,0.305556,13,0,0.189007,-0.634035,-0.445028,1.072078,-0.529124,0.542954
ls2_1152,LS2,vocal,0.266667,13,0.0133333,-0.084872,-0.173664,-0.258536,0.799153,-0.082705,0.716448
ls2_1153,LS2,vocal,0.382353,14,0,0.464320,-0.634035,-0.169715,1.375694,-0.529124,0.846570
ls2_1154,LS2,vocal,0.354839,12,0,0.801629,-0.634035,0.167594,1.653301,-0.529124,1.124177
ls2_1155,LS2,vocal,0.138889,17,0,-2.046920,-0.634035,-2.680956,-1.039005,-0.529124,-1.568129
ls2_1156,LS2,vocal,0.333333,12,0.04,0.650175,0.747078,1.397253,1.502375,0.810132,2.312507
ls2_1157,LS2,vocal,0.4,12,0.025,1.119682,0.229160,1.348842,1.970246,0.307911,2.278157
ls2_1158,LS2,vocal,0.535714,10,0.0178571,2.606544,-0.017467,2.589077,3.393400,0.068758,3.462158
ls2_1159,LS2,vocal,0.371429,14,0,0.387384,-0.634035,-0.246651,1.299027,-0.529124,0.769903
ls2_1160,LS2,vocal,0.333333,14,0,0.119095,-0.634035,-0.514941,1.031672,-0.529124,0.502548
ls2_1161,LS2,vocal,0.533333,13,0,1.793155,-0.634035,1.159120,2.670635,-0.529124,2.141511
ls2_1162,LS2,vocal,0.307692,9,0.0384615,1.266216,0.693958,1.960174,2.028480,0.758622,2.787102
ls2_1163,LS2,vocal,0.462963,10,0.0185185,2.094185,0.005369,2.099554,2.882827,0.090902,2.973729
ls2_1164,LS2,vocal,0.243902,14,0.0487805,-0.510731,1.050249,0.539518,0.404041,1.104115,1.508156
ls2_1165,LS2,vocal,0.206897,14,0,-0.771349,-0.634035,-1.405384,0.144331,-0.529124,-0.384793
ls2_1166,LS2,vocal,0.172414,12,0.0344828,-0.483117,0.556579,0.073463,0.373033,0.625407,0.998440
ls2_1167,LS2,vocal,0.162791,13,0,-0.816429,-0.634035,-1.450464,0.070146,-0.529124,-0.458978
ls2_1168,LS2,vocal,0.320755,13,0,0.296049,-0.634035,-0.337987,1.178746,-0.529124,0.649622
ls2_1169,LS2,vocal,0.363636,12,0.0909091,0.863587,2.504858,3.368445,1.715044,2.514640,4.229683
ls2_1170,LS2,vocal,0.535714,10,0.0178571,2.606544,-0.017467,2.589077,3.393400,0.068758,3.462158
ls2_1171,LS2,vocal,0.230769,14,0,-0.603223,-0.634035,-1.237259,0.311871,-0.529124,-0.217253
ls2_1172,LS2,vocal,0.27907,12,0.0232558,0.268019,0.168937,0.436956,1.121550,0.249513,1.371064
ls2_1173,LS2,vocal,0.128205,14,0.128205,-1.325541,3.792609,2.467068,-0.407930,3.763363,3.355434
ls2_1174,LS2,vocal,0.214286,14,0.0714286,-0.719310,1.832238,1.112928,0.196189,1.862404,2.058593
ls2_1175,LS2,vocal,0.472222,12,0.0277778,1.628314,0.325071,1.953385,2.477105,0.400915,2.878020
ls2_1176,LS2,vocal,0.159091,15,0.0909091,-1.373565,2.504858,1.131293,-0.426523,2.514640,2.088117
ls2_1177,LS2,vocal,0.1,17,0.0333333,-2.320799,0.516892,-1.803907,-1.311930,0.586923,-0.725007
ls2_1178,LS2,vocal,0.210526,13,0,-0.480246,-0.634035,-1.114281,0.405157,-0.529124,-0.123967
ls2_1179,LS2,vocal,0.605263,12,0,2.565268,-0.634035,1.931233,3.410794,-0.529124,2.881670
ls2_1180,LS2,vocal,0.0666667,12,0.0333333,-1.227852,0.516892,-0.710959,-0.369107,0.586923,0.217816
ls2_1181,LS2,vocal,0.137931,12,0,-0.725965,-0.634035,-1.360001,0.131031,-0.529124,-0.398093
ls2_1182,LS2,vocal,0.545455,12,0.030303,2.144060,0.412262,2.556322,2.991054,0.485464,3.476518
ls2_1183,LS2,vocal,0.377778,13,0,0.697639,-0.634035,0.063604,1.578937,-0.529124,1.049813
ls2_1184,LS2,vocal,0.444444,12,0,1.432686,-0.634035,0.798651,2.282159,-0.529124,1.753035
ls2_1185,LS2,vocal,0.259259,12,0,0.128501,-0.634035,-0.505534,0.982519,-0.529124,0.453395
ls2_1186,LS2,vocal,0.4,12,0.04,1.119682,0.747078,1.866760,1.970246,0.810132,2.780378
ls2_1187,LS2,vocal,0.509091,12,0,1.887966,-0.634035,1.253930,2.735852,-0.529124,2.206728
ls2_1188,LS2,vocal,0.263158,17,0.0263158,-1.171743,0.274592,-0.897152,-0.166878,0.351965,0.185087
ls2_1189,LS2,vocal,0.117647,13,0,-1.134357,-0.634035,-1.768393,-0.246675,-0.529124,-0.775799
ls2_1190,LS2,vocal,0.266667,12,0.0333333,0.180668,0.516892,0.697561,1.034505,0.586923,1.621427
ls2_1191,LS2,vocal,0.288136,14,0,-0.199215,-0.634035,-0.833250,0.714472,-0.529124,0.185348
ls2_1192,LS2,vocal,0.28125,13,0,0.017833,-0.634035,-0.616203,0.901500,-0.529124,0.372376
ls2_1193,LS2,vocal,0.433333,12,0,1.354435,-0.634035,0.720400,2.204181,-0.529124,1.675057
ls2_1194,LS2,vocal,0.311111,17,0,-0.834028,-0.634035,-1.468063,0.169660,-0.529124,-0.359464
ls2_1195,LS2,vocal,0.433333,12,0,1.354435,-0.634035,0.720400,2.204181,-0.529124,1.675057
ls2_1196,LS2,vocal,0.222222,12,0,-0.132336,-0.634035,-0.766371,0.722591,-0.529124,0.193467
ls2_1197,LS2,vocal,0.264151,9,0.0566038,0.959572,1.320370,2.279942,1.722904,1.366049,3.088954
ls2_1198,LS2,vocal,0.352941,12,0,0.788265,-0.634035,0.154230,1.639984,-0.529124,1.110860
ls2_1199,LS2,vocal,0.354839,12,0.0645161,0.801629,1.593566,2.395195,1.653301,1.630966,3.284267
ls2_1200,LS2,vocal,0.416667,13,0,0.971518,-0.634035,0.337483,1.851862,-0.529124,1.322738
ls2_1201,LS2,vocal,0.160714,16,0.0357143,-1.627673,0.599101,-1.028571,-0.650482,0.666640,0.016159
ls2_1202,LS2,vocal,0.583333,14,0,1.879745,-0.634035,1.245709,2.786186,-0.529124,2.257062
ls2_1203,LS2,vocal,0.291667,15,0,-0.439887,-0.634035,-1.073923,0.503901,-0.529124,-0.025223
ls2_1204,LS2,vocal,0.147059,15,0.0294118,-1.458302,0.381489,-1.076813,-0.510965,0.455623,-0.055342
ls2_1205,LS2,vocal,0.134328,18,0.0746269,-2.344578,1.942668,-0.401910,-1.306363,1.969488,0.663125
ls2_1206,LS2,vocal,0.149254,18,0.0149254,-2.239465,-0.118695,-2.358160,-1.201616,-0.029402,-1.231017
ls2_1207,LS2,vocal,0.307692,13,0,0.204055,-0.634035,-0.429980,1.087073,-0.529124,0.557949
ls2_1208,LS2,vocal,0.518519,13,0.037037,1.688820,0.644773,2.333593,2.566664,0.710928,3.277592
ls2_1209,LS2,vocal,0.175439,13,0.0526316,-0.727355,1.183219,0.455864,0.158909,1.233055,1.391964
ls2_1210,LS2,vocal,0.387097,13,0.0322581,0.763269,0.479766,1.243035,1.644339,0.550921,2.195260
ls2_1211,LS2,vocal,0.472727,13,0,1.366331,-0.634035,0.732295,2.245298,-0.529124,1.716174
ls2_1212,LS2,vocal,0.368421,13,0,0.631744,-0.634035,-0.002292,1.513271,-0.529124,0.984147
ls2_1213,LS2,vocal,0.0909091,15,0,-1.853742,-0.634035,-2.487778,-0.905027,-0.529124,-1.434151
ls2_1214,LS2,vocal,0.309524,15,0.047619,-0.314126,1.010147,0.696021,0.629224,1.065228,1.694452
ls2_1215,LS2,vocal,0.142857,17,0.025974,-2.018973,0.262791,-1.756182,-1.011156,0.340523,-0.670633
ls2_1216,LS2,vocal,0.266667,17,0.0666667,-1.147032,1.667820,0.520787,-0.142253,1.702969,1.560716
ls2_1217,LS2,vocal,0.367347,11,0.0816327,1.155260,2.184563,3.339822,1.976436,2.204051,4.180488
ls2_1218,LS2,vocal,0.322581,12,0.0322581,0.574448,0.479766,1.054214,1.426912,0.550921,1.977833
ls2_1219,LS2,vocal,0.354839,12,0.0322581,0.801629,0.479766,1.281394,1.653301,0.550921,2.204222
ls2_1220,LS2,vocal,0.423077,12,0,1.282203,-0.634035,0.648168,2.132201,-0.529124,1.603077
ls2_1221,LS2,vocal,0.461538,12,0.025641,1.553073,0.251294,1.804366,2.402126,0.329373,2.731500
ls2_1222,LS2,vocal,0.48,12,0.04,1.683090,0.747078,2.430168,2.531690,0.810132,3.341822
ls2_1223,LS2,vocal,0.303571,14,0.0178571,-0.090506,-0.017467,-0.107973,0.822801,0.068758,0.891559
ls2_1224,LS2,vocal,0.351648,14,0,0.248080,-0.634035,-0.385955,1.160208,-0.529124,0.631084
ls2_1225,LS2,vocal,0.31746,14,0.047619,0.007307,1.010147,1.017454,0.920274,1.065228,1.985503
ls2_1226,LS2,vocal,0.322581,12,0.0322581,0.574448,0.479766,1.054214,1.426912,0.550921,1.977833
ls2_1227,LS2,vocal,0.4,14,0,0.588601,-0.634035,-0.045434,1.499543,-0.529124,0.970418
ls2_1228,LS2,vocal,0.373134,14,0.0447761,0.399397,0.911987,1.311384,1.310998,0.970043,2.281041
ls2_1229,LS2,vocal,0.37037,14,0.037037,0.379932,0.644773,1.024705,1.291600,0.710928,2.002528
ls2_1230,LS2,vocal,0.153846,11,0.025641,-0.348341,0.251294,-0.097048,0.478076,0.329373,0.807449
ls2_1231,LS2,vocal,0.507042,10,0.0140845,2.404618,-0.147728,2.256890,3.192178,-0.057555,3.134623
ls2_1232,LS2,vocal,0.484848,12,0.030303,1.717236,0.412262,2.129498,2.565717,0.485464,3.051181
ls2_1233,LS2,vocal,0.292308,12,0,0.361248,-0.634035,-0.272787,1.214455,-0.529124,0.685331
ls2_1234,LS2,vocal,0.266667,12,0.0333333,0.180668,0.516892,0.697561,1.034505,0.586923,1.621427
ls2_1235,LS2,vocal,0.309091,12,0,0.479445,-0.634035,-0.154590,1.332241,-0.529124,0.803117
ls2_1236,LS2,vocal,0.0645161,12,0,-1.242997,-0.634035,-1.877032,-0.384199,-0.529124,-0.913323
ls2_1237,LS2,vocal,0.314286,12,0,0.516030,-0.634035,-0.118005,1.368698,-0.529124,0.839574
ls2_1238,LS2,vocal,0.266667,12,0.0333333,0.180668,0.516892,0.697561,1.034505,0.586923,1.621427
ls2_1239,LS2,vocal,0.378378,12,0.027027,0.967409,0.299149,1.266559,1.818504,0.375779,2.194283
ls2_1240,LS2,vocal,0.361446,12,0,0.848160,-0.634035,0.214124,1.699670,-0.529124,1.170546
ls2_1241,LS2,vocal,0.219178,14,0.0410959,-0.684855,0.784916,0.100061,0.230524,0.846824,1.077348
ls2_1242,LS2,vocal,0.205882,14,0.0294118,-0.778492,0.381489,-0.397003,0.137214,0.455623,0.592837
ls2_1243,LS2,vocal,0.272727,17,0.0363636,-1.104350,0.621522,-0.482828,-0.099720,0.688381,0.588662
ls2_1244,LS2,vocal,0.103448,15,0.0344828,-1.765434,0.556579,-1.208855,-0.817026,0.625407,-0.191619
ls2_1245,LS2,vocal,0.518519,12,0.037037,1.954360,0.644773,2.599133,2.802016,0.710928,3.512943
ls2_1246,LS2,vocal,0.481481,12,0,1.693523,-0.634035,1.059488,2.542088,-0.529124,2.012963
ls2_1247,LS2,vocal,0.111111,12,0.037037,-0.914847,0.644773,-0.270074,-0.057193,0.710928,0.653735
ls2_1248,LS2,vocal,0.0740741,12,0.037037,-1.175684,0.644773,-0.530911,-0.317121,0.710928,0.393807
ls2_1249,LS2,vocal,0.333333,12,0,0.650175,-0.634035,0.016140,1.502375,-0.529124,0.973251
ls2_1250,LS2,vocal,0.137931,12,0,-0.725965,-0.634035,-1.360001,0.131031,-0.529124,-0.398093
ls2_1251,LS2,vocal,0.322581,12,0,0.574448,-0.634035,-0.059587,1.426912,-0.529124,0.897788
ls2_1252,LS2,vocal,0.133333,14,0.0333333,-1.289425,0.516892,-0.772533,-0.371939,0.586923,0.214983
ls2_1253,LS2,vocal,0.491525,14,0,1.233178,-0.634035,0.599143,2.141873,-0.529124,1.612749
ls2_1254,LS2,vocal,0.108108,14,0.027027,-1.467076,0.299149,-1.167927,-0.548972,0.375779,-0.173193
ls2_1255,LS2,vocal,0.436364,14,0.0545455,0.844696,1.249301,2.093997,1.754745,1.297134,3.051879
ls2_1256,LS2,vocal,0.365854,14,0.0487805,0.348122,1.050249,1.398371,1.259902,1.104115,2.364016
ls2_1257,LS2,vocal,0.333333,14,0,0.119095,-0.634035,-0.514941,1.031672,-0.529124,0.502548
ls2_1258,LS2,vocal,0.206897,14,0.0344828,-0.771349,0.556579,-0.214770,0.144331,0.625407,0.769738
ls2_1259,LS2,vocal,0.0740741,14,0.037037,-1.706765,0.644773,-1.061991,-0.787824,0.710928,-0.076897
ls2_1260,LS2,vocal,0.105263,14,0,-1.487112,-0.634035,-2.121148,-0.568938,-0.529124,-1.098062
ls2_1261,LS2,vocal,0.236842,14,0,-0.560454,-0.634035,-1.194490,0.354491,-0.529124,-0.174633
ls2_1262,LS2,vocal,0.318182,14,0,0.012389,-0.634035,-0.621647,0.925338,-0.529124,0.396214
ls2_1263,LS2,vocal,0.371429,14,0,0.387384,-0.634035,-0.246651,1.299027,-0.529124,0.769903
ls2_1264,LS2,vocal,0.333333,14,0,0.119095,-0.634035,-0.514941,1.031672,-0.529124,0.502548
ls2_1265,LS2,vocal,0.382353,14,0.0294118,0.464320,0.381489,0.845809,1.375694,0.455623,1.831317
ls2_1266,LS2,vocal,0.131579,14,0,-1.301781,-0.634035,-1.935816,-0.384252,-0.529124,-0.913376
ls2_1267,LS2,vocal,0.373333,14,0,0.400799,-0.634035,-0.233237,1.312394,-0.529124,0.783270
ls2_1268,LS2,vocal,0.133333,17,0,-2.086046,-0.634035,-2.720081,-1.077994,-0.529124,-1.607118
ls2_1269,LS2,vocal,0.135135,17,0.027027,-2.073356,0.299149,-1.774207,-1.065349,0.375779,-0.689571
ls2_1270,LS2,vocal,0.138889,17,0,-2.046920,-0.634035,-2.680956,-1.039005,-0.529124,-1.568129
ls2_1271,LS2,vocal,0.114754,17,0.0327869,-2.216892,0.498025,-1.718867,-1.208385,0.568627,-0.639758
ls2_1272,LS2,vocal,0.358491,17,0,-0.500353,-0.634035,-1.134389,0.502172,-0.529124,-0.026952
ls2_1273,LS2,vocal,0.0714286,17,0.0357143,-2.522016,0.599101,-1.922915,-1.512446,0.666640,-0.845805
ls2_1274,LS2,vocal,0.08,17,0.04,-2.461651,0.747078,-1.714573,-1.452291,0.810132,-0.642159
ls2_1275,LS2,vocal,0.15625,17,0.03125,-1.924653,0.444959,-1.479694,-0.917164,0.517170,-0.399994
ls2_1276,LS2,vocal,0.511111,17,0,0.574492,-0.634035,-0.059543,1.573272,-0.529124,1.044148
ls2_1277,LS2,vocal,0.352941,17,0,-0.539436,-0.634035,-1.173471,0.463226,-0.529124,-0.065898
ls2_1278,LS2,vocal,0.147059,17,0,-1.989383,-0.634035,-2.623418,-0.981668,-0.529124,-1.510792
ls2_1279,LS2,vocal,0.0909091,17,0,-2.384823,-0.634035,-3.018858,-1.375730,-0.529124,-1.904854
ls2_1280,LS2,vocal,0.444444,17,0.0833333,0.104985,2.243284,2.348269,1.105401,2.260993,3.366394
ls2_1281,LS2,vocal,0.107692,17,0.0153846,-2.266625,-0.102838,-2.369463,-1.257945,-0.014026,-1.271970
ls2_1282,LS2,vocal,0.0980392,17,0,-2.334608,-0.634035,-2.968644,-1.325691,-0.529124,-1.854815
ls2_1283,LS2,vocal,0.181818,17,0,-1.744586,-0.634035,-2.378622,-0.737725,-0.529124,-1.266849
ls2_1284,LS2,vocal,0.147059,17,0.0294118,-1.989383,0.381489,-1.607894,-0.981668,0.455623,-0.526045
ls2_1285,LS2,vocal,0.230769,17,0.0461538,-1.399844,0.959557,-0.440287,-0.394184,1.016171,0.621988
ls2_1286,LS2,vocal,0.117647,15,0.0294118,-1.665438,0.381489,-1.283949,-0.717378,0.455623,-0.261755
ls2_1287,LS2,vocal,0.369565,10,0.0217391,1.436422,0.116570,1.552992,2.227356,0.198732,2.426088
ls2_1288,LS2,vocal,0.266667,10,0.0333333,0.711749,0.516892,1.228641,1.505208,0.586923,2.092131
ls2_1289,LS2,vocal,0.272727,10,0.030303,0.754431,0.412262,1.166694,1.547742,0.485464,2.033206
ls2_1290,LS2,vocal,0.117647,15,0.0294118,-1.665438,0.381489,-1.283949,-0.717378,0.455623,-0.261755
ls2_1291,LS2,vocal,0,13,0.030303,-1.962898,0.412262,-1.550636,-1.072329,0.485464,-0.586865
ls2_1292,LS2,vocal,0.454545,13,0,1.238283,-0.634035,0.604248,2.117697,-0.529124,1.588573
ls2_1293,LS2,vocal,0.206897,13,0.0344828,-0.505809,0.556579,0.050771,0.379683,0.625407,1.005090
ls2_1294,LS2,vocal,0.296296,13,0,0.123798,-0.634035,-0.510238,1.007096,-0.529124,0.477972
ls2_1295,LS2,vocal,0.225806,13,0.0322581,-0.372634,0.479766,0.107132,0.512394,0.550921,1.063315
ls2_1296,LS2,vocal,0.0909091,13,0.0227273,-1.322662,0.150688,-1.171974,-0.434324,0.231817,-0.202507
ls2_1297,LS2,vocal,0.296296,13,0.037037,0.123798,0.644773,0.768571,1.007096,0.710928,1.718023
ls2_1298,LS2,vocal,0.351852,13,0,0.515053,-0.634035,-0.118982,1.396988,-0.529124,0.867864
ls2_1299,LS2,vocal,0.226804,15,0.0206186,-0.896688,0.077879,-0.818809,0.048692,0.161214,0.209906
ls2_1300,LS2,vocal,0.492063,17,0.015873,0.440347,-0.085975,0.354373,1.439594,0.002327,1.441921
ls2_1301,LS2,vocal,0.382979,9,0,1.796428,-0.634035,1.162393,2.556844,-0.529124,2.027720
ls2_1302,LS2,vocal,0.4375,9,0,2.180400,-0.634035,1.546365,2.939478,-0.529124,2.410354
ls2_1303,LS2,vocal,0.583333,9,0,3.207446,-0.634035,2.573410,3.962945,-0.529124,3.433821
ls2_1304,LS2,vocal,0.586957,12,0,2.436342,-0.634035,1.802306,3.282317,-0.529124,2.753193
ls2_1305,LS2,vocal,0.38961,12,0,1.046512,-0.634035,0.412477,1.897331,-0.529124,1.368207
ls2_1306,LS2,vocal,0.107143,12,0.0357143,-0.942794,0.599101,-0.343693,-0.085042,0.666640,0.581598
ls2_1307,LS2,vocal,0.0666667,12,0.0666667,-1.227852,1.667820,0.439968,-0.369107,1.702969,1.333863
ls2_1308,LS2,vocal,0.115385,12,0.0384615,-0.884751,0.693958,-0.190792,-0.027201,0.758622,0.731421
ls2_1309,LS2,vocal,0.0416667,12,0.0416667,-1.403917,0.804624,-0.599292,-0.544558,0.865934,0.321376
ls2_1310,LS2,vocal,0.295455,12,0,0.383410,-0.634035,-0.250625,1.236540,-0.529124,0.707416
ls2_1311,LS2,vocal,0.338983,12,0,0.689964,-0.634035,0.055928,1.542025,-0.529124,1.012901
ls2_1312,LS2,vocal,0.516129,12,0,1.937532,-0.634035,1.303497,2.785246,-0.529124,2.256122
ls2_1313,LS2,vocal,0.462963,12,0.037037,1.563105,0.644773,2.207878,2.412123,0.710928,3.123051
ls2_1314,LS2,vocal,0.192308,12,0.0384615,-0.343012,0.693958,0.350946,0.512649,0.758622,1.271271
ls2_1315,LS2,vocal,0.352941,13,0.0294118,0.522725,0.381489,0.904214,1.404633,0.455623,1.860256
ls2_1316,LS2,vocal,0.254902,12,0.0588235,0.097814,1.397013,1.494828,0.951939,1.440370,2.392309
ls2_1317,LS2,vocal,0.243243,12,0.0540541,0.015707,1.232334,1.248040,0.870118,1.280681,2.150799
ls2_1318,LS2,vocal,0.25,12,0.0416667,0.063292,0.804624,0.867916,0.917537,0.865934,1.783471
ls2_1319,LS2,vocal,0.36,12,0.04,0.837978,0.747078,1.585056,1.689523,0.810132,2.499655
ls2_1320,LS2,vocal,0.2,12,0.0333333,-0.288838,0.516892,0.228054,0.566634,0.586923,1.153557
ls2_1321,LS2,vocal,0.0394737,12,0.0526316,-1.419361,1.183219,-0.236142,-0.559949,1.233055,0.673106
ls2_1322,LS2,vocal,0.25,12,0.0416667,0.063292,0.804624,0.867916,0.917537,0.865934,1.783471
ls2_1323,LS2,vocal,0.222222,12,0.0277778,-0.132336,0.325071,0.192735,0.722591,0.400915,1.123506
ls2_1324,LS2,vocal,0.290323,12,0,0.347268,-0.634035,-0.286768,1.200523,-0.529124,0.671399
ls2_1325,LS2,vocal,0.225806,12,0,-0.107094,-0.634035,-0.741129,0.747745,-0.529124,0.218621
ls2_1326,LS2,vocal,0.169231,12,0,-0.505534,-0.634035,-1.139569,0.350694,-0.529124,-0.178430
ls2_1327,LS2,vocal,0.190476,12,0,-0.355911,-0.634035,-0.989946,0.499796,-0.529124,-0.029328
ls2_1328,LS2,vocal,0.0447761,12,0,-1.382018,-0.634035,-2.016053,-0.522736,-0.529124,-1.051860
ls2_1329,LS2,vocal,0.346154,12,0.0384615,0.740465,0.693958,1.434423,1.592350,0.758622,2.350972
ls2_1330,LS2,vocal,0.0882353,14,0,-1.607033,-0.634035,-2.241068,-0.688440,-0.529124,-1.217564
ls2_1331,LS2,vocal,0.166667,16,0.0416667,-1.585752,0.804624,-0.781128,-0.608708,0.865934,0.257227
ls2_1332,LS2,vocal,0.306122,16,0.0204082,-0.603621,0.070614,-0.533007,0.370001,0.154170,0.524171
ls2_1333,LS2,vocal,0.114286,16,0.0285714,-1.954650,0.352474,-1.602176,-0.976320,0.427487,-0.548833
ls2_1334,LS2,vocal,0.428571,16,0.0357143,0.258738,0.599101,0.857840,1.229355,0.666640,1.895995
ls2_1335,LS2,vocal,0.230769,16,0.0512821,-1.134304,1.136622,0.002319,-0.158832,1.187871,1.029039
ls2_1336,LS2,vocal,0.111111,16,0.037037,-1.977008,0.644773,-1.332235,-0.998600,0.710928,-0.287672
ls2_1337,LS2,vocal,0.178571,16,0.0357143,-1.501912,0.599101,-0.902810,-0.525159,0.666640,0.141481
ls2_1338,LS2,vocal,0.2,16,0.0333333,-1.350999,0.516892,-0.834107,-0.374772,0.586923,0.212150
ls2_1339,LS2,vocal,0.40625,16,0.03125,0.101537,0.444959,0.546497,1.072702,0.517170,1.589872
ls2_1340,LS2,vocal,0.285714,16,0.0285714,-0.747348,0.352474,-0.394874,0.226776,0.427487,0.654263
ls2_1341,LS2,vocal,0.259259,15,0.0185185,-0.668120,0.005369,-0.662751,0.276464,0.090902,0.367366
ls2_1342,LS2,vocal,0.3,12,0.0333333,0.415422,0.516892,0.932314,1.268440,0.586923,1.855363
ls2_1343,LS2,vocal,0.343284,12,0.0447761,0.720251,0.911987,1.632238,1.572207,0.970043,2.542250
ls2_1344,LS2,vocal,0.352941,14,0,0.257185,-0.634035,-0.376850,1.169281,-0.529124,0.640157
ls2_1345,LS2,vocal,0.253968,12,0.047619,0.091239,1.010147,1.101386,0.945387,1.065228,2.010615
ls2_1346,LS2,vocal,0.3,12,0.0333333,0.415422,0.516892,0.932314,1.268440,0.586923,1.855363
ls2_1347,LS2,vocal,0.142857,12,0.0285714,-0.691272,0.352474,-0.338798,0.165602,0.427487,0.593090
ls2_1348,LS2,vocal,0.170213,12,0.0425532,-0.498618,0.835234,0.336616,0.357586,0.895616,1.253202
ls2_1349,LS2,vocal,0.238095,17,0.0238095,-1.348250,0.188056,-1.160194,-0.342769,0.268052,-0.074717
ls2_1350,LS2,vocal,0.166667,15,0.0185185,-1.320212,0.005369,-1.314843,-0.373356,0.090902,-0.282454
ls2_1351,LS2,vocal,0.181818,19,0.030303,-2.275667,0.412262,-1.863404,-1.208428,0.485464,-0.722964
ls2_1352,LS2,vocal,0.357143,13,0.0357143,0.552316,0.599101,1.151417,1.434120,0.666640,2.100760
ls2_1353,LS2,vocal,0.171429,17,0.0285714,-1.817756,0.352474,-1.465282,-0.810640,0.427487,-0.383153
ls2_1354,LS2,vocal,0.266667,17,0.0333333,-1.147032,0.516892,-0.630140,-0.142253,0.586923,0.444669
ls2_1355,LS2,vocal,0.357143,12,0.0357143,0.817856,0.599101,1.416957,1.669472,0.666640,2.336112
ls2_1356,LS2,vocal,0.142857,14,0.0357143,-1.222353,0.599101,-0.623252,-0.305101,0.666640,0.361539
ls2_1357,LS2,vocal,0.21875,14,0.03125,-0.687870,0.444959,-0.242911,0.227520,0.517170,0.744689
ls2_1358,LS2,vocal,0.238095,16,0.0238095,-1.082709,0.188056,-0.894654,-0.107418,0.268052,0.160634
ls2_1359,LS2,vocal,0.269231,16,0.0384615,-0.863434,0.693958,-0.169476,0.111093,0.758622,0.869715
ls2_1360,LS2,vocal,0.363636,16,0.0227273,-0.198573,0.150688,-0.047886,0.773637,0.231817,1.005454
ls2_1361,LS2,vocal,0.409091,16,0,0.121545,-0.634035,-0.512491,1.092640,-0.529124,0.563516
ls2_1362,LS2,vocal,0.142857,16,0.0357143,-1.753433,0.599101,-1.154332,-0.775804,0.666640,-0.109164
ls2_1363,LS2,vocal,0.173333,16,0.04,-1.538802,0.747078,-0.791724,-0.561920,0.810132,0.248211
ls2_1364,LS2,vocal,0.268293,16,0,-0.870041,-0.634035,-1.504076,0.104510,-0.529124,-0.424614
ls2_1365,LS2,vocal,0.107143,16,0.0357143,-2.004955,0.599101,-1.405853,-1.026449,0.666640,-0.359809
ls2_1366,LS2,vocal,0.236842,16,0.0263158,-1.091535,0.274592,-0.816943,-0.116212,0.351965,0.235753
ls2_1367,LS2,vocal,0.12963,17,0.037037,-2.112130,0.644773,-1.467356,-1.103987,0.710928,-0.393059
ls2_1368,LS2,vocal,0.12963,17,0.037037,-2.112130,0.644773,-1.467356,-1.103987,0.710928,-0.393059
ls2_1369,LS2,vocal,0.275862,14,0.0344828,-0.285652,0.556579,0.270927,0.628335,0.625407,1.253742
ls2_1370,LS2,vocal,0.392857,14,0,0.538297,-0.634035,-0.095738,1.449414,-0.529124,0.920289
ls2_1371,LS2,vocal,0.142857,14,0.047619,-1.222353,1.010147,-0.212206,-0.305101,1.065228,0.760127
ls2_1372,LS2,vocal,0.101695,14,0.0338983,-1.512242,0.536399,-0.975843,-0.593980,0.605839,0.011859
ls2_1373,LS2,vocal,0.1,16,0.025,-2.055259,0.229160,-1.826099,-1.076578,0.307911,-0.768667
ls2_1374,LS2,vocal,0.16,10,0.04,-0.039462,0.747078,0.707616,0.756615,0.810132,1.566747
ls2_1375,LS2,vocal,0.46875,12,0,1.603861,-0.634035,0.969825,2.452737,-0.529124,1.923613
ls2_1376,LS2,vocal,0.357143,12,0,0.817856,-0.634035,0.183821,1.669472,-0.529124,1.140348
ls2_1377,LS2,vocal,0.133333,12,0.0333333,-0.758345,0.516892,-0.241453,0.098764,0.586923,0.685686
ls2_1378,LS2,vocal,0.241379,12,0.0344828,0.002580,0.556579,0.559159,0.857037,0.625407,1.482444
ls2_1379,LS2,vocal,0.417722,12,0.0126582,1.244487,-0.196974,1.047513,2.094616,-0.105309,1.989308
ls2_1380,LS2,vocal,0.12,12,0.04,-0.852246,0.747078,-0.105168,0.005190,0.810132,0.815322
ls2_1381,LS2,vocal,0.52459,12,0,1.997121,-0.634035,1.363085,2.844627,-0.529124,2.315503
ls2_1382,LS2,vocal,0.194444,12,0.0277778,-0.327964,0.325071,-0.002893,0.527645,0.400915,0.928560
ls2_1383,LS2,vocal,0.533333,12,0,2.058695,-0.634035,1.424660,2.905987,-0.529124,2.376863
ls2_1384,LS2,vocal,0.4375,13,0,1.118239,-0.634035,0.484204,1.998071,-0.529124,1.468947
ls2_1385,LS2,vocal,0.173913,13,0,-0.738098,-0.634035,-1.372134,0.148203,-0.529124,-0.380921
ls2_1386,LS2,vocal,0.342105,15,0.0263158,-0.084668,0.274592,0.189923,0.857882,0.351965,1.209848
ls2_1387,LS2,vocal,0,17,0,-3.025059,-0.634035,-3.659095,-2.013735,-0.529124,-2.542859
ls2_1388,LS2,vocal,0.16129,15,0,-1.358076,-0.634035,-1.992111,-0.411087,-0.529124,-0.940211
ls2_1389,LS2,vocal,0.111111,13,0.037037,-1.180387,0.644773,-0.535614,-0.292545,0.710928,0.418383
ls2_1390,LS2,vocal,0.0344828,13,0.0344828,-1.720050,0.556579,-1.163471,-0.830327,0.625407,-0.204920
ls2_1391,LS2,vocal,0.323529,12,0,0.581130,-0.634035,-0.052905,1.433571,-0.529124,0.904447
ls2_1392,LS2,vocal,0.111111,12,0.037037,-0.914847,0.644773,-0.270074,-0.057193,0.710928,0.653735
ls2_1393,LS2,vocal,0.275,12,0,0.239357,-0.634035,-0.394679,1.092989,-0.529124,0.563865
ls2_1394,LS2,vocal,0.0434783,12,0.0434783,-1.391158,0.867175,-0.523984,-0.531844,0.926589,0.394745
ls2_1395,LS2,vocal,0.285714,15,0.0357143,-0.481807,0.599101,0.117294,0.462127,0.666640,1.128767
ls2_1396,LS2,vocal,0.289474,12,0,0.341289,-0.634035,-0.292746,1.194566,-0.529124,0.665442
ls2_1397,LS2,vocal,0.08,15,0,-1.930571,-0.634035,-2.564606,-0.981588,-0.529124,-1.510712
ls2_1398,LS2,vocal,0.136364,15,0.0454545,-1.533624,0.935411,-0.598213,-0.586024,0.992758,0.406733
ls2_1399,LS2,vocal,0.285714,15,0.0357143,-0.481807,0.599101,0.117294,0.462127,0.666640,1.128767
ls2_1400,LS2,vocal,0.151515,15,0.030303,-1.426918,0.412262,-1.014656,-0.479690,0.485464,0.005774
ls2_1401,LS2,vocal,0.30303,12,0.030303,0.436763,0.412262,0.849025,1.289707,0.485464,1.775171
ls2_1402,LS2,vocal,0.4375,14,0,0.852699,-0.634035,0.218664,1.762720,-0.529124,1.233596
ls2_1403,LS2,vocal,0.12766,17,0,-2.126004,-0.634035,-2.760039,-1.117813,-0.529124,-1.646937
ls2_1404,LS2,vocal,0.210526,17,0.0263158,-1.542407,0.274592,-1.267815,-0.536250,0.351965,-0.184284
ls2_1405,LS2,vocal,0.225352,17,0.028169,-1.437994,0.338579,-1.099415,-0.432201,0.414014,-0.018187
ls2_1406,LS2,vocal,0.357143,13,0.0238095,0.552316,0.188056,0.740372,1.434120,0.268052,1.702172
ls2_1407,LS2,vocal,0.122807,13,0.0526316,-1.098018,1.183219,0.085201,-0.210462,1.233055,1.022593
ls2_1408,LS2,vocal,0.130435,17,0,-2.106459,-0.634035,-2.740495,-1.098337,-0.529124,-1.627461
ls2_1409,LS2,vocal,0.12,12,0.08,-0.852246,2.128191,1.275945,0.005190,2.149388,2.154578
ls2_1410,LS2,vocal,0.333333,12,0,0.650175,-0.634035,0.016140,1.502375,-0.529124,0.973251
ls2_1411,LS2,vocal,0.0377358,12,0,-1.431600,-0.634035,-2.065635,-0.572145,-0.529124,-1.101269
ls2_1412,LS2,vocal,0.215385,12,0,-0.180490,-0.634035,-0.814526,0.674604,-0.529124,0.145480
ls2_1413,LS2,vocal,0.452381,12,0,1.488580,-0.634035,0.854545,2.337858,-0.529124,1.808734
ls2_1414,LS2,vocal,0.4,10,0.0444444,1.650762,0.900535,2.551297,2.440949,0.958938,3.399887
ls2_1415,LS2,vocal,0.523077,10,0,2.517544,-0.634035,1.883508,3.304710,-0.529124,2.775586
ls2_1416,LS2,vocal,0.363636,14,0.030303,0.332507,0.412262,0.744769,1.244340,0.485464,1.729804
ls2_1417,LS2,vocal,0.0689655,15,0.0344828,-2.008282,0.556579,-1.451703,-1.059028,0.625407,-0.433621
ls2_1418,LS2,vocal,0.325,12,0.025,0.591487,0.229160,0.820647,1.443891,0.307911,1.751802
ls2_1419,LS2,vocal,0.283784,12,0.027027,0.301218,0.299149,0.600367,1.154634,0.375779,1.530412
ls2_1420,LS2,vocal,0.42623,15,0.0163934,0.507785,-0.068005,0.439780,1.448271,0.019751,1.468022
ls2_1421,LS2,vocal,0.2,13,0.04,-0.554378,0.747078,0.192699,0.331283,0.810132,1.141415
ls2_1422,LS2,vocal,0.4375,13,0,1.118239,-0.634035,0.484204,1.998071,-0.529124,1.468947
ls2_1423,LS2,vocal,0.430769,13,0.0461538,1.070837,0.959557,2.030394,1.950834,1.016171,2.967006
ls2_1424,LS2,vocal,0.323529,13,0.0294118,0.315590,0.381489,0.697079,1.198219,0.455623,1.653842
ls2_1425,LS2,vocal,0.411765,13,0.0392157,0.936996,0.719997,1.656993,1.817460,0.783872,2.601332
ls2_1426,LS2,vocal,0.407407,13,0.037037,0.906309,0.644773,1.551082,1.786880,0.710928,2.497808
ls2_1427,LS2,vocal,0.184211,14,0.0526316,-0.931118,1.183219,0.252101,-0.014880,1.233055,1.218174
ls2_1428,LS2,vocal,0.535714,10,0,2.606544,-0.634035,1.972508,3.393400,-0.529124,2.864276
ls2_1429,LS2,vocal,0.212121,12,0.030303,-0.203473,0.412262,0.208789,0.651702,0.485464,1.137165
ls2_1430,LS2,vocal,0.342857,12,0.0285714,0.717248,0.352474,1.069722,1.569214,0.427487,1.996701
ls2_1431,LS2,vocal,0.324324,12,0.027027,0.586728,0.299149,0.885877,1.439150,0.375779,1.814928
ls2_1432,LS2,vocal,0.241379,14,0.0344828,-0.528501,0.556579,0.028079,0.386333,0.625407,1.011740
ls2_1433,LS2,vocal,0.488372,14,0.0465116,1.210971,0.971910,2.182881,2.119743,1.028150,3.147893
ls2_1434,LS2,vocal,0.296296,14,0,-0.141742,-0.634035,-0.775778,0.771744,-0.529124,0.242620
ls2_1435,LS2,vocal,0.263158,17,0.0263158,-1.171743,0.274592,-0.897152,-0.166878,0.351965,0.185087
ls2_1436,LS2,vocal,0.166667,17,0.047619,-1.851293,1.010147,-0.841146,-0.844059,1.065228,0.221169
ls2_1437,LS2,vocal,0.0769231,17,0,-2.483321,-0.634035,-3.117356,-1.473885,-0.529124,-2.003009
ls2_1438,LS2,vocal,0.111111,13,0.037037,-1.180387,0.644773,-0.535614,-0.292545,0.710928,0.418383
ls2_1439,LS2,vocal,0.375,13,0.03125,0.678077,0.444959,1.123036,1.559443,0.517170,2.076612
ls2_1440,LS2,vocal,0.26087,15,0.0434783,-0.656779,0.867175,0.210396,0.287765,0.926589,1.214354
ls2_1441,LS2,vocal,0.5,12,0,1.823942,-0.634035,1.189906,2.672052,-0.529124,2.142927
ls2_1442,LS2,vocal,0.138889,12,0,-0.719219,-0.634035,-1.353255,0.137753,-0.529124,-0.391371
ls2_1443,LS2,vocal,0.361111,16,0,-0.216358,-0.634035,-0.850393,0.755915,-0.529124,0.226791
ls2_1444,LS2,vocal,0.258065,14,0,-0.410993,-0.634035,-1.045029,0.503431,-0.529124,-0.025693
ls2_1445,LS2,vocal,0.517241,10,0.0344828,2.476446,0.556579,3.033026,3.263756,0.625407,3.889163
ls2_1446,LS2,vocal,0.179487,14,0.025641,-0.964382,0.251294,-0.713089,-0.048029,0.329373,0.281344
ls2_1447,LS2,vocal,0.2,14,0.0285714,-0.819919,0.352474,-0.467445,0.095931,0.427487,0.523418
ls2_1448,LS2,vocal,0.179487,14,0.025641,-0.964382,0.251294,-0.713089,-0.048029,0.329373,0.281344
ls2_1449,LS2,vocal,0.32,15,0,-0.240347,-0.634035,-0.874382,0.702746,-0.529124,0.173622
ls2_1450,LS2,vocal,0.387097,14,0,0.497729,-0.634035,-0.136306,1.408987,-0.529124,0.879863
ls2_1451,LS2,vocal,0.0689655,16,0.0344828,-2.273822,0.556579,-1.717243,-1.294380,0.625407,-0.668973
ls2_1452,LS2,vocal,0.517241,12,0,1.945366,-0.634035,1.311331,2.793053,-0.529124,2.263928
ls2_1453,LS2,vocal,0.18,14,0.06,-0.960771,1.437634,0.476864,-0.044430,1.479760,1.435330
ls2_1454,LS2,vocal,0.230769,14,0.0384615,-0.603223,0.693958,0.090735,0.311871,0.758622,1.070493
ls2_1455,LS2,vocal,0.18,14,0.06,-0.960771,1.437634,0.476864,-0.044430,1.479760,1.435330
ls2_1456,LS2,vocal,0.25,10,0.0357143,0.594372,0.599101,1.193474,1.388240,0.666640,2.054881
ls2_1457,LS2,vocal,0.2,15,0.0285714,-1.085459,0.352474,-0.732985,-0.139421,0.427487,0.288067
ls2_1458,LS2,vocal,0.3,15,0.025,-0.381199,0.229160,-0.152038,0.562385,0.307911,0.870296
ls2_1459,LS2,vocal,0.25641,11,0.025641,0.373977,0.251294,0.625270,1.197876,0.329373,1.527250
ls2_1460,LS2,vocal,0.25641,15,0.0512821,-0.688184,1.136622,0.448439,0.256470,1.187871,1.444341
ls2_1461,LS2,vocal,0.38961,15,0,0.249891,-0.634035,-0.384144,1.191276,-0.529124,0.662152
ls2_1462,LS2,vocal,0.275862,17,0,-1.082273,-0.634035,-1.716308,-0.077720,-0.529124,-0.606844
ls2_1463,LS2,vocal,0.225,12,0.025,-0.112773,0.229160,0.116387,0.742086,0.307911,1.049997
ls2_1464,LS2,vocal,0.0625,12,0.03125,-1.257196,0.444959,-0.812236,-0.398349,0.517170,0.118821
ls2_1465,LS2,vocal,0.314286,14,0,-0.015050,-0.634035,-0.649085,0.897995,-0.529124,0.368871
ls2_1466,LS2,vocal,0.411765,13,0,0.936996,-0.634035,0.302960,1.817460,-0.529124,1.288335
ls2_1467,LS2,vocal,0.344828,12,0.0344828,0.731125,0.556579,1.287704,1.583043,0.625407,2.208450
ls2_1468,LS2,vocal,0.310345,12,0.0344828,0.488276,0.556579,1.044856,1.341041,0.625407,1.966448
ls2_1469,LS2,vocal,0.333333,12,0.037037,0.650175,0.644773,1.294948,1.502375,0.710928,2.213303
ls2_1470,LS2,vocal,0.147059,12,0.0294118,-0.661682,0.381489,-0.280193,0.195090,0.455623,0.650713
ls2_1471,LS2,vocal,0.384615,12,0,1.011334,-0.634035,0.377299,1.862276,-0.529124,1.333152
ls2_1472,LS2,vocal,0.365385,14,0.0576923,0.344819,1.357955,1.702774,1.256610,1.402495,2.659105
ls2_1473,LS2,vocal,0.178571,14,0.0357143,-0.970831,0.599101,-0.371730,-0.054456,0.666640,0.612184
ls2_1474,LS2,vocal,0.346154,14,0.0576923,0.209385,1.357955,1.567339,1.121647,1.402495,2.524142
ls2_1475,LS2,vocal,0.294118,16,0.0588235,-0.688166,1.397013,0.708847,0.285751,1.440370,1.726121
ls2_1476,LS2,vocal,0.296296,16,0.037037,-0.672823,0.644773,-0.028050,0.301041,0.710928,1.011968
ls2_1477,LS2,vocal,0,16,0.0344828,-2.759519,0.556579,-2.202940,-1.778384,0.625407,-1.152977
ls2_1478,LS2,vocal,0.333333,12,0,0.650175,-0.634035,0.016140,1.502375,-0.529124,0.973251
ls2_1479,LS2,vocal,0.166667,12,0.0416667,-0.523592,0.804624,0.281033,0.332699,0.865934,1.198633
ls2_1480,LS2,vocal,0.244444,17,0,-1.303535,-0.634035,-1.937570,-0.298210,-0.529124,-0.827334
ls2_1481,LS2,vocal,0.181818,15,0,-1.213506,-0.634035,-1.847541,-0.267022,-0.529124,-0.796146
ls2_1482,LS2,vocal,0.483871,10,0,2.241432,-0.634035,1.607396,3.029560,-0.529124,2.500436
ls2_1483,LS2,vocal,0.418605,12,0.0232558,1.250707,0.168937,1.419644,2.100814,0.249513,2.350327
ls2_1484,LS2,vocal,0.441176,12,0,1.409671,-0.634035,0.775636,2.259225,-0.529124,1.730101
ls2_1485,LS2,vocal,0.209302,13,0.0232558,-0.488866,0.168937,-0.319928,0.396567,0.249513,0.646080
ls2_1486,LS2,vocal,0.571429,15,0,1.530364,-0.634035,0.896329,2.467286,-0.529124,1.938162
ls2_1487,LS2,vocal,0.235294,12,0.0588235,-0.040276,1.397013,1.356738,0.814330,1.440370,2.254700
ls2_1488,LS2,vocal,0.5,12,0,1.823942,-0.634035,1.189906,2.672052,-0.529124,2.142927
ls2_1489,LS2,vocal,0.271605,14,0,-0.315634,-0.634035,-0.949669,0.598459,-0.529124,0.069335
ls2_1490,LS2,vocal,0.225806,14,0,-0.638174,-0.634035,-1.272209,0.277042,-0.529124,-0.252082
ls2_1491,LS2,vocal,0.307692,14,0,-0.061485,-0.634035,-0.695520,0.851722,-0.529124,0.322598
ls2_1492,LS2,vocal,0.149254,14,0.0149254,-1.177304,-0.118695,-1.295999,-0.260209,-0.029402,-0.289611
ls2_1493,LS2,vocal,0.28,16,0.12,-0.787591,3.509304,2.721713,0.186672,3.488644,3.675316
ls2_1494,LS2,vocal,0.5,17,0.0333333,0.496241,0.516892,1.013133,1.495293,0.586923,2.082216
ls2_1495,LS2,vocal,0.15625,10,0,-0.065872,-0.634035,-0.699907,0.730298,-0.529124,0.201174
ls2_1496,LS2,vocal,0.355932,13,0.0169492,0.543790,-0.048818,0.494972,1.425624,0.038357,1.463981
ls2_1497,LS2,vocal,0.451613,13,0.0322581,1.217631,0.479766,1.697396,2.097116,0.550921,2.648038
ls2_1498,LS2,vocal,0.204545,13,0.0454545,-0.522367,0.935411,0.413045,0.363183,0.992758,1.355941
ls2_1499,LS2,vocal,0.611111,9,0,3.403074,-0.634035,2.769038,4.157891,-0.529124,3.628767
ls2_1500,LS2,vocal,0.324324,13,0.027027,0.321188,0.299149,0.620337,1.203798,0.375779,1.579577
ls2_1501,LS2,vocal,0.617021,12,0.0212766,2.648076,0.100599,2.748675,3.493314,0.183246,3.676560
ls2_1502,LS2,vocal,0.517241,12,0,1.945366,-0.634035,1.311331,2.793053,-0.529124,2.263928
ls2_1503,LS2,vocal,0.465517,12,0.0172414,1.581094,-0.038728,1.542366,2.430050,0.048141,2.478191
ls2_1504,LS2,vocal,0.345679,12,0.0123457,0.737121,-0.207766,0.529355,1.589018,-0.115773,1.473245
ls2_1505,LS2,vocal,0.352941,12,0,0.788265,-0.634035,0.154230,1.639984,-0.529124,1.110860
ls2_1506,LS2,vocal,0.192308,12,0.0384615,-0.343012,0.693958,0.350946,0.512649,0.758622,1.271271
ls2_1507,LS2,vocal,0.37931,12,0,0.973973,-0.634035,0.339937,1.825045,-0.529124,1.295921
ls2_1508,LS2,vocal,0.408163,12,0,1.177172,-0.634035,0.543137,2.027536,-0.529124,1.498412
ls2_1509,LS2,vocal,0.0769231,16,0.0384615,-2.217781,0.693958,-1.523823,-1.238533,0.758622,-0.479911
ls2_1510,LS2,vocal,0.1,16,0.0666667,-2.055259,1.667820,-0.387439,-1.076578,1.702969,0.626391
ls2_1511,LS2,vocal,0.316667,12,0,0.532799,-0.634035,-0.101237,1.385408,-0.529124,0.856284
ls2_1512,LS2,vocal,0.265306,12,0,0.171087,-0.634035,-0.462949,1.024956,-0.529124,0.495832
ls2_1513,LS2,vocal,0.345455,14,0,0.204460,-0.634035,-0.429576,1.116739,-0.529124,0.587615
ls2_1514,LS2,vocal,0.205882,14,0,-0.778492,-0.634035,-1.412527,0.137214,-0.529124,-0.391910
ls2_1515,LS2,vocal,0.275362,15,0.0434783,-0.554712,0.867175,0.312462,0.389476,0.926589,1.316065
ls2_1516,LS2,vocal,0.172414,17,0.0344828,-1.810818,0.556579,-1.254238,-0.803725,0.625407,-0.178319
ls2_1517,LS2,vocal,0.322581,17,0,-0.753253,-0.634035,-1.387288,0.250154,-0.529124,-0.278970
ls2_1518,LS2,vocal,0.205882,14,0,-0.778492,-0.634035,-1.412527,0.137214,-0.529124,-0.391910
ls2_1519,LS2,vocal,0.185185,13,0.037037,-0.658713,0.644773,-0.013940,0.227311,0.710928,0.938239
ls2_1520,LS2,vocal,0.12,15,0,-1.648867,-0.634035,-2.282902,-0.700865,-0.529124,-1.229989
ls2_1521,LS2,vocal,0.12,15,0,-1.648867,-0.634035,-2.282902,-0.700865,-0.529124,-1.229989
ls2_1522,LS2,vocal,0.37037,12,0.037037,0.911012,0.644773,1.555785,1.762303,0.710928,2.473231
ls2_1523,LS2,vocal,0.0666667,12,0.0333333,-1.227852,0.516892,-0.710959,-0.369107,0.586923,0.217816
ls2_1524,LS2,vocal,0.25,16,0.0714286,-0.998869,1.832238,0.833369,-0.023869,1.862404,1.838535
ls2_1525,LS2,vocal,0.0689655,14,0.0344828,-1.742742,0.556579,-1.186163,-0.823677,0.625407,-0.198270
ls2_1526,LS2,vocal,0.333333,12,0,0.650175,-0.634035,0.016140,1.502375,-0.529124,0.973251
ls2_1527,LS2,vocal,0.305556,14,0,-0.076533,-0.634035,-0.710568,0.836726,-0.529124,0.307602
ls2_1528,LS2,vocal,0.419355,14,0.0967742,0.724910,2.707367,3.432277,1.635376,2.711011,4.346387
ls2_1529,LS2,vocal,0.5,10,0,2.355022,-0.634035,1.720987,3.142755,-0.529124,2.613631
ls2_1530,LS2,vocal,0.0740741,12,0,-1.175684,-0.634035,-1.809720,-0.317121,-0.529124,-0.846245
ls2_1531,LS2,vocal,0.4,12,0.0363636,1.119682,0.621522,1.741204,1.970246,0.688381,2.658627
ls2_1532,LS2,vocal,0.518519,13,0,1.688820,-0.634035,1.054785,2.566664,-0.529124,2.037540
ls2_1533,LS2,vocal,0.419355,15,0.0322581,0.459370,0.479766,0.939135,1.400024,0.550921,1.950945
ls2_1534,LS2,vocal,0.395349,12,0.0232558,1.086926,0.168937,1.255863,1.937604,0.249513,2.187117
ls2_1535,LS2,vocal,0.265306,14,0,-0.359994,-0.634035,-0.994029,0.554253,-0.529124,0.025129
ls2_1536,LS2,vocal,0.333333,10,0.0666667,1.181256,1.667820,2.849075,1.973079,1.702969,3.676048
ls2_1537,LS2,vocal,0.407407,10,0,1.702930,-0.634035,1.068894,2.492935,-0.529124,1.963811
ls2_1538,LS2,vocal,0.290323,14,0.0322581,-0.183813,0.479766,0.295953,0.729820,0.550921,1.280741
ls2_1539,LS2,vocal,0.195652,12,0,-0.319458,-0.634035,-0.953494,0.536121,-0.529124,0.006997
ls2_1540,LS2,vocal,0.0645161,15,0,-2.039618,-0.634035,-2.673653,-1.090254,-0.529124,-1.619378
ls2_1541,LS2,vocal,0.292683,9,0,1.160511,-0.634035,0.526476,1.923143,-0.529124,1.394019
ls2_1542,LS2,vocal,0.375,14,0.03125,0.412536,0.444959,0.857496,1.324091,0.517170,1.841261
ls2_1543,LS2,vocal,0.0357143,10,0,-0.914756,-0.634035,-1.548792,-0.115629,-0.529124,-0.644753
ls2_1544,LS2,vocal,0.382979,12,0,0.999808,-0.634035,0.365772,1.850789,-0.529124,1.321665
ls2_1545,LS2,vocal,0.229167,17,0,-1.411130,-0.634035,-2.045165,-0.405431,-0.529124,-0.934555
ls2_1546,LS2,vocal,0.216216,10,0.0810811,0.356447,2.165518,2.521965,1.151144,2.185584,3.336728
ls2_1547,LS2,vocal,0.195122,19,0.0731707,-2.181974,1.892391,-0.289583,-1.115062,1.920734,0.805673
ls2_1548,LS2,vocal,0.162162,17,0.027027,-1.883016,0.299149,-1.583867,-0.875672,0.375779,-0.499893
ls2_1549,LS2,vocal,0.195122,19,0.0731707,-2.181974,1.892391,-0.289583,-1.115062,1.920734,0.805673
ls2_1550,LS2,vocal,0.0851064,12,0.0638298,-1.097988,1.569869,0.471881,-0.239696,1.607987,1.368291
ls2_1551,LS2,vocal,0.212121,12,0.0909091,-0.203473,2.504858,2.301385,0.651702,2.514640,3.166341
ls2_1552,LS2,vocal,0.25,13,0.025,-0.202248,0.229160,0.026912,0.682186,0.307911,0.990096
ls2_1553,LS2,vocal,0.333333,14,0.025641,0.119095,0.251294,0.370388,1.031672,0.329373,1.361045
ls2_1554,LS2,vocal,0.324324,8,0.0540541,1.648889,1.232334,2.881223,2.380556,1.280681,3.661237
ls2_1555,LS2,vocal,0.542857,12,0,2.125768,-0.634035,1.491732,2.972825,-0.529124,2.443701
ls2_1556,LS2,vocal,0.447368,9,0,2.249899,-0.634035,1.615864,3.008735,-0.529124,2.479611
ls2_1557,LS2,vocal,0.1,12,0,-0.993098,-0.634035,-1.627134,-0.135171,-0.529124,-0.664296
ls2_1558,LS2,vocal,0.1,12,0,-0.993098,-0.634035,-1.627134,-0.135171,-0.529124,-0.664296
ls2_1559,LS2,vocal,0.242424,12,0.0606061,0.009939,1.458560,1.468499,0.864370,1.500052,2.364422
ls2_1560,LS2,vocal,0.263158,12,0,0.155958,-0.634035,-0.478078,1.009880,-0.529124,0.480756
ls2_1561,LS2,vocal,0.181818,15,0.030303,-1.213506,0.412262,-0.801244,-0.267022,0.485464,0.218442
ls2_1562,LS2,vocal,0.171429,17,0,-1.817756,-0.634035,-2.451792,-0.810640,-0.529124,-1.339764
ls2_1563,LS2,vocal,0.105263,9,0.0263158,-0.159411,0.274592,0.115180,0.607821,0.351965,0.959786
ls2_1564,LS2,vocal,0.097561,10,0.0487805,-0.479195,1.050249,0.571054,0.318415,1.104115,1.422530
ls2_1565,LS2,vocal,0.516129,12,0,1.937532,-0.634035,1.303497,2.785246,-0.529124,2.256122
ls2_1566,LS2,vocal,0.413793,12,0,1.216821,-0.634035,0.582786,2.067047,-0.529124,1.537923
ls2_1567,LS2,vocal,0.275862,12,0,0.245428,-0.634035,-0.388607,1.099039,-0.529124,0.569915
ls2_1568,LS2,vocal,0.275862,12,0,0.245428,-0.634035,-0.388607,1.099039,-0.529124,0.569915
ls2_1569,LS2,vocal,0.352941,12,0.0882353,0.788265,2.412538,3.200803,1.639984,2.425117,4.065101
ls2_1570,LS2,vocal,0.274725,12,0,0.237422,-0.634035,-0.396613,1.091061,-0.529124,0.561937
ls2_1571,LS2,vocal,0.466667,12,0,1.589189,-0.634035,0.955153,2.438116,-0.529124,1.908992
ls2_1572,LS2,vocal,0.481481,12,0,1.693523,-0.634035,1.059488,2.542088,-0.529124,2.012963
ls2_1573,LS2,vocal,0.264151,14,0.0188679,-0.368129,0.017433,-0.350696,0.546146,0.102600,0.648746
ls2_1574,LS2,vocal,0.296296,12,0,0.389338,-0.634035,-0.244697,1.242447,-0.529124,0.713323
ls2_1575,LS2,vocal,0.3125,12,0,0.503454,-0.634035,-0.130581,1.356166,-0.529124,0.827042
ls2_1576,LS2,vocal,0.285714,12,0.0285714,0.314813,0.352474,0.667287,1.168182,0.427487,1.595669
ls2_1577,LS2,vocal,0.387097,12,0,1.028810,-0.634035,0.394774,1.879690,-0.529124,1.350566
ls2_1578,LS2,vocal,0.166667,12,0.0277778,-0.523592,0.325071,-0.198521,0.332699,0.400915,0.733614
ls2_1579,LS2,vocal,0.179487,12,0.0512821,-0.433302,1.136622,0.703321,0.422674,1.187871,1.610545
ls2_1580,LS2,vocal,0.105263,12,0.0526316,-0.956032,1.183219,0.227187,-0.098234,1.233055,1.134821
ls2_1581,LS2,vocal,0.03125,12,0.0625,-1.477277,1.523954,0.046677,-0.617663,1.563463,0.945801
ls2_1582,LS2,vocal,0.0606061,12,0.0606061,-1.270534,1.458560,0.188026,-0.411640,1.500052,1.088411
ls2_1583,LS2,vocal,0.0606061,12,0.0606061,-1.270534,1.458560,0.188026,-0.411640,1.500052,1.088411
ls2_1584,LS2,vocal,0.450549,14,0,0.944601,-0.634035,0.310566,1.854301,-0.529124,1.325177
ls2_1585,LS2,vocal,0.472222,14,0,1.097234,-0.634035,0.463198,2.006402,-0.529124,1.477278
ls2_1586,LS2,vocal,0.514286,12,0.0285714,1.924550,0.352474,2.277024,2.772310,0.427487,3.199797
ls2_1587,LS2,vocal,0.309524,14,0,-0.048586,-0.634035,-0.682622,0.864575,-0.529124,0.335451
ls2_1588,LS2,vocal,0.228571,14,0,-0.618701,-0.634035,-1.252737,0.296447,-0.529124,-0.232677
ls2_1589,LS2,vocal,0.428571,14,0,0.789819,-0.634035,0.155783,1.700058,-0.529124,1.170934
ls2_1590,LS2,vocal,0.111111,14,0.0277778,-1.445927,0.325071,-1.120857,-0.527896,0.400915,-0.126982
ls2_1591,LS2,vocal,0.324324,14,0.027027,0.055648,0.299149,0.354797,0.968446,0.375779,1.344225
ls2_1592,LS2,vocal,0.285714,14,0,-0.216267,-0.634035,-0.850303,0.697479,-0.529124,0.168355
ls2_1593,LS2,vocal,0.444444,14,0,0.901606,-0.634035,0.267570,1.811456,-0.529124,1.282332
ls2_1594,LS2,vocal,0.151515,16,0,-1.692458,-0.634035,-2.326494,-0.715042,-0.529124,-1.244166
ls2_1595,LS2,vocal,0.352941,17,0,-0.539436,-0.634035,-1.173471,0.463226,-0.529124,-0.065898
ls2_1596,LS2,vocal,0.16129,17,0.0322581,-1.889156,0.479766,-1.409390,-0.881791,0.550921,-0.330870
ls2_1597,LS2,vocal,0.315789,17,0.0263158,-0.801080,0.274592,-0.526489,0.202493,0.351965,0.554459
ls2_1598,LS2,vocal,0.294118,17,0.0294118,-0.953706,0.381489,-0.572217,0.050399,0.455623,0.506022
ls2_1599,LS2,vocal,0.224138,17,0,-1.446545,-0.634035,-2.080581,-0.440723,-0.529124,-0.969847
ls2_1600,LS2,vocal,0.16129,17,0,-1.889156,-0.634035,-2.523191,-0.881791,-0.529124,-1.410915
ls2_1601,LS2,vocal,0.15625,17,0.03125,-1.924653,0.444959,-1.479694,-0.917164,0.517170,-0.399994
ls2_1602,LS2,vocal,0.419355,17,0.0322581,-0.071711,0.479766,0.408055,0.929321,0.550921,1.480242
ls2_1603,LS2,vocal,0.393939,10,0.030303,1.608080,0.412262,2.020342,2.398415,0.485464,2.883879
ls2_1604,LS2,vocal,0.3,10,0,0.946502,-0.634035,0.312467,1.739143,-0.529124,1.210019
ls2_1605,LS2,vocal,0.235294,13,0.0294118,-0.305816,0.381489,0.075673,0.578979,0.455623,1.034602
ls2_1606,LS2,vocal,0.195652,13,0.0217391,-0.584998,0.116570,-0.468429,0.300769,0.198732,0.499502
ls2_1607,LS2,vocal,0.0689655,13,0,-1.477202,-0.634035,-2.111237,-0.588325,-0.529124,-1.117449
ls2_1608,LS2,vocal,0.0606061,13,0,-1.536074,-0.634035,-2.170110,-0.646992,-0.529124,-1.176116
ls2_1609,LS2,vocal,0.27027,13,0,-0.059493,-0.634035,-0.693528,0.824443,-0.529124,0.295319
ls2_1610,LS2,vocal,0.0606061,13,0,-1.536074,-0.634035,-2.170110,-0.646992,-0.529124,-1.176116
ls2_1611,LS2,vocal,0.448276,13,0.0344828,1.194129,0.556579,1.750709,2.073697,0.625407,2.699104
ls2_1612,LS2,vocal,0.333333,13,0.030303,0.384635,0.412262,0.796897,1.267024,0.485464,1.752487
ls2_1613,LS2,vocal,0.470588,9,0,2.413427,-0.634035,1.779392,3.171693,-0.529124,2.642569
ls2_1614,LS2,vocal,0.488372,9,0,2.538672,-0.634035,1.904636,3.296501,-0.529124,2.767377
ls2_1615,LS2,vocal,0.451613,12,0,1.483171,-0.634035,0.849135,2.332468,-0.529124,1.803344
ls2_1616,LS2,vocal,0.225352,12,0.0422535,-0.110293,0.824887,0.714594,0.744557,0.885583,1.630140
ls2_1617,LS2,vocal,0.142857,13,0.0357143,-0.956813,0.599101,-0.357711,-0.069749,0.666640,0.596891
ls2_1618,LS2,vocal,0.322581,12,0.0322581,0.574448,0.479766,1.054214,1.426912,0.550921,1.977833
ls2_1619,LS2,vocal,0.375,12,0,0.943617,-0.634035,0.309581,1.794794,-0.529124,1.265670
ls2_1620,LS2,vocal,0.419355,12,0,1.255990,-0.634035,0.621955,2.106079,-0.529124,1.576955
ls2_1621,LS2,vocal,0.40625,12,0.03125,1.163698,0.444959,1.608657,2.014109,0.517170,2.531278
ls2_1622,LS2,vocal,0.236842,16,0,-1.091535,-0.634035,-1.725570,-0.116212,-0.529124,-0.645336
ls2_1623,LS2,vocal,0.16,17,0.08,-1.898243,2.128191,0.229948,-0.890846,2.149388,1.258542
ls2_1624,LS2,vocal,0.483871,13,0.0322581,1.444811,0.479766,1.924577,2.323505,0.550921,2.874426
ls2_1625,LS2,vocal,0.32,13,0.04,0.290734,0.747078,1.037811,1.173450,0.810132,1.983581
ls2_1626,LS2,vocal,0.342105,15,0.0263158,-0.084668,0.274592,0.189923,0.857882,0.351965,1.209848
ls2_1627,LS2,vocal,0.527778,14,0,1.488489,-0.634035,0.854454,2.396294,-0.529124,1.867170
ls2_1628,LS2,vocal,0.172414,14,0,-1.014197,-0.634035,-1.648233,-0.097671,-0.529124,-0.626795
ls2_1629,LS2,vocal,0.296296,14,0.037037,-0.141742,0.644773,0.503031,0.771744,0.710928,1.482672
ls2_1630,LS2,vocal,0.439024,14,0.0243902,0.863435,0.208107,1.071541,1.773418,0.287495,2.060913
ls2_1631,LS2,vocal,0.172414,16,0.0344828,-1.545278,0.556579,-0.988698,-0.568374,0.625407,0.057033
ls2_1632,LS2,vocal,0.424242,10,0,1.821492,-0.634035,1.187457,2.611084,-0.529124,2.081960
ls2_1633,LS2,vocal,0.40625,12,0,1.163698,-0.634035,0.529663,2.014109,-0.529124,1.484985
ls2_1634,LS2,vocal,0.53125,12,0.03125,2.044023,0.444959,2.488982,2.891366,0.517170,3.408535
ls2_1635,LS2,vocal,0.222222,12,0.037037,-0.132336,0.644773,0.512437,0.722591,0.710928,1.433519
ls2_1636,LS2,vocal,0.46875,12,0.03125,1.603861,0.444959,2.048820,2.452737,0.517170,2.969907
ls2_1637,LS2,vocal,0.5,12,0,1.823942,-0.634035,1.189906,2.672052,-0.529124,2.142927
ls2_1638,LS2,vocal,0.424242,12,0,1.290412,-0.634035,0.656376,2.140381,-0.529124,1.611256
ls2_1639,LS2,vocal,0.465116,12,0,1.578270,-0.634035,0.944234,2.427236,-0.529124,1.898112
ls2_1640,LS2,vocal,0.276596,12,0.0425532,0.250595,0.835234,1.085829,1.104188,0.895616,1.999804
ls2_1641,LS2,vocal,0.3,12,0.0333333,0.415422,0.516892,0.932314,1.268440,0.586923,1.855363
ls2_1642,LS2,vocal,0.266667,12,0.0333333,0.180668,0.516892,0.697561,1.034505,0.586923,1.621427
ls2_1643,LS2,vocal,0.309524,12,0.047619,0.482494,1.010147,1.492641,1.335279,1.065228,2.400507
ls2_1644,LS2,vocal,0.241379,12,0.0344828,0.002580,0.556579,0.559159,0.857037,0.625407,1.482444
ls2_1645,LS2,vocal,0.322581,12,0,0.574448,-0.634035,-0.059587,1.426912,-0.529124,0.897788
ls2_1646,LS2,vocal,0.558824,12,0,2.238212,-0.634035,1.604177,3.084878,-0.529124,2.555754
ls2_1647,LS2,vocal,0.193548,12,0,-0.334274,-0.634035,-0.968310,0.521357,-0.529124,-0.007768
ls2_1648,LS2,vocal,0.388889,12,0,1.041431,-0.634035,0.407395,1.892267,-0.529124,1.363143
ls2_1649,LS2,vocal,0.28,12,0,0.274570,-0.634035,-0.359466,1.128079,-0.529124,0.598955
ls2_1650,LS2,vocal,0.258065,13,0.0645161,-0.145453,1.593566,1.448113,0.738783,1.630966,2.369749
ls2_1651,LS2,vocal,0.0333333,13,0.0666667,-1.728145,1.667820,-0.060325,-0.838394,1.702969,0.864576
ls2_1652,LS2,vocal,0.142857,15,0.0357143,-1.487893,0.599101,-0.888792,-0.540452,0.666640,0.126188
ls2_1653,LS2,vocal,0.505747,15,0,1.067796,-0.634035,0.433761,2.006330,-0.529124,1.477206
ls2_1654,LS2,vocal,0.454545,15,0,0.707203,-0.634035,0.073168,1.646994,-0.529124,1.117870
ls2_1655,LS2,vocal,0.367816,15,0,0.096403,-0.634035,-0.537633,1.038322,-0.529124,0.509198
ls2_1656,LS2,vocal,0.25641,17,0.025641,-1.219264,0.251294,-0.967971,-0.214233,0.329373,0.115140
ls2_1657,LS2,vocal,0.25,17,0.0277778,-1.264409,0.325071,-0.939338,-0.259221,0.400915,0.141694
ls2_1658,LS2,vocal,0.0277778,17,0,-2.829431,-0.634035,-3.463467,-1.818789,-0.529124,-2.347913
ls2_1659,LS2,vocal,0.225806,8,0,0.955067,-0.634035,0.321032,1.689152,-0.529124,1.160028
ls2_1660,LS2,vocal,0.694444,8,0,4.255497,-0.634035,3.621462,4.978080,-0.529124,4.448956
ls2_1661,LS2,vocal,0.436364,8,0,2.437937,-0.634035,1.803902,3.166854,-0.529124,2.637730
ls2_1662,LS2,vocal,0.5,9,0,2.620562,-0.634035,1.986527,3.378106,-0.529124,2.848982
ls2_1663,LS2,vocal,0.549296,9,0,2.967733,-0.634035,2.333697,3.724067,-0.529124,3.194943
ls2_1664,LS2,vocal,0.432432,9,0,2.144711,-0.634035,1.510676,2.903913,-0.529124,2.374789
ls2_1665,LS2,vocal,0.486486,11,0.027027,1.994312,0.299149,2.293461,2.812565,0.375779,3.188343
ls2_1666,LS2,vocal,0.527778,7,0.0277778,3.347271,0.325071,3.672342,4.043756,0.400915,4.444671
ls2_1667,LS2,vocal,0.457143,7,0,2.849817,-0.634035,2.215782,3.548036,-0.529124,3.018912
ls2_1668,LS2,vocal,0.125,12,0,-0.817033,-0.634035,-1.451069,0.040280,-0.529124,-0.488844
ls2_1669,LS2,vocal,0.290909,12,0,0.351398,-0.634035,-0.282637,1.204640,-0.529124,0.675515
ls2_1670,LS2,vocal,0.153846,12,0.0153846,-0.613881,-0.102838,-0.716719,0.242724,-0.014026,0.228698
ls2_1671,LS2,vocal,0.323529,15,0.0294118,-0.215491,0.381489,0.165998,0.727516,0.455623,1.183139
ls2_1672,LS2,vocal,0.40625,15,0.03125,0.367078,0.444959,0.812037,1.308054,0.517170,1.825223
ls2_1673,LS2,vocal,0.451613,14,0,0.952090,-0.634035,0.318055,1.861765,-0.529124,1.332641
ls2_1674,LS2,vocal,0.0888889,12,0.0222222,-1.071349,0.133250,-0.938100,-0.213150,0.214907,0.001757
ls2_1675,LS2,vocal,0.3125,13,0,0.237914,-0.634035,-0.396121,1.120814,-0.529124,0.591690
ls2_1676,LS2,vocal,0.454545,12,0.030303,1.503824,0.412262,1.916086,2.353049,0.485464,2.838513
ls2_1677,LS2,vocal,0.605263,12,0,2.565268,-0.634035,1.931233,3.410794,-0.529124,2.881670
ls2_1678,LS2,vocal,0.37931,10,0,1.505053,-0.634035,0.871018,2.295748,-0.529124,1.766624
ls2_1679,LS2,vocal,0.413793,10,0,1.747902,-0.634035,1.113866,2.537750,-0.529124,2.008626
ls2_1680,LS2,vocal,0.121951,15,0.0731707,-1.635125,1.892391,0.257266,-0.687171,1.920734,1.233563
ls2_1681,LS2,vocal,0.125,12,0,-0.817033,-0.634035,-1.451069,0.040280,-0.529124,-0.488844
ls2_1682,LS2,vocal,0.393443,15,0.0327869,0.276880,0.498025,0.774905,1.218171,0.568627,1.786798
ls2_1683,LS2,vocal,0.377049,13,0,0.692508,-0.634035,0.058473,1.573824,-0.529124,1.044700
ls2_1684,LS2,vocal,0.25,13,0,-0.202248,-0.634035,-0.836284,0.682186,-0.529124,0.153061
ls2_1685,LS2,vocal,0.207792,14,0,-0.765041,-0.634035,-1.399077,0.150617,-0.529124,-0.378507
ls2_1686,LS2,vocal,0.126984,15,0.047619,-1.599680,1.010147,-0.589533,-0.651850,1.065228,0.413378
ls2_1687,LS2,vocal,0.215385,14,0,-0.711571,-0.634035,-1.345606,0.203901,-0.529124,-0.325223
ls2_1688,LS2,vocal,0.485714,10,0,2.254414,-0.634035,1.620378,3.042497,-0.529124,2.513373
ls2_1689,LS2,vocal,0.413793,12,0.0344828,1.216821,0.556579,1.773401,2.067047,0.625407,2.692454
ls2_1690,LS2,vocal,0.37037,12,0,0.911012,-0.634035,0.276977,1.762303,-0.529124,1.233179
ls2_1691,LS2,vocal,0.375,12,0,0.943617,-0.634035,0.309581,1.794794,-0.529124,1.265670
ls2_1692,LS2,vocal,0.413793,12,0.0344828,1.216821,0.556579,1.773401,2.067047,0.625407,2.692454
ls2_1693,LS2,vocal,0.333333,12,0,0.650175,-0.634035,0.016140,1.502375,-0.529124,0.973251
ls2_1694,LS2,vocal,0.289157,12,0,0.339056,-0.634035,-0.294979,1.192341,-0.529124,0.663217
ls2_1695,LS2,vocal,0.36,12,0.04,0.837978,0.747078,1.585056,1.689523,0.810132,2.499655
ls2_1696,LS2,vocal,0.636364,12,0,2.784296,-0.634035,2.150261,3.629059,-0.529124,3.099935
ls2_1697,LS2,vocal,0.407407,12,0,1.171849,-0.634035,0.537814,2.022231,-0.529124,1.493107
ls2_1698,LS2,vocal,0.407407,12,0,1.171849,-0.634035,0.537814,2.022231,-0.529124,1.493107
ls2_1699,LS2,vocal,0.280899,14,0,-0.250180,-0.634035,-0.884216,0.663684,-0.529124,0.134560
ls2_1700,LS2,vocal,0.5,14,0,1.292861,-0.634035,0.658826,2.201348,-0.529124,1.672224
ls2_1701,LS2,vocal,0.35,14,0.025,0.236471,0.229160,0.465632,1.148640,0.307911,1.456551
ls2_1702,LS2,vocal,0.333333,14,0.025641,0.119095,0.251294,0.370388,1.031672,0.329373,1.361045
ls2_1703,LS2,vocal,0.236842,14,0,-0.560454,-0.634035,-1.194490,0.354491,-0.529124,-0.174633
ls2_1704,LS2,vocal,0.0487805,14,0,-1.884897,-0.634035,-2.518933,-0.965336,-0.529124,-1.494460
ls2_1705,LS2,vocal,0.233333,14,0,-0.585165,-0.634035,-1.219201,0.329866,-0.529124,-0.199258
ls2_1706,LS2,vocal,0.266667,14,0.0666667,-0.350412,1.667820,1.317408,0.563802,1.702969,2.266771
ls2_1707,LS2,vocal,0.333333,14,0,0.119095,-0.634035,-0.514941,1.031672,-0.529124,0.502548
ls2_1708,LS2,vocal,0.037037,14,0.037037,-1.967602,0.644773,-1.322828,-1.047752,0.710928,-0.336825
ls2_1709,LS2,vocal,0.393939,14,0.030303,0.545919,0.412262,0.958181,1.457009,0.485464,1.942473
ls2_1710,LS2,vocal,0.25,14,0.0277778,-0.467789,0.325071,-0.142718,0.446834,0.400915,0.847749
ls2_1711,LS2,vocal,0.28125,14,0,-0.247707,-0.634035,-0.881743,0.666148,-0.529124,0.137024
ls2_1712,LS2,vocal,0.15,16,0.025,-1.703129,0.229160,-1.473969,-0.725675,0.307911,-0.417764
ls2_1713,LS2,vocal,0.125,16,0.025,-1.879194,0.229160,-1.650034,-0.901127,0.307911,-0.593216
ls2_1714,LS2,vocal,0.133333,17,0,-2.086046,-0.634035,-2.720081,-1.077994,-0.529124,-1.607118
ls2_1715,LS2,vocal,0.413043,17,0,-0.116159,-0.634035,-0.750195,0.885027,-0.529124,0.355903
ls2_1716,LS2,vocal,0.465753,17,0.0410959,0.255056,0.784916,1.039972,1.254949,0.846824,2.101773
ls2_1717,LS2,vocal,0.0714286,17,0,-2.522016,-0.634035,-3.156052,-1.512446,-0.529124,-2.041570
ls2_1718,LS2,vocal,0.485714,12,0.0857143,1.723333,2.325493,4.048826,2.571794,2.340710,4.912504
ls2_1719,LS2,vocal,0.4,10,0,1.650762,-0.634035,1.016727,2.440949,-0.529124,1.911825
ls2_1720,LS2,vocal,0.135135,12,0.0540541,-0.745655,1.232334,0.486678,0.111409,1.280681,1.392090
ls2_1721,LS2,vocal,0.363636,13,0.0909091,0.598047,2.504858,3.102905,1.479692,2.514640,3.994332
ls2_1722,LS2,vocal,0.333333,13,0,0.384635,-0.634035,-0.249400,1.267024,-0.529124,0.737900
ls2_1723,LS2,vocal,0.2,15,0.0857143,-1.085459,2.325493,1.240034,-0.139421,2.340710,2.201290
ls2_1724,LS2,vocal,0.454545,9,0,2.300444,-0.634035,1.666409,3.059104,-0.529124,2.529980
ls2_1725,LS2,vocal,0.4,12,0,1.119682,-0.634035,0.485646,1.970246,-0.529124,1.441122
ls2_1726,LS2,vocal,0.0810811,12,0.027027,-1.126337,0.299149,-0.827187,-0.267945,0.375779,0.107833
ls2_1727,LS2,vocal,0.258065,12,0,0.120087,-0.634035,-0.513948,0.974134,-0.529124,0.445010
ls2_1728,LS2,vocal,0.184211,14,0.0263158,-0.931118,0.274592,-0.656526,-0.014880,0.351965,0.337085
ls2_1729,LS2,vocal,0.131579,14,0.0263158,-1.301781,0.274592,-1.027189,-0.384252,0.351965,-0.032286
ls2_1730,LS2,vocal,0.282051,15,0,-0.507604,-0.634035,-1.141640,0.436420,-0.529124,-0.092704
ls2_1731,LS2,vocal,0.464286,13,0.0357143,1.306880,0.599101,1.905982,2.186055,0.666640,2.852695
ls2_1732,LS2,vocal,0.4,15,0.0333333,0.323061,0.516892,0.839953,1.264191,0.586923,1.851113
ls2_1733,LS2,vocal,0.4,15,0.08,0.323061,2.128191,2.451252,1.264191,2.149388,3.413579
ls2_1734,LS2,vocal,0.355556,17,0.0444444,-0.521024,0.900535,0.379511,0.481574,0.958938,1.440512
ls2_1735,LS2,vocal,0.325,14,0.025,0.060406,0.229160,0.289567,0.973188,0.307911,1.281099
ls2_1736,LS2,vocal,0.230769,16,0.0384615,-1.134304,0.693958,-0.440346,-0.158832,0.758622,0.599790
ls2_1737,LS2,vocal,0.481481,12,0,1.693523,-0.634035,1.059488,2.542088,-0.529124,2.012963
ls2_1738,LS2,vocal,0.428571,12,0,1.320899,-0.634035,0.686864,2.170762,-0.529124,1.641638
ls2_1739,LS2,vocal,0.205128,14,0.025641,-0.783803,0.251294,-0.532509,0.131921,0.329373,0.461294
ls2_1740,LS2,vocal,0.333333,14,0.0909091,0.119095,2.504858,2.623953,1.031672,2.514640,3.546312
ls2_1741,LS2,vocal,0.16129,14,0.0322581,-1.092535,0.479766,-0.612770,-0.175736,0.550921,0.375185
ls2_1742,LS2,vocal,0.4375,9,0.03125,2.180400,0.444959,2.625359,2.939478,0.517170,3.456648
ls2_1743,LS2,vocal,0.56,9,0.04,3.043118,0.747078,3.790196,3.799190,0.810132,4.609322
ls2_1744,LS2,vocal,0.36,8,0,1.900139,-0.634035,1.266103,2.630930,-0.529124,2.101806
ls2_1745,LS2,vocal,0.2,8,0.0333333,0.773323,0.516892,1.290215,1.508041,0.586923,2.094963
ls2_1746,LS2,vocal,0.428571,8,0.107143,2.383060,3.065375,5.448435,3.112168,3.058169,6.170337
ls2_1747,LS2,vocal,0.297297,10,0.027027,0.927468,0.299149,1.226617,1.720176,0.375779,2.095954
ls2_1748,LS2,vocal,0.4375,10,0.03125,1.914860,0.444959,2.359819,2.704126,0.517170,3.221296
ls2_1749,LS2,vocal,0.290323,10,0.0322581,0.878348,0.479766,1.358114,1.671227,0.550921,2.222148
ls2_1750,LS2,vocal,0.424242,10,0,1.821492,-0.634035,1.187457,2.611084,-0.529124,2.081960
ls2_1751,LS2,vocal,0.166667,10,0,0.007489,-0.634035,-0.626547,0.803402,-0.529124,0.274278
ls2_1752,LS2,vocal,0.3125,10,0.03125,1.034535,0.444959,1.479494,1.826869,0.517170,2.344039
ls2_1753,LS2,vocal,0.40625,12,0,1.163698,-0.634035,0.529663,2.014109,-0.529124,1.484985
ls2_1754,LS2,vocal,0.210526,12,0,-0.214706,-0.634035,-0.848741,0.640509,-0.529124,0.111385
ls2_1755,LS2,vocal,0.444444,12,0,1.432686,-0.634035,0.798651,2.282159,-0.529124,1.753035
ls2_1756,LS2,vocal,0.451613,12,0,1.483171,-0.634035,0.849135,2.332468,-0.529124,1.803344
ls2_1757,LS2,vocal,0.25,12,0,0.063292,-0.634035,-0.570744,0.917537,-0.529124,0.388413
ls2_1758,LS2,vocal,0.507692,12,0,1.878116,-0.634035,1.244080,2.726037,-0.529124,2.196913
ls2_1759,LS2,vocal,0.205882,12,0,-0.247411,-0.634035,-0.881447,0.607917,-0.529124,0.078793
ls2_1760,LS2,vocal,0.333333,12,0,0.650175,-0.634035,0.016140,1.502375,-0.529124,0.973251
ls2_1761,LS2,vocal,0.114286,12,0.0571429,-0.892490,1.338983,0.446494,-0.034913,1.384099,1.349185
ls2_1762,LS2,vocal,0.445946,12,0.0135135,1.443261,-0.167443,1.275818,2.292697,-0.076673,2.216024
ls2_1763,LS2,vocal,0.285714,12,0,0.314813,-0.634035,-0.319222,1.168182,-0.529124,0.639058
ls2_1764,LS2,vocal,0.28,13,0.04,0.009030,0.747078,0.756107,0.892727,0.810132,1.702859
ls2_1765,LS2,vocal,0.4375,13,0,1.118239,-0.634035,0.484204,1.998071,-0.529124,1.468947
ls2_1766,LS2,vocal,0.403226,15,0,0.345779,-0.634035,-0.288256,1.286830,-0.529124,0.757706
ls2_1767,LS2,vocal,0.117647,17,0.0294118,-2.196518,0.381489,-1.815029,-1.188082,0.455623,-0.732459
ls2_1768,LS2,vocal,0.297297,10,0,0.927468,-0.634035,0.293433,1.720176,-0.529124,1.191052
ls2_1769,LS2,vocal,0.441176,10,0.0294118,1.940752,0.381489,2.322241,2.729928,0.455623,3.185551
ls2_1770,LS2,vocal,0.2,12,0.0285714,-0.288838,0.352474,0.063636,0.566634,0.427487,0.994122
ls2_1771,LS2,vocal,0.184211,12,0.0526316,-0.400037,1.183219,0.783182,0.455823,1.233055,1.688878
ls2_1772,LS2,vocal,0.166667,14,0.0714286,-1.054672,1.832238,0.777566,-0.138004,1.862404,1.724400
ls2_1773,LS2,vocal,0.43662,8,0,2.439741,-0.634035,1.805705,3.168652,-0.529124,2.639528
ls2_1774,LS2,vocal,0.169492,8,0.0508475,0.558464,1.121617,1.680081,1.293931,1.173320,2.467251
ls2_1775,LS2,vocal,0.12,9,0,-0.055626,-0.634035,-0.689661,0.711245,-0.529124,0.182121
ls2_1776,LS2,vocal,0.413793,9,0,2.013442,-0.634035,1.379406,2.773102,-0.529124,2.243977
ls2_1777,LS2,vocal,0.268293,11,0.0487805,0.457660,1.050249,1.507909,1.281268,1.104115,2.385383
ls2_1778,LS2,vocal,0.216216,11,0.0810811,0.090906,2.165518,2.256425,0.915792,2.185584,3.101376
ls2_1779,LS2,vocal,0.246377,11,0.0434783,0.303315,0.867175,1.170490,1.127461,0.926589,2.054050
ls2_1780,LS2,vocal,0.448276,13,0,1.194129,-0.634035,0.560094,2.073697,-0.529124,1.544573
ls2_1781,LS2,vocal,0.259259,10,0,0.659581,-0.634035,0.025546,1.453222,-0.529124,0.924098
ls2_1782,LS2,vocal,0.296296,10,0.037037,0.920419,0.644773,1.565192,1.713151,0.710928,2.424078
ls2_1783,LS2,vocal,0.377778,12,0,0.963180,-0.634035,0.329144,1.814289,-0.529124,1.285165
ls2_1784,LS2,vocal,0.421053,12,0,1.267947,-0.634035,0.633912,2.117994,-0.529124,1.588870
ls2_1785,LS2,vocal,0.325581,12,0,0.595581,-0.634035,-0.038454,1.447972,-0.529124,0.918848
ls2_1786,LS2,vocal,0.176471,15,0.0294118,-1.251167,0.381489,-0.869678,-0.304551,0.455623,0.151072
ls2_1787,LS2,vocal,0.483871,13,0.0322581,1.444811,0.479766,1.924577,2.323505,0.550921,2.874426
ls2_1788,LS2,vocal,0.36,13,0.04,0.572438,0.747078,1.319515,1.454172,0.810132,2.264304
ls2_1789,LS2,vocal,0.306122,14,0,-0.072541,-0.634035,-0.706576,0.840704,-0.529124,0.311580
ls2_1790,LS2,vocal,0.21875,15,0.03125,-0.953410,0.444959,-0.508451,-0.007832,0.517170,0.509338
ls2_1791,LS2,vocal,0.137931,15,0.0344828,-1.522586,0.556579,-0.966006,-0.575024,0.625407,0.050383
ls2_1792,LS2,vocal,0.25641,17,0.025641,-1.219264,0.251294,-0.967971,-0.214233,0.329373,0.115140
ls2_1793,LS2,vocal,0.425,12,0.025,1.295747,0.229160,1.524907,2.145697,0.307911,2.453608
ls2_1794,LS2,vocal,0.0689655,15,0.0344828,-2.008282,0.556579,-1.451703,-1.059028,0.625407,-0.433621
ls2_1795,LS2,vocal,0.389831,16,0,-0.014099,-0.634035,-0.648134,0.957469,-0.529124,0.428345
ls2_1796,LS2,vocal,0.142857,12,0.0714286,-0.691272,1.832238,1.140966,0.165602,1.862404,2.028007
ls2_1797,LS2,vocal,0.0857143,12,0.0571429,-1.093707,1.338983,0.245277,-0.235429,1.384099,1.148669
ls2_1798,LS2,vocal,0.233333,14,0.0333333,-0.585165,0.516892,-0.068273,0.329866,0.586923,0.916789
ls2_1799,LS2,vocal,0.1875,12,0,-0.376871,-0.634035,-1.010906,0.478909,-0.529124,-0.050215
ls2_1800,LS2,vocal,0.184211,17,0.0263158,-1.727738,0.274592,-1.453146,-0.720935,0.351965,-0.368970
ls2_1801,LS2,vocal,0.333333,13,0,0.384635,-0.634035,-0.249400,1.267024,-0.529124,0.737900
ls2_1802,LS2,vocal,0.447368,13,0.0263158,1.187739,0.274592,1.462330,2.067328,0.351965,2.419294
ls2_1803,LS2,vocal,0.455696,13,0.0379747,1.246388,0.677148,1.923536,2.125773,0.742321,2.868095
ls2_1804,LS2,vocal,0.513514,12,0.0540541,1.919112,1.232334,3.151446,2.766890,1.280681,4.047571
ls2_1805,LS2,vocal,0.166667,12,0.0333333,-0.523592,0.516892,-0.006699,0.332699,0.586923,0.919622
ls2_1806,LS2,vocal,0.0810811,12,0.027027,-1.126337,0.299149,-0.827187,-0.267945,0.375779,0.107833
ls2_1807,LS2,vocal,0.138889,12,0,-0.719219,-0.634035,-1.353255,0.137753,-0.529124,-0.391371
ls2_1808,LS2,vocal,0.3,14,0.06,-0.115659,1.437634,1.321976,0.797737,1.479760,2.277497
ls2_1809,LS2,vocal,0.214286,13,0.0357143,-0.453770,0.599101,0.145332,0.431541,0.666640,1.098181
ls2_1810,LS2,vocal,0.213115,13,0.0491803,-0.462016,1.064055,0.602038,0.423323,1.117502,1.540825
ls2_1811,LS2,vocal,0.047619,17,0.047619,-2.689697,1.010147,-1.679550,-1.679542,1.065228,-0.614314
ls2_1812,LS2,vocal,0.448276,14,0,0.928589,-0.634035,0.294554,1.838345,-0.529124,1.309221
ls2_1813,LS2,vocal,0.361111,15,0.0555556,0.049182,1.284177,1.333360,0.991266,1.330954,2.322220
ls2_1814,LS2,vocal,0.222222,15,0.0277778,-0.928957,0.325071,-0.603886,0.016536,0.400915,0.417451
ls2_1815,LS2,vocal,0.446429,14,0.0357143,0.915579,0.599101,1.514681,1.825381,0.666640,2.492021
ls2_1816,LS2,vocal,0.347826,12,0.0434783,0.752242,0.867175,1.619416,1.604086,0.926589,2.530675
ls2_1817,LS2,vocal,0.366667,16,0,-0.177232,-0.634035,-0.811268,0.794904,-0.529124,0.265780
ls2_1818,LS2,vocal,0.259259,12,0.037037,0.128501,0.644773,0.773274,0.982519,0.710928,1.693447
ls2_1819,LS2,vocal,0.490566,12,0,1.757502,-0.634035,1.123467,2.605843,-0.529124,2.076719
ls2_1820,LS2,vocal,0.323529,14,0,0.050050,-0.634035,-0.583986,0.962868,-0.529124,0.433743
ls2_1821,LS2,vocal,0.344828,14,0.0344828,0.200044,0.556579,0.756624,1.112339,0.625407,1.737746
ls2_1822,LS2,vocal,0.28,14,0,-0.256511,-0.634035,-0.890546,0.657376,-0.529124,0.128252
ls2_1823,LS2,vocal,0.361111,16,0,-0.216358,-0.634035,-0.850393,0.755915,-0.529124,0.226791
ls2_1824,LS2,vocal,0.382353,14,0.0294118,0.464320,0.381489,0.845809,1.375694,0.455623,1.831317
ls2_1825,LS2,vocal,0.419355,14,0.0322581,0.724910,0.479766,1.204675,1.635376,0.550921,2.186297
ls2_1826,LS2,vocal,0.258065,15,0,-0.676534,-0.634035,-1.310569,0.268079,-0.529124,-0.261045
ls2_1827,LS2,vocal,0.233333,12,0.1,-0.054085,2.818748,2.764663,0.800570,2.819016,3.619585
ls2_1828,LS2,vocal,0.346154,15,0.0384615,-0.056156,0.693958,0.637802,0.886295,0.758622,1.644918
ls2_1829,LS2,vocal,0.16,15,0.04,-1.367163,0.747078,-0.620085,-0.420143,0.810132,0.389989
ls2_1830,LS2,vocal,0.5,12,0.0882353,1.823942,2.412538,4.236480,2.672052,2.425117,5.097169
ls2_1831,LS2,vocal,0.344828,12,0,0.731125,-0.634035,0.097089,1.583043,-0.529124,1.053919
ls2_1832,LS2,vocal,0.459016,13,0,1.269771,-0.634035,0.635735,2.149075,-0.529124,1.619951
ls2_1833,LS2,vocal,0.290323,15,0.0322581,-0.449353,0.479766,0.030413,0.494468,0.550921,1.045390
ls2_1834,LS2,vocal,0.333333,12,0,0.650175,-0.634035,0.016140,1.502375,-0.529124,0.973251
ls2_1835,LS2,vocal,0.423077,12,0.0384615,1.282203,0.693958,1.976161,2.132201,0.758622,2.890823
ls2_1836,LS2,vocal,0.150538,17,0.0322581,-1.964883,0.479766,-1.485117,-0.957254,0.550921,-0.406333
ls2_1837,LS2,vocal,0.472727,14,0.0545455,1.100791,1.249301,2.350091,2.009947,1.297134,3.307081
ls2_1838,LS2,vocal,0.166667,14,0.0333333,-1.054672,0.516892,-0.537780,-0.138004,0.586923,0.448918
ls2_1839,LS2,vocal,0.16129,17,0.0967742,-1.889156,2.707367,0.818211,-0.881791,2.711011,1.829221
ls2_1840,LS2,vocal,0.205128,12,0.0512821,-0.252722,1.136622,0.883900,0.602624,1.187871,1.790495
ls2_1841,LS2,vocal,0.2,15,0.04,-1.085459,0.747078,-0.338381,-0.139421,0.810132,0.670711
ls2_1842,LS2,vocal,0.135135,10,0.027027,-0.214575,0.299149,0.084574,0.582112,0.375779,0.957891
ls2_1843,LS2,vocal,0.104167,10,0.0416667,-0.432674,0.804624,0.371950,0.364774,0.865934,1.230708
ls2_1844,LS2,vocal,0.263158,13,0.0526316,-0.109583,1.183219,1.073636,0.774528,1.233055,2.007583
ls2_1845,LS2,vocal,0.152542,13,0.0338983,-0.888603,0.536399,-0.352204,-0.001778,0.605839,0.604061
ls2_1846,LS2,vocal,0.415094,13,0,0.960445,-0.634035,0.326410,1.840827,-0.529124,1.311703
ls2_1847,LS2,vocal,0.111111,13,0,-1.180387,-0.634035,-1.814423,-0.292545,-0.529124,-0.821669
ls2_1848,LS2,vocal,0.42623,9,0,2.101026,-0.634035,1.466991,2.860381,-0.529124,2.331257
ls2_1849,LS2,vocal,0.290323,9,0.0322581,1.143888,0.479766,1.623654,1.906578,0.550921,2.457499
ls2_1850,LS2,vocal,0.338462,10,0.0307692,1.217371,0.428359,1.645731,2.009069,0.501073,2.510141
ls2_1851,LS2,vocal,0.428571,12,0,1.320899,-0.634035,0.686864,2.170762,-0.529124,1.641638
ls2_1852,LS2,vocal,0.307692,12,0,0.469596,-0.634035,-0.164440,1.322425,-0.529124,0.793301
ls2_1853,LS2,vocal,0.189189,14,0.027027,-0.896055,0.299149,-0.596906,0.020060,0.375779,0.395839
ls2_1854,LS2,vocal,0.425,14,0.025,0.764666,0.229160,0.993827,1.674994,0.307911,1.982905
ls2_1855,LS2,vocal,0.37931,9,0.0344828,1.770593,0.556579,2.327173,2.531100,0.625407,3.156506
ls2_1856,LS2,vocal,0.352941,12,0,0.788265,-0.634035,0.154230,1.639984,-0.529124,1.110860
ls2_1857,LS2,vocal,0.368421,12,0,0.897284,-0.634035,0.263249,1.748623,-0.529124,1.219499
ls2_1858,LS2,vocal,0.3125,14,0.03125,-0.027626,0.444959,0.417333,0.885462,0.517170,1.402632
ls2_1859,LS2,vocal,0.296296,14,0,-0.141742,-0.634035,-0.775778,0.771744,-0.529124,0.242620
ls2_1860,LS2,vocal,0.323529,17,0,-0.746571,-0.634035,-1.380606,0.256813,-0.529124,-0.272311
ls2_1861,LS2,vocal,0.321429,13,0.0714286,0.300794,1.832238,2.133033,1.183475,1.862404,3.045880
ls2_1862,LS2,vocal,0.376812,12,0,0.956375,-0.634035,0.322340,1.807508,-0.529124,1.278384
ls2_1863,LS2,vocal,0.269841,12,0.0793651,0.203026,2.106269,2.309294,1.056784,2.128130,3.184914
ls2_1864,LS2,vocal,0.309091,13,0.0181818,0.213905,-0.006257,0.207649,1.096889,0.079629,1.176518
ls2_1865,LS2,vocal,0.388889,12,0.0277778,1.041431,0.325071,1.366502,1.892267,0.400915,2.293182
ls2_1866,LS2,vocal,0.176471,12,0.0294118,-0.454546,0.381489,-0.073057,0.401504,0.455623,0.857127
ls2_1867,LS2,vocal,0.352941,15,0,-0.008355,-0.634035,-0.642391,0.933929,-0.529124,0.404805
ls2_1868,LS2,vocal,0.192308,12,0,-0.343012,-0.634035,-0.977047,0.512649,-0.529124,-0.016475
ls2_1869,LS2,vocal,0.116279,13,0,-1.143991,-0.634035,-1.778027,-0.256276,-0.529124,-0.785400
ls2_1870,LS2,vocal,0.26087,13,0,-0.125698,-0.634035,-0.759734,0.758469,-0.529124,0.229345
ls2_1871,LS2,vocal,0.24,15,0,-0.803755,-0.634035,-1.437790,0.141302,-0.529124,-0.387822
ls2_1872,LS2,vocal,0.428571,15,0,0.524278,-0.634035,-0.109757,1.464707,-0.529124,0.935583
ls2_1873,LS2,vocal,0.346154,10,0.0769231,1.271545,2.021951,3.293497,2.063054,2.046368,4.109422
ls2_1874,LS2,vocal,0.255319,12,0,0.100752,-0.634035,-0.533283,0.954867,-0.529124,0.425743
ls2_1875,LS2,vocal,0.285714,12,0,0.314813,-0.634035,-0.319222,1.168182,-0.529124,0.639058
ls2_1876,LS2,vocal,0.25,12,0,0.063292,-0.634035,-0.570744,0.917537,-0.529124,0.388413
ls2_1877,LS2,vocal,0.533333,12,0,2.058695,-0.634035,1.424660,2.905987,-0.529124,2.376863
ls2_1878,LS2,vocal,0.194444,14,0.0555556,-0.859044,1.284177,0.425133,0.056942,1.330954,1.387895
ls2_1879,LS2,vocal,0.153846,14,0.0384615,-1.144962,0.693958,-0.451004,-0.227979,0.758622,0.530643
ls2_1880,LS2,vocal,0.555556,10,0,2.746278,-0.634035,2.112242,3.532647,-0.529124,3.003523
ls2_1881,LS2,vocal,0.0322581,14,0.0967742,-2.001258,2.707367,0.706109,-1.081292,2.711011,1.629720
ls2_1882,LS2,vocal,0.2625,16,0,-0.910836,-0.634035,-1.544872,0.063856,-0.529124,-0.465268
ls2_1883,LS2,vocal,0.451613,8,0.0322581,2.545332,0.479766,3.025097,3.273875,0.550921,3.824796
ls2_1884,LS2,vocal,0.26087,13,0,-0.125698,-0.634035,-0.759734,0.758469,-0.529124,0.229345
ls2_1885,LS2,vocal,0.1875,13,0,-0.642411,-0.634035,-1.276446,0.243557,-0.529124,-0.285567
ls2_1886,LS2,vocal,0.307692,10,0.115385,1.000676,3.349945,4.350621,1.793128,3.334114,5.127243
ls2_1887,LS2,vocal,0.333333,10,0.111111,1.181256,3.202390,4.383646,1.973079,3.191031,5.164110
ls2_1888,LS2,vocal,0.32,12,0.12,0.556274,3.509304,4.065578,1.408801,3.488644,4.897445
ls2_1889,LS2,vocal,0.176471,9,0.0294118,0.342074,0.381489,0.723563,1.107558,0.455623,1.563181
ls2_1890,LS2,vocal,0.354839,14,0,0.270549,-0.634035,-0.363487,1.182598,-0.529124,0.653474
ls2_1891,LS2,vocal,0.0789474,15,0.0789474,-1.937984,2.091846,0.153862,-0.988975,2.114144,1.125169
ls2_1892,LS2,vocal,0.08,12,0.12,-1.133950,3.509304,2.375354,-0.275533,3.488644,3.213111
ls2_1893,LS2,vocal,0.216216,10,0.0540541,0.356447,1.232334,1.588780,1.151144,1.280681,2.431825
ls2_1894,LS2,vocal,0.0882353,15,0.0882353,-1.872573,2.412538,0.539965,-0.923792,2.425117,1.501325
ls2_1895,LS2,vocal,0.030303,14,0,-2.015026,-0.634035,-2.649062,-1.095012,-0.529124,-1.624136
ls2_1896,LS2,vocal,0,14,0.103448,-2.228439,2.937809,0.709370,-1.307680,2.934469,1.626789
ls2_1897,LS2,vocal,0.475,9,0.025,2.444497,0.229160,2.673658,3.202655,0.307911,3.510566
ls2_1898,LS2,vocal,0.282051,15,0,-0.507604,-0.634035,-1.141640,0.436420,-0.529124,-0.092704
ls2_1899,LS2,vocal,0.362319,15,0.0434783,0.057688,0.867175,0.924862,0.999742,0.926589,1.926331
ls2_1900,LS2,vocal,0.264706,12,0,0.166859,-0.634035,-0.467176,1.020744,-0.529124,0.491620
ls2_1901,LS2,vocal,0.35,14,0,0.236471,-0.634035,-0.397564,1.148640,-0.529124,0.619516
ls2_1902,LS2,vocal,0.0615385,12,0.0153846,-1.263967,-0.102838,-1.366805,-0.405097,-0.014026,-0.419122
ls2_1903,LS2,vocal,0.357143,15,0,0.021236,-0.634035,-0.612800,0.963417,-0.529124,0.434293
ls2_1904,LS2,vocal,0.245283,13,0,-0.235468,-0.634035,-0.869504,0.649081,-0.529124,0.119957
ls2_1905,LS2,vocal,0.339623,13,0,0.428928,-0.634035,-0.205107,1.311162,-0.529124,0.782038
ls2_1906,LS2,vocal,0.176471,13,0.0392157,-0.720087,0.719997,-0.000090,0.166152,0.783872,0.950024
ls2_1907,LS2,vocal,0.236364,15,0,-0.829364,-0.634035,-1.463400,0.115781,-0.529124,-0.413343
ls2_1908,LS2,vocal,0.2,15,0.0363636,-1.085459,0.621522,-0.463937,-0.139421,0.688381,0.548961
ls2_1909,LS2,vocal,0.230769,10,0,0.458938,-0.634035,-0.175098,1.253278,-0.529124,0.724154
ls2_1910,LS2,vocal,0.266667,10,0,0.711749,-0.634035,0.077713,1.505208,-0.529124,0.976084
ls2_1911,LS2,vocal,0.230769,12,0.025641,-0.072143,0.251294,0.179151,0.782575,0.329373,1.111948
ls2_1912,LS2,vocal,0.140351,12,0.0350877,-0.708923,0.577467,-0.131456,0.148013,0.645662,0.793675
ls3_1913,LS3,vocal,0.210526,12,0.0263158,-0.214706,0.274592,0.059886,0.640509,0.351965,0.992474
ls3_1914,LS3,vocal,0.129032,12,0.0322581,-0.788636,0.479766,-0.308870,0.068579,0.550921,0.619500
ls3_1915,LS3,vocal,0.142857,12,0.0357143,-0.691272,0.599101,-0.092171,0.165602,0.666640,0.832243
ls3_1916,LS3,vocal,0.0877193,12,0.0526316,-1.079586,1.183219,0.103632,-0.221358,1.233055,1.011697
ls3_1917,LS3,vocal,0.438356,12,0,1.389809,-0.634035,0.755774,2.239432,-0.529124,1.710307
ls3_1918,LS3,vocal,0.356164,12,0.0410959,0.810965,0.784916,1.595882,1.662605,0.846824,2.509429
ls3_1919,LS3,vocal,0.166667,14,0,-1.054672,-0.634035,-1.688707,-0.138004,-0.529124,-0.667128
ls3_1920,LS3,vocal,0.483871,14,0.0322581,1.179271,0.479766,1.659037,2.088154,0.550921,2.639075
ls3_1921,LS3,vocal,0.229508,14,0.0491803,-0.612104,1.064055,0.451950,0.303021,1.117502,1.420523
ls3_1922,LS3,vocal,0.0740741,14,0.037037,-1.706765,0.644773,-1.061991,-0.787824,0.710928,-0.076897
ls3_1923,LS3,vocal,0.388889,14,0.0277778,0.510350,0.325071,0.835421,1.421564,0.400915,1.822479
ls3_1924,LS3,vocal,0.290323,14,0.0645161,-0.183813,1.593566,1.409754,0.729820,1.630966,2.360786
ls3_1925,LS3,vocal,0.0689655,14,0.0344828,-1.742742,0.556579,-1.186163,-0.823677,0.625407,-0.198270
ls3_1926,LS3,vocal,0.375,9,0.03125,1.740237,0.444959,2.185197,2.500849,0.517170,3.018019
ls3_1927,LS3,vocal,0.122807,17,0.0350877,-2.160178,0.577467,-1.582711,-1.151869,0.645662,-0.506207
ls3_1928,LS3,vocal,0.282609,14,0.0217391,-0.238139,0.116570,-0.121569,0.675684,0.198732,0.874416
ls3_1929,LS3,vocal,0.25,12,0.0357143,0.063292,0.599101,0.662393,0.917537,0.666640,1.584177
ls3_1930,LS3,vocal,0.326087,9,0,1.395762,-0.634035,0.761727,2.157575,-0.529124,1.628451
ls3_1931,LS3,vocal,0.185185,12,0.037037,-0.393173,0.644773,0.251600,0.462663,0.710928,1.173591
ls3_1932,LS3,vocal,0.057971,12,0.0434783,-1.289092,0.867175,-0.421917,-0.430133,0.926589,0.496456
ls3_1933,LS3,vocal,0.212121,12,0,-0.203473,-0.634035,-0.837509,0.651702,-0.529124,0.122578
ls3_1934,LS3,vocal,0.37037,14,0.037037,0.379932,0.644773,1.024705,1.291600,0.710928,2.002528
ls3_1935,LS3,vocal,0.0740741,14,0,-1.706765,-0.634035,-2.340800,-0.787824,-0.529124,-1.316948
ls3_1936,LS3,vocal,0,14,0,-2.228439,-0.634035,-2.862474,-1.307680,-0.529124,-1.836805
ls3_1937,LS3,vocal,0.428571,14,0.0357143,0.789819,0.599101,1.388920,1.700058,0.666640,2.366699
ls3_1938,LS3,vocal,0.147059,14,0,-1.192762,-0.634035,-1.826798,-0.275613,-0.529124,-0.804737
ls3_1939,LS3,vocal,0.405405,14,0,0.626670,-0.634035,-0.007366,1.537478,-0.529124,1.008354
ls3_1940,LS3,vocal,0.25,14,0.0454545,-0.467789,0.935411,0.467623,0.446834,0.992758,1.439592
ls3_1941,LS3,vocal,0.230769,14,0,-0.603223,-0.634035,-1.237259,0.311871,-0.529124,-0.217253
ls3_1942,LS3,vocal,0.264706,14,0,-0.364221,-0.634035,-0.998256,0.550041,-0.529124,0.020917
ls3_1943,LS3,vocal,0.189189,14,0,-0.896055,-0.634035,-1.530090,0.020060,-0.529124,-0.509064
ls3_1944,LS3,vocal,0.181818,16,0,-1.479046,-0.634035,-2.113082,-0.502373,-0.529124,-1.031497
ls3_1945,LS3,vocal,0.15,17,0.025,-1.968669,0.229160,-1.739509,-0.961027,0.307911,-0.653116
ls3_1946,LS3,vocal,0.0983607,9,0,-0.208023,-0.634035,-0.842058,0.559378,-0.529124,0.030254
ls3_1947,LS3,vocal,0.393443,9,0,1.870121,-0.634035,1.236086,2.630281,-0.529124,2.101157
ls3_1948,LS3,vocal,0.147059,13,0,-0.927222,-0.634035,-1.561257,-0.040262,-0.529124,-0.569386
ls3_1949,LS3,vocal,0.219512,12,0,-0.151422,-0.634035,-0.785457,0.703572,-0.529124,0.174448
ls3_1950,LS3,vocal,0.25,14,0,-0.467789,-0.634035,-1.101824,0.446834,-0.529124,-0.082290
ls3_1951,LS3,vocal,0.136364,16,0.0454545,-1.799164,0.935411,-0.863753,-0.821376,0.992758,0.171382
ls3_1952,LS3,vocal,0.3125,14,0.03125,-0.027626,0.444959,0.417333,0.885462,0.517170,1.402632
ls3_1953,LS3,vocal,0.323529,16,0,-0.481031,-0.634035,-1.115066,0.492164,-0.529124,-0.036960
ls3_1954,LS3,vocal,0.540541,16,0,1.047292,-0.634035,0.413256,2.015161,-0.529124,1.486037
ls3_1955,LS3,vocal,0.16129,15,0.0322581,-1.358076,0.479766,-0.878310,-0.411087,0.550921,0.139834
ls3_1956,LS3,vocal,0.387097,14,0,0.497729,-0.634035,-0.136306,1.408987,-0.529124,0.879863
ls3_1957,LS3,vocal,0.333333,14,0.030303,0.119095,0.412262,0.531357,1.031672,0.485464,1.517136
ls3_1958,LS3,vocal,0.257143,14,0.0285714,-0.417484,0.352474,-0.065010,0.496963,0.427487,0.924450
ls3_1959,LS3,vocal,0.4375,14,0,0.852699,-0.634035,0.218664,1.762720,-0.529124,1.233596
ls3_1960,LS3,vocal,0.027027,16,0,-2.569178,-0.634035,-3.203214,-1.588707,-0.529124,-2.117831
ls3_1961,LS3,vocal,0.426667,8,0,2.369645,-0.634035,1.735610,3.098801,-0.529124,2.569676
ls3_1962,LS3,vocal,0.355556,10,0,1.337758,-0.634035,0.703722,2.129035,-0.529124,1.599911
ls3_1963,LS3,vocal,0.317073,10,0,1.066742,-0.634035,0.432706,1.858964,-0.529124,1.329840
ls3_1964,LS3,vocal,0.28,10,0,0.805650,-0.634035,0.171615,1.598782,-0.529124,1.069658
ls3_1965,LS3,vocal,0.214286,10,0,0.342851,-0.634035,-0.291185,1.137596,-0.529124,0.608471
ls3_1966,LS3,vocal,0.321429,12,0.0714286,0.566335,1.832238,2.398573,1.418827,1.862404,3.281231
ls3_1967,LS3,vocal,0.171429,12,0.0571429,-0.490055,1.338983,0.848928,0.366118,1.384099,1.750217
ls3_1968,LS3,vocal,0.192308,12,0.0769231,-0.343012,2.021951,1.678939,0.512649,2.046368,2.559017
ls3_1969,LS3,vocal,0.0847458,12,0.0508475,-1.100528,1.121617,0.021089,-0.242227,1.173320,0.931093
ls3_1970,LS3,vocal,0.333333,12,0,0.650175,-0.634035,0.016140,1.502375,-0.529124,0.973251
ls3_1971,LS3,vocal,0.449275,12,0,1.466709,-0.634035,0.832673,2.316063,-0.529124,1.786939
ls3_1972,LS3,vocal,0.375,12,0,0.943617,-0.634035,0.309581,1.794794,-0.529124,1.265670
ls3_1973,LS3,vocal,0.421053,12,0,1.267947,-0.634035,0.633912,2.117994,-0.529124,1.588870
ls3_1974,LS3,vocal,0.384615,9,0,1.807955,-0.634035,1.173919,2.568331,-0.529124,2.039207
ls3_1975,LS3,vocal,0.344828,9,0,1.527745,-0.634035,0.893710,2.289098,-0.529124,1.759973
ls3_1976,LS3,vocal,0.285714,8,0,1.376974,-0.634035,0.742939,2.109589,-0.529124,1.580465
ls3_1977,LS3,vocal,0.103448,8,0,0.093347,-0.634035,-0.540688,0.830435,-0.529124,0.301311
ls3_1978,LS3,vocal,0.439024,7,0,2.722216,-0.634035,2.088181,3.420879,-0.529124,2.891755
ls3_1979,LS3,vocal,0.0740741,7,0,0.152017,-0.634035,-0.482019,0.859637,-0.529124,0.330513
ls3_1980,LS3,vocal,0.130435,7,0.0434783,0.548943,0.867175,1.416117,1.255180,0.926589,2.181769
ls3_1981,LS3,vocal,0.0357143,12,0.0714286,-1.445837,1.832238,0.386401,-0.586332,1.862404,1.276072
ls3_1982,LS3,vocal,0.0909091,12,0.0681818,-1.057122,1.720135,0.663013,-0.198972,1.753699,1.554727
ls3_1983,LS3,vocal,0.481481,8,0,2.755684,-0.634035,2.121649,3.483494,-0.529124,2.954370
ls3_1984,LS3,vocal,0.536585,10,0.0487805,2.612678,1.050249,3.662927,3.399513,1.104115,4.503628
ls3_1985,LS3,vocal,0.387097,12,0,1.028810,-0.634035,0.394774,1.879690,-0.529124,1.350566
ls3_1986,LS3,vocal,0.212121,12,0.030303,-0.203473,0.412262,0.208789,0.651702,0.485464,1.137165
ls3_1987,LS3,vocal,0.314286,8,0,1.578191,-0.634035,0.944156,2.310105,-0.529124,1.780981
ls3_1988,LS3,vocal,0.264706,12,0,0.166859,-0.634035,-0.467176,1.020744,-0.529124,0.491620
ls3_1989,LS3,vocal,0.0701754,12,0,-1.203141,-0.634035,-1.837176,-0.344482,-0.529124,-0.873606
ls3_1990,LS3,vocal,0.384615,8,0,2.073495,-0.634035,1.439460,2.803682,-0.529124,2.274558
ls3_1991,LS3,vocal,0.444444,10,0,1.963767,-0.634035,1.329731,2.752863,-0.529124,2.223739
ls3_1992,LS3,vocal,0.266667,14,0,-0.350412,-0.634035,-0.984447,0.563802,-0.529124,0.034677
ls3_1993,LS3,vocal,0.129032,16,0,-1.850796,-0.634035,-2.484832,-0.872828,-0.529124,-1.401952
ls3_1994,LS3,vocal,0.16129,15,0,-1.358076,-0.634035,-1.992111,-0.411087,-0.529124,-0.940211
ls3_1995,LS3,vocal,0.4375,12,0,1.383779,-0.634035,0.749744,2.233423,-0.529124,1.704299
ls3_1996,LS3,vocal,0.40625,12,0,1.163698,-0.634035,0.529663,2.014109,-0.529124,1.484985
ls3_1997,LS3,vocal,0.341463,14,0,0.176352,-0.634035,-0.457684,1.088729,-0.529124,0.559605
ls3_1998,LS3,vocal,0.311475,13,0.0491803,0.230698,1.064055,1.294753,1.113623,1.117502,2.231126
ls3_1999,LS3,vocal,0.261538,12,0.0461538,0.144553,0.959557,1.104109,0.998515,1.016171,2.014686
ls3_2000,LS3,vocal,0.279412,12,0.0441176,0.270427,0.889251,1.159678,1.123951,0.947996,2.071947
ls3_2001,LS3,vocal,0.314286,14,0,-0.015050,-0.634035,-0.649085,0.897995,-0.529124,0.368871
ls3_2002,LS3,vocal,0.457143,10,0,2.053197,-0.634035,1.419161,2.841981,-0.529124,2.312857
ls3_2003,LS3,vocal,0.285714,17,0.0238095,-1.012888,0.188056,-0.824832,-0.008576,0.268052,0.259476
ls3_2004,LS3,vocal,0.0333333,12,0.1,-1.462605,2.818748,1.356143,-0.603042,2.819016,2.215974
ls3_2005,LS3,vocal,0.328358,12,0,0.615137,-0.634035,-0.018898,1.467460,-0.529124,0.938336
ls3_2006,LS3,vocal,0.0909091,14,0.0606061,-1.588202,1.458560,-0.129642,-0.669675,1.500052,0.830376
ls3_2007,LS3,vocal,0.266667,14,0.0666667,-0.350412,1.667820,1.317408,0.563802,1.702969,2.266771
ls3_2008,LS3,vocal,0.192308,14,0.0384615,-0.874092,0.693958,-0.180134,0.041946,0.758622,0.800568
ls3_2009,LS3,vocal,0.333333,14,0.0333333,0.119095,0.516892,0.635987,1.031672,0.586923,1.618595
ls3_2010,LS3,vocal,0.290323,14,0.0645161,-0.183813,1.593566,1.409754,0.729820,1.630966,2.360786
ls3_2011,LS3,vocal,0.0333333,14,0.0333333,-1.993685,0.516892,-1.476793,-1.073745,0.586923,-0.486823
ls3_2012,LS3,vocal,0.346154,14,0.0192308,0.209385,0.029961,0.239346,1.121647,0.114749,1.236396
ls3_2013,LS3,vocal,0.333333,14,0.0434783,0.119095,0.867175,0.986269,1.031672,0.926589,1.958261
ls3_2014,LS3,vocal,0.166667,14,0.047619,-1.054672,1.010147,-0.044525,-0.138004,1.065228,0.927224
ls3_2015,LS3,vocal,0.296296,14,0.0740741,-0.141742,1.923582,1.781839,0.771744,1.950980,2.722724
ls3_2016,LS3,vocal,0.0833333,14,0.0555556,-1.641555,1.284177,-0.357378,-0.722842,1.330954,0.608111
ls3_2017,LS3,vocal,0.137931,17,0,-2.053666,-0.634035,-2.687702,-1.045727,-0.529124,-1.574852
ls3_2018,LS3,vocal,0.333333,8,0,1.712336,-0.634035,1.078301,2.443782,-0.529124,1.914658
ls3_2019,LS3,vocal,0.433333,8,0.0333333,2.416596,0.516892,2.933488,3.145588,0.586923,3.732510
ls3_2020,LS3,vocal,0.448276,8,0,2.521830,-0.634035,1.887795,3.250455,-0.529124,2.721331
ls3_2021,LS3,vocal,0.121212,12,0.0606061,-0.843710,1.458560,0.614851,0.013696,1.500052,1.513748
ls3_2022,LS3,vocal,0.475,14,0,1.116796,-0.634035,0.482761,2.025897,-0.529124,1.496773
ls3_2023,LS3,vocal,0.45,10,0,2.002892,-0.634035,1.368857,2.791852,-0.529124,2.262728
ls3_2024,LS3,vocal,0.368421,10,0.0263158,1.428364,0.274592,1.702956,2.219326,0.351965,2.571292
ls3_2025,LS3,vocal,0.219512,14,0.0243902,-0.682502,0.208107,-0.474395,0.232869,0.287495,0.520364
ls3_2026,LS3,vocal,0.4,12,0.1,1.119682,2.818748,3.938429,1.970246,2.819016,4.789262
ls3_2027,LS3,vocal,0.333333,12,0,0.650175,-0.634035,0.016140,1.502375,-0.529124,0.973251
ls3_2028,LS3,vocal,0.0625,14,0.125,-1.788276,3.681943,1.893667,-0.869052,3.656051,2.786999
ls3_2029,LS3,vocal,0.2,14,0.0333333,-0.819919,0.516892,-0.303026,0.095931,0.586923,0.682854
ls3_2030,LS3,vocal,0.472222,14,0,1.097234,-0.634035,0.463198,2.006402,-0.529124,1.477278
ls3_2031,LS3,vocal,0.145455,14,0.0181818,-1.204060,-0.006257,-1.210317,-0.286872,0.079629,-0.207243
ls3_2032,LS3,vocal,0.314286,12,0,0.516030,-0.634035,-0.118005,1.368698,-0.529124,0.839574
ls3_2033,LS3,vocal,0.403846,14,0.0192308,0.615688,0.029961,0.645650,1.526535,0.114749,1.641284
ls3_2034,LS3,vocal,0.162162,12,0,-0.555315,-0.634035,-1.189350,0.301086,-0.529124,-0.228038
ls3_2035,LS3,vocal,0.513514,14,0,1.388032,-0.634035,0.753996,2.296187,-0.529124,1.767063
ls3_2036,LS3,vocal,0.48,13,0,1.417550,-0.634035,0.783514,2.296339,-0.529124,1.767215
ls3_2037,LS3,vocal,0,12,0,-1.697358,-0.634035,-2.331394,-0.836977,-0.529124,-1.366101
ls3_2038,LS3,vocal,0.0243902,12,0.0487805,-1.525587,1.050249,-0.475339,-0.665805,1.104115,0.438310
ls3_2039,LS3,vocal,0.15625,12,0.09375,-0.596952,2.602949,2.005997,0.259594,2.609757,2.869351
ls3_2040,LS3,vocal,0.0689655,12,0.103448,-1.211662,2.937809,1.726147,-0.352973,2.934469,2.581496
ls3_2041,LS3,vocal,0.452381,12,0,1.488580,-0.634035,0.854545,2.337858,-0.529124,1.808734
ls3_2042,LS3,vocal,0.4,12,0,1.119682,-0.634035,0.485646,1.970246,-0.529124,1.441122
ls3_2043,LS3,vocal,0.365079,12,0.047619,0.873750,1.010147,1.883897,1.725171,1.065228,2.790399
ls3_2044,LS3,vocal,0.413793,12,0,1.216821,-0.634035,0.582786,2.067047,-0.529124,1.537923
ls3_2045,LS3,vocal,0.305085,12,0.0338983,0.451232,0.536399,0.987631,1.304125,0.605839,1.909964
ls3_2046,LS3,vocal,0.184615,13,0.0769231,-0.662726,2.021951,1.359225,0.223313,2.046368,2.269681
ls3_2047,LS3,vocal,0.372881,13,0.0677966,0.663156,1.706834,2.369990,1.544574,1.740801,3.285375
ls3_2048,LS3,vocal,0.0923077,13,0.0307692,-1.312812,0.428359,-0.884453,-0.424508,0.501073,0.076565
ls3_2049,LS3,vocal,0.377778,13,0.0888889,0.697639,2.435105,3.132744,1.578937,2.447000,4.025938
ls3_2050,LS3,vocal,0.193548,13,0.0645161,-0.599815,1.593566,0.993752,0.286005,1.630966,1.916971
ls3_2051,LS3,vocal,0.1,13,0.0666667,-1.258638,1.667820,0.409181,-0.370523,1.702969,1.332446
ls3_2052,LS3,vocal,0.2,14,0.0666667,-0.819919,1.667820,0.847901,0.095931,1.702969,1.798900
ls3_2053,LS3,vocal,0.493506,8,0,2.840371,-0.634035,2.206336,3.567886,-0.529124,3.038762
ls3_2054,LS3,vocal,0.1875,9,0.0625,0.419750,1.523954,1.943704,1.184964,1.563463,2.748427
ls3_2055,LS3,vocal,0.387097,15,0.016129,0.232189,-0.077135,0.155054,1.173635,0.010898,1.184534
ls3_2056,LS3,vocal,0.0461538,17,0.0153846,-2.700016,-0.102838,-2.802854,-1.689825,-0.014026,-1.703851
ls3_2057,LS3,vocal,0.352941,17,0.0882353,-0.539436,2.412538,1.873102,0.463226,2.425117,2.888343
ls3_2058,LS3,vocal,0.137931,10,0,-0.194885,-0.634035,-0.828920,0.601734,-0.529124,0.072610
ls3_2059,LS3,vocal,0.213115,12,0,-0.196476,-0.634035,-0.830512,0.658674,-0.529124,0.129550
ls3_2060,LS3,vocal,0.341463,12,0.0487805,0.707432,1.050249,1.757681,1.559433,1.104115,2.663548
ls3_2061,LS3,vocal,0.206897,14,0.0689655,-0.771349,1.747194,0.975845,0.144331,1.779938,1.924269
ls3_2062,LS3,vocal,0.310345,14,0.0689655,-0.042804,1.747194,1.704390,0.870337,1.779938,2.650275
ls3_2063,LS3,vocal,0.383562,14,0,0.472833,-0.634035,-0.161203,1.384177,-0.529124,0.855053
ls3_2064,LS3,vocal,0.236842,12,0.0526316,-0.029374,1.183219,1.153845,0.825194,1.233055,2.058249
ls3_2065,LS3,vocal,0.28,12,0,0.274570,-0.634035,-0.359466,1.128079,-0.529124,0.598955
ls3_2066,LS3,vocal,0.235294,14,0,-0.571356,-0.634035,-1.205392,0.343627,-0.529124,-0.185497
ls3_2067,LS3,vocal,0.0540541,10,0,-0.785597,-0.634035,-1.419632,0.013081,-0.529124,-0.516044
ls3_2068,LS3,vocal,0.0540541,10,0,-0.785597,-0.634035,-1.419632,0.013081,-0.529124,-0.516044
ls3_2069,LS3,vocal,0.173913,15,0,-1.269179,-0.634035,-1.903214,-0.322500,-0.529124,-0.851624
ls3_2070,LS3,vocal,0.196721,16,0.0163934,-1.374089,-0.068005,-1.442095,-0.397782,0.019751,-0.378031
ls3_2071,LS3,vocal,0.459459,13,0.0540541,1.272891,1.232334,2.505225,2.152184,1.280681,3.432865
ls3_2072,LS3,vocal,0.0357143,13,0.0714286,-1.711377,1.832238,0.120861,-0.821684,1.862404,1.040721
ls3_2073,LS3,vocal,0.190476,12,0,-0.355911,-0.634035,-0.989946,0.499796,-0.529124,-0.029328
ls3_2074,LS3,vocal,0.194444,12,0.0833333,-0.327964,2.243284,1.915320,0.527645,2.260993,2.788638
ls3_2075,LS3,vocal,0.413793,14,0,0.685741,-0.634035,0.051705,1.596343,-0.529124,1.067219
ls3_2076,LS3,vocal,0.363636,12,0,0.863587,-0.634035,0.229552,1.715044,-0.529124,1.185920
ls3_2077,LS3,vocal,0.0769231,12,0.0384615,-1.155620,0.693958,-0.461662,-0.297127,0.758622,0.461495
ls3_2078,LS3,vocal,0.254545,14,0,-0.435777,-0.634035,-1.069812,0.478734,-0.529124,-0.050390
ls3_2079,LS3,vocal,0.382353,14,0.0294118,0.464320,0.381489,0.845809,1.375694,0.455623,1.831317
ls3_2080,LS3,vocal,0.382353,12,0.0588235,0.995401,1.397013,2.392414,1.846398,1.440370,3.286768
ls3_2081,LS3,vocal,0.358974,12,0.0512821,0.830755,1.136622,1.967377,1.682325,1.187871,2.870196
ls3_2082,LS3,vocal,0.354839,10,0,1.332709,-0.634035,0.698674,2.124005,-0.529124,1.594880
ls3_2083,LS3,vocal,0.310345,10,0.0344828,1.019357,0.556579,1.575936,1.811744,0.625407,2.437151
ls3_2084,LS3,vocal,0.333333,8,0,1.712336,-0.634035,1.078301,2.443782,-0.529124,1.914658
ls3_2085,LS3,vocal,0.3125,10,0,1.034535,-0.634035,0.400499,1.826869,-0.529124,1.297745
ls3_2086,LS3,vocal,0.375,13,0,0.678077,-0.634035,0.044041,1.559443,-0.529124,1.030319
ls3_2087,LS3,vocal,0.475,12,0,1.647877,-0.634035,1.013841,2.496600,-0.529124,1.967476
ls3_2088,LS3,vocal,0.333333,17,0,-0.677526,-0.634035,-1.311561,0.325617,-0.529124,-0.203507
ls3_2089,LS3,vocal,0.488889,11,0,2.011231,-0.634035,1.377196,2.829425,-0.529124,2.300301
ls3_2090,LS3,vocal,0.371429,12,0,0.918465,-0.634035,0.284429,1.769730,-0.529124,1.240606
ls3_2091,LS3,vocal,0.458333,14,0.0416667,0.999420,0.804624,1.804044,1.908929,0.865934,2.774863
ls3_2092,LS3,vocal,0.241379,8,0.0344828,1.064741,0.556579,1.621320,1.798443,0.625407,2.423850
ls3_2093,LS3,vocal,0.166667,16,0,-1.585752,-0.634035,-2.219788,-0.608708,-0.529124,-1.137832
ls3_2094,LS3,vocal,0.3,14,0.0333333,-0.115659,0.516892,0.401234,0.797737,0.586923,1.384659
ls3_2095,LS3,vocal,0.55,12,0,2.176072,-0.634035,1.542036,3.022954,-0.529124,2.493830
ls3_2096,LS3,vocal,0.318841,16,0,-0.514052,-0.634035,-1.148088,0.459258,-0.529124,-0.069866
ls3_2097,LS3,vocal,0.261905,13,0.047619,-0.118408,1.010147,0.891739,0.765734,1.065228,1.830962
ls3_2098,LS3,vocal,0.140351,12,0.0350877,-0.708923,0.577467,-0.131456,0.148013,0.645662,0.793675
ls3_2099,LS3,vocal,0.131579,12,0.0263158,-0.770700,0.274592,-0.496109,0.086451,0.351965,0.438417
ls3_2100,LS3,vocal,0.1,12,0.0333333,-0.993098,0.516892,-0.476206,-0.135171,0.586923,0.451751
ls3_2101,LS3,vocal,0.03125,12,0.0625,-1.477277,1.523954,0.046677,-0.617663,1.563463,0.945801
ls3_2102,LS3,vocal,0.0666667,12,0,-1.227852,-0.634035,-1.861887,-0.369107,-0.529124,-0.898231
ls3_2103,LS3,vocal,0.205882,13,0.0294118,-0.512951,0.381489,-0.131462,0.372565,0.455623,0.828188
ls3_2104,LS3,vocal,0.0851064,13,0,-1.363528,-0.634035,-1.997564,-0.475047,-0.529124,-1.004171
ls3_2105,LS3,vocal,0.0740741,14,0.111111,-1.706765,3.202390,1.495626,-0.787824,3.191031,2.403207
ls3_2106,LS3,vocal,0.285714,12,0,0.314813,-0.634035,-0.319222,1.168182,-0.529124,0.639058
ls3_2107,LS3,vocal,0.172414,12,0,-0.483117,-0.634035,-1.117152,0.373033,-0.529124,-0.156091
ls3_2108,LS3,vocal,0.392857,13,0,0.803837,-0.634035,0.169802,1.684765,-0.529124,1.155641
ls3_2109,LS3,vocal,0.4,10,0,1.650762,-0.634035,1.016727,2.440949,-0.529124,1.911825
ls3_2110,LS3,vocal,0.571429,12,0,2.326985,-0.634035,1.692949,3.173341,-0.529124,2.644217
ls3_2111,LS3,vocal,0.25,13,0.0714286,-0.202248,1.832238,1.629990,0.682186,1.862404,2.544590
ls3_2112,LS3,vocal,0.388889,14,0,0.510350,-0.634035,-0.123685,1.421564,-0.529124,0.892440
ls3_2113,LS3,vocal,0.333333,9,0.0222222,1.446796,0.133250,1.580045,2.208430,0.214907,2.423337
ls3_2114,LS3,vocal,0.114286,12,0.0285714,-0.892490,0.352474,-0.540016,-0.034913,0.427487,0.392574
ls3_2115,LS3,vocal,0.171429,9,0.0285714,0.306565,0.352474,0.659039,1.072173,0.427487,1.499661
ls3_2116,LS3,vocal,0.26087,10,0.173913,0.670922,5.370805,6.041727,1.464524,5.293728,6.758252
ls3_2117,LS3,vocal,0.395349,12,0,1.086926,-0.634035,0.452890,1.937604,-0.529124,1.408480
ls3_2118,LS3,vocal,0.333333,12,0,0.650175,-0.634035,0.016140,1.502375,-0.529124,0.973251
ls3_2119,LS3,vocal,0.0487805,12,0.0243902,-1.353817,0.208107,-1.145710,-0.494633,0.287495,-0.207137
ls3_2120,LS3,vocal,0.363636,12,0.030303,0.863587,0.412262,1.275850,1.715044,0.485464,2.200507
ls3_2121,LS3,vocal,0.358491,12,0,0.827348,-0.634035,0.193312,1.678930,-0.529124,1.149806
ls3_2122,LS3,vocal,0.178571,10,0,0.091329,-0.634035,-0.542706,0.886951,-0.529124,0.357827
ls3_2123,LS3,vocal,0.159091,12,0.0227273,-0.576945,0.150688,-0.426257,0.279532,0.231817,0.511349
ls3_2124,LS3,vocal,0.44,8,0,2.463547,-0.634035,1.829511,3.192375,-0.529124,2.663251
ls3_2125,LS3,vocal,0.2,10,0,0.242242,-0.634035,-0.391793,1.037338,-0.529124,0.508214
ls3_2126,LS3,vocal,0.387755,12,0.0612245,1.033446,1.479913,2.513359,1.884310,1.520758,3.405068
ls3_2127,LS3,vocal,0.282051,12,0,0.289016,-0.634035,-0.345019,1.142475,-0.529124,0.613351
ls3_2128,LS3,vocal,0.396226,12,0,1.093106,-0.634035,0.459071,1.943763,-0.529124,1.414638
ls3_2129,LS3,vocal,0.280702,12,0.0526316,0.279512,1.183219,1.462731,1.133004,1.233055,2.366059
ls3_2130,LS3,vocal,0,8,0.111111,-0.635197,3.202390,2.567193,0.104429,3.191031,3.295461
ls3_2131,LS3,vocal,0.218182,8,0,0.901370,-0.634035,0.267334,1.635642,-0.529124,1.106518
ls3_2132,LS3,vocal,0.436364,11,0,1.641317,-0.634035,1.007281,2.460800,-0.529124,1.931675
ls3_2133,LS3,vocal,0.407407,11,0.037037,1.437389,0.644773,2.082163,2.257583,0.710928,2.968511
ls3_2134,LS3,vocal,0.588235,15,0,1.648727,-0.634035,1.014692,2.585237,-0.529124,2.056113
ls3_2135,LS3,vocal,0.275862,12,0.0689655,0.245428,1.747194,1.992622,1.099039,1.779938,2.878977
ls3_2136,LS3,vocal,0.259259,15,0,-0.668120,-0.634035,-1.302155,0.276464,-0.529124,-0.252660
ls3_2137,LS3,vocal,0.436364,10,0,1.906857,-0.634035,1.272821,2.696151,-0.529124,2.167027
ls3_2138,LS3,vocal,0.333333,12,0,0.650175,-0.634035,0.016140,1.502375,-0.529124,0.973251
ls3_2139,LS3,vocal,0.485294,14,0,1.189294,-0.634035,0.555258,2.098142,-0.529124,1.569017
ls3_2140,LS3,vocal,0.2,14,0.0333333,-0.819919,0.516892,-0.303026,0.095931,0.586923,0.682854
ls3_2141,LS3,vocal,0.351852,17,0,-0.547107,-0.634035,-1.181143,0.455581,-0.529124,-0.073543
ls3_2142,LS3,vocal,0.3,12,0.0333333,0.415422,0.516892,0.932314,1.268440,0.586923,1.855363
ls3_2143,LS3,vocal,0.195652,14,0,-0.850539,-0.634035,-1.484574,0.065418,-0.529124,-0.463706
ls3_2144,LS3,vocal,0.195122,14,0,-0.854273,-0.634035,-1.488308,0.061697,-0.529124,-0.467427
ls3_2145,LS3,vocal,0.285714,10,0,0.845894,-0.634035,0.211858,1.638885,-0.529124,1.109761
ls3_2146,LS3,vocal,0.492308,10,0,2.300848,-0.634035,1.666813,3.088770,-0.529124,2.559646
ls3_2147,LS3,vocal,0.444444,10,0,1.963767,-0.634035,1.329731,2.752863,-0.529124,2.223739
ls3_2148,LS3,vocal,0.428571,12,0,1.320899,-0.634035,0.686864,2.170762,-0.529124,1.641638
ls3_2149,LS3,vocal,0.220339,12,0.0169492,-0.145599,-0.048818,-0.194417,0.709374,0.038357,0.747732
ls3_2150,LS3,vocal,0.232558,12,0,-0.059544,-0.634035,-0.693580,0.795129,-0.529124,0.266005
ls3_2151,LS3,vocal,0.172414,14,0.0344828,-1.014197,0.556579,-0.457618,-0.097671,0.625407,0.527736
ls3_2152,LS3,vocal,0.115385,14,0.0384615,-1.415831,0.693958,-0.721873,-0.497905,0.758622,0.260717
ls3_2153,LS3,vocal,0.246154,14,0.0461538,-0.494875,0.959557,0.464681,0.419841,1.016171,1.436013
ls3_2154,LS3,vocal,0.366667,14,0.0666667,0.353848,1.667820,2.021668,1.265607,1.702969,2.968576
ls3_2155,LS3,vocal,0.219512,14,0,-0.682502,-0.634035,-1.316537,0.232869,-0.529124,-0.296255
ls3_2156,LS3,vocal,0.0357143,14,0.0714286,-1.976917,1.832238,-0.144679,-1.057036,1.862404,0.805369
ls3_2157,LS3,vocal,0.111111,14,0.0740741,-1.445927,1.923582,0.477654,-0.527896,1.950980,1.423083
ls3_2158,LS3,vocal,0.12,14,0.16,-1.383327,4.890417,3.507091,-0.465514,4.827900,4.362386
ls3_2159,LS3,vocal,0.0344828,14,0.0689655,-1.985590,1.747194,-0.238396,-1.065678,1.779938,0.714259
ls3_2160,LS3,vocal,0.115385,14,0.0769231,-1.415831,2.021951,0.606121,-0.497905,2.046368,1.548464
ls3_2161,LS3,vocal,0.333333,14,0,0.119095,-0.634035,-0.514941,1.031672,-0.529124,0.502548
ls3_2162,LS3,vocal,0.205882,17,0.0588235,-1.575112,1.397013,-0.178099,-0.568841,1.440370,0.871529
ls3_2163,LS3,vocal,0.2,17,0.0545455,-1.616539,1.249301,-0.367238,-0.610124,1.297134,0.687010
ls3_2164,LS3,vocal,0.135135,10,0.0810811,-0.214575,2.165518,1.950943,0.582112,2.185584,2.767696
ls3_2165,LS3,vocal,0.324324,13,0,0.321188,-0.634035,-0.312847,1.203798,-0.529124,0.674674
ls3_2166,LS3,vocal,0.2,9,0,0.507782,-0.634035,-0.126253,1.272689,-0.529124,0.743565
ls3_2167,LS3,vocal,0.237288,9,0,0.770388,-0.634035,0.136352,1.534380,-0.529124,1.005255
ls3_2168,LS3,vocal,0.142857,12,0.0535714,-0.691272,1.215670,0.524397,0.165602,1.264522,1.430125
ls3_2169,LS3,vocal,0.322581,14,0,0.043368,-0.634035,-0.590668,0.956209,-0.529124,0.427085
ls3_2170,LS3,vocal,0.305556,12,0.0277778,0.454547,0.325071,0.779618,1.307429,0.400915,1.708344
ls3_2171,LS3,vocal,0.21875,12,0,-0.156789,-0.634035,-0.790825,0.698223,-0.529124,0.169099
ls3_2172,LS3,vocal,0.0689655,14,0,-1.742742,-0.634035,-2.376777,-0.823677,-0.529124,-1.352801
ls3_2173,LS3,vocal,0.25641,12,0.025641,0.108437,0.251294,0.359730,0.962525,0.329373,1.291898
ls3_2174,LS3,vocal,0.382353,12,0.0294118,0.995401,0.381489,1.376890,1.846398,0.455623,2.302021
ls3_2175,LS3,vocal,0.185185,12,0.0185185,-0.393173,0.005369,-0.387804,0.462663,0.090902,0.553565
ls3_2176,LS3,vocal,0.258065,12,0.0322581,0.120087,0.479766,0.599853,0.974134,0.550921,1.525055
ls3_2177,LS3,vocal,0.0294118,14,0,-2.021303,-0.634035,-2.655339,-1.101267,-0.529124,-1.630391
ls3_2178,LS3,vocal,0.151515,13,0,-0.895838,-0.634035,-1.529873,-0.008987,-0.529124,-0.538111
ls3_2179,LS3,vocal,0.333333,13,0,0.384635,-0.634035,-0.249400,1.267024,-0.529124,0.737900
ls3_2180,LS3,vocal,0.16,12,0,-0.570542,-0.634035,-1.204578,0.285912,-0.529124,-0.243212
ls3_2181,LS3,vocal,0.0882353,12,0,-1.075952,-0.634035,-1.709988,-0.217737,-0.529124,-0.746861
ls3_2182,LS3,vocal,0.241935,12,0.0322581,0.006497,0.479766,0.486262,0.860940,0.550921,1.411861
ls3_2183,LS3,vocal,0.5,12,0,1.823942,-0.634035,1.189906,2.672052,-0.529124,2.142927
ls3_2184,LS3,vocal,0.163636,12,0,-0.544933,-0.634035,-1.178968,0.311432,-0.529124,-0.217692
ls3_2185,LS3,vocal,0.223529,15,0.0117647,-0.919751,-0.227826,-1.147576,0.025710,-0.135225,-0.109515
ls3_2186,LS3,vocal,0.12,10,0.12,-0.321166,3.509304,3.188138,0.475893,3.488644,3.964537
ls3_2187,LS3,vocal,0.357143,12,0.0714286,0.817856,1.832238,2.650094,1.669472,1.862404,3.531876
ls3_2188,LS3,vocal,0.333333,12,0.0606061,0.650175,1.458560,2.108735,1.502375,1.500052,3.002427
ls3_2189,LS3,vocal,0.419355,12,0,1.255990,-0.634035,0.621955,2.106079,-0.529124,1.576955
ls3_2190,LS3,vocal,0.285714,12,0.047619,0.314813,1.010147,1.324960,1.168182,1.065228,2.233410
ls3_2191,LS3,vocal,0.214286,12,0.0357143,-0.188230,0.599101,0.410872,0.666892,0.666640,1.333532
ls3_2192,LS3,vocal,0.185185,12,0.037037,-0.393173,0.644773,0.251600,0.462663,0.710928,1.173591
ls3_2193,LS3,vocal,0.172414,13,0.103448,-0.748657,2.937809,2.189152,0.137681,2.934469,3.072150
ls3_2194,LS3,vocal,0.137931,14,0.103448,-1.257045,2.937809,1.680764,-0.339673,2.934469,2.594796
ls3_2195,LS3,vocal,0.407407,10,0,1.702930,-0.634035,1.068894,2.492935,-0.529124,1.963811
ls3_2196,LS3,vocal,0.192308,10,0.0384615,0.188068,0.693958,0.882026,0.983353,0.758622,1.741975
ls3_2197,LS3,vocal,0.263158,12,0.0263158,0.155958,0.274592,0.430549,1.009880,0.351965,1.361845
ls3_2198,LS3,vocal,0.555556,12,0,2.215197,-0.634035,1.581162,3.061944,-0.529124,2.532820
ls3_2199,LS3,vocal,0.290323,12,0,0.347268,-0.634035,-0.286768,1.200523,-0.529124,0.671399
ls3_2200,LS3,vocal,0.456522,12,0,1.517742,-0.634035,0.883706,2.366919,-0.529124,1.837795
ls3_2201,LS3,vocal,0.354839,12,0,0.801629,-0.634035,0.167594,1.653301,-0.529124,1.124177
ls3_2202,LS3,vocal,0.216216,12,0.027027,-0.174634,0.299149,0.124515,0.680441,0.375779,1.056219
ls3_2203,LS3,vocal,0.3125,12,0.03125,0.503454,0.444959,0.948414,1.356166,0.517170,1.873335
ls3_2204,LS3,vocal,0.237288,12,0.0338983,-0.026233,0.536399,0.510167,0.828325,0.605839,1.434163
ls3_2205,LS3,vocal,0.30303,12,0,0.436763,-0.634035,-0.197272,1.289707,-0.529124,0.760583
ls3_2206,LS3,vocal,0.285714,12,0,0.314813,-0.634035,-0.319222,1.168182,-0.529124,0.639058
ls3_2207,LS3,vocal,0.34375,12,0.03125,0.723536,0.444959,1.168495,1.575480,0.517170,2.092650
ls3_2208,LS3,vocal,0.346154,12,0.0384615,0.740465,0.693958,1.434423,1.592350,0.758622,2.350972
ls3_2209,LS3,vocal,0.1875,12,0,-0.376871,-0.634035,-1.010906,0.478909,-0.529124,-0.050215
ls3_2210,LS3,vocal,0.222222,12,0.037037,-0.132336,0.644773,0.512437,0.722591,0.710928,1.433519
ls3_2211,LS3,vocal,0.230769,12,0.0384615,-0.072143,0.693958,0.621815,0.782575,0.758622,1.541197
ls3_2212,LS3,vocal,0.375,12,0,0.943617,-0.634035,0.309581,1.794794,-0.529124,1.265670
ls3_2213,LS3,vocal,0.448276,12,0.0344828,1.459669,0.556579,2.016249,2.309049,0.625407,2.934456
ls3_2214,LS3,vocal,0.185185,12,0.037037,-0.393173,0.644773,0.251600,0.462663,0.710928,1.173591
ls3_2215,LS3,vocal,0.0555556,12,0.0277778,-1.306103,0.325071,-0.981032,-0.447085,0.400915,-0.046170
ls3_2216,LS3,vocal,0.14,12,0.04,-0.711394,0.747078,0.035684,0.145551,0.810132,0.955683
ls3_2217,LS3,vocal,0.0877193,12,0.0526316,-1.079586,1.183219,0.103632,-0.221358,1.233055,1.011697
ls3_2218,LS3,vocal,0.344828,12,0.0344828,0.731125,0.556579,1.287704,1.583043,0.625407,2.208450
ls3_2219,LS3,vocal,0.2,12,0,-0.288838,-0.634035,-0.922874,0.566634,-0.529124,0.037510
ls3_2220,LS3,vocal,0.153846,12,0.0384615,-0.613881,0.693958,0.080077,0.242724,0.758622,1.001346
ls3_2221,LS3,vocal,0.2,12,0.04,-0.288838,0.747078,0.458240,0.566634,0.810132,1.376766
ls3_2222,LS3,vocal,0.181818,12,0.030303,-0.416885,0.412262,-0.004623,0.439033,0.485464,0.924497
ls3_2223,LS3,vocal,0.280702,12,0.0526316,0.279512,1.183219,1.462731,1.133004,1.233055,2.366059
ls3_2224,LS3,vocal,0.352941,14,0,0.257185,-0.634035,-0.376850,1.169281,-0.529124,0.640157
ls3_2225,LS3,vocal,0.432836,14,0,0.819851,-0.634035,0.185816,1.729986,-0.529124,1.200862
ls3_2226,LS3,vocal,0.0740741,14,0.037037,-1.706765,0.644773,-1.061991,-0.787824,0.710928,-0.076897
ls3_2227,LS3,vocal,0.0384615,14,0.0384615,-1.957569,0.693958,-1.263611,-1.037755,0.758622,-0.279133
ls3_2228,LS3,vocal,0.264706,14,0.0294118,-0.364221,0.381489,0.017268,0.550041,0.455623,1.005664
ls3_2229,LS3,vocal,0.435897,14,0.025641,0.841413,0.251294,1.092706,1.751473,0.329373,2.080846
ls3_2230,LS3,vocal,0.0625,14,0.03125,-1.788276,0.444959,-1.343317,-0.869052,0.517170,-0.351882
ls3_2231,LS3,vocal,0.263158,14,0,-0.375123,-0.634035,-1.009158,0.539177,-0.529124,0.010053
ls3_2232,LS3,vocal,0.233333,15,0,-0.850705,-0.634035,-1.484741,0.094515,-0.529124,-0.434609
ls3_2233,LS3,vocal,0.464286,6,0,3.165662,-0.634035,2.531626,3.833516,-0.529124,3.304392
ls3_2234,LS3,vocal,0.25,8,0.025,1.125453,0.229160,1.354613,1.858944,0.307911,2.166855
ls3_2235,LS3,vocal,0.28125,8,0,1.345534,-0.634035,0.711498,2.078258,-0.529124,1.549134
ls3_2236,LS3,vocal,0.592593,7,0.037037,3.803735,0.644773,4.448509,4.498630,0.710928,5.209558
ls3_2237,LS3,vocal,0.355932,7,0.0508475,2.137031,1.121617,3.258648,2.837734,1.173320,4.011054
ls3_2238,LS3,vocal,0.5,7,0,3.151643,-0.634035,2.517607,3.848810,-0.529124,3.319686
ls3_2239,LS3,vocal,0.142857,12,0,-0.691272,-0.634035,-1.325308,0.165602,-0.529124,-0.363522
ls3_2240,LS3,vocal,0.225806,12,0,-0.107094,-0.634035,-0.741129,0.747745,-0.529124,0.218621
ls3_2241,LS3,vocal,0.413793,13,0.0344828,0.951281,0.556579,1.507860,1.831695,0.625407,2.457102
ls3_2242,LS3,vocal,0.233333,14,0.0333333,-0.585165,0.516892,-0.068273,0.329866,0.586923,0.916789
ls3_2243,LS3,vocal,0.241379,14,0,-0.528501,-0.634035,-1.162536,0.386333,-0.529124,-0.142791
ls3_2244,LS3,vocal,0.457143,8,0,2.584277,-0.634035,1.950241,3.312684,-0.529124,2.783560
ls3_2245,LS3,vocal,0.290323,14,0,-0.183813,-0.634035,-0.817848,0.729820,-0.529124,0.200696
ls3_2246,LS3,vocal,0.222222,12,0,-0.132336,-0.634035,-0.766371,0.722591,-0.529124,0.193467
ls3_2247,LS3,vocal,0,15,0,-2.493979,-0.634035,-3.128014,-1.543032,-0.529124,-2.072156
ls3_2248,LS3,vocal,0.22449,15,0.0204082,-0.912987,0.070614,-0.842373,0.032450,0.154170,0.186620
ls3_2249,LS3,vocal,0.0344828,15,0.0344828,-2.251131,0.556579,-1.694551,-1.301030,0.625407,-0.675623
ls3_2250,LS3,vocal,0.366667,15,0.0333333,0.088308,0.516892,0.605200,1.030256,0.586923,1.617178
ls3_2251,LS3,vocal,0.275,9,0,1.035977,-0.634035,0.401942,1.799044,-0.529124,1.269919
ls3_2252,LS3,vocal,0.28125,12,0,0.283373,-0.634035,-0.350662,1.136851,-0.529124,0.607727
ls3_2253,LS3,vocal,0.190476,12,0,-0.355911,-0.634035,-0.989946,0.499796,-0.529124,-0.029328
ls3_2254,LS3,vocal,0.454545,12,0.030303,1.503824,0.412262,1.916086,2.353049,0.485464,2.838513
ls3_2255,LS3,vocal,0.193548,12,0.0967742,-0.334274,2.707367,2.373093,0.521357,2.711011,3.232368
ls3_2256,LS3,vocal,0.129032,12,0.0967742,-0.788636,2.707367,1.918732,0.068579,2.711011,2.779590
ls3_2257,LS3,vocal,0.12,12,0.12,-0.852246,3.509304,2.657058,0.005190,3.488644,3.493834
ls3_2258,LS3,vocal,0.121212,14,0,-1.374790,-0.634035,-2.008826,-0.457007,-0.529124,-0.986131
ls3_2259,LS3,vocal,0.157895,14,0.0789474,-1.116449,2.091846,0.975397,-0.199566,2.114144,1.914578
ls3_2260,LS3,vocal,0.0882353,14,0.0882353,-1.607033,2.412538,0.805505,-0.688440,2.425117,1.736677
ls3_2261,LS3,vocal,0.0857143,14,0.0857143,-1.624787,2.325493,0.700706,-0.706133,2.340710,1.634577
ls3_2262,LS3,vocal,0.278689,13,0,-0.000207,-0.634035,-0.634242,0.883523,-0.529124,0.354399
ls3_2263,LS3,vocal,0.389831,12,0,1.048062,-0.634035,0.414027,1.898876,-0.529124,1.369752
ls3_2264,LS3,vocal,0.153846,14,0.0384615,-1.144962,0.693958,-0.451004,-0.227979,0.758622,0.530643
ls3_2265,LS3,vocal,0.297297,8,0,1.458549,-0.634035,0.824513,2.190879,-0.529124,1.661755
ls3_2266,LS3,vocal,0.235294,12,0.0294118,-0.040276,0.381489,0.341213,0.814330,0.455623,1.269953
ls3_2267,LS3,vocal,0.25,11,0,0.328832,-0.634035,-0.305203,1.152889,-0.529124,0.623765
ls3_2268,LS3,vocal,0.441176,14,0,0.878591,-0.634035,0.244555,1.788521,-0.529124,1.259397
ls3_2269,LS3,vocal,0.558824,9,0,3.034833,-0.634035,2.400798,3.790933,-0.529124,3.261809
ls3_2270,LS3,vocal,0.296296,12,0.037037,0.389338,0.644773,1.034111,1.242447,0.710928,1.953375
ls3_2271,LS3,vocal,0.237288,12,0.0508475,-0.026233,1.121617,1.095384,0.828325,1.173320,2.001645
ls3_2272,LS3,vocal,0.0967742,12,0,-1.015816,-0.634035,-1.649852,-0.157810,-0.529124,-0.686934
ls3_2273,LS3,vocal,0.294118,12,0.0588235,0.373995,1.397013,1.771008,1.227157,1.440370,2.667527
ls3_2274,LS3,vocal,0.266667,12,0.0666667,0.180668,1.667820,1.848488,1.034505,1.702969,2.737474
ls3_2275,LS3,vocal,0.111111,12,0.0555556,-0.914847,1.284177,0.369330,-0.057193,1.330954,1.273761
ls3_2276,LS3,vocal,0.4,12,0.0333333,1.119682,0.516892,1.636574,1.970246,0.586923,2.557168
ls3_2277,LS3,vocal,0.160714,14,0.0535714,-1.096592,1.215670,0.119078,-0.179778,1.264522,1.084744
ls3_2278,LS3,vocal,0.142857,14,0,-1.222353,-0.634035,-1.856388,-0.305101,-0.529124,-0.834225
ls3_2279,LS3,vocal,0.142857,12,0.107143,-0.691272,3.065375,2.374102,0.165602,3.058169,3.223771
ls3_2280,LS3,vocal,0.411765,13,0.0294118,0.936996,0.381489,1.318485,1.817460,0.455623,2.273083
ls3_2281,LS3,vocal,0.25641,9,0,0.905057,-0.634035,0.271022,1.668580,-0.529124,1.139456
ls3_2282,LS3,vocal,0.129032,12,0.0645161,-0.788636,1.593566,0.804931,0.068579,1.630966,1.699545
ls3_2283,LS3,vocal,0.0517241,17,0.0862069,-2.660787,2.342502,-0.318285,-1.650732,2.357203,0.706471
ls3_2284,LS3,vocal,0.333333,12,0,0.650175,-0.634035,0.016140,1.502375,-0.529124,0.973251
ls3_2285,LS3,vocal,0.190476,12,0,-0.355911,-0.634035,-0.989946,0.499796,-0.529124,-0.029328
ls3_2286,LS3,vocal,0.178571,14,0.107143,-0.970831,3.065375,2.094543,-0.054456,3.058169,3.003713
ls3_2287,LS3,vocal,0.321429,14,0,0.035254,-0.634035,-0.598781,0.948124,-0.529124,0.419000
ls3_2288,LS3,vocal,0.22807,13,0.0175439,-0.356691,-0.028284,-0.384975,0.528281,0.058269,0.586550
ls3_2289,LS3,vocal,0.40625,9,0,1.960319,-0.634035,1.326283,2.720164,-0.529124,2.191040
ls3_2290,LS3,vocal,0.4,12,0.0727273,1.119682,1.877079,2.996761,1.970246,1.905887,3.876133
ls3_2291,LS3,vocal,0.32,12,0.0266667,0.556274,0.286707,0.842981,1.408801,0.363713,1.772514
ls3_2292,LS3,vocal,0.220339,14,0,-0.676679,-0.634035,-1.310715,0.238671,-0.529124,-0.290453
ls3_2293,LS3,vocal,0.457143,14,0,0.991036,-0.634035,0.357000,1.900574,-0.529124,1.371450
ls3_2294,LS3,vocal,0.192308,10,0,0.188068,-0.634035,-0.445967,0.983353,-0.529124,0.454228
ls3_2295,LS3,vocal,0.151515,8,0.0606061,0.431863,1.458560,1.890424,1.167771,1.500052,2.667823
ls3_2296,LS3,vocal,0.0888889,12,0,-1.071349,-0.634035,-1.705385,-0.213150,-0.529124,-0.742274
ls3_2297,LS3,vocal,0,12,0.0689655,-1.697358,1.747194,0.049836,-0.836977,1.779938,0.942961
ls3_2298,LS3,vocal,0.217391,12,0,-0.166358,-0.634035,-0.800394,0.688687,-0.529124,0.159563
ls3_2299,LS3,vocal,0.272727,12,0,0.223351,-0.634035,-0.410685,1.077038,-0.529124,0.547914
ls3_2300,LS3,vocal,0.333333,12,0.030303,0.650175,0.412262,1.062438,1.502375,0.485464,1.987839
ls3_2301,LS3,vocal,0.272727,12,0,0.223351,-0.634035,-0.410685,1.077038,-0.529124,0.547914
ls3_2302,LS3,vocal,0.477273,13,0,1.398343,-0.634035,0.764307,2.277199,-0.529124,1.748075
ls3_2303,LS3,vocal,0.351351,8,0,1.839230,-0.634035,1.205194,2.570233,-0.529124,2.041109
ls3_2304,LS3,vocal,0.368421,10,0,1.428364,-0.634035,0.794329,2.219326,-0.529124,1.690202
ls3_2305,LS3,vocal,0.228571,12,0.0285714,-0.087621,0.352474,0.264853,0.767150,0.427487,1.194638
ls3_2306,LS3,vocal,0.136364,12,0,-0.737004,-0.634035,-1.371039,0.120031,-0.529124,-0.409093
ls3_2307,LS3,vocal,0.142857,8,0,0.370888,-0.634035,-0.263147,1.107009,-0.529124,0.577885
ls3_2308,LS3,vocal,0.181818,11,0,-0.151345,-0.634035,-0.785381,0.674385,-0.529124,0.145261
ls3_2309,LS3,vocal,0.137931,10,0.0344828,-0.194885,0.556579,0.361695,0.601734,0.625407,1.227141
ls3_2310,LS3,vocal,0.492308,12,0,1.769768,-0.634035,1.135733,2.618066,-0.529124,2.088942
ls3_2311,LS3,vocal,0.285714,12,0,0.314813,-0.634035,-0.319222,1.168182,-0.529124,0.639058
ls3_2312,LS3,vocal,0.413793,12,0,1.216821,-0.634035,0.582786,2.067047,-0.529124,1.537923
ls3_2313,LS3,vocal,0.5,12,0,1.823942,-0.634035,1.189906,2.672052,-0.529124,2.142927
ls3_2314,LS3,vocal,0.550725,12,0,2.181175,-0.634035,1.547140,3.028040,-0.529124,2.498916
ls3_2315,LS3,vocal,0.2,12,0,-0.288838,-0.634035,-0.922874,0.566634,-0.529124,0.037510
ls3_2316,LS3,vocal,0.325581,12,0.0697674,0.595581,1.774883,2.370464,1.447972,1.806788,3.254759
ls3_2317,LS3,vocal,0.405405,12,0.027027,1.157750,0.299149,1.456899,2.008181,0.375779,2.383960
ls3_2318,LS3,vocal,0.354839,12,0.0322581,0.801629,0.479766,1.281394,1.653301,0.550921,2.204222
ls3_2319,LS3,vocal,0.129032,12,0,-0.788636,-0.634035,-1.422671,0.068579,-0.529124,-0.460545
ls3_2320,LS3,vocal,0.111111,12,0.037037,-0.914847,0.644773,-0.270074,-0.057193,0.710928,0.653735
ls3_2321,LS3,vocal,0.0384615,12,0.0384615,-1.426489,0.693958,-0.732531,-0.567052,0.758622,0.191570
ls3_2322,LS3,vocal,0.148148,12,0,-0.654010,-0.634035,-1.288045,0.202735,-0.529124,-0.326389
ls3_2323,LS3,vocal,0.151515,12,0.030303,-0.630298,0.412262,-0.218035,0.226365,0.485464,0.711829
ls3_2324,LS3,vocal,0.34375,12,0,0.723536,-0.634035,0.089500,1.575480,-0.529124,1.046356
ls3_2325,LS3,vocal,0.40625,12,0,1.163698,-0.634035,0.529663,2.014109,-0.529124,1.484985
ls3_2326,LS3,vocal,0.276596,12,0,0.250595,-0.634035,-0.383440,1.104188,-0.529124,0.575064
ls3_2327,LS3,vocal,0.234043,12,0,-0.049090,-0.634035,-0.683126,0.805547,-0.529124,0.276423
ls3_2328,LS3,vocal,0.185185,12,0.037037,-0.393173,0.644773,0.251600,0.462663,0.710928,1.173591
ls3_2329,LS3,vocal,0.129032,12,0.0322581,-0.788636,0.479766,-0.308870,0.068579,0.550921,0.619500
ls3_2330,LS3,vocal,0.241379,12,0.0344828,0.002580,0.556579,0.559159,0.857037,0.625407,1.482444
ls3_2331,LS3,vocal,0.107143,12,0.0357143,-0.942794,0.599101,-0.343693,-0.085042,0.666640,0.581598
ls3_2332,LS3,vocal,0.3125,12,0,0.503454,-0.634035,-0.130581,1.356166,-0.529124,0.827042
ls3_2333,LS3,vocal,0.320755,12,0,0.561589,-0.634035,-0.072446,1.414098,-0.529124,0.884974
ls3_2334,LS3,vocal,0.0697674,12,0.0465116,-1.206014,0.971910,-0.234104,-0.347345,1.028150,0.680805
ls3_2335,LS3,vocal,0.257143,12,0,0.113596,-0.634035,-0.520439,0.967666,-0.529124,0.438542
ls3_2336,LS3,vocal,0.290909,12,0,0.351398,-0.634035,-0.282637,1.204640,-0.529124,0.675515
ls3_2337,LS3,vocal,0.294118,8,0,1.436156,-0.634035,0.802120,2.168564,-0.529124,1.639440
ls3_2338,LS3,vocal,0.4,12,0.0266667,1.119682,0.286707,1.406389,1.970246,0.363713,2.333959
ls3_2339,LS3,vocal,0.492308,12,0,1.769768,-0.634035,1.135733,2.618066,-0.529124,2.088942
ls3_2340,LS3,vocal,0.391304,12,0,1.058442,-0.634035,0.424406,1.909219,-0.529124,1.380095
ls3_2341,LS3,vocal,0,13,0.04,-1.962898,0.747078,-1.215821,-1.072329,0.810132,-0.262197
ls3_2342,LS3,vocal,0.258065,13,0.0322581,-0.145453,0.479766,0.334312,0.738783,0.550921,1.289704
ls3_2343,LS3,vocal,0.246377,14,0.0289855,-0.493305,0.366771,-0.126534,0.421406,0.441351,0.862757
ls3_2344,LS3,vocal,0.133333,14,0.0333333,-1.289425,0.516892,-0.772533,-0.371939,0.586923,0.214983
ls3_2345,LS3,vocal,0.277778,14,0.0277778,-0.272161,0.325071,0.052910,0.641780,0.400915,1.042695
ls3_2346,LS3,vocal,0.172414,14,0,-1.014197,-0.634035,-1.648233,-0.097671,-0.529124,-0.626795
ls3_2347,LS3,vocal,0.169492,9,0.0338983,0.292923,0.536399,0.829323,1.058579,0.605839,1.664418
ls3_2348,LS3,vocal,0.08,8,0,-0.071789,-0.634035,-0.705825,0.665874,-0.529124,0.136750
ls3_2349,LS3,vocal,0.0357143,8,0.0357143,-0.383676,0.599101,0.215425,0.355074,0.666640,1.021714
ls3_2350,LS3,vocal,0.157895,10,0,-0.054288,-0.634035,-0.688324,0.741840,-0.529124,0.212716
ls3_2351,LS3,vocal,0.522727,12,0,1.984001,-0.634035,1.349966,2.831553,-0.529124,2.302429
ls3_2352,LS3,vocal,0.40625,12,0.03125,1.163698,0.444959,1.608657,2.014109,0.517170,2.531278
ls3_2353,LS3,vocal,0.444444,10,0,1.963767,-0.634035,1.329731,2.752863,-0.529124,2.223739
ls3_2354,LS3,vocal,0.363636,12,0.030303,0.863587,0.412262,1.275850,1.715044,0.485464,2.200507
ls3_2355,LS3,vocal,0.324324,12,0.0540541,0.586728,1.232334,1.819062,1.439150,1.280681,2.719831
ls3_2356,LS3,vocal,0.454545,12,0,1.503824,-0.634035,0.869788,2.353049,-0.529124,1.823925
ls3_2357,LS3,vocal,0.142857,12,0,-0.691272,-0.634035,-1.325308,0.165602,-0.529124,-0.363522
ls3_2358,LS3,vocal,0.285714,12,0.0238095,0.314813,0.188056,0.502869,1.168182,0.268052,1.436234
ls3_2359,LS3,vocal,0.4375,12,0.03125,1.383779,0.444959,1.828739,2.233423,0.517170,2.750593
ls3_2360,LS3,vocal,0.361111,15,0,0.049182,-0.634035,-0.584853,0.991266,-0.529124,0.462142
ls3_2361,LS3,vocal,0.185185,8,0.111111,0.668988,3.202390,3.871378,1.404070,3.191031,4.595101
ls3_2362,LS3,vocal,0.34375,9,0,1.520156,-0.634035,0.886121,2.281535,-0.529124,1.752411
ls3_2363,LS3,vocal,0.439024,10,0,1.925595,-0.634035,1.291560,2.714824,-0.529124,2.185700
ls3_2364,LS3,vocal,0.266667,12,0.0666667,0.180668,1.667820,1.848488,1.034505,1.702969,2.737474
ls3_2365,LS3,vocal,0.463415,8,0,2.628447,-0.634035,1.994411,3.356700,-0.529124,2.827576
ls3_2366,LS3,vocal,0.0625,12,0.03125,-1.257196,0.444959,-0.812236,-0.398349,0.517170,0.118821
ls3_2367,LS3,vocal,0.22807,12,0.0175439,-0.091151,-0.028284,-0.119435,0.763632,0.058269,0.821901
ls3_2368,LS3,vocal,0.394737,12,0.0263158,1.082616,0.274592,1.357207,1.933309,0.351965,2.285274
ls3_2369,LS3,vocal,0.393939,12,0.0606061,1.076999,1.458560,2.535560,1.927712,1.500052,3.427764
ls3_2370,LS3,vocal,0.176471,12,0.0294118,-0.454546,0.381489,-0.073057,0.401504,0.455623,0.857127
ls3_2371,LS3,vocal,0.25,12,0.0357143,0.063292,0.599101,0.662393,0.917537,0.666640,1.584177
ls3_2372,LS3,vocal,0.366667,12,0,0.884929,-0.634035,0.250893,1.736311,-0.529124,1.207186
ls3_2373,LS3,vocal,0.232558,12,0,-0.059544,-0.634035,-0.693580,0.795129,-0.529124,0.266005
ls3_2374,LS3,vocal,0.382353,12,0.0294118,0.995401,0.381489,1.376890,1.846398,0.455623,2.302021
ls3_2375,LS3,vocal,0.313725,12,0,0.512085,-0.634035,-0.121950,1.364766,-0.529124,0.835642
ls3_2376,LS3,vocal,0.314286,15,0.0285714,-0.280590,0.352474,0.071884,0.662643,0.427487,1.090130
ls3_2377,LS3,vocal,0.12,8,0,0.209915,-0.634035,-0.424121,0.946596,-0.529124,0.417472
ls3_2378,LS3,vocal,0.1875,8,0,0.685290,-0.634035,0.051255,1.420315,-0.529124,0.891191
ls3_2379,LS3,vocal,0.448276,8,0,2.521830,-0.634035,1.887795,3.250455,-0.529124,2.721331
ls3_2380,LS3,vocal,0.206897,8,0,0.821892,-0.634035,0.187857,1.556441,-0.529124,1.027317
ls3_2381,LS3,vocal,0.142857,9,0,0.105348,-0.634035,-0.528687,0.871657,-0.529124,0.342533
ls3_2382,LS3,vocal,0.451613,10,0.0322581,2.014251,0.479766,2.494017,2.803171,0.550921,3.354092
ls3_2383,LS3,vocal,0.296296,12,0,0.389338,-0.634035,-0.244697,1.242447,-0.529124,0.713323
ls3_2384,LS3,vocal,0.5,12,0,1.823942,-0.634035,1.189906,2.672052,-0.529124,2.142927
ls3_2385,LS3,vocal,0.568627,12,0.0392157,2.307258,0.719997,3.027255,3.153683,0.783872,3.937555
ls3_2386,LS3,vocal,0.375,8,0,2.005778,-0.634035,1.371742,2.736201,-0.529124,2.207077
ls3_2387,LS3,vocal,0.27027,10,0,0.737128,-0.634035,0.103092,1.530498,-0.529124,1.001374
ls3_2388,LS3,vocal,0.0392157,15,0.0392157,-2.217798,0.719997,-1.497801,-1.267814,0.783872,-0.483942
ls3_2389,LS3,vocal,0.0344828,15,0.0344828,-2.251131,0.556579,-1.694551,-1.301030,0.625407,-0.675623
ls3_2390,LS3,vocal,0.219512,12,0.0731707,-0.151422,1.892391,1.740970,0.703572,1.920734,2.624306
ls3_2391,LS3,vocal,0.292683,12,0.0731707,0.363891,1.892391,2.256282,1.217088,1.920734,3.137823
ls3_2392,LS3,vocal,0.342105,12,0.0263158,0.711952,0.274592,0.986544,1.563937,0.351965,1.915903
ls3_2393,LS3,vocal,0.415094,12,0.0188679,1.225985,0.017433,1.243418,2.076179,0.102600,2.178779
ls3_2394,LS3,vocal,0.444444,12,0,1.432686,-0.634035,0.798651,2.282159,-0.529124,1.753035
ls3_2395,LS3,vocal,0.306667,12,0.0533333,0.462372,1.207449,1.669821,1.315227,1.256551,2.571778
ls3_2396,LS3,vocal,0.368421,12,0.0526316,0.897284,1.183219,2.080503,1.748623,1.233055,2.981678
ls3_2397,LS3,vocal,0.564103,12,0.0512821,2.275391,1.136622,3.412013,3.121927,1.187871,4.309798
ls3_2398,LS3,vocal,0.27907,12,0.0232558,0.268019,0.168937,0.436956,1.121550,0.249513,1.371064
ls3_2399,LS3,vocal,0.1875,12,0,-0.376871,-0.634035,-1.010906,0.478909,-0.529124,-0.050215
ls3_2400,LS3,vocal,0.442308,14,0,0.886558,-0.634035,0.252522,1.796460,-0.529124,1.267336
ls3_2401,LS3,vocal,0.244444,12,0,0.024166,-0.634035,-0.609869,0.878548,-0.529124,0.349424
ls3_2402,LS3,vocal,0.237288,14,0.0508475,-0.557313,1.121617,0.564304,0.357621,1.173320,1.530941
ls3_2403,LS3,vocal,0.377049,12,0,0.958048,-0.634035,0.324013,1.809176,-0.529124,1.280052
ls3_2404,LS3,vocal,0.241379,14,0.0344828,-0.528501,0.556579,0.028079,0.386333,0.625407,1.011740
ls3_2405,LS3,vocal,0.114286,16,0.0285714,-1.954650,0.352474,-1.602176,-0.976320,0.427487,-0.548833
ls3_2406,LS3,vocal,0.204545,17,0.0227273,-1.584527,0.150688,-1.433839,-0.578224,0.231817,-0.346407
ls3_2407,LS3,vocal,0.253968,10,0.015873,0.622319,-0.085975,0.536344,1.416090,0.002327,1.418417
ls3_2408,LS3,vocal,0.212121,15,0,-1.000094,-0.634035,-1.634129,-0.054353,-0.529124,-0.583477
ls3_2409,LS3,vocal,0.289855,13,0.0434783,0.078435,0.867175,0.945610,0.961891,0.926589,1.888480
ls3_2410,LS3,vocal,0.210526,16,0.0526316,-1.276866,1.183219,-0.093648,-0.300898,1.233055,0.932157
ls3_2411,LS3,vocal,0.333333,14,0,0.119095,-0.634035,-0.514941,1.031672,-0.529124,0.502548
ls3_2412,LS3,vocal,0.444444,15,0,0.636066,-0.634035,0.002030,1.576105,-0.529124,1.046980
ls3_2413,LS3,vocal,0.2,11,0,-0.023298,-0.634035,-0.657333,0.801986,-0.529124,0.272862
ls3_2414,LS3,vocal,0.292683,10,0,0.894971,-0.634035,0.260936,1.687792,-0.529124,1.158668
ls3_2415,LS3,vocal,0.25,9,0.03125,0.859912,0.444959,1.304872,1.623592,0.517170,2.140762
ls3_2416,LS3,vocal,0.227273,12,0.0454545,-0.096767,0.935411,0.838644,0.758036,0.992758,1.750794
ls3_2417,LS3,vocal,0.454545,12,0,1.503824,-0.634035,0.869788,2.353049,-0.529124,1.823925
ls3_2418,LS3,vocal,0.492063,12,0.047619,1.768048,1.010147,2.778195,2.616353,1.065228,3.681581
ls3_2419,LS3,vocal,0.322581,12,0,0.574448,-0.634035,-0.059587,1.426912,-0.529124,0.897788
ls3_2420,LS3,vocal,0.478261,10,0.0217391,2.201922,0.116570,2.318492,2.990188,0.198732,3.188921
ls3_2421,LS3,vocal,0.363636,12,0,0.863587,-0.634035,0.229552,1.715044,-0.529124,1.185920
ls3_2422,LS3,vocal,0.241379,14,0,-0.528501,-0.634035,-1.162536,0.386333,-0.529124,-0.142791
ls3_2423,LS3,vocal,0.27027,12,0.027027,0.206047,0.299149,0.505196,1.059795,0.375779,1.435574
ls3_2424,LS3,vocal,0.6,9,0.0222222,3.324822,0.133250,3.458072,4.079912,0.214907,4.294819
ls3_2425,LS3,vocal,0.377049,10,0,1.489129,-0.634035,0.855093,2.279879,-0.529124,1.750755
ls3_2426,LS3,vocal,0.540541,15,0.108108,1.312832,3.098703,4.411535,2.250512,3.090487,5.340999
ls3_2427,LS3,vocal,0.340426,14,0,0.169042,-0.634035,-0.464993,1.081445,-0.529124,0.552321
ls3_2428,LS3,vocal,0.030303,14,0,-2.015026,-0.634035,-2.649062,-1.095012,-0.529124,-1.624136
ls3_2429,LS3,vocal,0.319149,10,0.0425532,1.081361,0.835234,1.916594,1.873532,0.895616,2.769148
ls3_2430,LS3,vocal,0.329114,17,0,-0.707241,-0.634035,-1.341277,0.296005,-0.529124,-0.233119
ls3_2431,LS3,vocal,0.324324,12,0,0.586728,-0.634035,-0.047307,1.439150,-0.529124,0.910025
ls3_2432,LS3,vocal,0.322581,13,0.0322581,0.308908,0.479766,0.788674,1.191561,0.550921,1.742482
ls3_2433,LS3,vocal,0.0689655,14,0.0344828,-1.742742,0.556579,-1.186163,-0.823677,0.625407,-0.198270
ls3_2434,LS3,vocal,0.152174,15,0.0217391,-1.422279,0.116570,-1.305709,-0.475067,0.198732,-0.276334
ls3_2435,LS3,vocal,0.444444,12,0.037037,1.432686,0.644773,2.077459,2.282159,0.710928,2.993087
ls3_2436,LS3,vocal,0.153846,10,0.0512821,-0.082801,1.136622,1.053822,0.713427,1.187871,1.901298
ls3_2437,LS3,vocal,0.0425532,15,0.0851064,-2.194294,2.304503,0.110210,-1.244391,2.320357,1.075965
ls3_2438,LS3,vocal,0.4,10,0,1.650762,-0.634035,1.016727,2.440949,-0.529124,1.911825
ls3_2439,LS3,vocal,0.258065,9,0,0.916708,-0.634035,0.282672,1.680189,-0.529124,1.151065
ls3_2440,LS3,vocal,0.392857,15,0,0.272757,-0.634035,-0.361278,1.214062,-0.529124,0.684938
ls3_2441,LS3,vocal,0.232558,12,0.0232558,-0.059544,0.168937,0.109393,0.795129,0.249513,1.044642
ls3_2442,LS3,vocal,0.302326,15,0.0232558,-0.364821,0.168937,-0.195883,0.578706,0.249513,0.828219
ls3_2443,LS3,vocal,0.310345,14,0.0344828,-0.042804,0.556579,0.513775,0.870337,0.625407,1.495744
ls3_2444,LS3,vocal,0.358491,14,0,0.296267,-0.634035,-0.337768,1.208227,-0.529124,0.679103
ls3_2445,LS3,vocal,0.564103,14,0,1.744310,-0.634035,1.110275,2.651224,-0.529124,2.122100
ls3_2446,LS3,vocal,0.507937,14,0,1.348755,-0.634035,0.714720,2.257047,-0.529124,1.727923
ls3_2447,LS3,vocal,0.102564,14,0.102564,-1.506121,2.907280,1.401160,-0.587880,2.904866,2.316986
ls3_2448,LS3,vocal,0.025641,14,0.102564,-2.047859,2.907280,0.859421,-1.127730,2.904866,1.777135
ls3_2449,LS3,vocal,0.216216,14,0.0810811,-0.705714,2.165518,1.459804,0.209737,2.185584,2.395321
ls3_2450,LS3,vocal,0.25,12,0,0.063292,-0.634035,-0.570744,0.917537,-0.529124,0.388413
ls3_2451,LS3,vocal,0.351351,10,0,1.308149,-0.634035,0.674114,2.099530,-0.529124,1.570406
ls3_2452,LS3,vocal,0.315789,10,0,1.057701,-0.634035,0.423666,1.849955,-0.529124,1.320831
ls3_2453,LS3,vocal,0.176471,12,0,-0.454546,-0.634035,-1.088582,0.401504,-0.529124,-0.127621
ls3_2454,LS3,vocal,0.473684,12,0.0263158,1.638610,0.274592,1.913202,2.487366,0.351965,2.839331
ls3_2455,LS3,vocal,0.461538,10,0,2.084153,-0.634035,1.450118,2.872830,-0.529124,2.343705
ls3_2456,LS3,vocal,0.319149,12,0.0212766,0.550280,0.100599,0.650879,1.402828,0.183246,1.586075
ls3_2457,LS3,vocal,0.515152,12,0,1.930648,-0.634035,1.296612,2.778386,-0.529124,2.249262
ls3_2458,LS3,vocal,0.108108,12,0,-0.935996,-0.634035,-1.570031,-0.078268,-0.529124,-0.607392
ls3_2459,LS3,vocal,0,16,0.125,-2.759519,3.681943,0.922424,-1.778384,3.656051,1.877667
ls3_2460,LS3,vocal,0.371429,14,0.0285714,0.387384,0.352474,0.739858,1.299027,0.427487,1.726514
ls3_2461,LS3,vocal,0.275862,15,0,-0.551193,-0.634035,-1.185228,0.392984,-0.529124,-0.136140
ls3_2462,LS3,vocal,0.219178,15,0.0136986,-0.950395,-0.161051,-1.111447,-0.004828,-0.070475,-0.075303
ls3_2463,LS3,vocal,0.112676,14,0,-1.434906,-0.634035,-2.068942,-0.516913,-0.529124,-1.046038
ls3_2464,LS3,vocal,0.189189,16,0.0810811,-1.427135,2.165518,0.738383,-0.450643,2.185584,1.734941
ls3_2465,LS3,vocal,0.130435,16,0.0434783,-1.840919,0.867175,-0.973744,-0.862985,0.926589,0.063604
ls3_2466,LS3,vocal,0,16,0.131579,-2.759519,3.909100,1.149581,-1.778384,3.876323,2.097939
ls3_2467,LS3,vocal,0.36,16,0.04,-0.224183,0.747078,0.522895,0.748117,0.810132,1.558249
ls3_2468,LS3,vocal,0.242424,14,0.030303,-0.521142,0.412262,-0.108879,0.393667,0.485464,0.879131
ls3_2469,LS3,vocal,0.243243,10,0.0540541,0.546787,1.232334,1.779121,1.340821,1.280681,2.621502
ls3_2470,LS3,vocal,0.153846,17,0,-1.941582,-0.634035,-2.575618,-0.934034,-0.529124,-1.463158
ls3_2471,LS3,vocal,0.103448,16,0.0344828,-2.030974,0.556579,-1.474395,-1.052378,0.625407,-0.426971
ls3_2472,LS3,vocal,0.692308,9,0,3.974909,-0.634035,3.340873,4.727733,-0.529124,4.198609
ls3_2473,LS3,vocal,0.464286,14,0.0357143,1.041340,0.599101,1.640441,1.950703,0.666640,2.617344
ls3_2474,LS3,vocal,0.181818,13,0.0545455,-0.682426,1.249301,0.566875,0.203682,1.297134,1.500816
ls3_2475,LS3,vocal,0.173913,16,0.0434783,-1.534719,0.867175,-0.667544,-0.557852,0.926589,0.368737
ls3_2476,LS3,vocal,0.357143,12,0.0238095,0.817856,0.188056,1.005912,1.669472,0.268052,1.937524
ls3_2477,LS3,vocal,0.138889,17,0,-2.046920,-0.634035,-2.680956,-1.039005,-0.529124,-1.568129
ls3_2478,LS3,vocal,0.346154,12,0.0384615,0.740465,0.693958,1.434423,1.592350,0.758622,2.350972
ls3_2479,LS3,vocal,0.185185,16,0,-1.455334,-0.634035,-2.089369,-0.478743,-0.529124,-1.007868
ls3_2480,LS3,vocal,0.111111,16,0.037037,-1.977008,0.644773,-1.332235,-0.998600,0.710928,-0.287672
ls3_2481,LS3,vocal,0.0769231,17,0.0384615,-2.483321,0.693958,-1.789363,-1.473885,0.758622,-0.715263
ls3_2482,LS3,vocal,0.166667,16,0.0416667,-1.585752,0.804624,-0.781128,-0.608708,0.865934,0.257227
ls3_2483,LS3,vocal,0.166667,16,0.0416667,-1.585752,0.804624,-0.781128,-0.608708,0.865934,0.257227
ls3_2484,LS3,vocal,0.277778,10,0.0833333,0.790000,2.243284,3.033284,1.583187,2.260993,3.844179
ls3_2485,LS3,vocal,0.193548,10,0.0322581,0.196806,0.479766,0.676572,0.992060,0.550921,1.542981
ls3_2486,LS3,vocal,0.25,10,0.0833333,0.594372,2.243284,2.837656,1.388240,2.260993,3.649233
ls3_2487,LS3,vocal,0.15,12,0,-0.640968,-0.634035,-1.275004,0.215731,-0.529124,-0.313393
ls3_2488,LS3,vocal,0.276596,17,0,-1.077106,-0.634035,-1.711141,-0.072571,-0.529124,-0.601695
ls3_2489,LS3,vocal,0.542169,8,0.0240964,3.183080,0.197960,3.381040,3.909400,0.277657,4.187057
ls3_2490,LS3,vocal,0.24,10,0.02,0.523946,0.056521,0.580467,1.318060,0.140504,1.458564
ls3_2491,LS3,vocal,0.196429,16,0.0357143,-1.376151,0.599101,-0.777050,-0.399837,0.666640,0.266803
ls3_2492,LS3,vocal,0.225352,14,0.0140845,-0.641374,-0.147728,-0.789102,0.273854,-0.057555,0.216299
ls3_2493,LS3,vocal,0.510204,12,0.0816327,1.895805,2.184563,4.080368,2.743664,2.204051,4.947716
ls3_2494,LS3,vocal,0.22,16,0,-1.210147,-0.634035,-1.844182,-0.234411,-0.529124,-0.763535
ls3_2495,LS3,vocal,0.4375,12,0,1.383779,-0.634035,0.749744,2.233423,-0.529124,1.704299
ls3_2496,LS3,vocal,0.360656,10,0.0491803,1.373676,1.064055,2.437731,2.164829,1.117502,3.282331
ls3_2497,LS3,vocal,0.310345,17,0,-0.839425,-0.634035,-1.473460,0.164282,-0.529124,-0.364842
ls3_2498,LS3,vocal,0.311688,17,0.012987,-0.829963,-0.185622,-1.015585,0.173711,-0.094301,0.079410
ls3_2499,LS3,vocal,0.295082,17,0,-0.946915,-0.634035,-1.580950,0.057167,-0.529124,-0.471957
ls3_2500,LS3,vocal,0.290323,13,0,0.081727,-0.634035,-0.552308,0.965172,-0.529124,0.436048
ls3_2501,LS3,vocal,0.289474,14,0,-0.189791,-0.634035,-0.823827,0.723862,-0.529124,0.194738
ls3_2502,LS3,vocal,0.424242,9,0,2.087032,-0.634035,1.452997,2.846435,-0.529124,2.317311
ls3_2503,LS3,vocal,0.261905,14,0,-0.383948,-0.634035,-1.017984,0.530382,-0.529124,0.001258
ls3_2504,LS3,vocal,0.282609,14,0.0217391,-0.238139,0.116570,-0.121569,0.675684,0.198732,0.874416
ls3_2505,LS3,vocal,0.159091,15,0,-1.373565,-0.634035,-2.007601,-0.426523,-0.529124,-0.955647
ls3_2506,LS3,vocal,0.212766,9,0,0.597688,-0.634035,-0.036347,1.362281,-0.529124,0.833157
ls3_2507,LS3,vocal,0.155556,10,0,-0.070762,-0.634035,-0.704798,0.725424,-0.529124,0.196300
ls3_2508,LS3,vocal,0.212766,10,0.0212766,0.332148,0.100599,0.432747,1.126930,0.183246,1.310176
ls3_2509,LS3,vocal,0.306122,14,0,-0.072541,-0.634035,-0.706576,0.840704,-0.529124,0.311580
ls3_2510,LS3,vocal,0.384615,12,0,1.011334,-0.634035,0.377299,1.862276,-0.529124,1.333152
ls3_2511,LS3,vocal,0.575758,9,0,3.154093,-0.634035,2.520057,3.909777,-0.529124,3.380653
ls3_2512,LS3,vocal,0.232558,14,0.0697674,-0.590625,1.774883,1.184258,0.324426,1.806788,2.131213
ls3_2513,LS3,vocal,0.179487,13,0.025641,-0.698842,0.251294,-0.447548,0.187323,0.329373,0.516696
ls3_2514,LS3,vocal,0.170213,13,0,-0.764158,-0.634035,-1.398193,0.122234,-0.529124,-0.406890
ls3_2515,LS3,vocal,0.433962,15,0.0566038,0.562244,1.320370,1.882614,1.502540,1.366049,2.868589
ls3_2516,LS3,vocal,0.311111,12,0.0222222,0.493673,0.133250,0.626923,1.346418,0.214907,1.561325
ls3_2517,LS3,vocal,0.372549,12,0,0.926356,-0.634035,0.292320,1.777593,-0.529124,1.248469
ls3_2518,LS3,vocal,0,12,0,-1.697358,-0.634035,-2.331394,-0.836977,-0.529124,-1.366101
ls3_2519,LS3,vocal,0.393939,14,0,0.545919,-0.634035,-0.088116,1.457009,-0.529124,0.927885
ls3_2520,LS3,vocal,0.111111,14,0.037037,-1.445927,0.644773,-0.801154,-0.527896,0.710928,0.183031
ls3_2521,LS3,vocal,0.166667,17,0,-1.851293,-0.634035,-2.485328,-0.844059,-0.529124,-1.373183
ls3_2522,LS3,vocal,0.130435,8,0,0.283403,-0.634035,-0.350633,1.019828,-0.529124,0.490704
ls3_2523,LS3,vocal,0.273973,7,0,1.559822,-0.634035,0.925787,2.262537,-0.529124,1.733412
ls3_2524,LS3,vocal,0.322581,9,0,1.371069,-0.634035,0.737033,2.132967,-0.529124,1.603843
ls3_2525,LS3,vocal,0.230769,9,0,0.724478,-0.634035,0.090442,1.488629,-0.529124,0.959505
ls3_2526,LS3,vocal,0.277778,10,0,0.790000,-0.634035,0.155965,1.583187,-0.529124,1.054062
ls3_2527,LS3,vocal,0.1875,12,0,-0.376871,-0.634035,-1.010906,0.478909,-0.529124,-0.050215
ls3_2528,LS3,vocal,0.30303,12,0.030303,0.436763,0.412262,0.849025,1.289707,0.485464,1.775171
ls3_2529,LS3,vocal,0.121212,12,0.030303,-0.843710,0.412262,-0.431447,0.013696,0.485464,0.499160
ls3_2530,LS3,vocal,0.355556,12,0.0222222,0.806677,0.133250,0.939927,1.658332,0.214907,1.873239
ls3_2531,LS3,vocal,0.209877,14,0,-0.750362,-0.634035,-1.384397,0.165245,-0.529124,-0.363879
ls3_2532,LS3,vocal,0.103448,12,0.0344828,-0.968813,0.556579,-0.412234,-0.110971,0.625407,0.514436
ls3_2533,LS3,vocal,0.464286,12,0.0357143,1.572420,0.599101,2.171522,2.421407,0.666640,3.088047
ls3_2534,LS3,vocal,0.133333,14,0.0333333,-1.289425,0.516892,-0.772533,-0.371939,0.586923,0.214983
ls3_2535,LS3,vocal,0.16129,9,0.0322581,0.235166,0.479766,0.714931,1.001022,0.550921,1.551944
ls3_2536,LS3,vocal,0.347826,12,0,0.752242,-0.634035,0.118206,1.604086,-0.529124,1.074962
ls3_2537,LS3,vocal,0.155556,12,0,-0.601843,-0.634035,-1.235878,0.254721,-0.529124,-0.274403
ls3_2538,LS3,vocal,0.09375,16,0,-2.099275,-0.634035,-2.733311,-1.120441,-0.529124,-1.649565
ls3_2539,LS3,vocal,0.15625,16,0,-1.659113,-0.634035,-2.293148,-0.681812,-0.529124,-1.210936
ls3_2540,LS3,vocal,0.216667,16,0.0166667,-1.233622,-0.058572,-1.292194,-0.257805,0.028899,-0.228905
ls3_2541,LS3,vocal,0.239437,16,0.0422535,-1.073263,0.824887,-0.248376,-0.098004,0.885583,0.787579
ls3_2542,LS3,vocal,0.1875,16,0,-1.439031,-0.634035,-2.073067,-0.462498,-0.529124,-0.991622
ls3_2543,LS3,vocal,0.0694444,12,0.0138889,-1.208289,-0.154482,-1.362771,-0.349612,-0.064105,-0.413717
ls3_2544,LS3,vocal,0.0227273,12,0.0454545,-1.537299,0.935411,-0.601888,-0.677476,0.992758,0.315282
ls3_2545,LS3,vocal,0.139535,12,0.0465116,-0.714670,0.971910,0.257240,0.142287,1.028150,1.170437
ls3_2546,LS3,vocal,0.0681818,12,0,-1.217181,-0.634035,-1.851216,-0.358473,-0.529124,-0.887597
ls3_2547,LS3,vocal,0.0465116,12,0,-1.369795,-0.634035,-2.003831,-0.510556,-0.529124,-1.039680
ls3_2548,LS3,vocal,0.25,12,0,0.063292,-0.634035,-0.570744,0.917537,-0.529124,0.388413
ls3_2549,LS3,vocal,0.518072,12,0.0361446,1.951218,0.613958,2.565176,2.798884,0.681047,3.479931
ls3_2550,LS3,vocal,0.390244,12,0,1.050974,-0.634035,0.416938,1.901777,-0.529124,1.372653
ls3_2551,LS3,vocal,0.324675,12,0,0.589200,-0.634035,-0.044835,1.441613,-0.529124,0.912489
ls3_2552,LS3,vocal,0.25,14,0.0357143,-0.467789,0.599101,0.131313,0.446834,0.666640,1.113474
ls3_2553,LS3,vocal,0.454545,14,0.0606061,0.972743,1.458560,2.431304,1.882346,1.500052,3.382397
ls3_2554,LS3,vocal,0.149254,7,0,0.681477,-0.634035,0.047442,1.387252,-0.529124,0.858128
ls3_2555,LS3,vocal,0.236842,16,0,-1.091535,-0.634035,-1.725570,-0.116212,-0.529124,-0.645336
ls3_2556,LS3,vocal,0.04,5,0.12,0.443127,3.509304,3.952431,1.091207,3.488644,4.579850
ls3_2557,LS3,vocal,0.142857,10,0.0357143,-0.160192,0.599101,0.438909,0.636306,0.666640,1.302946
ls3_2558,LS3,vocal,0.395349,12,0,1.086926,-0.634035,0.452890,1.937604,-0.529124,1.408480
ls3_2559,LS3,vocal,0.0645161,12,0.0322581,-1.242997,0.479766,-0.763231,-0.384199,0.550921,0.166722
ls3_2560,LS3,vocal,0.0606061,12,0,-1.270534,-0.634035,-1.904569,-0.411640,-0.529124,-0.940764
ls3_2561,LS3,vocal,0.212766,12,0,-0.198933,-0.634035,-0.832968,0.656227,-0.529124,0.127102
ls3_2562,LS3,vocal,0,12,0,-1.697358,-0.634035,-2.331394,-0.836977,-0.529124,-1.366101
ls3_2563,LS3,vocal,0.151515,9,0,0.166323,-0.634035,-0.467712,0.932420,-0.529124,0.403296
ls3_2564,LS3,vocal,0.106383,17,0.0425532,-2.275846,0.835234,-1.440613,-1.267134,0.895616,-0.371517
ls3_2565,LS3,vocal,0.280702,8,0,1.341673,-0.634035,0.707637,2.074410,-0.529124,1.545286
ls3_2566,LS3,vocal,0.266667,12,0,0.180668,-0.634035,-0.453367,1.034505,-0.529124,0.505381
ls3_2567,LS3,vocal,0.258065,12,0.0645161,0.120087,1.593566,1.713653,0.974134,1.630966,2.605101
ls3_2568,LS3,vocal,0.0697674,12,0.0465116,-1.206014,0.971910,-0.234104,-0.347345,1.028150,0.680805
ls3_2569,LS3,vocal,0.148148,12,0,-0.654010,-0.634035,-1.288045,0.202735,-0.529124,-0.326389
ls3_2570,LS3,vocal,0.272727,12,0.0227273,0.223351,0.150688,0.374039,1.077038,0.231817,1.308855
ls3_2571,LS3,vocal,0.275862,8,0,1.307589,-0.634035,0.673553,2.040445,-0.529124,1.511321
ls3_2572,LS3,vocal,0.210526,12,0,-0.214706,-0.634035,-0.848741,0.640509,-0.529124,0.111385
ls3_2573,LS3,vocal,0.255319,12,0.0212766,0.100752,0.100599,0.201352,0.954867,0.183246,1.138113
ls3_2574,LS3,vocal,0.30303,8,0,1.498924,-0.634035,0.864888,2.231113,-0.529124,1.701989
ls3_2575,LS3,vocal,0.282051,12,0,0.289016,-0.634035,-0.345019,1.142475,-0.529124,0.613351
ls3_2576,LS3,vocal,0.205128,9,0,0.543898,-0.634035,-0.090137,1.308679,-0.529124,0.779555
ls3_2577,LS3,vocal,0.193548,12,0.0322581,-0.334274,0.479766,0.145491,0.521357,0.550921,1.072278
ls3_2578,LS3,vocal,0.255319,15,0,-0.695868,-0.634035,-1.329904,0.248812,-0.529124,-0.280312
ls3_2579,LS3,vocal,0.225352,17,0.0422535,-1.437994,0.824887,-0.613107,-0.432201,0.885583,0.453382
ls3_2580,LS3,vocal,0.333333,17,0,-0.677526,-0.634035,-1.311561,0.325617,-0.529124,-0.203507
ls3_2581,LS3,vocal,0.0857143,17,0.0857143,-2.421408,2.325493,-0.095915,-1.412188,2.340710,0.928523
ls3_2582,LS3,vocal,0.208955,17,0,-1.553471,-0.634035,-2.187507,-0.547276,-0.529124,-1.076400
ls3_2583,LS3,vocal,0.311688,17,0.012987,-0.829963,-0.185622,-1.015585,0.173711,-0.094301,0.079410
ls3_2584,LS3,vocal,0.380282,12,0.0422535,0.980814,0.824887,1.805701,1.831862,0.885583,2.717445
ls3_2585,LS3,vocal,0.2,12,0.0333333,-0.288838,0.516892,0.228054,0.566634,0.586923,1.153557
ls3_2586,LS3,vocal,0.118644,15,0,-1.658416,-0.634035,-2.292452,-0.710381,-0.529124,-1.239505
ls3_2587,LS3,vocal,0.236364,12,0.0363636,-0.032744,0.621522,0.588778,0.821836,0.688381,1.510218
ls3_2588,LS3,vocal,0.255319,12,0,0.100752,-0.634035,-0.533283,0.954867,-0.529124,0.425743
ls3_2589,LS3,vocal,0.194444,12,0,-0.327964,-0.634035,-0.961999,0.527645,-0.529124,-0.001479
ls3_2590,LS3,vocal,0.193548,10,0.0322581,0.196806,0.479766,0.676572,0.992060,0.550921,1.542981
ls3_2591,LS3,vocal,0.458333,12,0,1.530500,-0.634035,0.896465,2.379632,-0.529124,1.850508
ls3_2592,LS3,vocal,0.5,12,0,1.823942,-0.634035,1.189906,2.672052,-0.529124,2.142927
ls3_2593,LS3,vocal,0.186667,10,0,0.148341,-0.634035,-0.485695,0.943763,-0.529124,0.414639
ls3_2594,LS3,vocal,0.322581,14,0.0322581,0.043368,0.479766,0.523133,0.956209,0.550921,1.507130
ls3_2595,LS3,vocal,0.142857,12,0,-0.691272,-0.634035,-1.325308,0.165602,-0.529124,-0.363522
ls3_2596,LS3,vocal,0.179487,12,0.025641,-0.433302,0.251294,-0.182008,0.422674,0.329373,0.752048
ls3_2597,LS3,vocal,0.228571,13,0.0285714,-0.353161,0.352474,-0.000687,0.531799,0.427487,0.959286
ls3_2598,LS3,vocal,0.433333,12,0.0333333,1.354435,0.516892,1.871327,2.204181,0.586923,2.791104
ls3_2599,LS3,vocal,0.25,12,0,0.063292,-0.634035,-0.570744,0.917537,-0.529124,0.388413
ls3_2600,LS3,vocal,0.31746,12,0,0.538388,-0.634035,-0.095648,1.390978,-0.529124,0.861853
ls3_2601,LS3,vocal,0.390244,17,0.0243902,-0.276727,0.208107,-0.068621,0.725019,0.287495,1.012514
ls3_2602,LS3,vocal,0.125,14,0.0208333,-1.348114,0.085294,-1.262819,-0.430423,0.168405,-0.262018
ls3_2603,LS3,vocal,0.0338983,17,0,-2.786327,-0.634035,-3.420362,-1.775835,-0.529124,-2.304959
ls3_2604,LS3,vocal,0.162791,17,0.0232558,-1.878589,0.168937,-1.709652,-0.871261,0.249513,-0.621748
ls3_2605,LS3,vocal,0.155556,10,0.0222222,-0.070762,0.133250,0.062487,0.725424,0.214907,0.940331
ls3_2606,LS3,vocal,0.21875,16,0.0625,-1.218950,1.523954,0.305004,-0.243184,1.563463,1.320280
ls3_2607,LS3,vocal,0.101695,16,0.0677966,-2.043322,1.706834,-0.336488,-1.064683,1.740801,0.676118
ls3_2608,LS3,vocal,0.111111,15,0.037037,-1.711468,0.644773,-1.066695,-0.763248,0.710928,-0.052320
ls3_2609,LS3,vocal,0.390244,11,0.0243902,1.316514,0.208107,1.524621,2.137129,0.287495,2.424624
ls3_2610,LS3,vocal,0.0333333,12,0,-1.462605,-0.634035,-2.096640,-0.603042,-0.529124,-1.132166
ls3_2611,LS3,vocal,0.258824,16,0.0352941,-0.936728,0.584594,-0.352135,0.038055,0.652572,0.690627
ls3_2612,LS3,vocal,0.129032,14,0,-1.319716,-0.634035,-1.953751,-0.402125,-0.529124,-0.931249
ls3_2613,LS3,vocal,0.1875,14,0.0625,-0.907951,1.523954,0.616003,0.008205,1.563463,1.571669
ls3_2614,LS3,vocal,0.47541,9,0,2.447384,-0.634035,1.813348,3.205531,-0.529124,2.676407
ls3_2615,LS3,vocal,0.126984,15,0.015873,-1.599680,-0.085975,-1.685655,-0.651850,0.002327,-0.649524
ls3_2616,LS3,vocal,0.337079,14,0,0.145472,-0.634035,-0.488564,1.057957,-0.529124,0.528833
ls3_2617,LS3,vocal,0.0731707,12,0.0487805,-1.182046,1.050249,-0.131797,-0.323461,1.104115,0.780654
ls3_2618,LS3,vocal,0.232558,10,0.0930233,0.471536,2.577856,3.049392,1.265832,2.585425,3.851257
ls3_2619,LS3,vocal,0.185185,12,0.037037,-0.393173,0.644773,0.251600,0.462663,0.710928,1.173591
ls3_2620,LS3,vocal,0.388889,12,0,1.041431,-0.634035,0.407395,1.892267,-0.529124,1.363143
ls3_2621,LS3,vocal,0.105263,17,0.0789474,-2.283733,2.091846,-0.191887,-1.274993,2.114144,0.839152
ls3_2622,LS3,vocal,0.305556,13,0,0.189007,-0.634035,-0.445028,1.072078,-0.529124,0.542954
ls3_2623,LS3,vocal,0.16129,14,0.0322581,-1.092535,0.479766,-0.612770,-0.175736,0.550921,0.375185
ls3_2624,LS3,vocal,0.103448,14,0,-1.499894,-0.634035,-2.133929,-0.581675,-0.529124,-1.110799
ls3_2625,LS3,vocal,0.204082,14,0,-0.791173,-0.634035,-1.425209,0.124576,-0.529124,-0.404548
ls3_2626,LS3,vocal,0.283333,13,0.0166667,0.032505,-0.058572,-0.026067,0.916121,0.028899,0.945020
ls3_2627,LS3,vocal,0.129032,14,0.0967742,-1.319716,2.707367,1.387651,-0.402125,2.711011,2.308887
ls3_2628,LS3,vocal,0.27907,16,0.0697674,-0.794142,1.774883,0.980741,0.180144,1.806788,1.986931
ls3_2629,LS3,vocal,0.0277778,16,0,-2.563891,-0.634035,-3.197927,-1.583438,-0.529124,-2.112562
ls3_2630,LS3,vocal,0.140625,17,0.078125,-2.034694,2.063451,0.028758,-1.026821,2.086610,1.059789
ls3_2631,LS3,vocal,0.384615,10,0,1.542415,-0.634035,0.908379,2.332979,-0.529124,1.803855
ls3_2632,LS3,vocal,0,15,0.0967742,-2.493979,2.707367,0.213389,-1.543032,2.711011,1.167979
ls3_2633,LS3,vocal,0.08,8,0,-0.071789,-0.634035,-0.705825,0.665874,-0.529124,0.136750
ls3_2634,LS3,vocal,0.1875,17,0.03125,-1.704572,0.444959,-1.259612,-0.697850,0.517170,-0.180680
ls3_2635,LS3,vocal,0.0967742,12,0,-1.015816,-0.634035,-1.649852,-0.157810,-0.529124,-0.686934
ls3_2636,LS3,vocal,0.484848,14,0,1.186155,-0.634035,0.552120,2.095014,-0.529124,1.565890
ls3_2637,LS3,vocal,0.351351,10,0,1.308149,-0.634035,0.674114,2.099530,-0.529124,1.570406
ls3_2638,LS3,vocal,0.0952381,9,0,-0.230014,-0.634035,-0.864049,0.537464,-0.529124,0.008340
ls3_2639,LS3,vocal,0.45283,9,0,2.288364,-0.634035,1.654329,3.047066,-0.529124,2.517942
ls3_2640,LS3,vocal,0.212766,10,0,0.332148,-0.634035,-0.301888,1.126930,-0.529124,0.597806
ls3_2641,LS3,vocal,0,12,0,-1.697358,-0.634035,-2.331394,-0.836977,-0.529124,-1.366101
ls3_2642,LS3,vocal,0,12,0.0322581,-1.697358,0.479766,-1.217593,-0.836977,0.550921,-0.286056
ls3_2643,LS3,vocal,0.0689655,12,0.0344828,-1.211662,0.556579,-0.655082,-0.352973,0.625407,0.272434
ls3_2644,LS3,vocal,0.0689655,14,0,-1.742742,-0.634035,-2.376777,-0.823677,-0.529124,-1.352801
ls3_2645,LS3,vocal,0.0909091,7,0.030303,0.270579,0.412262,0.682842,0.977786,0.485464,1.463250
ls3_2646,LS3,vocal,0.27027,7,0,1.533748,-0.634035,0.899713,2.236553,-0.529124,1.707429
ls3_2647,LS3,vocal,0.116279,12,0,-0.878451,-0.634035,-1.512487,-0.020924,-0.529124,-0.550048
ls3_2648,LS3,vocal,0.305556,14,0,-0.076533,-0.634035,-0.710568,0.836726,-0.529124,0.307602
ls3_2649,LS3,vocal,0.0923077,15,0.107692,-1.843893,3.084346,1.240454,-0.895211,3.076565,2.181354
ls3_2650,LS3,vocal,0.0606061,17,0.0909091,-2.598235,2.504858,-0.093377,-1.588399,2.514640,0.926241
ls3_2651,LS3,vocal,0.30303,12,0,0.436763,-0.634035,-0.197272,1.289707,-0.529124,0.760583
ls3_2652,LS3,vocal,0.275362,14,0,-0.289172,-0.634035,-0.923207,0.624828,-0.529124,0.095704
ls3_2653,LS3,vocal,0.157895,12,0,-0.585369,-0.634035,-1.219404,0.271137,-0.529124,-0.257987
ls3_2654,LS3,vocal,0.206897,7,0.0689655,1.087432,1.747194,2.834627,1.791793,1.779938,3.571731
ls3_2655,LS3,vocal,0.209302,10,0.0232558,0.307755,0.168937,0.476692,1.102622,0.249513,1.352135
ls3_2656,LS3,vocal,0.137931,12,0.0344828,-0.725965,0.556579,-0.169386,0.131031,0.625407,0.756438
ls3_2657,LS3,vocal,0.181818,12,0.030303,-0.416885,0.412262,-0.004623,0.439033,0.485464,0.924497
ls3_2658,LS3,vocal,0.132075,13,0.0566038,-1.032744,1.320370,0.287626,-0.145416,1.366049,1.220634
ls3_2659,LS3,vocal,0.222222,10,0.0222222,0.398744,0.133250,0.531994,1.193294,0.214907,1.408201
ls3_2660,LS3,vocal,0.210526,10,0.157895,0.316375,4.817727,5.134102,1.111212,4.757413,5.868625
ls3_2661,LS3,vocal,0.441176,17,0.0294118,0.081970,0.381489,0.463459,1.082466,0.455623,1.538089
ls3_2662,LS3,vocal,0,12,0.0322581,-1.697358,0.479766,-1.217593,-0.836977,0.550921,-0.286056
ls3_2663,LS3,vocal,0,12,0.0322581,-1.697358,0.479766,-1.217593,-0.836977,0.550921,-0.286056
ls3_2664,LS3,vocal,0.162162,12,0.0540541,-0.555315,1.232334,0.677019,0.301086,1.280681,1.581767
ls3_2665,LS3,vocal,0.5,7,0,3.151643,-0.634035,2.517607,3.848810,-0.529124,3.319686
ls3_2666,LS3,vocal,0.292683,12,0.0731707,0.363891,1.892391,2.256282,1.217088,1.920734,3.137823
ls3_2667,LS3,vocal,0.293103,13,0.0172414,0.101312,-0.038728,0.062584,0.984688,0.048141,1.032829
ls3_2668,LS3,vocal,0.111111,20,0.0277778,-3.039169,0.325071,-2.714098,-1.940006,0.400915,-1.539091
ls3_2669,LS3,vocal,0,14,0.0392157,-2.228439,0.719997,-1.508442,-1.307680,0.783872,-0.523808
ls3_2670,LS3,vocal,0.0769231,15,0.0461538,-1.952240,0.959557,-0.992684,-1.003182,1.016171,0.012990
ls3_2671,LS3,vocal,0.0645161,15,0.0322581,-2.039618,0.479766,-1.559852,-1.090254,0.550921,-0.539333
ls3_2672,LS3,vocal,0.292308,17,0,-0.966453,-0.634035,-1.600488,0.037697,-0.529124,-0.491427
ls3_2673,LS3,vocal,0.1875,12,0,-0.376871,-0.634035,-1.010906,0.478909,-0.529124,-0.050215
ls3_2674,LS3,vocal,0.193548,12,0.0322581,-0.334274,0.479766,0.145491,0.521357,0.550921,1.072278
ls3_2675,LS3,vocal,0.382353,12,0.0294118,0.995401,0.381489,1.376890,1.846398,0.455623,2.302021
ls3_2676,LS3,vocal,0.344828,12,0,0.731125,-0.634035,0.097089,1.583043,-0.529124,1.053919
ls3_2677,LS3,vocal,0.266667,9,0,0.977289,-0.634035,0.343254,1.740560,-0.529124,1.211436
ls3_2678,LS3,vocal,0.189189,12,0,-0.364974,-0.634035,-0.999010,0.490763,-0.529124,-0.038361
ls3_2679,LS3,vocal,0.297872,12,0.0212766,0.400438,0.100599,0.501037,1.253508,0.183246,1.436754
ls3_2680,LS3,vocal,0.322581,10,0.0322581,1.105529,0.479766,1.585294,1.897616,0.550921,2.448537
ls3_2681,LS3,vocal,0.276923,16,0,-0.809260,-0.634035,-1.443296,0.165078,-0.529124,-0.364046
ls3_2682,LS3,vocal,0.133333,12,0,-0.758345,-0.634035,-1.392380,0.098764,-0.529124,-0.430360
ls3_2683,LS3,vocal,0.27027,13,0,-0.059493,-0.634035,-0.693528,0.824443,-0.529124,0.295319
ls3_2684,LS3,vocal,0.121951,9,0.219512,-0.041884,6.945244,6.903360,0.724938,6.820451,7.545390
ls3_2685,LS3,vocal,0.146341,16,0.0243902,-1.728895,0.208107,-1.520788,-0.751351,0.287495,-0.463856
ls3_2686,LS3,vocal,0.153846,13,0.025641,-0.879421,0.251294,-0.628128,0.007372,0.329373,0.336746
ls3_2687,LS3,vocal,0.233333,12,0,-0.054085,-0.634035,-0.688120,0.800570,-0.529124,0.271445
ls3_2688,LS3,vocal,0.181818,16,0,-1.479046,-0.634035,-2.113082,-0.502373,-0.529124,-1.031497
ls3_2689,LS3,vocal,0.114286,13,0.0857143,-1.158030,2.325493,1.167463,-0.270265,2.340710,2.070445
ls3_2690,LS3,vocal,0.390244,12,0,1.050974,-0.634035,0.416938,1.901777,-0.529124,1.372653
ls3_2691,LS3,vocal,0.225806,12,0.0322581,-0.107094,0.479766,0.372672,0.747745,0.550921,1.298667
ls3_2692,LS3,vocal,0.1,13,0,-1.258638,-0.634035,-1.892674,-0.370523,-0.529124,-0.899647
ls3_2693,LS3,vocal,0.25,12,0.0625,0.063292,1.523954,1.587246,0.917537,1.563463,2.481001
ls3_2694,LS3,vocal,0.166667,12,0.0833333,-0.523592,2.243284,1.719692,0.332699,2.260993,2.593692
ls3_2695,LS3,vocal,0.16,12,0.12,-0.570542,3.509304,2.938762,0.285912,3.488644,3.774556
ls3_2696,LS3,vocal,0.16129,12,0,-0.561455,-0.634035,-1.195490,0.294968,-0.529124,-0.234157
ls3_2697,LS3,vocal,0.285714,12,0.0285714,0.314813,0.352474,0.667287,1.168182,0.427487,1.595669
ls3_2698,LS3,vocal,0.184211,17,0.0263158,-1.727738,0.274592,-1.453146,-0.720935,0.351965,-0.368970
ls3_2699,LS3,vocal,0.339623,14,0,0.163388,-0.634035,-0.470648,1.075811,-0.529124,0.546687
ls3_2700,LS3,vocal,0.255319,14,0.0638298,-0.430328,1.569869,1.139541,0.484164,1.607987,2.092151
ls3_2701,LS3,vocal,0.0454545,13,0,-1.642780,-0.634035,-2.276816,-0.753326,-0.529124,-1.282450
ls3_2702,LS3,vocal,0.271605,14,0.0246914,-0.315634,0.218504,-0.097130,0.598459,0.297577,0.896036
ls3_2703,LS3,vocal,0.264706,12,0.0294118,0.166859,0.381489,0.548348,1.020744,0.455623,1.476367
ls3_2704,LS3,vocal,0.307692,12,0.0576923,0.469596,1.357955,1.827550,1.322425,1.402495,2.724920
ls3_2705,LS3,vocal,0.2,16,0,-1.350999,-0.634035,-1.985034,-0.374772,-0.529124,-0.903896
ls3_2706,LS3,vocal,0.371429,12,0,0.918465,-0.634035,0.284429,1.769730,-0.529124,1.240606
ls3_2707,LS3,vocal,0.207547,15,0,-1.032307,-0.634035,-1.666343,-0.086454,-0.529124,-0.615578
ls3_2708,LS3,vocal,0.266667,12,0.0666667,0.180668,1.667820,1.848488,1.034505,1.702969,2.737474
ls3_2709,LS3,vocal,0.266667,8,0.1,1.242829,2.818748,4.061577,1.975911,2.819016,4.794927
ls3_2710,LS3,vocal,0.206897,16,0.0689655,-1.302429,1.747194,0.444765,-0.326372,1.779938,1.453566
ls3_2711,LS3,vocal,0.0967742,15,0.0322581,-1.812437,0.479766,-1.332671,-0.863865,0.550921,-0.312944
ls3_2712,LS3,vocal,0.15,15,0.05,-1.437589,1.092356,-0.345233,-0.490323,1.144946,0.654622
ls3_2713,LS3,vocal,0.125,15,0.025,-1.613654,0.229160,-1.384493,-0.665775,0.307911,-0.357864
ls3_2714,LS3,vocal,0.191489,12,0.0212766,-0.348775,0.100599,-0.248176,0.506906,0.183246,0.690152
ls3_2715,LS3,vocal,0.156863,17,0.0588235,-1.920338,1.397013,-0.523324,-0.912864,1.440370,0.527506
ls3_2716,LS3,vocal,0.18,17,0.06,-1.757391,1.437634,-0.319757,-0.750485,1.479760,0.729275
ls3_2717,LS3,vocal,0.2,16,0.0545455,-1.350999,1.249301,-0.101698,-0.374772,1.297134,0.922362
ls3_2718,LS3,vocal,0.0689655,13,0.0344828,-1.477202,0.556579,-0.920622,-0.588325,0.625407,0.037082
ls3_2719,LS3,vocal,0.292683,14,0.0487805,-0.167190,1.050249,0.883059,0.746385,1.104115,1.850500
ls3_2720,LS3,vocal,0.0526316,13,0,-1.592235,-0.634035,-2.226271,-0.702957,-0.529124,-1.232081
ls3_2721,LS3,vocal,0.162791,12,0.0465116,-0.550888,0.971910,0.421022,0.305497,1.028150,1.333648
ls3_2722,LS3,vocal,0.243243,13,0.027027,-0.249834,0.299149,0.049316,0.634766,0.375779,1.010545
ls3_2723,LS3,vocal,0.0909091,15,0.0454545,-1.853742,0.935411,-0.918331,-0.905027,0.992758,0.087731
ls3_2724,LS3,vocal,0.304878,15,0.0487805,-0.346845,1.050249,0.703404,0.596620,1.104115,1.700734
ls3_2725,LS3,vocal,0.269231,15,0.0576923,-0.597894,1.357955,0.760061,0.346445,1.402495,1.748940
ls3_2726,LS3,vocal,0.103448,15,0.0344828,-1.765434,0.556579,-1.208855,-0.817026,0.625407,-0.191619
ls3_2727,LS3,vocal,0.304348,15,0.0434783,-0.350579,0.867175,0.516596,0.592898,0.926589,1.519487
ls3_2728,LS3,vocal,0.230769,15,0,-0.868763,-0.634035,-1.502799,0.076520,-0.529124,-0.452604
ls3_2729,LS3,vocal,0.178571,12,0.0714286,-0.439751,1.832238,1.392487,0.416247,1.862404,2.278652
ls3_2730,LS3,vocal,0.0714286,15,0,-1.990936,-0.634035,-2.624971,-1.041742,-0.529124,-1.570866
ls3_2731,LS3,vocal,0.363636,15,0.0227273,0.066967,0.150688,0.217655,1.008989,0.231817,1.240806
ls3_2732,LS3,vocal,0.349515,12,0.00970874,0.764133,-0.298814,0.465319,1.615936,-0.204062,1.411874
ls3_2733,LS3,vocal,0.349206,12,0.047619,0.761962,1.010147,1.772109,1.613773,1.065228,2.679001
ls3_2734,LS3,vocal,0.351852,14,0,0.249513,-0.634035,-0.384522,1.161636,-0.529124,0.632512
ls3_2735,LS3,vocal,0.0333333,17,0.0333333,-2.790306,0.516892,-2.273414,-1.779800,0.586923,-1.192878
ls3_2736,LS3,vocal,0.1,13,0,-1.258638,-0.634035,-1.892674,-0.370523,-0.529124,-0.899647
ls3_2737,LS3,vocal,0.365854,15,0.0487805,0.082582,1.050249,1.132831,1.024550,1.104115,2.128665
ls3_2738,LS3,vocal,0.259259,15,0.037037,-0.668120,0.644773,-0.023346,0.276464,0.710928,0.987392
ls3_2739,LS3,vocal,0.230769,14,0.0384615,-0.603223,0.693958,0.090735,0.311871,0.758622,1.070493
ls3_2740,LS3,vocal,0.31746,12,0.047619,0.538388,1.010147,1.548535,1.390978,1.065228,2.456206
ls3_2741,LS3,vocal,0.179104,9,0,0.360624,-0.634035,-0.273412,1.126043,-0.529124,0.596919
ls3_2742,LS3,vocal,0.0625,14,0.09375,-1.788276,2.602949,0.814672,-0.869052,2.609757,1.740705
ls3_2743,LS3,vocal,0.0208333,9,0,-0.754017,-0.634035,-1.388052,0.015287,-0.529124,-0.513837
ls3_2744,LS3,vocal,0.0454545,10,0,-0.846160,-0.634035,-1.480195,-0.047271,-0.529124,-0.576395
ls3_2745,LS3,vocal,0.0645161,12,0.0322581,-1.242997,0.479766,-0.763231,-0.384199,0.550921,0.166722
ls3_2746,LS3,vocal,0.348837,12,0,0.759363,-0.634035,0.125327,1.611182,-0.529124,1.082058
ls3_2747,LS3,vocal,0.197183,12,0.0140845,-0.308676,-0.147728,-0.456404,0.546865,-0.057555,0.489310
ls3_2748,LS3,vocal,0.479452,14,0.0410959,1.148151,0.784916,1.933067,2.057142,0.846824,2.903965
ls3_2749,LS3,vocal,0.25,12,0,0.063292,-0.634035,-0.570744,0.917537,-0.529124,0.388413
ls3_2750,LS3,vocal,0.117647,15,0.0392157,-1.665438,0.719997,-0.945441,-0.717378,0.783872,0.066494
ls3_2751,LS3,vocal,0.157895,17,0,-1.913070,-0.634035,-2.547105,-0.905621,-0.529124,-1.434745
ls3_2752,LS3,vocal,0.25,12,0,0.063292,-0.634035,-0.570744,0.917537,-0.529124,0.388413
ls3_2753,LS3,vocal,0.289474,10,0,0.872370,-0.634035,0.238334,1.665269,-0.529124,1.136145
ls3_2754,LS3,vocal,0.294118,11,0.0294118,0.639535,0.381489,1.021024,1.462509,0.455623,1.918132
ls3_2755,LS3,vocal,0.232877,16,0.0684932,-1.119461,1.730884,0.611423,-0.144042,1.764122,1.620081
ls3_2756,LS3,vocal,0.207547,15,0.0377358,-1.032307,0.668902,-0.363406,-0.086454,0.734325,0.647871
ls3_2757,LS3,vocal,0.536232,12,0.0144928,2.079109,-0.133632,1.945476,2.926329,-0.043886,2.882443
ls3_2758,LS3,vocal,0.265306,13,0.102041,-0.094453,2.889212,2.794759,0.789605,2.887345,3.676950
ls3_2759,LS3,vocal,0.217391,14,0,-0.697439,-0.634035,-1.331474,0.217984,-0.529124,-0.311140
ls3_2760,LS3,vocal,0.219512,17,0,-1.479123,-0.634035,-2.113158,-0.473186,-0.529124,-1.002310
ls3_2761,LS3,vocal,0.236364,12,0.0545455,-0.032744,1.249301,1.216557,0.821836,1.297134,2.118970
ls3_2762,LS3,vocal,0.192982,12,0.0526316,-0.338260,1.183219,0.844959,0.517385,1.233055,1.750440
ls3_2763,LS3,vocal,0.206897,15,0.0344828,-1.036889,0.556579,-0.480310,-0.091020,0.625407,0.534387
ls3_2764,LS3,vocal,0.1,14,0.0333333,-1.524179,0.516892,-1.007286,-0.605875,0.586923,-0.018952
ls3_2765,LS3,vocal,0.206897,15,0,-1.036889,-0.634035,-1.670925,-0.091020,-0.529124,-0.620144
ls3_2766,LS3,vocal,0.205128,12,0.0512821,-0.252722,1.136622,0.883900,0.602624,1.187871,1.790495
ls3_2767,LS3,vocal,0.40678,10,0.0508475,1.698509,1.121617,2.820126,2.488529,1.173320,3.661849
ls3_2768,LS3,vocal,0.444444,10,0,1.963767,-0.634035,1.329731,2.752863,-0.529124,2.223739
ls3_2769,LS3,vocal,0.483333,12,0.0333333,1.706565,0.516892,2.223457,2.555084,0.586923,3.142006
ls3_2770,LS3,vocal,0.107143,14,0,-1.473874,-0.634035,-2.107910,-0.555746,-0.529124,-1.084870
ls3_2771,LS3,vocal,0.139535,17,0,-2.042371,-0.634035,-2.676406,-1.034472,-0.529124,-1.563596
ls3_2772,LS3,vocal,0.4,12,0,1.119682,-0.634035,0.485646,1.970246,-0.529124,1.441122
ls3_2773,LS3,vocal,0.402985,16,0,0.078544,-0.634035,-0.555492,1.049789,-0.529124,0.520665
ls3_2774,LS3,vocal,0.119403,16,0,-1.918612,-0.634035,-2.552647,-0.940407,-0.529124,-1.469531
ls3_2775,LS3,vocal,0.103448,14,0.103448,-1.499894,2.937809,1.437915,-0.581675,2.934469,2.352794
ls3_2776,LS3,vocal,0.1875,17,0.0625,-1.704572,1.523954,-0.180618,-0.697850,1.563463,0.865614
ls3_2777,LS3,vocal,0.457143,16,0,0.459955,-0.634035,-0.174080,1.429871,-0.529124,0.900747
ls3_2778,LS3,vocal,0.178571,14,0.0714286,-0.970831,1.832238,0.861407,-0.054456,1.862404,1.807949
ls3_2779,LS3,vocal,0.346939,12,0,0.745993,-0.634035,0.111957,1.597859,-0.529124,1.068735
ls3_2780,LS3,vocal,0.240506,14,0.0379747,-0.534649,0.677148,0.142499,0.380207,0.742321,1.122528
ls3_2781,LS3,vocal,0.0625,12,0,-1.257196,-0.634035,-1.891231,-0.398349,-0.529124,-0.927473
ls3_2782,LS3,vocal,0.368421,12,0,0.897284,-0.634035,0.263249,1.748623,-0.529124,1.219499
ls3_2783,LS3,vocal,0.111111,12,0.111111,-0.914847,3.202390,2.287543,-0.057193,3.191031,3.133838
ls3_2784,LS3,vocal,0.121951,12,0.121951,-0.838505,3.576676,2.738171,0.018883,3.553973,3.572857
ls3_2785,LS3,vocal,0.297297,9,0,1.193008,-0.634035,0.558973,1.955527,-0.529124,1.426403
ls3_2786,LS3,vocal,0.108108,13,0,-1.201536,-0.634035,-1.835572,-0.313620,-0.529124,-0.842744
ls3_2787,LS3,vocal,0.0638298,12,0.106383,-1.247831,3.039138,1.791307,-0.389016,3.032727,2.643711
ls3_2788,LS3,vocal,0.0689655,8,0,-0.149501,-0.634035,-0.783536,0.588433,-0.529124,0.059309
ls3_2789,LS3,vocal,0.114754,10,0.0655738,-0.358111,1.630085,1.271974,0.439077,1.666378,2.105454
ls3_2790,LS3,vocal,0.225,14,0.025,-0.643854,0.229160,-0.414693,0.271382,0.307911,0.579293
ls3_2791,LS3,vocal,0.233333,9,0.0333333,0.742536,0.516892,1.259428,1.506624,0.586923,2.093547
ls3_2792,LS3,vocal,0.3,12,0,0.415422,-0.634035,-0.218614,1.268440,-0.529124,0.739316
ls3_2793,LS3,vocal,0.177778,12,0.0666667,-0.445340,1.667820,1.222479,0.410677,1.702969,2.113647
ls3_2794,LS3,vocal,0.278481,12,0.0379747,0.263872,0.677148,0.941020,1.117419,0.742321,1.859740
ls3_2795,LS3,vocal,0.152778,17,0.0694444,-1.949106,1.763731,-0.185376,-0.941532,1.795973,0.854441
ls3_2796,LS3,vocal,0.269231,17,0.0192308,-1.128975,0.029961,-1.099013,-0.124258,0.114749,-0.009509
ls3_2797,LS3,vocal,0.333333,12,0.037037,0.650175,0.644773,1.294948,1.502375,0.710928,2.213303
ls3_2798,LS3,vocal,0.457143,10,0.0285714,2.053197,0.352474,2.405671,2.841981,0.427487,3.269468
ls3_2799,LS3,vocal,0.135135,12,0,-0.745655,-0.634035,-1.379691,0.111409,-0.529124,-0.417715
ls3_2800,LS3,vocal,0.27451,15,0.0588235,-0.560716,1.397013,0.836297,0.383493,1.440370,1.823863
ls3_2801,LS3,vocal,0.16129,14,0.0322581,-1.092535,0.479766,-0.612770,-0.175736,0.550921,0.375185
ls3_2802,LS3,vocal,0.246154,15,0.0461538,-0.760416,0.959557,0.199141,0.184490,1.016171,1.200661
ls3_2803,LS3,vocal,0.164384,12,0,-0.539671,-0.634035,-1.173706,0.316676,-0.529124,-0.212448
ls3_2804,LS3,vocal,0.291667,14,0.0625,-0.174347,1.523954,1.349607,0.739253,1.563463,2.302716
ls3_2805,LS3,vocal,0.225,14,0,-0.643854,-0.634035,-1.277889,0.271382,-0.529124,-0.257742
ls3_2806,LS3,vocal,0.253968,12,0,0.091239,-0.634035,-0.542797,0.945387,-0.529124,0.416263
ls3_2807,LS3,vocal,0.0862069,15,0.0172414,-1.886858,-0.038728,-1.925586,-0.938027,0.048141,-0.889886
ls3_2808,LS3,vocal,0.181818,12,0,-0.416885,-0.634035,-1.050921,0.439033,-0.529124,-0.090091
ls3_2809,LS3,vocal,0.129032,14,0.0645161,-1.319716,1.593566,0.273850,-0.402125,1.630966,1.228842
ls3_2810,LS3,vocal,0.269231,9,0,0.995347,-0.634035,0.361312,1.758555,-0.529124,1.229431
ls3_2811,LS3,vocal,0.0909091,11,0.0181818,-0.791582,-0.006257,-0.797838,0.036380,0.079629,0.116008
ls3_2812,LS3,vocal,0.344828,12,0.0344828,0.731125,0.556579,1.287704,1.583043,0.625407,2.208450
ls3_2813,LS3,vocal,0.321429,12,0.0714286,0.566335,1.832238,2.398573,1.418827,1.862404,3.281231
ls3_2814,LS3,vocal,0.037037,14,0.037037,-1.967602,0.644773,-1.322828,-1.047752,0.710928,-0.336825
ls3_2815,LS3,vocal,0.225806,14,0.0322581,-0.638174,0.479766,-0.158409,0.277042,0.550921,0.827963
ls3_2816,LS3,vocal,0.142857,15,0.0357143,-1.487893,0.599101,-0.888792,-0.540452,0.666640,0.126188
ls3_2817,LS3,vocal,0,15,0.0384615,-2.493979,0.693958,-1.800021,-1.543032,0.758622,-0.784410
ls3_2818,LS3,vocal,0.26087,15,0,-0.656779,-0.634035,-1.290814,0.287765,-0.529124,-0.241359
ls3_2819,LS3,vocal,0.230769,7,0,1.255558,-0.634035,0.621523,1.959333,-0.529124,1.430209
ls3_2820,LS3,vocal,0.32,12,0,0.556274,-0.634035,-0.077762,1.408801,-0.529124,0.879677
ls3_2821,LS3,vocal,0.5,12,0,1.823942,-0.634035,1.189906,2.672052,-0.529124,2.142927
ls3_2822,LS3,vocal,0.228571,7,0,1.240080,-0.634035,0.606045,1.943908,-0.529124,1.414784
ls3_2823,LS3,vocal,0.566038,12,0,2.289019,-0.634035,1.654984,3.135508,-0.529124,2.606384
ls3_2824,LS3,vocal,0.305556,12,0.0277778,0.454547,0.325071,0.779618,1.307429,0.400915,1.708344
ls3_2825,LS3,vocal,0.151515,12,0.030303,-0.630298,0.412262,-0.218035,0.226365,0.485464,0.711829
ls3_2826,LS3,vocal,0.405405,12,0.027027,1.157750,0.299149,1.456899,2.008181,0.375779,2.383960
ls3_2827,LS3,vocal,0.0196078,15,0.0588235,-2.355889,1.397013,-0.958875,-1.405423,1.440370,0.034947
ls3_2828,LS3,vocal,0.0857143,15,0.0571429,-1.890327,1.338983,-0.551344,-0.941484,1.384099,0.442614
ls3_2829,LS3,vocal,0.0540541,15,0.0540541,-2.113298,1.232334,-0.880964,-1.163678,1.280681,0.117004
ls3_2830,LS3,vocal,0.222222,15,0.037037,-0.928957,0.644773,-0.284183,0.016536,0.710928,0.727464
ls3_2831,LS3,vocal,0.08,15,0.0666667,-1.930571,1.667820,-0.262751,-0.981588,1.702969,0.721382
ls3_2832,LS3,vocal,0,15,0.106383,-2.493979,3.039138,0.545159,-1.543032,3.032727,1.489695
ls3_2833,LS3,vocal,0,15,0.0555556,-2.493979,1.284177,-1.209801,-1.543032,1.330954,-0.212078
ls3_2834,LS3,vocal,0.27027,14,0,-0.325033,-0.634035,-0.959069,0.589092,-0.529124,0.059968
ls3_2835,LS3,vocal,0.146341,15,0.0243902,-1.463354,0.208107,-1.255248,-0.515999,0.287495,-0.228504
ls3_2836,LS3,vocal,0.1,10,0.0333333,-0.462018,0.516892,0.054874,0.335532,0.586923,0.922454
ls3_2837,LS3,vocal,0.426667,12,0,1.307485,-0.634035,0.673449,2.157394,-0.529124,1.628270
ls3_2838,LS3,vocal,0.322581,12,0,0.574448,-0.634035,-0.059587,1.426912,-0.529124,0.897788
ls3_2839,LS3,vocal,0.21875,12,0,-0.156789,-0.634035,-0.790825,0.698223,-0.529124,0.169099
ls3_2840,LS3,vocal,0.314286,14,0.0571429,-0.015050,1.338983,1.323933,0.897995,1.384099,2.282093
ls3_2841,LS3,vocal,0.264706,14,0.0588235,-0.364221,1.397013,1.032792,0.550041,1.440370,1.990411
ls3_2842,LS3,vocal,0.35,14,0.05,0.236471,1.092356,1.328827,1.148640,1.144946,2.293586
ls3_2843,LS3,vocal,0.354167,15,0,0.000275,-0.634035,-0.633760,0.942530,-0.529124,0.413406
ls3_2844,LS3,vocal,0.551724,14,0,1.657134,-0.634035,1.023098,2.564351,-0.529124,2.035227
ls3_2845,LS3,vocal,0.263158,12,0.0526316,0.155958,1.183219,1.339176,1.009880,1.233055,2.242935
ls3_2846,LS3,vocal,0.0588235,15,0.0588235,-2.079708,1.397013,-0.682695,-1.130205,1.440370,0.310165
ls3_2847,LS3,vocal,0.404762,19,0,-0.705563,-0.634035,-1.339599,0.356204,-0.529124,-0.172920
ls3_2848,LS3,vocal,0.292683,19,0.0243902,-1.494891,0.208107,-1.286784,-0.430373,0.287495,-0.142878
ls3_2849,LS3,vocal,0.526316,13,0.0350877,1.743733,0.577467,2.321201,2.621386,0.645662,3.267047
ls3_2850,LS3,vocal,0.459459,12,0,1.538431,-0.634035,0.904396,2.387536,-0.529124,1.858412
ls3_2851,LS3,vocal,0.352941,12,0,0.788265,-0.634035,0.154230,1.639984,-0.529124,1.110860
ls3_2852,LS3,vocal,0.206897,14,0.0344828,-0.771349,0.556579,-0.214770,0.144331,0.625407,0.769738
ls3_2853,LS3,vocal,0.282353,14,0.0352941,-0.239940,0.584594,0.344654,0.673889,0.652572,1.326461
ls3_2854,LS3,vocal,0.0769231,8,0.0384615,-0.093459,0.693958,0.600499,0.644280,0.758622,1.402902
ls3_2855,LS3,vocal,0.392857,13,0,0.803837,-0.634035,0.169802,1.684765,-0.529124,1.155641
ls3_2856,LS3,vocal,0.285714,14,0.0285714,-0.216267,0.352474,0.136207,0.697479,0.427487,1.124966
ls3_2857,LS3,vocal,0.32,15,0,-0.240347,-0.634035,-0.874382,0.702746,-0.529124,0.173622
ls3_2858,LS3,vocal,0.263158,15,0.0263158,-0.640663,0.274592,-0.366071,0.303825,0.351965,0.655790
ls3_2859,LS3,vocal,0.321429,12,0.0357143,0.566335,0.599101,1.165436,1.418827,0.666640,2.085467
ls3_2860,LS3,vocal,0.119048,14,0.0238095,-1.390034,0.188056,-1.201978,-0.472197,0.268052,-0.204145
ls3_2861,LS3,vocal,0.133333,12,0.1,-0.758345,2.818748,2.060403,0.098764,2.819016,2.917780
ls3_2862,LS3,vocal,0.275,14,0,-0.291724,-0.634035,-0.925759,0.622285,-0.529124,0.093161
ls3_2863,LS3,vocal,0.506849,10,0.0410959,2.403259,0.784916,3.188176,3.190824,0.846824,4.037648
ls3_2864,LS3,vocal,0.242424,14,0.030303,-0.521142,0.412262,-0.108879,0.393667,0.485464,0.879131
ls3_2865,LS3,vocal,0.390244,14,0.0243902,0.519893,0.208107,0.728000,1.431074,0.287495,1.718569
ls3_2866,LS3,vocal,0.314286,11,0.0285714,0.781571,0.352474,1.134045,1.604050,0.427487,2.031537
ls3_2867,LS3,vocal,0.4,16,0.0666667,0.057521,1.667820,1.725341,1.028839,1.702969,2.731808
ls3_2868,LS3,vocal,0.363636,15,0.030303,0.066967,0.412262,0.479229,1.008989,0.485464,1.494453
ls3_2869,LS3,vocal,0.278689,15,0.0819672,-0.531287,2.196115,1.664828,0.412820,2.215253,2.628073
ls3_2870,LS3,vocal,0.3,13,0,0.149882,-0.634035,-0.484154,1.033088,-0.529124,0.503964
ls3_2871,LS3,vocal,0.352941,12,0,0.788265,-0.634035,0.154230,1.639984,-0.529124,1.110860
ls3_2872,LS3,vocal,0.314286,12,0,0.516030,-0.634035,-0.118005,1.368698,-0.529124,0.839574
ls3_2873,LS3,vocal,0.178571,14,0.0357143,-0.970831,0.599101,-0.371730,-0.054456,0.666640,0.612184
ls3_2874,LS3,vocal,0.38961,14,0.012987,0.515432,-0.185622,0.329810,1.426628,-0.094301,1.332327
ls3_2875,LS3,vocal,0.333333,8,0,1.712336,-0.634035,1.078301,2.443782,-0.529124,1.914658
ls3_2876,LS3,vocal,0.173333,12,0,-0.476641,-0.634035,-1.110676,0.379486,-0.529124,-0.149638
ls3_2877,LS3,vocal,0.266667,14,0,-0.350412,-0.634035,-0.984447,0.563802,-0.529124,0.034677
ls3_2878,LS3,vocal,0.366667,17,0.0333333,-0.442772,0.516892,0.074120,0.559552,0.586923,1.146475
ls3_2879,LS3,vocal,0.4,10,0,1.650762,-0.634035,1.016727,2.440949,-0.529124,1.911825
ls3_2880,LS3,vocal,0.333333,12,0,0.650175,-0.634035,0.016140,1.502375,-0.529124,0.973251
ls3_2881,LS3,vocal,0.564103,12,0,2.275391,-0.634035,1.641355,3.121927,-0.529124,2.592803
ls3_2882,LS3,vocal,0.371429,12,0,0.918465,-0.634035,0.284429,1.769730,-0.529124,1.240606
ls3_2883,LS3,vocal,0.211538,12,0,-0.207577,-0.634035,-0.841613,0.647612,-0.529124,0.118488
ls3_2884,LS3,vocal,0.185185,12,0,-0.393173,-0.634035,-1.027208,0.462663,-0.529124,-0.066461
ls3_2885,LS3,vocal,0.305085,14,0.0508475,-0.079849,1.121617,1.041768,0.833422,1.173320,2.006742
ls3_2886,LS3,vocal,0.230769,11,0.0512821,0.193397,1.136622,1.330020,1.017926,1.187871,2.205797
ls3_2887,LS3,vocal,0.185185,10,0.0185185,0.137907,0.005369,0.143276,0.933366,0.090902,1.024268
ls3_2888,LS3,vocal,0.486486,12,0,1.728772,-0.634035,1.094736,2.577213,-0.529124,2.048089
ls3_2889,LS3,vocal,0.388889,12,0,1.041431,-0.634035,0.407395,1.892267,-0.529124,1.363143
ls3_2890,LS3,vocal,0.435897,12,0,1.372493,-0.634035,0.738458,2.222176,-0.529124,1.693052
ls3_2891,LS3,vocal,0.151515,12,0,-0.630298,-0.634035,-1.264333,0.226365,-0.529124,-0.302759
ls3_2892,LS3,vocal,0.352941,12,0,0.788265,-0.634035,0.154230,1.639984,-0.529124,1.110860
ls3_2893,LS3,vocal,0.25,12,0,0.063292,-0.634035,-0.570744,0.917537,-0.529124,0.388413
ls3_2894,LS3,vocal,0.34375,12,0,0.723536,-0.634035,0.089500,1.575480,-0.529124,1.046356
ls3_2895,LS3,vocal,0.485714,12,0,1.723333,-0.634035,1.089298,2.571794,-0.529124,2.042670
ls3_2896,LS3,vocal,0.3,14,0.0333333,-0.115659,0.516892,0.401234,0.797737,0.586923,1.384659
ls3_2897,LS3,vocal,0.366667,12,0,0.884929,-0.634035,0.250893,1.736311,-0.529124,1.207186
ls3_2898,LS3,vocal,0.413793,12,0,1.216821,-0.634035,0.582786,2.067047,-0.529124,1.537923
ls3_2899,LS3,vocal,0.563636,10,0,2.803188,-0.634035,2.169152,3.589358,-0.529124,3.060234
ls3_2900,LS3,vocal,0.421053,12,0,1.267947,-0.634035,0.633912,2.117994,-0.529124,1.588870
ls3_2901,LS3,vocal,0.212121,12,0,-0.203473,-0.634035,-0.837509,0.651702,-0.529124,0.122578
ls3_2902,LS3,vocal,0.153846,12,0,-0.613881,-0.634035,-1.247917,0.242724,-0.529124,-0.286400
ls3_2903,LS3,vocal,0.290323,13,0,0.081727,-0.634035,-0.552308,0.965172,-0.529124,0.436048
ls3_2904,LS3,vocal,0.272727,15,0.030303,-0.573270,0.412262,-0.161007,0.370984,0.485464,0.856447
ls3_2905,LS3,vocal,0.289855,12,0.0289855,0.343975,0.366771,0.710746,1.197242,0.441351,1.638594
ls3_2906,LS3,vocal,0.162162,12,0.027027,-0.555315,0.299149,-0.256166,0.301086,0.375779,0.676865
ls3_2907,LS3,vocal,0.290323,14,0.0322581,-0.183813,0.479766,0.295953,0.729820,0.550921,1.280741
ls3_2908,LS3,vocal,0.578947,12,0,2.379937,-0.634035,1.745901,3.226109,-0.529124,2.696985
ls3_2909,LS3,vocal,0.403846,15,0,0.350148,-0.634035,-0.283887,1.291183,-0.529124,0.762059
ls3_2910,LS3,vocal,0.30303,14,0,-0.094317,-0.634035,-0.728353,0.819004,-0.529124,0.289880
ls3_2911,LS3,vocal,0.263158,12,0,0.155958,-0.634035,-0.478078,1.009880,-0.529124,0.480756
ls3_2912,LS3,vocal,0.361111,12,0,0.845803,-0.634035,0.211768,1.697321,-0.529124,1.168197
ls3_2913,LS3,vocal,0.454545,12,0.0909091,1.503824,2.504858,4.008682,2.353049,2.514640,4.867688
ls3_2914,LS3,vocal,0.5,12,0,1.823942,-0.634035,1.189906,2.672052,-0.529124,2.142927
ls3_2915,LS3,vocal,0.432432,12,0,1.348091,-0.634035,0.714055,2.197858,-0.529124,1.668734
ls3_2916,LS3,vocal,0.275362,14,0.0434783,-0.289172,0.867175,0.578003,0.624828,0.926589,1.551417
ls3_2917,LS3,vocal,0.179487,14,0,-0.964382,-0.634035,-1.598418,-0.048029,-0.529124,-0.577153
ls3_2918,LS3,vocal,0.370968,14,0,0.384139,-0.634035,-0.249897,1.295792,-0.529124,0.766668
ls3_2919,LS3,vocal,0.441176,12,0,1.409671,-0.634035,0.775636,2.259225,-0.529124,1.730101
ls3_2920,LS3,vocal,0.368421,15,0.0263158,0.100663,0.274592,0.375255,1.042568,0.351965,1.394533
ls3_2921,LS3,vocal,0.416667,12,0,1.237059,-0.634035,0.603023,2.087213,-0.529124,1.558089
ls3_2922,LS3,vocal,0.272727,13,0,-0.042189,-0.634035,-0.676225,0.841687,-0.529124,0.312563
ls3_2923,LS3,vocal,0.34375,13,0,0.457995,-0.634035,-0.176040,1.340128,-0.529124,0.811004
ls3_2924,LS3,vocal,0.304348,13,0,0.180502,-0.634035,-0.453534,1.063602,-0.529124,0.534478
ls3_2925,LS3,vocal,0.545455,10,0,2.675140,-0.634035,2.041105,3.461757,-0.529124,2.932633
ls3_2926,LS3,vocal,0.485714,9,0,2.519954,-0.634035,1.885918,3.277849,-0.529124,2.748724
ls3_2927,LS3,vocal,0.166667,13,0,-0.789132,-0.634035,-1.423167,0.097347,-0.529124,-0.431777
ls3_2928,LS3,vocal,0.176471,13,0,-0.720087,-0.634035,-1.354122,0.166152,-0.529124,-0.362972
ls3_2929,LS3,vocal,0.433333,9,0.0333333,2.151056,0.516892,2.667948,2.910236,0.586923,3.497159
ls3_2930,LS3,vocal,0.333333,9,0,1.446796,-0.634035,0.812760,2.208430,-0.529124,1.679306
ls3_2931,LS3,vocal,0.347826,10,0,1.283322,-0.634035,0.649287,2.074790,-0.529124,1.545665
ls3_2932,LS3,vocal,0.0882353,12,0,-1.075952,-0.634035,-1.709988,-0.217737,-0.529124,-0.746861
ls3_2933,LS3,vocal,0.179104,14,0.0447761,-0.967077,0.911987,-0.055091,-0.050715,0.970043,0.919328
ls3_2934,LS3,vocal,0.483871,9,0,2.506972,-0.634035,1.872937,3.264912,-0.529124,2.735788
ls3_2935,LS3,vocal,0.328358,12,0,0.615137,-0.634035,-0.018898,1.467460,-0.529124,0.938336
ls3_2936,LS3,vocal,0.236842,14,0,-0.560454,-0.634035,-1.194490,0.354491,-0.529124,-0.174633
ls3_2937,LS3,vocal,0.342466,14,0.0136986,0.183411,-0.161051,0.022359,1.095764,-0.070475,1.025289
ls3_2938,LS3,vocal,0.3125,14,0,-0.027626,-0.634035,-0.661661,0.885462,-0.529124,0.356338
ls3_2939,LS3,vocal,0.309859,14,0.0422535,-0.046224,0.824887,0.778662,0.866929,0.885583,1.752512
ls3_2940,LS3,vocal,0.411765,14,0,0.671456,-0.634035,0.037420,1.582108,-0.529124,1.052984
ls3_2941,LS3,vocal,0.354839,14,0.0322581,0.270549,0.479766,0.750314,1.182598,0.550921,1.733519
ls3_2942,LS3,vocal,0.269231,14,0.0384615,-0.332354,0.693958,0.361604,0.581797,0.758622,1.340419
ls3_2943,LS3,vocal,0.357143,14,0.0357143,0.286776,0.599101,0.885877,1.198769,0.666640,1.865409
ls3_2944,LS3,vocal,0.387097,14,0.0322581,0.497729,0.479766,0.977495,1.408987,0.550921,1.959908
ls3_2945,LS3,vocal,0.263158,17,0,-1.171743,-0.634035,-1.805779,-0.166878,-0.529124,-0.696002
ls3_2946,LS3,vocal,0.431818,15,0,0.547144,-0.634035,-0.086891,1.487493,-0.529124,0.958369
ls3_2947,LS3,vocal,0.354839,14,0,0.270549,-0.634035,-0.363487,1.182598,-0.529124,0.653474
ls3_2948,LS3,vocal,0.405405,21,0,-1.232112,-0.634035,-1.866147,-0.109984,-0.529124,-0.639108
ls3_2949,LS3,vocal,0.473684,16,0.0526316,0.576449,1.183219,1.759668,1.545959,1.233055,2.779014
ls3_2950,LS3,vocal,0.4,16,0.025,0.057521,0.229160,0.286681,1.028839,0.307911,1.336750
ls3_2951,LS3,vocal,0.296296,12,0,0.389338,-0.634035,-0.244697,1.242447,-0.529124,0.713323
ls3_2952,LS3,vocal,0.15625,14,0,-1.128032,-0.634035,-1.762068,-0.211109,-0.529124,-0.740233
ls3_2953,LS3,vocal,0.444444,16,0,0.370526,-0.634035,-0.263510,1.340753,-0.529124,0.811629
ls3_2954,LS3,vocal,0.305556,16,0,-0.607613,-0.634035,-1.241649,0.366023,-0.529124,-0.163101
ls3_2955,LS3,vocal,0.34375,16,0,-0.338625,-0.634035,-0.972661,0.634073,-0.529124,0.104949
ls3_2956,LS3,vocal,0.227273,12,0,-0.096767,-0.634035,-0.730803,0.758036,-0.529124,0.228912
ls3_2957,LS3,vocal,0.210526,14,0,-0.745786,-0.634035,-1.379821,0.169805,-0.529124,-0.359319
ls3_2958,LS3,vocal,0.272727,12,0,0.223351,-0.634035,-0.410685,1.077038,-0.529124,0.547914
ls3_2959,LS3,vocal,0.147059,12,0.0294118,-0.661682,0.381489,-0.280193,0.195090,0.455623,0.650713
ls3_2960,LS3,vocal,0.452381,12,0,1.488580,-0.634035,0.854545,2.337858,-0.529124,1.808734
ls3_2961,LS3,vocal,0.388889,11,0.037037,1.306971,0.644773,1.951744,2.127619,0.710928,2.838547
ls3_2962,LS3,vocal,0.515152,8,0.030303,2.992809,0.412262,3.405071,3.719792,0.485464,4.205256
ls3_2963,LS3,vocal,0.0967742,13,0,-1.281356,-0.634035,-1.915392,-0.393162,-0.529124,-0.922286
ls3_2964,LS3,vocal,0.333333,13,0,0.384635,-0.634035,-0.249400,1.267024,-0.529124,0.737900
ls3_2965,LS3,vocal,0.472222,12,0,1.628314,-0.634035,0.994279,2.477105,-0.529124,1.947981
ls3_2966,LS3,vocal,0.371429,15,0,0.121844,-0.634035,-0.512191,1.063675,-0.529124,0.534551
ls3_2967,LS3,vocal,0.285714,15,0,-0.481807,-0.634035,-1.115843,0.462127,-0.529124,-0.066997
ls3_2968,LS3,vocal,0.333333,15,0,-0.146445,-0.634035,-0.780481,0.796320,-0.529124,0.267196
ls3_2969,LS3,vocal,0.205882,15,0,-1.044032,-0.634035,-1.678067,-0.098138,-0.529124,-0.627262
ls3_2970,LS3,vocal,0.444444,16,0.111111,0.370526,3.202390,3.572916,1.340753,3.191031,4.531784
ls3_2971,LS3,vocal,0.254237,15,0,-0.703487,-0.634035,-1.337523,0.241220,-0.529124,-0.287904
ls3_2972,LS3,vocal,0.212121,17,0.030303,-1.531174,0.412262,-1.118912,-0.525057,0.485464,-0.039593
ls3_2973,LS3,vocal,0.62069,12,0,2.673911,-0.634035,2.039875,3.519058,-0.529124,2.989934
ls3_2974,LS3,vocal,0.285714,14,0,-0.216267,-0.634035,-0.850303,0.697479,-0.529124,0.168355
ls3_2975,LS3,vocal,0.230769,12,0.0384615,-0.072143,0.693958,0.621815,0.782575,0.758622,1.541197
ls3_2976,LS3,vocal,0.153846,11,0,-0.348341,-0.634035,-0.982377,0.478076,-0.529124,-0.051048
ls3_2977,LS3,vocal,0.133333,11,0,-0.492805,-0.634035,-1.126840,0.334115,-0.529124,-0.195009
ls3_2978,LS3,vocal,0.243243,13,0,-0.249834,-0.634035,-0.883869,0.634766,-0.529124,0.105642
ls3_2979,LS3,vocal,0.205128,13,0,-0.518262,-0.634035,-1.152298,0.367273,-0.529124,-0.161851
ls3_2980,LS3,vocal,0.307692,9,0,1.266216,-0.634035,0.632181,2.028480,-0.529124,1.499356
ls3_2981,LS3,vocal,0.481481,10,0,2.224604,-0.634035,1.590568,3.012791,-0.529124,2.483667
ls3_2982,LS3,vocal,0.516129,12,0,1.937532,-0.634035,1.303497,2.785246,-0.529124,2.256122
ls3_2983,LS3,vocal,0.280702,14,0,-0.251568,-0.634035,-0.885604,0.662301,-0.529124,0.133176
ls3_2984,LS3,vocal,0.196078,14,0,-0.847537,-0.634035,-1.481572,0.068409,-0.529124,-0.460715
ls3_2985,LS3,vocal,0.266667,15,0.0444444,-0.615952,0.900535,0.284583,0.328450,0.958938,1.287388
ls3_2986,LS3,vocal,0.275862,15,0.0344828,-0.551193,0.556579,0.005387,0.392984,0.625407,1.018391
ls3_2987,LS3,vocal,0.230769,12,0,-0.072143,-0.634035,-0.706178,0.782575,-0.529124,0.253450
ls3_2988,LS3,vocal,0.40625,14,0.03125,0.632618,0.444959,1.077577,1.543405,0.517170,2.060575
ls3_2989,LS3,vocal,0.269231,15,0,-0.597894,-0.634035,-1.231930,0.346445,-0.529124,-0.182679
ls3_2990,LS3,vocal,0.25,15,0.0357143,-0.733329,0.599101,-0.134227,0.211482,0.666640,0.878122
ls3_2991,LS3,vocal,0.259259,14,0.0740741,-0.402579,1.923582,1.521002,0.511816,1.950980,2.462795
ls3_2992,LS3,vocal,0.181818,14,0.0227273,-0.947966,0.150688,-0.797278,-0.031670,0.231817,0.200147
ls3_2993,LS3,vocal,0.375,14,0.03125,0.412536,0.444959,0.857496,1.324091,0.517170,1.841261
ls3_2994,LS3,vocal,0.481481,14,0,1.162443,-0.634035,0.528408,2.071384,-0.529124,1.542260
ls3_2995,LS3,vocal,0.272727,14,0,-0.307729,-0.634035,-0.941765,0.606335,-0.529124,0.077211
ls3_2996,LS3,vocal,0.153846,14,0,-1.144962,-0.634035,-1.778997,-0.227979,-0.529124,-0.757103
ls3_2997,LS3,vocal,0.219512,12,0.0243902,-0.151422,0.208107,0.056685,0.703572,0.287495,0.991067
ls3_2998,LS3,vocal,0.172414,10,0,0.047964,-0.634035,-0.586072,0.843736,-0.529124,0.314612
ls3_2999,LS3,vocal,0.266667,12,0,0.180668,-0.634035,-0.453367,1.034505,-0.529124,0.505381
ls3_3000,LS3,vocal,0.133333,12,0,-0.758345,-0.634035,-1.392380,0.098764,-0.529124,-0.430360
ls3_3001,LS3,vocal,0.266667,14,0,-0.350412,-0.634035,-0.984447,0.563802,-0.529124,0.034677
ls3_3002,LS3,vocal,0.510638,16,0.0212766,0.836702,0.100599,0.937302,1.805305,0.183246,1.988551
ls3_3003,LS3,vocal,0.552239,12,0,2.191839,-0.634035,1.557803,3.038666,-0.529124,2.509542
ls3_3004,LS3,vocal,0.194444,12,0,-0.327964,-0.634035,-0.961999,0.527645,-0.529124,-0.001479
ls3_3005,LS3,vocal,0.228571,10,0,0.443459,-0.634035,-0.190576,1.237854,-0.529124,0.708729
ls3_3006,LS3,vocal,0.333333,12,0,0.650175,-0.634035,0.016140,1.502375,-0.529124,0.973251
ls3_3007,LS3,vocal,0.1875,17,0,-1.704572,-0.634035,-2.338607,-0.697850,-0.529124,-1.226974
ls3_3008,LS3,vocal,0.214286,14,0,-0.719310,-0.634035,-1.353345,0.196189,-0.529124,-0.332935
ls3_3009,LS3,vocal,0.45283,15,0,0.695123,-0.634035,0.061088,1.634956,-0.529124,1.105832
ls3_3010,LS3,vocal,0.28125,15,0,-0.513248,-0.634035,-1.147283,0.430797,-0.529124,-0.098328
ls3_3011,LS3,vocal,0.181818,13,0,-0.682426,-0.634035,-1.316461,0.203682,-0.529124,-0.325442
ls3_3012,LS3,vocal,0.233333,14,0,-0.585165,-0.634035,-1.219201,0.329866,-0.529124,-0.199258
ls3_3013,LS3,vocal,0.520833,12,0,1.970663,-0.634035,1.336627,2.818261,-0.529124,2.289137
ls3_3014,LS3,vocal,0.272727,14,0.030303,-0.307729,0.412262,0.104533,0.606335,0.485464,1.091799
ls3_3015,LS3,vocal,0.342857,14,0,0.186167,-0.634035,-0.447868,1.098511,-0.529124,0.569387
ls3_3016,LS3,vocal,0.318182,12,0,0.543469,-0.634035,-0.090566,1.396041,-0.529124,0.866917
ls3_3017,LS3,vocal,0.327869,12,0,0.611691,-0.634035,-0.022344,1.464025,-0.529124,0.934901
ls3_3018,LS3,vocal,0.243902,13,0,-0.245191,-0.634035,-0.879226,0.639393,-0.529124,0.110268
ls3_3019,LS3,vocal,0.259259,12,0,0.128501,-0.634035,-0.505534,0.982519,-0.529124,0.453395
ls3_3020,LS3,vocal,0.454545,12,0.030303,1.503824,0.412262,1.916086,2.353049,0.485464,2.838513
ls3_3021,LS3,vocal,0.16,12,0,-0.570542,-0.634035,-1.204578,0.285912,-0.529124,-0.243212
ls3_3022,LS3,vocal,0.272727,13,0.0227273,-0.042189,0.150688,0.108499,0.841687,0.231817,1.073504
ls3_3023,LS3,vocal,0.2,12,0.0545455,-0.288838,1.249301,0.960463,0.566634,1.297134,1.863768
ls3_3024,LS3,vocal,0.162162,12,0,-0.555315,-0.634035,-1.189350,0.301086,-0.529124,-0.228038
ls3_3025,LS3,vocal,0.324324,16,0,-0.475432,-0.634035,-1.109468,0.497743,-0.529124,-0.031381
ls3_3026,LS3,vocal,0.40678,10,0,1.698509,-0.634035,1.064473,2.488529,-0.529124,1.959405
ls3_3027,LS3,vocal,0.454545,17,0,0.176123,-0.634035,-0.457913,1.176291,-0.529124,0.647167
ls3_3028,LS3,vocal,0.255814,10,0,0.635318,-0.634035,0.001282,1.429043,-0.529124,0.899919
ls3_3029,LS3,vocal,0.333333,12,0.0526316,0.650175,1.183219,1.833394,1.502375,1.233055,2.735430
ls3_3030,LS3,vocal,0.428571,14,0.214286,0.789819,6.764785,7.554604,1.700058,6.645462,8.345520
ls3_3031,LS3,vocal,0.322581,14,0.0322581,0.043368,0.479766,0.523133,0.956209,0.550921,1.507130
ls3_3032,LS3,vocal,0.354839,12,0.0322581,0.801629,0.479766,1.281394,1.653301,0.550921,2.204222
ls3_3033,LS3,vocal,0.413793,12,0,1.216821,-0.634035,0.582786,2.067047,-0.529124,1.537923
ls3_3034,LS3,vocal,0.342105,12,0,0.711952,-0.634035,0.077917,1.563937,-0.529124,1.034813
ls3_3035,LS3,vocal,0.294118,12,0.0294118,0.373995,0.381489,0.755484,1.227157,0.455623,1.682780
ls3_3036,LS3,vocal,0.333333,13,0,0.384635,-0.634035,-0.249400,1.267024,-0.529124,0.737900
ls3_3037,LS3,vocal,0.206897,10,0.0344828,0.290812,0.556579,0.847391,1.085738,0.625407,1.711145
ls3_3038,LS3,vocal,0.222222,14,0,-0.663416,-0.634035,-1.297452,0.251888,-0.529124,-0.277236
ls3_3039,LS3,vocal,0.5,12,0,1.823942,-0.634035,1.189906,2.672052,-0.529124,2.142927
ls3_3040,LS3,vocal,0,9,0,-0.900738,-0.634035,-1.534773,-0.130922,-0.529124,-0.660046
ls3_3041,LS3,vocal,0.666667,12,0,2.997709,-0.634035,2.363673,3.841728,-0.529124,3.312604
ls3_3042,LS3,vocal,0.382353,12,0,0.995401,-0.634035,0.361365,1.846398,-0.529124,1.317274
ls3_3043,LS3,vocal,0.425,12,0,1.295747,-0.634035,0.661711,2.145697,-0.529124,1.616573
ls3_3044,LS3,vocal,0.238095,12,0,-0.020549,-0.634035,-0.654584,0.833989,-0.529124,0.304865
ls3_3045,LS3,vocal,0.555556,12,0,2.215197,-0.634035,1.581162,3.061944,-0.529124,2.532820
ls3_3046,LS3,vocal,0.390244,12,0,1.050974,-0.634035,0.416938,1.901777,-0.529124,1.372653
ls3_3047,LS3,vocal,0.368421,12,0,0.897284,-0.634035,0.263249,1.748623,-0.529124,1.219499
ls3_3048,LS3,vocal,0.318182,9,0,1.340090,-0.634035,0.706054,2.102096,-0.529124,1.572972
ls3_3049,LS3,vocal,0.290323,12,0,0.347268,-0.634035,-0.286768,1.200523,-0.529124,0.671399
ls3_3050,LS3,vocal,0.451613,12,0,1.483171,-0.634035,0.849135,2.332468,-0.529124,1.803344
ls3_3051,LS3,vocal,0.261905,12,0,0.147132,-0.634035,-0.486903,1.001085,-0.529124,0.471961
ls3_3052,LS3,vocal,0.5,12,0,1.823942,-0.634035,1.189906,2.672052,-0.529124,2.142927
ls3_3053,LS3,vocal,0.46,14,0,1.011157,-0.634035,0.377122,1.920626,-0.529124,1.391502
ls3_3054,LS3,vocal,0.5,12,0,1.823942,-0.634035,1.189906,2.672052,-0.529124,2.142927
ls3_3055,LS3,vocal,0.375,14,0.0625,0.412536,1.523954,1.936490,1.324091,1.563463,2.887554
ls3_3056,LS3,vocal,0.342857,14,0,0.186167,-0.634035,-0.447868,1.098511,-0.529124,0.569387
ls3_3057,LS3,vocal,0.361111,14,0,0.314723,-0.634035,-0.319313,1.226618,-0.529124,0.697494
ls3_3058,LS3,vocal,0.463415,14,0,1.035205,-0.634035,0.401170,1.944590,-0.529124,1.415466
ls3_3059,LS3,vocal,0.416667,14,0,0.705978,-0.634035,0.071943,1.616510,-0.529124,1.087386
ls3_3060,LS3,vocal,0.580645,12,0,2.391893,-0.634035,1.757858,3.238024,-0.529124,2.708900
ls3_3061,LS3,vocal,0.5,12,0,1.823942,-0.634035,1.189906,2.672052,-0.529124,2.142927
ls3_3062,LS3,vocal,0.410256,17,0,-0.135787,-0.634035,-0.769823,0.865468,-0.529124,0.336344
ls3_3063,LS3,vocal,0.192308,12,0.0384615,-0.343012,0.693958,0.350946,0.512649,0.758622,1.271271
ls3_3064,LS3,vocal,0.35,14,0.025,0.236471,0.229160,0.465632,1.148640,0.307911,1.456551
ls3_3065,LS3,vocal,0.28125,12,0,0.283373,-0.634035,-0.350662,1.136851,-0.529124,0.607727
ls3_3066,LS3,vocal,0.323529,12,0,0.581130,-0.634035,-0.052905,1.433571,-0.529124,0.904447
ls3_3067,LS3,vocal,0.351351,12,0,0.777069,-0.634035,0.143033,1.628827,-0.529124,1.099703
ls3_3068,LS3,vocal,0.212121,15,0,-1.000094,-0.634035,-1.634129,-0.054353,-0.529124,-0.583477
ls3_3069,LS3,vocal,0.37037,10,0.037037,1.442093,0.644773,2.086866,2.233007,0.710928,2.943934
ls3_3070,LS3,vocal,0.280702,12,0.0175439,0.279512,-0.028284,0.251228,1.133004,0.058269,1.191273
ls3_3071,LS3,vocal,0.422222,10,0,1.807264,-0.634035,1.173229,2.596906,-0.529124,2.067782
ls3_3072,LS3,vocal,0.212121,12,0,-0.203473,-0.634035,-0.837509,0.651702,-0.529124,0.122578
ls3_3073,LS3,vocal,0.236364,12,0,-0.032744,-0.634035,-0.666779,0.821836,-0.529124,0.292712
ls3_3074,LS3,vocal,0.321429,12,0,0.566335,-0.634035,-0.067701,1.418827,-0.529124,0.889703
ls3_3075,LS3,vocal,0.441176,12,0,1.409671,-0.634035,0.775636,2.259225,-0.529124,1.730101
ls3_3076,LS3,vocal,0.230769,12,0,-0.072143,-0.634035,-0.706178,0.782575,-0.529124,0.253450
ls3_3077,LS3,vocal,0.411765,12,0,1.202536,-0.634035,0.568501,2.052811,-0.529124,1.523687
ls3_3078,LS3,vocal,0.4,12,0.025,1.119682,0.229160,1.348842,1.970246,0.307911,2.278157
ls3_3079,LS3,vocal,0.393939,14,0.030303,0.545919,0.412262,0.958181,1.457009,0.485464,1.942473
ls3_3080,LS3,vocal,0.156863,14,0.0196078,-1.123717,0.042981,-1.080736,-0.206809,0.127374,-0.079435
ls3_3081,LS3,vocal,0.222222,20,0.037037,-2.256658,0.644773,-1.611884,-1.160222,0.710928,-0.449294
ls3_3082,LS3,vocal,0.212121,12,0,-0.203473,-0.634035,-0.837509,0.651702,-0.529124,0.122578
ls3_3083,LS3,vocal,0.171429,12,0,-0.490055,-0.634035,-1.124091,0.366118,-0.529124,-0.163006
ls3_3084,LS3,vocal,0.181818,14,0.030303,-0.947966,0.412262,-0.535703,-0.031670,0.485464,0.453794
ls3_3085,LS3,vocal,0.311111,12,0,0.493673,-0.634035,-0.140362,1.346418,-0.529124,0.817294
ls3_3086,LS3,vocal,0.363636,10,0,1.394668,-0.634035,0.760632,2.185747,-0.529124,1.656623
ls3_3087,LS3,vocal,0.288462,12,0,0.334161,-0.634035,-0.299874,1.187462,-0.529124,0.658338
ls3_3088,LS3,vocal,0.5,12,0.0294118,1.823942,0.381489,2.205431,2.672052,0.455623,3.127675
ls3_3089,LS3,vocal,0.472222,12,0,1.628314,-0.634035,0.994279,2.477105,-0.529124,1.947981
ls3_3090,LS3,vocal,0.309091,16,0,-0.582715,-0.634035,-1.216751,0.390834,-0.529124,-0.138290
ls3_3091,LS3,vocal,0.324324,19,0,-1.272053,-0.634035,-1.906088,-0.208312,-0.529124,-0.737436
ls3_3092,LS3,vocal,0.378378,14,0,0.436329,-0.634035,-0.197706,1.347801,-0.529124,0.818677
ls3_3093,LS3,vocal,0.324324,14,0,0.055648,-0.634035,-0.578388,0.968446,-0.529124,0.439322
ls3_3094,LS3,vocal,0.103448,14,0.0344828,-1.499894,0.556579,-0.943314,-0.581675,0.625407,0.043732
ls3_3095,LS3,vocal,0.238095,10,0,0.510532,-0.634035,-0.123504,1.304692,-0.529124,0.775568
ls3_3096,LS3,vocal,0.459459,10,0.027027,2.069511,0.299149,2.368661,2.858239,0.375779,3.234018
ls3_3097,LS3,vocal,0.030303,7,0.030303,-0.156245,0.412262,0.256017,0.552449,0.485464,1.037913
ls3_3098,LS3,vocal,0.1875,7,0.0625,0.950830,1.523954,2.474784,1.655667,1.563463,3.219130
ls3_3099,LS3,vocal,0.5,7,0.03125,3.151643,0.444959,3.596602,3.848810,0.517170,4.365979
ls3_3100,LS3,vocal,0.0606061,7,0,0.057167,-0.634035,-0.576868,0.765118,-0.529124,0.235994
ls3_3101,LS3,vocal,0.193548,14,0,-0.865355,-0.634035,-1.499390,0.050653,-0.529124,-0.478471
ls3_3102,LS3,vocal,0.0540541,16,0,-2.378838,-0.634035,-3.012873,-1.399029,-0.529124,-1.928153
ls3_3103,LS3,vocal,0.205128,16,0,-1.314883,-0.634035,-1.948919,-0.338782,-0.529124,-0.867906
ls3_3104,LS3,vocal,0.347826,10,0,1.283322,-0.634035,0.649287,2.074790,-0.529124,1.545665
ls3_3105,LS3,vocal,0.384615,7,0.230769,2.339035,7.333925,9.672960,3.039034,7.197353,10.236387
ls3_3106,LS3,vocal,0.12,8,0.04,0.209915,0.747078,0.956992,0.946596,0.810132,1.756728
ls3_3107,LS3,vocal,0.0967742,10,0.0322581,-0.484736,0.479766,-0.004970,0.312893,0.550921,0.863814
ls3_3108,LS3,vocal,0.393939,10,0,1.608080,-0.634035,0.974044,2.398415,-0.529124,1.869291
ls3_3109,LS3,vocal,0.317073,12,0,0.535661,-0.634035,-0.098374,1.388261,-0.529124,0.859136
ls3_3110,LS3,vocal,0.285714,12,0,0.314813,-0.634035,-0.319222,1.168182,-0.529124,0.639058
ls3_3111,LS3,vocal,0.115385,14,0.0384615,-1.415831,0.693958,-0.721873,-0.497905,0.758622,0.260717
ls3_3112,LS3,vocal,0.390244,12,0.0243902,1.050974,0.208107,1.259080,1.901777,0.287495,2.189272
ls3_3113,LS3,vocal,0.327869,13,0.0491803,0.346151,1.064055,1.410205,1.228674,1.117502,2.346176
ls3_3114,LS3,vocal,0.411215,13,0.0280374,0.933124,0.334035,1.267159,1.813601,0.409607,2.223208
ls3_3115,LS3,vocal,0.322581,13,0.0645161,0.308908,1.593566,1.902475,1.191561,1.630966,2.822527
ls3_3116,LS3,vocal,0.421053,12,0.0175439,1.267947,-0.028284,1.239663,2.117994,0.058269,2.176263
ls3_3117,LS3,vocal,0.117647,12,0.0294118,-0.868817,0.381489,-0.487328,-0.011323,0.455623,0.444300
ls3_3118,LS3,vocal,0.344828,14,0,0.200044,-0.634035,-0.433991,1.112339,-0.529124,0.583215
ls3_3119,LS3,vocal,0.115385,16,0.0769231,-1.946911,2.021951,0.075040,-0.968608,2.046368,1.077760
ls3_3120,LS3,vocal,0.411765,13,0,0.936996,-0.634035,0.302960,1.817460,-0.529124,1.288335
ls3_3121,LS3,vocal,0.294737,17,0.0315789,-0.949345,0.456317,-0.493028,0.054745,0.528183,0.582928
ls3_3122,LS3,vocal,0.375,13,0.0208333,0.678077,0.085294,0.763371,1.559443,0.168405,1.727848
ls3_3123,LS3,vocal,0.465517,10,0,2.112174,-0.634035,1.478139,2.900753,-0.529124,2.371629
ls3_3124,LS3,vocal,0.139535,17,0.0232558,-2.042371,0.168937,-1.873433,-1.034472,0.249513,-0.784958
ls3_3125,LS3,vocal,0.305556,13,0,0.189007,-0.634035,-0.445028,1.072078,-0.529124,0.542954
ls3_3126,LS3,vocal,0.424242,8,0,2.352572,-0.634035,1.718537,3.081787,-0.529124,2.552663
ls3_3127,LS3,vocal,0.25641,12,0,0.108437,-0.634035,-0.525599,0.962525,-0.529124,0.433401
ls3_3128,LS3,vocal,0.142857,14,0,-1.222353,-0.634035,-1.856388,-0.305101,-0.529124,-0.834225
ls3_3129,LS3,vocal,0.298701,12,0.0649351,0.406276,1.608031,2.014307,1.259326,1.644993,2.904318
ls3_3130,LS3,vocal,0.506173,12,0.037037,1.867415,0.644773,2.512188,2.715373,0.710928,3.426301
ls3_3131,LS3,vocal,0.245614,12,0,0.032403,-0.634035,-0.601632,0.886756,-0.529124,0.357632
ls3_3132,LS3,vocal,0.516129,14,0,1.406452,-0.634035,0.772416,2.314543,-0.529124,1.785419
ls3_3133,LS3,vocal,0.27027,9,0,1.002668,-0.634035,0.368632,1.765850,-0.529124,1.236726
ls3_3134,LS3,vocal,0.352941,12,0,0.788265,-0.634035,0.154230,1.639984,-0.529124,1.110860
ls3_3135,LS3,vocal,0.575,12,0,2.352137,-0.634035,1.718101,3.198406,-0.529124,2.669282
ls3_3136,LS3,vocal,0.297297,12,0,0.396388,-0.634035,-0.237648,1.249472,-0.529124,0.720348
ls3_3137,LS3,vocal,0.24,14,0,-0.538215,-0.634035,-1.172250,0.376653,-0.529124,-0.152471
ls3_3138,LS3,vocal,0.175,14,0.025,-0.995984,0.229160,-0.766823,-0.079520,0.307911,0.228390
ls3_3139,LS3,vocal,0.214286,14,0,-0.719310,-0.634035,-1.353345,0.196189,-0.529124,-0.332935
ls3_3140,LS3,vocal,0.148936,15,0,-1.445081,-0.634035,-2.079116,-0.497790,-0.529124,-1.026914
ls3_3141,LS3,vocal,0.166667,10,0,0.007489,-0.634035,-0.626547,0.803402,-0.529124,0.274278
ls3_3142,LS3,vocal,0.294118,19,0.0294118,-1.484787,0.381489,-1.103298,-0.420304,0.455623,0.035319
ls3_3143,LS3,vocal,0.323944,19,0,-1.274734,-0.634035,-1.908769,-0.210983,-0.529124,-0.740108
ls3_3144,LS3,vocal,0.382979,12,0.0212766,0.999808,0.100599,1.100407,1.850789,0.183246,2.034036
ls3_3145,LS3,vocal,0.0555556,12,0.0277778,-1.306103,0.325071,-0.981032,-0.447085,0.400915,-0.046170
ls3_3146,LS3,vocal,0.103448,12,0,-0.968813,-0.634035,-1.602849,-0.110971,-0.529124,-0.640095
ls3_3147,LS3,vocal,0.241379,12,0,0.002580,-0.634035,-0.631456,0.857037,-0.529124,0.327913
ls3_3148,LS3,vocal,0.129032,12,0,-0.788636,-0.634035,-1.422671,0.068579,-0.529124,-0.460545
ls3_3149,LS3,vocal,0.179487,13,0,-0.698842,-0.634035,-1.332877,0.187323,-0.529124,-0.341802
ls3_3150,LS3,vocal,0.4,13,0,0.854142,-0.634035,0.220106,1.734894,-0.529124,1.205770
ls3_3151,LS3,vocal,0.264706,13,0.0294118,-0.098681,0.381489,0.282808,0.785392,0.455623,1.241015
ls3_3152,LS3,vocal,0.195652,13,0.0434783,-0.584998,0.867175,0.282176,0.300769,0.926589,1.227358
ls3_3153,LS3,vocal,0.314286,13,0,0.250490,-0.634035,-0.383545,1.133346,-0.529124,0.604222
ls3_3154,LS3,vocal,0.121951,15,0.0243902,-1.635125,0.208107,-1.427018,-0.687171,0.287495,-0.399676
ls3_3155,LS3,vocal,0.0909091,15,0,-1.853742,-0.634035,-2.487778,-0.905027,-0.529124,-1.434151
ls3_3156,LS3,vocal,0.166667,15,0.0333333,-1.320212,0.516892,-0.803320,-0.373356,0.586923,0.213567
ls3_3157,LS3,vocal,0.214286,15,0.0238095,-0.984850,0.188056,-0.796794,-0.039163,0.268052,0.228889
ls3_3158,LS3,vocal,0.135135,15,0.027027,-1.542276,0.299149,-1.243127,-0.594646,0.375779,-0.218867
ls3_3159,LS3,vocal,0.433333,14,0.0333333,0.823355,0.516892,1.340247,1.733478,0.586923,2.320400
ls3_3160,LS3,vocal,0.435897,10,0.0769231,1.903574,2.021951,3.925525,2.692879,2.046368,4.739248
ls3_3161,LS3,vocal,0.107143,5,0,0.915987,-0.634035,0.281952,1.562419,-0.529124,1.033295
ls3_3162,LS3,vocal,0.266667,9,0,0.977289,-0.634035,0.343254,1.740560,-0.529124,1.211436
ls3_3163,LS3,vocal,0.25641,9,0.025641,0.905057,0.251294,1.156351,1.668580,0.329373,1.997953
ls3_3164,LS3,vocal,0.487805,9,0.0487805,2.534677,1.050249,3.584926,3.292520,1.104115,4.396635
ls3_3165,LS3,vocal,0.3125,10,0,1.034535,-0.634035,0.400499,1.826869,-0.529124,1.297745
ls3_3166,LS3,vocal,0.189189,10,0,0.166106,-0.634035,-0.467929,0.961467,-0.529124,0.432343
ls3_3167,LS3,vocal,0.459459,10,0,2.069511,-0.634035,1.435476,2.858239,-0.529124,2.329115
ls3_3168,LS3,vocal,0.45,10,0,2.002892,-0.634035,1.368857,2.791852,-0.529124,2.262728
ls3_3169,LS3,vocal,0.236842,10,0,0.501706,-0.634035,-0.132329,1.295898,-0.529124,0.766774
ls3_3170,LS3,vocal,0.3125,10,0,1.034535,-0.634035,0.400499,1.826869,-0.529124,1.297745
ls3_3171,LS3,vocal,0.129032,10,0,-0.257555,-0.634035,-0.891591,0.539282,-0.529124,0.010158
ls3_3172,LS3,vocal,0.214286,10,0,0.342851,-0.634035,-0.291185,1.137596,-0.529124,0.608471
ls3_3173,LS3,vocal,0.0645161,10,0,-0.711917,-0.634035,-1.345952,0.086504,-0.529124,-0.442620
ls3_3174,LS3,vocal,0.0606061,10,0.030303,-0.739454,0.412262,-0.327191,0.059063,0.485464,0.544527
ls3_3175,LS3,vocal,0.0645161,10,0.0322581,-0.711917,0.479766,-0.232151,0.086504,0.550921,0.637425
ls3_3176,LS3,vocal,0.129032,10,0,-0.257555,-0.634035,-0.891591,0.539282,-0.529124,0.010158
ls3_3177,LS3,vocal,0.171429,10,0,0.041025,-0.634035,-0.593010,0.836822,-0.529124,0.307698
ls3_3178,LS3,vocal,0.324324,10,0,1.117809,-0.634035,0.483773,1.909853,-0.529124,1.380729
ls3_3179,LS3,vocal,0.129032,10,0.0322581,-0.257555,0.479766,0.222210,0.539282,0.550921,1.090203
ls3_3180,LS3,vocal,0.205128,12,0,-0.252722,-0.634035,-0.886758,0.602624,-0.529124,0.073500
ls3_3181,LS3,vocal,0.0689655,12,0,-1.211662,-0.634035,-1.845697,-0.352973,-0.529124,-0.882097
ls3_3182,LS3,vocal,0.4,12,0.0461538,1.119682,0.959557,2.079239,1.970246,1.016171,2.986417
ls3_3183,LS3,vocal,0.25,12,0,0.063292,-0.634035,-0.570744,0.917537,-0.529124,0.388413
ls3_3184,LS3,vocal,0.0930233,12,0.0232558,-1.042233,0.168937,-0.873295,-0.184135,0.249513,0.065378
ls3_3185,LS3,vocal,0,12,0.0322581,-1.697358,0.479766,-1.217593,-0.836977,0.550921,-0.286056
ls3_3186,LS3,vocal,0.2,12,0,-0.288838,-0.634035,-0.922874,0.566634,-0.529124,0.037510
ls3_3187,LS3,vocal,0.181818,12,0,-0.416885,-0.634035,-1.050921,0.439033,-0.529124,-0.090091
ls3_3188,LS3,vocal,0.48,14,0.02,1.152009,0.056521,1.208531,2.060987,0.140504,2.201491
ls3_3189,LS3,vocal,0.241379,14,0.103448,-0.528501,2.937809,2.409308,0.386333,2.934469,3.320802
ls3_3190,LS3,vocal,0.20339,12,0,-0.264965,-0.634035,-0.899000,0.590424,-0.529124,0.061300
ls3_3191,LS3,vocal,0.368421,12,0.0263158,0.897284,0.274592,1.171876,1.748623,0.351965,2.100588
ls3_3192,LS3,vocal,0.425,17,0.025,-0.031954,0.229160,0.197206,0.968939,0.307911,1.276850
ls3_3193,LS3,vocal,0.365079,17,0,-0.453951,-0.634035,-1.087987,0.548413,-0.529124,0.019288
ls3_3194,LS3,vocal,0.290323,17,0.0322581,-0.980433,0.479766,-0.500668,0.023765,0.550921,0.574686
ls3_3195,LS3,vocal,0.390244,15,0.0243902,0.254353,0.208107,0.462460,1.195722,0.287495,1.483217
ls3_3196,LS3,vocal,0.153846,15,0,-1.410502,-0.634035,-2.044537,-0.463331,-0.529124,-0.992455
ls3_3197,LS3,vocal,0.289855,17,0,-0.983726,-0.634035,-1.617761,0.020484,-0.529124,-0.508640
ls3_3198,LS3,vocal,0.16129,11,0.0322581,-0.295915,0.479766,0.183851,0.530319,0.550921,1.081240
ls3_3199,LS3,vocal,0.171429,12,0,-0.490055,-0.634035,-1.124091,0.366118,-0.529124,-0.163006
ls3_3200,LS3,vocal,0.3125,12,0.03125,0.503454,0.444959,0.948414,1.356166,0.517170,1.873335
ls3_3201,LS3,vocal,0.3125,12,0.03125,0.503454,0.444959,0.948414,1.356166,0.517170,1.873335
ls3_3202,LS3,vocal,0.25,12,0,0.063292,-0.634035,-0.570744,0.917537,-0.529124,0.388413
ls3_3203,LS3,vocal,0.27027,12,0.027027,0.206047,0.299149,0.505196,1.059795,0.375779,1.435574
ls3_3204,LS3,vocal,0.434783,12,0,1.364642,-0.634035,0.730606,2.214352,-0.529124,1.685228
ls3_3205,LS3,vocal,0.310345,12,0,0.488276,-0.634035,-0.145759,1.341041,-0.529124,0.811917
ls3_3206,LS3,vocal,0.393939,12,0,1.076999,-0.634035,0.442964,1.927712,-0.529124,1.398588
ls3_3207,LS3,vocal,0.375,12,0.03125,0.943617,0.444959,1.388576,1.794794,0.517170,2.311964
ls3_3208,LS3,vocal,0.258065,12,0.0322581,0.120087,0.479766,0.599853,0.974134,0.550921,1.525055
ls3_3209,LS3,vocal,0.209302,12,0.0232558,-0.223326,0.168937,-0.054388,0.631919,0.249513,0.881432
ls3_3210,LS3,vocal,0.28125,14,0.03125,-0.247707,0.444959,0.197252,0.666148,0.517170,1.183318
ls3_3211,LS3,vocal,0.586207,14,0.0344828,1.899982,0.556579,2.456562,2.806353,0.625407,3.431760
ls3_3212,LS3,vocal,0.105263,14,0,-1.487112,-0.634035,-2.121148,-0.568938,-0.529124,-1.098062
ls3_3213,LS3,vocal,0.108108,14,0.027027,-1.467076,0.299149,-1.167927,-0.548972,0.375779,-0.173193
ls3_3214,LS3,vocal,0.444444,16,0.0277778,0.370526,0.325071,0.695596,1.340753,0.400915,1.741668
ls3_3215,LS3,vocal,0.30303,16,0.030303,-0.625398,0.412262,-0.213135,0.348300,0.485464,0.833764
ls3_3216,LS3,vocal,0.155556,19,0.0222222,-2.460624,0.133250,-2.327374,-1.392741,0.214907,-1.177834
ls3_3217,LS3,vocal,0.333333,10,0.037037,1.181256,0.644773,1.826029,1.973079,0.710928,2.684006
ls3_3218,LS3,vocal,0.419355,10,0,1.787071,-0.634035,1.153035,2.576782,-0.529124,2.047658
ls3_3219,LS3,vocal,0.354839,10,0.0322581,1.332709,0.479766,1.812475,2.124005,0.550921,2.674926
ls3_3220,LS3,vocal,0.243243,12,0.027027,0.015707,0.299149,0.314856,0.870118,0.375779,1.245896
ls3_3221,LS3,vocal,0.172414,14,0,-1.014197,-0.634035,-1.648233,-0.097671,-0.529124,-0.626795
ls3_3222,LS3,vocal,0.0606061,14,0.030303,-1.801614,0.412262,-1.389352,-0.882344,0.485464,-0.396880
ls3_3223,LS3,vocal,0.105263,14,0.0263158,-1.487112,0.274592,-1.212521,-0.568938,0.351965,-0.216972
ls3_3224,LS3,vocal,0.454545,10,0,2.034904,-0.634035,1.400869,2.823752,-0.529124,2.294628
ls3_3225,LS3,vocal,0.30303,13,0,0.171223,-0.634035,-0.462813,1.054355,-0.529124,0.525231
ls3_3226,LS3,vocal,0.164179,17,0,-1.868811,-0.634035,-2.502847,-0.861517,-0.529124,-1.390641
ls3_3227,LS3,vocal,0.258065,12,0.0322581,0.120087,0.479766,0.599853,0.974134,0.550921,1.525055
ls3_3228,LS3,vocal,0.102564,12,0.025641,-0.975040,0.251294,-0.723747,-0.117176,0.329373,0.212197
ls3_3229,LS3,vocal,0.276596,12,0.0212766,0.250595,0.100599,0.351194,1.104188,0.183246,1.287434
ls3_3230,LS3,vocal,0.0967742,14,0,-1.546897,-0.634035,-2.180932,-0.628514,-0.529124,-1.157638
ls3_3231,LS3,vocal,0.147059,16,0,-1.723843,-0.634035,-2.357878,-0.746316,-0.529124,-1.275441
ls3_3232,LS3,vocal,0.162162,16,0.027027,-1.617476,0.299149,-1.318327,-0.640320,0.375779,-0.264542
ls3_3233,LS3,vocal,0.657143,7,0.0285714,4.258337,0.352474,4.610811,4.951647,0.427487,5.379135
ls3_3234,LS3,vocal,0.482759,7,0,3.030219,-0.634035,2.396183,3.727809,-0.529124,3.198685
ls3_3235,LS3,vocal,0.243243,10,0.027027,0.546787,0.299149,0.845936,1.340821,0.375779,1.716600
ls3_3236,LS3,vocal,0.288889,10,0,0.868251,-0.634035,0.234216,1.661165,-0.529124,1.132041
ls3_3237,LS3,vocal,0.333333,10,0,1.181256,-0.634035,0.547220,1.973079,-0.529124,1.443955
ls3_3238,LS3,vocal,0.0967742,14,0.0322581,-1.546897,0.479766,-1.067131,-0.628514,0.550921,-0.077593
ls3_3239,LS3,vocal,0.179487,14,0,-0.964382,-0.634035,-1.598418,-0.048029,-0.529124,-0.577153
ls3_3240,LS3,vocal,0.2,8,0.0285714,0.773323,0.352474,1.125797,1.508041,0.427487,1.935528
ls3_3241,LS3,vocal,0.121212,7,0,0.483991,-0.634035,-0.150044,1.190455,-0.529124,0.661331
ls3_3242,LS3,vocal,0.407407,8,0,2.234010,-0.634035,1.599975,2.963638,-0.529124,2.434514
ls3_3243,LS3,vocal,0.461538,8,0,2.615233,-0.634035,1.981198,3.343533,-0.529124,2.814409
ls3_3244,LS3,vocal,0.151515,10,0.030303,-0.099217,0.412262,0.313045,0.697068,0.485464,1.182532
ls3_3245,LS3,vocal,0.142857,10,0.0857143,-0.160192,2.325493,2.165301,0.636306,2.340710,2.977016
ls3_3246,LS3,vocal,0.108696,12,0.0434783,-0.931858,0.867175,-0.064684,-0.074145,0.926589,0.852444
ls3_3247,LS3,vocal,0.268293,12,0.0243902,0.192120,0.208107,0.400227,1.045916,0.287495,1.333412
ls3_3248,LS3,vocal,0.151515,12,0,-0.630298,-0.634035,-1.264333,0.226365,-0.529124,-0.302759
ls3_3249,LS3,vocal,0.407407,12,0,1.171849,-0.634035,0.537814,2.022231,-0.529124,1.493107
ls3_3250,LS3,vocal,0.0857143,12,0,-1.093707,-0.634035,-1.727742,-0.235429,-0.529124,-0.764553
ls3_3251,LS3,vocal,0.162791,12,0.0232558,-0.550888,0.168937,-0.381951,0.305497,0.249513,0.555010
ls3_3252,LS3,vocal,0.351351,12,0.027027,0.777069,0.299149,1.076218,1.628827,0.375779,2.004605
ls3_3253,LS3,vocal,0.121212,12,0,-0.843710,-0.634035,-1.477745,0.013696,-0.529124,-0.515428
ls3_3254,LS3,vocal,0.114286,12,0.0285714,-0.892490,0.352474,-0.540016,-0.034913,0.427487,0.392574
ls3_3255,LS3,vocal,0.285714,12,0,0.314813,-0.634035,-0.319222,1.168182,-0.529124,0.639058
ls3_3256,LS3,vocal,0.381818,12,0,0.991635,-0.634035,0.357599,1.842645,-0.529124,1.313521
ls3_3257,LS3,vocal,0.175439,12,0,-0.461814,-0.634035,-1.095850,0.394261,-0.529124,-0.134863
ls3_3258,LS3,vocal,0.131579,12,0.0263158,-0.770700,0.274592,-0.496109,0.086451,0.351965,0.438417
ls3_3259,LS3,vocal,0.16,12,0.04,-0.570542,0.747078,0.176536,0.285912,0.810132,1.096044
ls3_3260,LS3,vocal,0.325581,12,0,0.595581,-0.634035,-0.038454,1.447972,-0.529124,0.918848
ls3_3261,LS3,vocal,0.176471,12,0.0392157,-0.454546,0.719997,0.265451,0.401504,0.783872,1.185376
ls3_3262,LS3,vocal,0.0731707,14,0.0243902,-1.713126,0.208107,-1.505020,-0.794164,0.287495,-0.506669
ls3_3263,LS3,vocal,0.275862,12,0,0.245428,-0.634035,-0.388607,1.099039,-0.529124,0.569915
ls3_3264,LS3,vocal,0.111111,12,0,-0.914847,-0.634035,-1.548883,-0.057193,-0.529124,-0.586317
ls3_3265,LS3,vocal,0.545455,12,0.030303,2.144060,0.412262,2.556322,2.991054,0.485464,3.476518
ls3_3266,LS3,vocal,0.294118,20,0.0294118,-1.750327,0.381489,-1.368838,-0.655656,0.455623,-0.200033
ls3_3267,LS3,vocal,0.4,20,0,-1.004640,-0.634035,-1.638675,0.087433,-0.529124,-0.441691
ls3_3268,LS3,vocal,0.378378,15,0,0.170789,-0.634035,-0.463247,1.112449,-0.529124,0.583325
ls3_3269,LS3,vocal,0.294118,15,0.0294118,-0.422626,0.381489,-0.041137,0.521102,0.455623,0.976725
ls3_3270,LS3,vocal,0.25,9,0,0.859912,-0.634035,0.225877,1.623592,-0.529124,1.094468
ls3_3271,LS3,vocal,0.418605,12,0,1.250707,-0.634035,0.616672,2.100814,-0.529124,1.571690
ls3_3272,LS3,vocal,0.525424,10,0,2.534071,-0.634035,1.900036,3.321180,-0.529124,2.792056
ls3_3273,LS3,vocal,0.333333,12,0,0.650175,-0.634035,0.016140,1.502375,-0.529124,0.973251
ls3_3274,LS3,vocal,0.164948,15,0.0515464,-1.332313,1.145750,-0.186563,-0.385414,1.196721,0.811307
ls3_3275,LS3,vocal,0.259259,12,0,0.128501,-0.634035,-0.505534,0.982519,-0.529124,0.453395
ls3_3276,LS3,vocal,0.440678,12,0,1.406160,-0.634035,0.772125,2.255726,-0.529124,1.726602
ls3_3277,LS3,vocal,0.197183,16,0,-1.370837,-0.634035,-2.004873,-0.394541,-0.529124,-0.923666
ls3_3278,LS3,vocal,0.371429,13,0,0.652925,-0.634035,0.018889,1.534378,-0.529124,1.005254
ls3_3279,LS3,vocal,0.491525,7,0.0338983,3.091960,0.536399,3.628359,3.789335,0.605839,4.395173
ls3_3280,LS3,vocal,0.355556,12,0.0222222,0.806677,0.133250,0.939927,1.658332,0.214907,1.873239
ls3_3281,LS3,vocal,0.571429,12,0.0238095,2.326985,0.188056,2.515040,3.173341,0.268052,3.441393
ls3_3282,LS3,vocal,0.0769231,17,0.0384615,-2.483321,0.693958,-1.789363,-1.473885,0.758622,-0.715263
ls3_3283,LS3,vocal,0.164179,14,0,-1.072191,-0.634035,-1.706226,-0.155462,-0.529124,-0.684586
ls3_3284,LS3,vocal,0.238806,16,0,-1.077704,-0.634035,-1.711739,-0.102430,-0.529124,-0.631554
ls3_3285,LS3,vocal,0.1875,16,0.03125,-1.439031,0.444959,-0.994072,-0.462498,0.517170,0.054672
ls3_3286,LS3,vocal,0.242424,17,0.030303,-1.317762,0.412262,-0.905500,-0.312388,0.485464,0.173076
ls3_3287,LS3,vocal,0.40625,17,0,-0.164003,-0.634035,-0.798038,0.837350,-0.529124,0.308226
ls3_3288,LS3,vocal,0.183673,17,0.0408163,-1.731520,0.775264,-0.956257,-0.724704,0.837464,0.112759
ls3_3289,LS3,vocal,0.378378,17,0.027027,-0.360292,0.299149,-0.061142,0.641746,0.375779,1.017524
ls3_3290,LS3,vocal,0.166667,17,0.0333333,-1.851293,0.516892,-1.334400,-0.844059,0.586923,-0.257137
ls3_3291,LS3,vocal,0.2,19,0.0285714,-2.147620,0.352474,-1.795146,-1.080827,0.427487,-0.653340
ls3_3292,LS3,vocal,0.130435,17,0.0434783,-2.106459,0.867175,-1.239285,-1.098337,0.926589,-0.171748
ls3_3293,LS3,vocal,0.28125,17,0.03125,-1.044328,0.444959,-0.599369,-0.039907,0.517170,0.477263
ls3_3294,LS3,vocal,0.333333,12,0.0434783,0.650175,0.867175,1.517350,1.502375,0.926589,2.428964
ls3_3295,LS3,vocal,0.238095,14,0,-0.551629,-0.634035,-1.185664,0.363286,-0.529124,-0.165838
ls3_3296,LS3,vocal,0.372093,14,0.0348837,0.392064,0.570424,0.962488,1.303690,0.638832,1.942521
ls3_3297,LS3,vocal,0.376623,14,0.038961,0.423969,0.711205,1.135174,1.335484,0.775346,2.110830
ls3_3298,LS3,vocal,0.485714,16,0,0.661173,-0.634035,0.027137,1.630387,-0.529124,1.101263
ls3_3299,LS3,vocal,0.5,16,0,0.761781,-0.634035,0.127746,1.730645,-0.529124,1.201521
ls3_3300,LS3,vocal,0.521127,16,0,0.910568,-0.634035,0.276533,1.878914,-0.529124,1.349790
ls3_3301,LS3,vocal,0.630769,16,0,1.682736,-0.634035,1.048701,2.648391,-0.529124,2.119267
ls3_3302,LS3,vocal,0.538462,16,0,1.032650,-0.634035,0.398615,2.000570,-0.529124,1.471446
ls3_3303,LS3,vocal,0.185185,17,0.0740741,-1.720874,1.923582,0.202708,-0.714095,1.950980,1.236884
ls3_3304,LS3,vocal,0.433333,10,0.0333333,1.885516,0.516892,2.402408,2.674884,0.586923,3.261807
ls3_3305,LS3,vocal,0.269841,12,0,0.203026,-0.634035,-0.431009,1.056784,-0.529124,0.527660
ls3_3306,LS3,vocal,0.287671,14,0,-0.202485,-0.634035,-0.836521,0.711213,-0.529124,0.182089
ls3_3307,LS3,vocal,0.384615,14,0,0.480254,-0.634035,-0.153782,1.391572,-0.529124,0.862448
ls3_3308,LS3,vocal,0.192308,14,0,-0.874092,-0.634035,-1.508128,0.041946,-0.529124,-0.487178
ls3_3309,LS3,vocal,0.142857,14,0.0238095,-1.222353,0.188056,-1.034297,-0.305101,0.268052,-0.037049
ls3_3310,LS3,vocal,0.483146,14,0,1.174166,-0.634035,0.540131,2.083066,-0.529124,1.553942
ls3_3311,LS3,vocal,0.328358,18,0,-0.978104,-0.634035,-1.612139,0.055350,-0.529124,-0.473774
ls3_3312,LS3,vocal,0.111111,14,0,-1.445927,-0.634035,-2.079963,-0.527896,-0.529124,-1.057020
ls3_3313,LS3,vocal,0.186667,14,0.04,-0.913820,0.747078,-0.166742,0.002357,0.810132,0.812489
ls3_3314,LS3,vocal,0.0810811,13,0,-1.391877,-0.634035,-2.025912,-0.503297,-0.529124,-1.032421
ls3_3315,LS3,vocal,0.314286,13,0,0.250490,-0.634035,-0.383545,1.133346,-0.529124,0.604222
ls3_3316,LS3,vocal,0.210526,8,0.0789474,0.847455,2.091846,2.939301,1.581915,2.114144,3.696059
ls3_3317,LS3,vocal,0.21875,14,0.03125,-0.687870,0.444959,-0.242911,0.227520,0.517170,0.744689
ls3_3318,LS3,vocal,0.16129,12,0.0322581,-0.561455,0.479766,-0.081689,0.294968,0.550921,0.845889
ls3_3319,LS3,vocal,0.232143,12,0,-0.062469,-0.634035,-0.696504,0.792215,-0.529124,0.263091
ls3_3320,LS3,vocal,0.369565,12,0,0.905342,-0.634035,0.271306,1.756653,-0.529124,1.227529
ls3_3321,LS3,vocal,0.232877,16,0.0273973,-1.119461,0.311933,-0.807529,-0.144042,0.388175,0.244133
ls3_3322,LS3,vocal,0.235294,12,0.0352941,-0.040276,0.584594,0.544318,0.814330,0.652572,1.466903
ls3_3323,LS3,vocal,0.363636,12,0,0.863587,-0.634035,0.229552,1.715044,-0.529124,1.185920
ls3_3324,LS3,vocal,0.264706,12,0.0294118,0.166859,0.381489,0.548348,1.020744,0.455623,1.476367
ls3_3325,LS3,vocal,0.366667,14,0.0333333,0.353848,0.516892,0.870740,1.265607,0.586923,1.852530
ls3_3326,LS3,vocal,0.545455,14,0,1.612980,-0.634035,0.978944,2.520351,-0.529124,1.991227
ls3_3327,LS3,vocal,0.457143,14,0,0.991036,-0.634035,0.357000,1.900574,-0.529124,1.371450
ls3_3328,LS3,vocal,0.333333,15,0,-0.146445,-0.634035,-0.780481,0.796320,-0.529124,0.267196
ls3_3329,LS3,vocal,0.111111,17,0.037037,-2.242548,0.644773,-1.597775,-1.233951,0.710928,-0.523023
ls3_3330,LS3,vocal,0.192308,16,0,-1.405173,-0.634035,-2.039208,-0.428757,-0.529124,-0.957881
ls3_3331,LS3,vocal,0.123077,15,0.0461538,-1.627197,0.959557,-0.667641,-0.679271,1.016171,0.336900
ls3_3332,LS3,vocal,0.47619,12,0.047619,1.656261,1.010147,2.666408,2.504955,1.065228,3.570183
ls3_3333,LS3,vocal,0.26,17,0,-1.193983,-0.634035,-1.828019,-0.189040,-0.529124,-0.718165
ls4_3334,LS4,vocal,0.375,12,0.03125,0.943617,0.444959,1.388576,1.794794,0.517170,2.311964
ls4_3335,LS4,vocal,0.157895,14,0,-1.116449,-0.634035,-1.750485,-0.199566,-0.529124,-0.728690
ls4_3336,LS4,vocal,0.111111,14,0,-1.445927,-0.634035,-2.079963,-0.527896,-0.529124,-1.057020
ls4_3337,LS4,vocal,0.238806,15,0,-0.812164,-0.634035,-1.446199,0.132922,-0.529124,-0.396202
ls4_3338,LS4,vocal,0.222222,21,0.0185185,-2.522198,0.005369,-2.516829,-1.395574,0.090902,-1.304672
ls4_3339,LS4,vocal,0.448276,14,0.0344828,0.928589,0.556579,1.485168,1.838345,0.625407,2.463752
ls4_3340,LS4,vocal,0.490566,16,0,0.695341,-0.634035,0.061306,1.664437,-0.529124,1.135313
ls4_3341,LS4,vocal,0.342105,16,0,-0.350208,-0.634035,-0.984244,0.622531,-0.529124,0.093407
ls4_3342,LS4,vocal,0.344828,12,0.0344828,0.731125,0.556579,1.287704,1.583043,0.625407,2.208450
ls4_3343,LS4,vocal,0.466667,12,0,1.589189,-0.634035,0.955153,2.438116,-0.529124,1.908992
ls4_3344,LS4,vocal,0.4,12,0,1.119682,-0.634035,0.485646,1.970246,-0.529124,1.441122
ls4_3345,LS4,vocal,0.363636,10,0,1.394668,-0.634035,0.760632,2.185747,-0.529124,1.656623
ls4_3346,LS4,vocal,0.478261,14,0,1.139761,-0.634035,0.505726,2.048782,-0.529124,1.519658
ls4_3347,LS4,vocal,0.54902,14,0.0392157,1.638087,0.719997,2.358084,2.545371,0.783872,3.329243
ls4_3348,LS4,vocal,0.461538,12,0,1.553073,-0.634035,0.919037,2.402126,-0.529124,1.873002
ls4_3349,LS4,vocal,0.121951,15,0.0487805,-1.635125,1.050249,-0.584876,-0.687171,1.104115,0.416943
ls4_3350,LS4,vocal,0.363636,15,0,0.066967,-0.634035,-0.567069,1.008989,-0.529124,0.479865
ls4_3351,LS4,vocal,0.486486,8,0,2.790932,-0.634035,2.156897,3.518620,-0.529124,2.989495
ls4_3352,LS4,vocal,0.178571,6,0,1.153490,-0.634035,0.519455,1.828357,-0.529124,1.299233
ls4_3353,LS4,vocal,0.344828,5,0,2.589906,-0.634035,1.955871,3.230504,-0.529124,2.701380
ls4_3354,LS4,vocal,0.102564,7,0.025641,0.352661,0.251294,0.603954,1.059582,0.329373,1.388955
ls4_3355,LS4,vocal,0.2,10,0,0.242242,-0.634035,-0.391793,1.037338,-0.529124,0.508214
ls4_3356,LS4,vocal,0.413793,12,0,1.216821,-0.634035,0.582786,2.067047,-0.529124,1.537923
ls4_3357,LS4,vocal,0.42623,12,0,1.304406,-0.634035,0.670370,2.154326,-0.529124,1.625202
ls4_3358,LS4,vocal,0.282051,14,0,-0.242064,-0.634035,-0.876100,0.671772,-0.529124,0.142648
ls4_3359,LS4,vocal,0.244444,14,0,-0.506914,-0.634035,-1.140950,0.407845,-0.529124,-0.121279
ls4_3360,LS4,vocal,0.291667,14,0.0416667,-0.174347,0.804624,0.630277,0.739253,0.865934,1.605187
ls4_3361,LS4,vocal,0.378049,14,0,0.434008,-0.634035,-0.200028,1.345488,-0.529124,0.816364
ls4_3362,LS4,vocal,0.384615,12,0.0384615,1.011334,0.693958,1.705292,1.862276,0.758622,2.620898
ls4_3363,LS4,vocal,0.15625,14,0.03125,-1.128032,0.444959,-0.683073,-0.211109,0.517170,0.306061
ls4_3364,LS4,vocal,0.453125,16,0,0.431659,-0.634035,-0.202376,1.401674,-0.529124,0.872549
ls4_3365,LS4,vocal,0.133333,14,0.0333333,-1.289425,0.516892,-0.772533,-0.371939,0.586923,0.214983
ls4_3366,LS4,vocal,0.27027,19,0,-1.652734,-0.634035,-2.286770,-0.587666,-0.529124,-1.116790
ls4_3367,LS4,vocal,0.341463,12,0,0.707432,-0.634035,0.073397,1.559433,-0.529124,1.030309
ls4_3368,LS4,vocal,0.16,14,0.04,-1.101623,0.747078,-0.354545,-0.184791,0.810132,0.625341
ls4_3369,LS4,vocal,0.230769,14,0.0384615,-0.603223,0.693958,0.090735,0.311871,0.758622,1.070493
ls4_3370,LS4,vocal,0.192308,14,0.0384615,-0.874092,0.693958,-0.180134,0.041946,0.758622,0.800568
ls4_3371,LS4,vocal,0.538462,8,0.0512821,3.156972,1.136622,4.293594,3.883383,1.187871,5.071254
ls4_3372,LS4,vocal,0.470588,14,0.0294118,1.085726,0.381489,1.467215,1.994935,0.455623,2.450558
ls4_3373,LS4,vocal,0.396825,8,0,2.159485,-0.634035,1.525450,2.889373,-0.529124,2.360249
ls4_3374,LS4,vocal,0.360656,10,0,1.373676,-0.634035,0.739641,2.164829,-0.529124,1.635705
ls4_3375,LS4,vocal,0.421687,12,0,1.272413,-0.634035,0.638378,2.122445,-0.529124,1.593321
ls4_3376,LS4,vocal,0.5,14,0.0217391,1.292861,0.116570,1.409431,2.201348,0.198732,2.400081
ls4_3377,LS4,vocal,0.454545,12,0.030303,1.503824,0.412262,1.916086,2.353049,0.485464,2.838513
ls4_3378,LS4,vocal,0.0606061,14,0,-1.801614,-0.634035,-2.435650,-0.882344,-0.529124,-1.411468
ls4_3379,LS4,vocal,0.445783,13,0.0361446,1.176574,0.613958,1.790532,2.056203,0.681047,2.737250
ls4_3380,LS4,vocal,0.5,10,0.0416667,2.355022,0.804624,3.159646,3.142755,0.865934,4.008689
ls4_3381,LS4,vocal,0.388889,12,0.0185185,1.041431,0.005369,1.046800,1.892267,0.090902,1.983169
ls4_3382,LS4,vocal,0.285714,12,0,0.314813,-0.634035,-0.319222,1.168182,-0.529124,0.639058
ls4_3383,LS4,vocal,0.363636,14,0.0454545,0.332507,0.935411,1.267918,1.244340,0.992758,2.237098
ls4_3384,LS4,vocal,0.212121,17,0.030303,-1.531174,0.412262,-1.118912,-0.525057,0.485464,-0.039593
ls4_3385,LS4,vocal,0.377778,12,0.0222222,0.963180,0.133250,1.096429,1.814289,0.214907,2.029196
ls4_3386,LS4,vocal,0.294118,12,0,0.373995,-0.634035,-0.260041,1.227157,-0.529124,0.698033
ls4_3387,LS4,vocal,0.21875,14,0,-0.687870,-0.634035,-1.321905,0.227520,-0.529124,-0.301604
ls4_3388,LS4,vocal,0.222222,16,0.0277778,-1.194497,0.325071,-0.869426,-0.218815,0.400915,0.182099
ls4_3389,LS4,vocal,0.216216,14,0,-0.705714,-0.634035,-1.339750,0.209737,-0.529124,-0.319387
ls4_3390,LS4,vocal,0.135135,14,0,-1.276736,-0.634035,-1.910771,-0.359294,-0.529124,-0.888418
ls4_3391,LS4,vocal,0.121951,14,0.0243902,-1.369585,0.208107,-1.161478,-0.451820,0.287495,-0.164324
ls4_3392,LS4,vocal,0.22807,14,0,-0.622232,-0.634035,-1.256267,0.292929,-0.529124,-0.236195
ls4_3393,LS4,vocal,0.171429,14,0,-1.021136,-0.634035,-1.655171,-0.104585,-0.529124,-0.633709
ls4_3394,LS4,vocal,0.164179,14,0.0149254,-1.072191,-0.118695,-1.190886,-0.155462,-0.029402,-0.184864
ls4_3395,LS4,vocal,0.153846,14,0.0384615,-1.144962,0.693958,-0.451004,-0.227979,0.758622,0.530643
ls4_3396,LS4,vocal,0.125,14,0,-1.348114,-0.634035,-1.982149,-0.430423,-0.529124,-0.959547
ls4_3397,LS4,vocal,0.210526,13,0.0263158,-0.480246,0.274592,-0.205654,0.405157,0.351965,0.757122
ls4_3398,LS4,vocal,0.108108,13,0,-1.201536,-0.634035,-1.835572,-0.313620,-0.529124,-0.842744
ls4_3399,LS4,vocal,0.181818,12,0,-0.416885,-0.634035,-1.050921,0.439033,-0.529124,-0.090091
ls4_3400,LS4,vocal,0.484848,12,0,1.717236,-0.634035,1.083200,2.565717,-0.529124,2.036593
ls4_3401,LS4,vocal,0.424242,12,0,1.290412,-0.634035,0.656376,2.140381,-0.529124,1.611256
ls4_3402,LS4,vocal,0.178571,12,0.0357143,-0.439751,0.599101,0.159350,0.416247,0.666640,1.082888
ls4_3403,LS4,vocal,0.266667,12,0,0.180668,-0.634035,-0.453367,1.034505,-0.529124,0.505381
ls4_3404,LS4,vocal,0.357143,14,0.0238095,0.286776,0.188056,0.474831,1.198769,0.268052,1.466821
ls4_3405,LS4,vocal,0.166667,15,0.0238095,-1.320212,0.188056,-1.132156,-0.373356,0.268052,-0.105304
ls4_3406,LS4,vocal,0.589744,12,0,2.455970,-0.634035,1.821935,3.301877,-0.529124,2.772753
ls4_3407,LS4,vocal,0.540541,12,0.027027,2.109453,0.299149,2.408602,2.956567,0.375779,3.332346
ls4_3408,LS4,vocal,0.466667,12,0,1.589189,-0.634035,0.955153,2.438116,-0.529124,1.908992
ls4_3409,LS4,vocal,0.352941,14,0,0.257185,-0.634035,-0.376850,1.169281,-0.529124,0.640157
ls4_3410,LS4,vocal,0.151515,14,0,-1.161378,-0.634035,-1.795413,-0.244338,-0.529124,-0.773463
ls4_3411,LS4,vocal,0.305556,14,0.0277778,-0.076533,0.325071,0.248538,0.836726,0.400915,1.237641
ls4_3412,LS4,vocal,0.228571,15,0,-0.884242,-0.634035,-1.518277,0.061095,-0.529124,-0.468029
ls4_3413,LS4,vocal,0.1875,15,0,-1.173491,-0.634035,-1.807527,-0.227146,-0.529124,-0.756270
ls4_3414,LS4,vocal,0.428571,15,0,0.524278,-0.634035,-0.109757,1.464707,-0.529124,0.935583
ls4_3415,LS4,vocal,0.157895,14,0.0263158,-1.116449,0.274592,-0.841857,-0.199566,0.351965,0.152399
ls4_3416,LS4,vocal,0.40625,13,0.0625,0.898158,1.523954,2.422112,1.778757,1.563463,3.342220
ls4_3417,LS4,vocal,0.238806,15,0.0447761,-0.812164,0.911987,0.099823,0.132922,0.970043,1.102965
ls4_3418,LS4,vocal,0.0967742,15,0.0645161,-1.812437,1.593566,-0.218870,-0.863865,1.630966,0.767101
ls4_3419,LS4,vocal,0.378378,12,0,0.967409,-0.634035,0.333374,1.818504,-0.529124,1.289380
ls4_3420,LS4,vocal,0.245902,13,0,-0.231111,-0.634035,-0.865147,0.653423,-0.529124,0.124299
ls4_3421,LS4,vocal,0.222222,8,0,0.929825,-0.634035,0.295789,1.663998,-0.529124,1.134874
ls4_3422,LS4,vocal,0.382353,10,0.0294118,1.526481,0.381489,1.907970,2.317101,0.455623,2.772724
ls4_3423,LS4,vocal,0.253731,10,0.0298507,0.620651,0.396646,1.017297,1.414427,0.470321,1.884748
ls4_3424,LS4,vocal,0.157895,10,0,-0.054288,-0.634035,-0.688324,0.741840,-0.529124,0.212716
ls4_3425,LS4,vocal,0.192308,12,0.0384615,-0.343012,0.693958,0.350946,0.512649,0.758622,1.271271
ls4_3426,LS4,vocal,0.0645161,12,0.0322581,-1.242997,0.479766,-0.763231,-0.384199,0.550921,0.166722
ls4_3427,LS4,vocal,0.365385,13,0.0192308,0.610359,0.029961,0.640321,1.491961,0.114749,1.606710
ls4_3428,LS4,vocal,0.216216,11,0.027027,0.090906,0.299149,0.390055,0.915792,0.375779,1.291571
ls4_3429,LS4,vocal,0.226415,14,0,-0.633888,-0.634035,-1.267923,0.281314,-0.529124,-0.247810
ls4_3430,LS4,vocal,0.181818,10,0.0227273,0.114195,0.150688,0.264883,0.909737,0.231817,1.141553
ls4_3431,LS4,vocal,0.166667,13,0.0277778,-0.789132,0.325071,-0.464061,0.097347,0.400915,0.498262
ls4_3432,LS4,vocal,0.435897,16,0,0.310332,-0.634035,-0.323703,1.280769,-0.529124,0.751645
ls4_3433,LS4,vocal,0.0384615,7,0,-0.098788,-0.634035,-0.732823,0.609706,-0.529124,0.080582
ls4_3434,LS4,vocal,0.216216,9,0,0.621987,-0.634035,-0.012049,1.386496,-0.529124,0.857372
ls4_3435,LS4,vocal,0.307692,9,0.025641,1.266216,0.251294,1.517510,2.028480,0.329373,2.357853
ls4_3436,LS4,vocal,0.387097,9,0,1.825430,-0.634035,1.191395,2.585745,-0.529124,2.056621
ls4_3437,LS4,vocal,0.484848,9,0,2.513856,-0.634035,1.879821,3.271772,-0.529124,2.742648
ls4_3438,LS4,vocal,0.296296,9,0.037037,1.185959,0.644773,1.830732,1.948502,0.710928,2.659430
ls4_3439,LS4,vocal,0.276596,9,0.0212766,1.047216,0.100599,1.147815,1.810243,0.183246,1.993489
ls4_3440,LS4,vocal,0.245614,10,0.0526316,0.563484,1.183219,1.746702,1.357460,1.233055,2.590514
ls4_3441,LS4,vocal,0.372093,10,0.0232558,1.454225,0.168937,1.623162,2.245096,0.249513,2.494609
ls4_3442,LS4,vocal,0.439024,10,0,1.925595,-0.634035,1.291560,2.714824,-0.529124,2.185700
ls4_3443,LS4,vocal,0.536585,10,0.0243902,2.612678,0.208107,2.820785,3.399513,0.287495,3.687008
ls4_3444,LS4,vocal,0.322581,12,0.0322581,0.574448,0.479766,1.054214,1.426912,0.550921,1.977833
ls4_3445,LS4,vocal,0.136364,12,0,-0.737004,-0.634035,-1.371039,0.120031,-0.529124,-0.409093
ls4_3446,LS4,vocal,0.114286,12,0.0285714,-0.892490,0.352474,-0.540016,-0.034913,0.427487,0.392574
ls4_3447,LS4,vocal,0.183099,12,0.0422535,-0.407868,0.824887,0.417019,0.448019,0.885583,1.333602
ls4_3448,LS4,vocal,0.309859,12,0,0.484856,-0.634035,-0.149180,1.337632,-0.529124,0.808508
ls4_3449,LS4,vocal,0.4,12,0.0285714,1.119682,0.352474,1.472156,1.970246,0.427487,2.397733
ls4_3450,LS4,vocal,0.258065,12,0,0.120087,-0.634035,-0.513948,0.974134,-0.529124,0.445010
ls4_3451,LS4,vocal,0.309524,12,0.047619,0.482494,1.010147,1.492641,1.335279,1.065228,2.400507
ls4_3452,LS4,vocal,0.285714,12,0.0285714,0.314813,0.352474,0.667287,1.168182,0.427487,1.595669
ls4_3453,LS4,vocal,0.142857,12,0.0357143,-0.691272,0.599101,-0.092171,0.165602,0.666640,0.832243
ls4_3454,LS4,vocal,0.137931,12,0,-0.725965,-0.634035,-1.360001,0.131031,-0.529124,-0.398093
ls4_3455,LS4,vocal,0.138889,12,0,-0.719219,-0.634035,-1.353255,0.137753,-0.529124,-0.391371
ls4_3456,LS4,vocal,0.105263,12,0,-0.956032,-0.634035,-1.590067,-0.098234,-0.529124,-0.627358
ls4_3457,LS4,vocal,0.228571,12,0.0285714,-0.087621,0.352474,0.264853,0.767150,0.427487,1.194638
ls4_3458,LS4,vocal,0.461538,14,0,1.021992,-0.634035,0.387957,1.931423,-0.529124,1.402299
ls4_3459,LS4,vocal,0.184211,14,0.0263158,-0.931118,0.274592,-0.656526,-0.014880,0.351965,0.337085
ls4_3460,LS4,vocal,0.166667,14,0.0277778,-1.054672,0.325071,-0.729601,-0.138004,0.400915,0.262911
ls4_3461,LS4,vocal,0.105263,16,0.0263158,-2.018193,0.274592,-1.743601,-1.039641,0.351965,-0.687675
ls4_3462,LS4,vocal,0.388889,12,0.0740741,1.041431,1.923582,2.965012,1.892267,1.950980,3.843247
ls4_3463,LS4,vocal,0.188679,14,0.0377358,-0.899646,0.668902,-0.230745,0.016481,0.734325,0.750806
ls4_3464,LS4,vocal,0.356164,14,0.0410959,0.279885,0.784916,1.064801,1.191902,0.846824,2.038725
ls4_3465,LS4,vocal,0.0967742,16,0.0322581,-2.077977,0.479766,-1.598212,-1.099217,0.550921,-0.548296
ls4_3466,LS4,vocal,0.25641,16,0,-0.953724,-0.634035,-1.587760,0.021118,-0.529124,-0.508006
ls4_3467,LS4,vocal,0.131579,17,0.0526316,-2.098401,1.183219,-0.915183,-1.090307,1.233055,0.142748
ls4_3468,LS4,vocal,0.131148,22,0,-3.429140,-0.634035,-4.063176,-2.270093,-0.529124,-2.799217
ls4_3469,LS4,vocal,0.40625,17,0.03125,-0.164003,0.444959,0.280956,0.837350,0.517170,1.354520
ls4_3470,LS4,vocal,0.0909091,17,0,-2.384823,-0.634035,-3.018858,-1.375730,-0.529124,-1.904854
ls4_3471,LS4,vocal,0.233333,10,0,0.476996,-0.634035,-0.157040,1.271273,-0.529124,0.742149
ls4_3472,LS4,vocal,0.3,12,0.0333333,0.415422,0.516892,0.932314,1.268440,0.586923,1.855363
ls4_3473,LS4,vocal,0.324324,14,0,0.055648,-0.634035,-0.578388,0.968446,-0.529124,0.439322
ls4_3474,LS4,vocal,0.266667,14,0,-0.350412,-0.634035,-0.984447,0.563802,-0.529124,0.034677
ls4_3475,LS4,vocal,0.194805,14,0.038961,-0.856504,0.711205,-0.145299,0.059474,0.775346,0.834820
ls4_3476,LS4,vocal,0.23913,17,0,-1.340959,-0.634035,-1.974995,-0.335504,-0.529124,-0.864628
ls4_3477,LS4,vocal,0.509804,10,0,2.424067,-0.634035,1.790032,3.211559,-0.529124,2.682435
ls4_3478,LS4,vocal,0.28,10,0,0.805650,-0.634035,0.171615,1.598782,-0.529124,1.069658
ls4_3479,LS4,vocal,0.230769,10,0,0.458938,-0.634035,-0.175098,1.253278,-0.529124,0.724154
ls4_3480,LS4,vocal,0.186667,10,0,0.148341,-0.634035,-0.485695,0.943763,-0.529124,0.414639
ls4_3481,LS4,vocal,0.140845,12,0.0140845,-0.705443,-0.147728,-0.853171,0.151482,-0.057555,0.093927
ls4_3482,LS4,vocal,0.530612,12,0,2.039532,-0.634035,1.405496,2.886890,-0.529124,2.357766
ls4_3483,LS4,vocal,0.277778,17,0,-1.068781,-0.634035,-1.702817,-0.064275,-0.529124,-0.593399
ls4_3484,LS4,vocal,0.142857,12,0,-0.691272,-0.634035,-1.325308,0.165602,-0.529124,-0.363522
ls4_3485,LS4,vocal,0.268293,12,0,0.192120,-0.634035,-0.441916,1.045916,-0.529124,0.516792
ls4_3486,LS4,vocal,0.266667,12,0,0.180668,-0.634035,-0.453367,1.034505,-0.529124,0.505381
ls4_3487,LS4,vocal,0.309859,12,0.028169,0.484856,0.338579,0.823435,1.337632,0.414014,1.751646
ls4_3488,LS4,vocal,0.194444,16,0,-1.390125,-0.634035,-2.024160,-0.413761,-0.529124,-0.942886
ls4_3489,LS4,vocal,0.097561,16,0,-2.072436,-0.634035,-2.706471,-1.093695,-0.529124,-1.622819
ls4_3490,LS4,vocal,0.131579,16,0.0263158,-1.832861,0.274592,-1.558269,-0.854955,0.351965,-0.502990
ls4_3491,LS4,vocal,0.210526,9,0.0526316,0.581915,1.183219,1.765134,1.346564,1.233055,2.579618
ls4_3492,LS4,vocal,0.333333,10,0,1.181256,-0.634035,0.547220,1.973079,-0.529124,1.443955
ls4_3493,LS4,vocal,0.16129,10,0,-0.030375,-0.634035,-0.664410,0.765671,-0.529124,0.236547
ls4_3494,LS4,vocal,0.2,10,0,0.242242,-0.634035,-0.391793,1.037338,-0.529124,0.508214
ls4_3495,LS4,vocal,0.225806,10,0,0.423987,-0.634035,-0.210049,1.218449,-0.529124,0.689325
ls4_3496,LS4,vocal,0.296296,10,0,0.920419,-0.634035,0.286383,1.713151,-0.529124,1.184026
ls4_3497,LS4,vocal,0.5,12,0.0333333,1.823942,0.516892,2.340834,2.672052,0.586923,3.258974
ls4_3498,LS4,vocal,0.487805,12,0,1.738056,-0.634035,1.104021,2.586465,-0.529124,2.057341
ls4_3499,LS4,vocal,0.147059,12,0,-0.661682,-0.634035,-1.295717,0.195090,-0.529124,-0.334034
ls4_3500,LS4,vocal,0.15625,12,0,-0.596952,-0.634035,-1.230987,0.259594,-0.529124,-0.269530
ls4_3501,LS4,vocal,0.269231,14,0.0384615,-0.332354,0.693958,0.361604,0.581797,0.758622,1.340419
ls4_3502,LS4,vocal,0.317073,14,0,0.004581,-0.634035,-0.629454,0.917557,-0.529124,0.388433
ls4_3503,LS4,vocal,0.2,12,0,-0.288838,-0.634035,-0.922874,0.566634,-0.529124,0.037510
ls4_3504,LS4,vocal,0.2,12,0,-0.288838,-0.634035,-0.922874,0.566634,-0.529124,0.037510
ls4_3505,LS4,vocal,0.212121,14,0,-0.734554,-0.634035,-1.368589,0.180998,-0.529124,-0.348126
ls4_3506,LS4,vocal,0.166667,14,0.0333333,-1.054672,0.516892,-0.537780,-0.138004,0.586923,0.448918
ls4_3507,LS4,vocal,0.2,14,0.025,-0.819919,0.229160,-0.590758,0.095931,0.307911,0.403842
ls4_3508,LS4,vocal,0.135135,14,0,-1.276736,-0.634035,-1.910771,-0.359294,-0.529124,-0.888418
ls4_3509,LS4,vocal,0.0810811,14,0,-1.657417,-0.634035,-2.291452,-0.738649,-0.529124,-1.267773
ls4_3510,LS4,vocal,0.137931,14,0.0344828,-1.257045,0.556579,-0.700466,-0.339673,0.625407,0.285734
ls4_3511,LS4,vocal,0.227273,14,0,-0.627848,-0.634035,-1.261883,0.287333,-0.529124,-0.241791
ls4_3512,LS4,vocal,0.212121,16,0,-1.265634,-0.634035,-1.899670,-0.289705,-0.529124,-0.818829
ls4_3513,LS4,vocal,0.2,17,0.0333333,-1.616539,0.516892,-1.099647,-0.610124,0.586923,-0.023201
ls4_3514,LS4,vocal,0.333333,8,0.0277778,1.712336,0.325071,2.037407,2.443782,0.400915,2.844697
ls4_3515,LS4,vocal,0.2,8,0,0.773323,-0.634035,0.139287,1.508041,-0.529124,0.978917
ls4_3516,LS4,vocal,0.325581,9,0.0232558,1.392202,0.168937,1.561139,2.154027,0.249513,2.403540
ls4_3517,LS4,vocal,0.339286,10,0,1.223176,-0.634035,0.589140,2.014853,-0.529124,1.485729
ls4_3518,LS4,vocal,0.133333,13,0.0666667,-1.023885,1.667820,0.643935,-0.136588,1.702969,1.566381
ls4_3519,LS4,vocal,0.175439,13,0,-0.727355,-0.634035,-1.361390,0.158909,-0.529124,-0.370215
ls4_3520,LS4,vocal,0.128205,13,0.025641,-1.060001,0.251294,-0.808707,-0.172578,0.329373,0.156795
ls4_3521,LS4,vocal,0.147059,13,0,-0.927222,-0.634035,-1.561257,-0.040262,-0.529124,-0.569386
ls4_3522,LS4,vocal,0.252747,13,0,-0.182901,-0.634035,-0.816936,0.701466,-0.529124,0.172342
ls4_3523,LS4,vocal,0.288889,13,0,0.071631,-0.634035,-0.562405,0.955110,-0.529124,0.425986
ls4_3524,LS4,vocal,0.105882,13,0.0352941,-1.217211,0.584594,-0.632617,-0.329240,0.652572,0.323332
ls4_3525,LS4,vocal,0.146341,13,0,-0.932274,-0.634035,-1.566309,-0.045296,-0.529124,-0.574420
ls4_3526,LS4,vocal,0.194444,13,0,-0.593504,-0.634035,-1.227539,0.292293,-0.529124,-0.236831
ls4_3527,LS4,vocal,0,13,0.0333333,-1.962898,0.516892,-1.446006,-1.072329,0.586923,-0.485406
ls4_3528,LS4,vocal,0.138462,15,0.0153846,-1.518850,-0.102838,-1.621688,-0.571301,-0.014026,-0.585327
ls4_3529,LS4,vocal,0.34375,7,0,2.051237,-0.634035,1.417201,2.752238,-0.529124,2.223114
ls4_3530,LS4,vocal,0.617647,7,0,3.980184,-0.634035,3.346149,4.674464,-0.529124,4.145340
ls4_3531,LS4,vocal,0.116279,8,0,0.183710,-0.634035,-0.450326,0.920483,-0.529124,0.391359
ls4_3532,LS4,vocal,0.217391,8,0,0.895803,-0.634035,0.261767,1.630094,-0.529124,1.100970
ls4_3533,LS4,vocal,0.341463,8,0.0731707,1.769593,1.892391,3.661984,2.500839,1.920734,4.421574
ls4_3534,LS4,vocal,0.315789,10,0.0263158,1.057701,0.274592,1.332293,1.849955,0.351965,2.201920
ls4_3535,LS4,vocal,0,10,0,-1.166278,-0.634035,-1.800313,-0.366274,-0.529124,-0.895398
ls4_3536,LS4,vocal,0.264706,12,0,0.166859,-0.634035,-0.467176,1.020744,-0.529124,0.491620
ls4_3537,LS4,vocal,0.304348,12,0,0.446042,-0.634035,-0.187994,1.298953,-0.529124,0.769829
ls4_3538,LS4,vocal,0.107143,12,0,-0.942794,-0.634035,-1.576829,-0.085042,-0.529124,-0.614167
ls4_3539,LS4,vocal,0.142857,12,0,-0.691272,-0.634035,-1.325308,0.165602,-0.529124,-0.363522
ls4_3540,LS4,vocal,0.285714,12,0.0357143,0.314813,0.599101,0.913915,1.168182,0.666640,1.834822
ls4_3541,LS4,vocal,0.259259,12,0,0.128501,-0.634035,-0.505534,0.982519,-0.529124,0.453395
ls4_3542,LS4,vocal,0.311475,12,0.0491803,0.496239,1.064055,1.560293,1.348975,1.117502,2.466477
ls4_3543,LS4,vocal,0.263158,12,0,0.155958,-0.634035,-0.478078,1.009880,-0.529124,0.480756
ls4_3544,LS4,vocal,0.12,12,0,-0.852246,-0.634035,-1.486282,0.005190,-0.529124,-0.523934
ls4_3545,LS4,vocal,0.210526,12,0,-0.214706,-0.634035,-0.848741,0.640509,-0.529124,0.111385
ls4_3546,LS4,vocal,0.242424,12,0.030303,0.009939,0.412262,0.422201,0.864370,0.485464,1.349834
ls4_3547,LS4,vocal,0.317073,12,0.0731707,0.535661,1.892391,2.428052,1.388261,1.920734,3.308995
ls4_3548,LS4,vocal,0.219512,12,0.0243902,-0.151422,0.208107,0.056685,0.703572,0.287495,0.991067
ls4_3549,LS4,vocal,0.263158,12,0.0263158,0.155958,0.274592,0.430549,1.009880,0.351965,1.361845
ls4_3550,LS4,vocal,0.243243,12,0.027027,0.015707,0.299149,0.314856,0.870118,0.375779,1.245896
ls4_3551,LS4,vocal,0.451613,12,0,1.483171,-0.634035,0.849135,2.332468,-0.529124,1.803344
ls4_3552,LS4,vocal,0.194805,12,0,-0.325423,-0.634035,-0.959459,0.530177,-0.529124,0.001053
ls4_3553,LS4,vocal,0.325,12,0.025,0.591487,0.229160,0.820647,1.443891,0.307911,1.751802
ls4_3554,LS4,vocal,0.291139,12,0,0.353019,-0.634035,-0.281016,1.206255,-0.529124,0.677131
ls4_3555,LS4,vocal,0.315789,12,0,0.526621,-0.634035,-0.107415,1.379251,-0.529124,0.850127
ls4_3556,LS4,vocal,0.1875,12,0,-0.376871,-0.634035,-1.010906,0.478909,-0.529124,-0.050215
ls4_3557,LS4,vocal,0.342857,12,0.0285714,0.717248,0.352474,1.069722,1.569214,0.427487,1.996701
ls4_3558,LS4,vocal,0.540541,12,0,2.109453,-0.634035,1.475417,2.956567,-0.529124,2.427443
ls4_3559,LS4,vocal,0.212766,12,0,-0.198933,-0.634035,-0.832968,0.656227,-0.529124,0.127102
ls4_3560,LS4,vocal,0.181818,12,0,-0.416885,-0.634035,-1.050921,0.439033,-0.529124,-0.090091
ls4_3561,LS4,vocal,0.2,12,0.0333333,-0.288838,0.516892,0.228054,0.566634,0.586923,1.153557
ls4_3562,LS4,vocal,0.24,12,0.04,-0.007134,0.747078,0.739944,0.847357,0.810132,1.657489
ls4_3563,LS4,vocal,0.116279,12,0,-0.878451,-0.634035,-1.512487,-0.020924,-0.529124,-0.550048
ls4_3564,LS4,vocal,0.0862069,12,0.0172414,-1.090238,-0.038728,-1.128966,-0.231972,0.048141,-0.183831
ls4_3565,LS4,vocal,0.264706,12,0.0294118,0.166859,0.381489,0.548348,1.020744,0.455623,1.476367
ls4_3566,LS4,vocal,0.24,12,0.04,-0.007134,0.747078,0.739944,0.847357,0.810132,1.657489
ls4_3567,LS4,vocal,0.159091,12,0,-0.576945,-0.634035,-1.210980,0.279532,-0.529124,-0.249592
ls4_3568,LS4,vocal,0.1875,12,0,-0.376871,-0.634035,-1.010906,0.478909,-0.529124,-0.050215
ls4_3569,LS4,vocal,0.294118,14,0,-0.157086,-0.634035,-0.791121,0.756454,-0.529124,0.227330
ls4_3570,LS4,vocal,0.222222,14,0,-0.663416,-0.634035,-1.297452,0.251888,-0.529124,-0.277236
ls4_3571,LS4,vocal,0.186047,15,0.0232558,-1.183728,0.168937,-1.014790,-0.237347,0.249513,0.012166
ls4_3572,LS4,vocal,0.152174,15,0.0217391,-1.422279,0.116570,-1.305709,-0.475067,0.198732,-0.276334
ls4_3573,LS4,vocal,0.0487805,15,0,-2.150437,-0.634035,-2.784473,-1.200688,-0.529124,-1.729812
ls4_3574,LS4,vocal,0.0952381,15,0,-1.823255,-0.634035,-2.457290,-0.874646,-0.529124,-1.403770
ls4_3575,LS4,vocal,0.421053,12,0,1.267947,-0.634035,0.633912,2.117994,-0.529124,1.588870
ls4_3576,LS4,vocal,0.5,12,0,1.823942,-0.634035,1.189906,2.672052,-0.529124,2.142927
ls4_3577,LS4,vocal,0.421053,12,0,1.267947,-0.634035,0.633912,2.117994,-0.529124,1.588870
ls4_3578,LS4,vocal,0.434783,12,0.0434783,1.364642,0.867175,2.231816,2.214352,0.926589,3.140941
ls4_3579,LS4,vocal,0.45098,12,0.0392157,1.478716,0.719997,2.198713,2.328029,0.783872,3.111901
ls4_3580,LS4,vocal,0.371429,12,0,0.918465,-0.634035,0.284429,1.769730,-0.529124,1.240606
ls4_3581,LS4,vocal,0.272727,15,0,-0.573270,-0.634035,-1.207305,0.370984,-0.529124,-0.158141
ls4_3582,LS4,vocal,0.0909091,12,0.030303,-1.057122,0.412262,-0.644859,-0.198972,0.485464,0.286492
ls4_3583,LS4,vocal,0.508772,14,0.0526316,1.354639,1.183219,2.537857,2.262910,1.233055,3.495965
ls4_3584,LS4,vocal,0.245283,11,0.0566038,0.295612,1.320370,1.615982,1.119785,1.366049,2.485834
ls4_3585,LS4,vocal,0.522388,14,0,1.450532,-0.634035,0.816496,2.358469,-0.529124,1.829345
ls4_3586,LS4,vocal,0.193548,14,0,-0.865355,-0.634035,-1.499390,0.050653,-0.529124,-0.478471
ls4_3587,LS4,vocal,0.384615,15,0,0.214714,-0.634035,-0.419322,1.156221,-0.529124,0.627097
ls4_3588,LS4,vocal,0.533333,10,0,2.589776,-0.634035,1.955740,3.376690,-0.529124,2.847566
ls4_3589,LS4,vocal,0.268657,10,0,0.725764,-0.634035,0.091729,1.519174,-0.529124,0.990050
ls4_3590,LS4,vocal,0.352113,12,0,0.782431,-0.634035,0.148395,1.634170,-0.529124,1.105046
ls4_3591,LS4,vocal,0.344828,13,0,0.465584,-0.634035,-0.168451,1.347691,-0.529124,0.818567
ls4_3592,LS4,vocal,0.317073,9,0.0487805,1.332282,1.050249,2.382531,2.094315,1.104115,3.198430
ls4_3593,LS4,vocal,0.25,12,0,0.063292,-0.634035,-0.570744,0.917537,-0.529124,0.388413
ls4_3594,LS4,vocal,0.321429,12,0,0.566335,-0.634035,-0.067701,1.418827,-0.529124,0.889703
ls4_3595,LS4,vocal,0.341463,14,0.0243902,0.176352,0.208107,0.384458,1.088729,0.287495,1.376225
ls4_3596,LS4,vocal,0.413793,12,0.0344828,1.216821,0.556579,1.773401,2.067047,0.625407,2.692454
ls4_3597,LS4,vocal,0.40625,12,0,1.163698,-0.634035,0.529663,2.014109,-0.529124,1.484985
ls4_3598,LS4,vocal,0.294118,14,0,-0.157086,-0.634035,-0.791121,0.756454,-0.529124,0.227330
ls4_3599,LS4,vocal,0.253521,18,0.0422535,-1.505151,0.824887,-0.680265,-0.469861,0.885583,0.415722
ls4_3600,LS4,vocal,0.257143,12,0.0285714,0.113596,0.352474,0.466070,0.967666,0.427487,1.395153
ls4_3601,LS4,vocal,0.178571,12,0.0357143,-0.439751,0.599101,0.159350,0.416247,0.666640,1.082888
ls4_3602,LS4,vocal,0.377778,12,0,0.963180,-0.634035,0.329144,1.814289,-0.529124,1.285165
ls4_3603,LS4,vocal,0.148148,7,0,0.673691,-0.634035,0.039656,1.379493,-0.529124,0.850369
ls4_3604,LS4,vocal,0.325581,10,0,1.126662,-0.634035,0.492626,1.918675,-0.529124,1.389551
ls4_3605,LS4,vocal,0.368421,14,0,0.366204,-0.634035,-0.267832,1.277920,-0.529124,0.748796
ls4_3606,LS4,vocal,0.342105,9,0.0131579,1.508573,-0.179722,1.328851,2.269992,-0.088579,2.181413
ls4_3607,LS4,vocal,0.25641,12,0,0.108437,-0.634035,-0.525599,0.962525,-0.529124,0.433401
ls4_3608,LS4,vocal,0.205882,12,0,-0.247411,-0.634035,-0.881447,0.607917,-0.529124,0.078793
ls4_3609,LS4,vocal,0.219512,12,0,-0.151422,-0.634035,-0.785457,0.703572,-0.529124,0.174448
ls4_3610,LS4,vocal,0.485714,16,0,0.661173,-0.634035,0.027137,1.630387,-0.529124,1.101263
ls4_3611,LS4,vocal,0.413793,14,0,0.685741,-0.634035,0.051705,1.596343,-0.529124,1.067219
ls4_3612,LS4,vocal,0.373333,14,0.04,0.400799,0.747078,1.147877,1.312394,0.810132,2.122526
ls4_3613,LS4,vocal,0.459459,16,0,0.476270,-0.634035,-0.157765,1.446129,-0.529124,0.917005
ls4_3614,LS4,vocal,0.325581,12,0,0.595581,-0.634035,-0.038454,1.447972,-0.529124,0.918848
ls4_3615,LS4,vocal,0.164557,12,0.0379747,-0.538449,0.677148,0.138699,0.317893,0.742321,1.060215
ls4_3616,LS4,vocal,0.30303,15,0.030303,-0.359858,0.412262,0.052405,0.583652,0.485464,1.069116
ls4_3617,LS4,vocal,0.246575,12,0,0.039173,-0.634035,-0.594862,0.893503,-0.529124,0.364379
ls4_3618,LS4,vocal,0.185185,9,0.111111,0.403448,3.202390,3.605838,1.168718,3.191031,4.359749
ls4_3619,LS4,vocal,0.358974,14,0,0.299674,-0.634035,-0.334361,1.211622,-0.529124,0.682498
ls4_3620,LS4,vocal,0.0882353,11,0.0294118,-0.810412,0.381489,-0.428923,0.017615,0.455623,0.473238
ls4_3621,LS4,vocal,0.657143,10,0,3.461717,-0.634035,2.827681,4.245592,-0.529124,3.716468
ls4_3622,LS4,vocal,0.0689655,16,0.0344828,-2.273822,0.556579,-1.717243,-1.294380,0.625407,-0.668973
ls4_3623,LS4,vocal,0.0967742,12,0,-1.015816,-0.634035,-1.649852,-0.157810,-0.529124,-0.686934
ls4_3624,LS4,vocal,0.145833,14,0,-1.201393,-0.634035,-1.835428,-0.284214,-0.529124,-0.813338
ls4_3625,LS4,vocal,0.30303,10,0.030303,0.967843,0.412262,1.380106,1.760410,0.485464,2.245874
ls4_3629,LS4,vocal,0.4,7,0,2.447383,-0.634035,1.813347,3.147004,-0.529124,2.617880
ls4_3630,LS4,vocal,0.380952,9,0,1.782158,-0.634035,1.148122,2.542623,-0.529124,2.013499
ls4_3631,LS4,vocal,0.454545,17,0,0.176123,-0.634035,-0.457913,1.176291,-0.529124,0.647167
ls4_3632,LS4,vocal,0.210526,11,0.0526316,0.050835,1.183219,1.234053,0.875860,1.233055,2.108915
ls4_3633,LS4,vocal,0.457143,10,0.0285714,2.053197,0.352474,2.405671,2.841981,0.427487,3.269468
ls4_3634,LS4,vocal,0.296296,10,0,0.920419,-0.634035,0.286383,1.713151,-0.529124,1.184026
ls4_3635,LS4,vocal,0.26087,11,0,0.405382,-0.634035,-0.228653,1.229172,-0.529124,0.700048
ls4_3636,LS4,vocal,0.261538,11,0,0.410093,-0.634035,-0.223943,1.233866,-0.529124,0.704742
ls4_3637,LS4,vocal,0.418182,12,0,1.247729,-0.634035,0.613694,2.097847,-0.529124,1.568723
ls4_3638,LS4,vocal,0.481481,12,0,1.693523,-0.634035,1.059488,2.542088,-0.529124,2.012963
ls4_3639,LS4,vocal,0.557377,12,0,2.228025,-0.634035,1.593990,3.074727,-0.529124,2.545603
ls4_3640,LS4,vocal,0.54717,12,0.0377358,2.156140,0.668902,2.825042,3.003092,0.734325,3.737417
ls4_3641,LS4,vocal,0.473684,12,0,1.638610,-0.634035,1.004575,2.487366,-0.529124,1.958242
ls4_3642,LS4,vocal,0.0740741,11,0,-0.910144,-0.634035,-1.544179,-0.081769,-0.529124,-0.610894
ls4_3643,LS4,vocal,0.103448,11,0,-0.703273,-0.634035,-1.337309,0.124380,-0.529124,-0.404744
ls4_3644,LS4,vocal,0.432432,9,0,2.144711,-0.634035,1.510676,2.903913,-0.529124,2.374789
ls4_3645,LS4,vocal,0.0857143,10,0.0285714,-0.562626,0.352474,-0.210152,0.235274,0.427487,0.662761
ls4_3646,LS4,vocal,0.689655,12,0.0344828,3.159607,0.556579,3.716187,4.003062,0.625407,4.628469
ls4_3647,LS4,vocal,0.512821,12,0,1.914232,-0.634035,1.280196,2.762027,-0.529124,2.232903
ls4_3648,LS4,vocal,0.4,12,0,1.119682,-0.634035,0.485646,1.970246,-0.529124,1.441122
ls4_3649,LS4,vocal,0.40625,12,0,1.163698,-0.634035,0.529663,2.014109,-0.529124,1.484985
ls4_3650,LS4,vocal,0.341463,12,0,0.707432,-0.634035,0.073397,1.559433,-0.529124,1.030309
ls4_3651,LS4,vocal,0.405405,12,0,1.157750,-0.634035,0.523715,2.008181,-0.529124,1.479057
ls4_3652,LS4,vocal,0.205882,14,0.0294118,-0.778492,0.381489,-0.397003,0.137214,0.455623,0.592837
ls4_3653,LS4,vocal,0.470588,13,0,1.351266,-0.634035,0.717231,2.230286,-0.529124,1.701162
ls4_3654,LS4,vocal,0.142857,13,0.0357143,-0.956813,0.599101,-0.357711,-0.069749,0.666640,0.596891
ls4_3655,LS4,vocal,0.241379,10,0.0689655,0.533660,1.747194,2.280854,1.327740,1.779938,3.107678
ls4_3656,LS4,vocal,0.448276,12,0.0344828,1.459669,0.556579,2.016249,2.309049,0.625407,2.934456
ls4_3657,LS4,vocal,0.191489,15,0.0425532,-1.145396,0.835234,-0.310162,-0.199149,0.895616,0.696468
ls4_3658,LS4,vocal,0.210526,15,0.0263158,-1.011326,0.274592,-0.736734,-0.065546,0.351965,0.286419
ls4_3659,LS4,vocal,0.243243,15,0.027027,-0.780914,0.299149,-0.481765,0.164063,0.375779,0.539842
ls4_3660,LS4,vocal,0.243243,15,0.027027,-0.780914,0.299149,-0.481765,0.164063,0.375779,0.539842
ls4_3661,LS4,vocal,0.241379,12,0,0.002580,-0.634035,-0.631456,0.857037,-0.529124,0.327913
ls4_3662,LS4,vocal,0.575758,15,0,1.560852,-0.634035,0.926816,2.497668,-0.529124,1.968544
ls4_3663,LS4,vocal,0.358974,15,0,0.034134,-0.634035,-0.599901,0.976271,-0.529124,0.447146
ls4_3664,LS4,vocal,0.459459,14,0,1.007351,-0.634035,0.373315,1.916832,-0.529124,1.387708
ls4_3665,LS4,vocal,0.423729,14,0,0.755714,-0.634035,0.121679,1.666073,-0.529124,1.136949
ls4_3666,LS4,vocal,0.534247,9,0,2.861747,-0.634035,2.227712,3.618451,-0.529124,3.089327
ls4_3667,LS4,vocal,0.27027,10,0.027027,0.737128,0.299149,1.036277,1.530498,0.375779,1.906277
ls4_3668,LS4,vocal,0.294118,12,0.0294118,0.373995,0.381489,0.755484,1.227157,0.455623,1.682780
ls4_3669,LS4,vocal,0.387755,15,0,0.236825,-0.634035,-0.397210,1.178255,-0.529124,0.649131
ls4_3670,LS4,vocal,0.237288,15,0.0169492,-0.822853,-0.048818,-0.871671,0.122270,0.038357,0.160627
ls4_3671,LS4,vocal,0.296296,15,0,-0.407282,-0.634035,-1.041318,0.536392,-0.529124,0.007268
ls4_3672,LS4,vocal,0.28125,12,0,0.283373,-0.634035,-0.350662,1.136851,-0.529124,0.607727
ls4_3673,LS4,vocal,0.575,9,0,3.148757,-0.634035,2.514722,3.904461,-0.529124,3.375337
ls4_3674,LS4,vocal,0.354839,13,0,0.536089,-0.634035,-0.097947,1.417950,-0.529124,0.888826
ls4_3675,LS4,vocal,0.25,15,0.0277778,-0.733329,0.325071,-0.408258,0.211482,0.400915,0.612397
ls4_3676,LS4,vocal,0.272727,9,0,1.019972,-0.634035,0.385936,1.783093,-0.529124,1.253969
ls4_3677,LS4,vocal,0.254545,14,0.0545455,-0.435777,1.249301,0.813524,0.478734,1.297134,1.775868
ls4_3678,LS4,vocal,0.363636,13,0.0454545,0.598047,0.935411,1.533458,1.479692,0.992758,2.472450
ls4_3679,LS4,vocal,0.12,9,0,-0.055626,-0.634035,-0.689661,0.711245,-0.529124,0.182121
ls4_3680,LS4,vocal,0.230769,13,0,-0.337683,-0.634035,-0.971718,0.547223,-0.529124,0.018099
ls4_3681,LS4,vocal,0.424242,8,0,2.352572,-0.634035,1.718537,3.081787,-0.529124,2.552663
ls4_3682,LS4,vocal,0.0555556,12,0.0555556,-1.306103,1.284177,-0.021925,-0.447085,1.330954,0.883869
ls4_3683,LS4,vocal,0.3,8,0,1.477583,-0.634035,0.843547,2.209847,-0.529124,1.680723
ls4_3684,LS4,vocal,0.258065,12,0,0.120087,-0.634035,-0.513948,0.974134,-0.529124,0.445010
ls4_3685,LS4,vocal,0.287671,12,0.0273973,0.328595,0.311933,0.640528,1.181916,0.388175,1.570091
ls4_3686,LS4,vocal,0.0606061,15,0.030303,-2.067155,0.412262,-1.654892,-1.117695,0.485464,-0.632232
ls4_3687,LS4,vocal,0.305556,12,0,0.454547,-0.634035,-0.179488,1.307429,-0.529124,0.778305
ls4_3688,LS4,vocal,0.0952381,8,0,0.035526,-0.634035,-0.598509,0.772816,-0.529124,0.243692
ls4_3689,LS4,vocal,0.258065,15,0.0322581,-0.676534,0.479766,-0.196768,0.268079,0.550921,0.819001
ls4_3690,LS4,vocal,0.3,15,0.0333333,-0.381199,0.516892,0.135693,0.562385,0.586923,1.149308
ls4_3691,LS4,vocal,0.347222,17,0.0138889,-0.579712,-0.154482,-0.734194,0.423090,-0.064105,0.358985
ls4_3692,LS4,vocal,0.36,10,0,1.369058,-0.634035,0.735023,2.160227,-0.529124,1.631103
ls4_3693,LS4,vocal,0.0384615,13,0.0384615,-1.692029,0.693958,-0.998071,-0.802404,0.758622,-0.043781
ls4_3694,LS4,vocal,0.393939,14,0,0.545919,-0.634035,-0.088116,1.457009,-0.529124,0.927885
ls4_3695,LS4,vocal,0.272727,9,0,1.019972,-0.634035,0.385936,1.783093,-0.529124,1.253969
ls4_3696,LS4,vocal,0.233333,9,0,0.742536,-0.634035,0.108500,1.506624,-0.529124,0.977500
ls4_3697,LS4,vocal,0.310345,13,0.0344828,0.222736,0.556579,0.779316,1.105689,0.625407,1.731096
ls4_3698,LS4,vocal,0.21875,10,0.03125,0.374291,0.444959,0.819250,1.168926,0.517170,1.686096
ls4_3699,LS4,vocal,0.333333,12,0.0333333,0.650175,0.516892,1.167067,1.502375,0.586923,2.089298
ls4_3700,LS4,vocal,0.449275,9,0,2.263329,-0.634035,1.629294,3.022118,-0.529124,2.492994
ls4_3701,LS4,vocal,0.244444,12,0.0444444,0.024166,0.900535,0.924701,0.878548,0.958938,1.837486
ls4_3702,LS4,vocal,0.257143,14,0.0285714,-0.417484,0.352474,-0.065010,0.496963,0.427487,0.924450
ls4_3703,LS4,vocal,0.297297,14,0.0540541,-0.134693,1.232334,1.097641,0.778769,1.280681,2.059450
ls4_3704,LS4,vocal,0.2,14,0.0142857,-0.819919,-0.140781,-0.960699,0.095931,-0.050818,0.045113
ls4_3705,LS4,vocal,0.407407,12,0,1.171849,-0.634035,0.537814,2.022231,-0.529124,1.493107
ls4_3706,LS4,vocal,0.207547,12,0.0943396,-0.235686,2.623307,2.387621,0.619601,2.629499,3.249099
ls4_3707,LS4,vocal,0.178571,12,0,-0.439751,-0.634035,-1.073786,0.416247,-0.529124,-0.112877
ls4_3708,LS4,vocal,0.254237,12,0,0.093133,-0.634035,-0.540902,0.947275,-0.529124,0.418151
ls4_3709,LS4,vocal,0.285714,16,0,-0.747348,-0.634035,-1.381383,0.226776,-0.529124,-0.302349
ls4_3710,LS4,vocal,0.294118,13,0,0.108455,-0.634035,-0.525581,0.991806,-0.529124,0.462682
ls4_3711,LS4,vocal,0.305556,12,0,0.454547,-0.634035,-0.179488,1.307429,-0.529124,0.778305
ls4_3712,LS4,vocal,0.28,14,0,-0.256511,-0.634035,-0.890546,0.657376,-0.529124,0.128252
ls4_3713,LS4,vocal,0.473684,10,0.0175439,2.169691,-0.028284,2.141407,2.958069,0.058269,3.016338
ls4_3714,LS4,vocal,0.424658,10,0,1.824415,-0.634035,1.190380,2.613997,-0.529124,2.084873
ls4_3715,LS4,vocal,0.483871,10,0,2.241432,-0.634035,1.607396,3.029560,-0.529124,2.500436
ls4_3716,LS4,vocal,0.28,12,0,0.274570,-0.634035,-0.359466,1.128079,-0.529124,0.598955
ls4_3717,LS4,vocal,0.206897,8,0,0.821892,-0.634035,0.187857,1.556441,-0.529124,1.027317
ls4_3718,LS4,vocal,0.103448,8,0.0689655,0.093347,1.747194,1.840542,0.830435,1.779938,2.610373
ls4_3719,LS4,vocal,0.411765,16,0.0294118,0.140375,0.381489,0.521864,1.111405,0.455623,1.567028
ls4_3720,LS4,vocal,0.177778,12,0,-0.445340,-0.634035,-1.079376,0.410677,-0.529124,-0.118447
ls4_3721,LS4,vocal,0.382979,10,0.0638298,1.530888,1.569869,3.100757,2.321493,1.607987,3.929479
ls4_3722,LS4,vocal,0.489796,12,0,1.752079,-0.634035,1.118043,2.600439,-0.529124,2.071315
ls4_3723,LS4,vocal,0.25,12,0,0.063292,-0.634035,-0.570744,0.917537,-0.529124,0.388413
ls4_3724,LS4,vocal,0.3125,12,0.0625,0.503454,1.523954,2.027408,1.356166,1.563463,2.919629
ls4_3725,LS4,vocal,0.188679,12,0.0377358,-0.368566,0.668902,0.300336,0.487185,0.734325,1.221510
ls4_3726,LS4,vocal,0.325581,12,0,0.595581,-0.634035,-0.038454,1.447972,-0.529124,0.918848
ls4_3727,LS4,vocal,0.363636,12,0,0.863587,-0.634035,0.229552,1.715044,-0.529124,1.185920
ls4_3728,LS4,vocal,0.577778,10,0,2.902780,-0.634035,2.268745,3.688604,-0.529124,3.159480
ls4_3729,LS4,vocal,0.169231,13,0,-0.771074,-0.634035,-1.405109,0.115342,-0.529124,-0.413782
ls4_3730,LS4,vocal,0.411765,12,0,1.202536,-0.634035,0.568501,2.052811,-0.529124,1.523687
ls4_3731,LS4,vocal,0.171429,12,0,-0.490055,-0.634035,-1.124091,0.366118,-0.529124,-0.163006
ls4_3732,LS4,vocal,0.305085,12,0,0.451232,-0.634035,-0.182804,1.304125,-0.529124,0.775001
ls4_3733,LS4,vocal,0.4,14,0.0285714,0.588601,0.352474,0.941075,1.499543,0.427487,1.927030
ls4_3734,LS4,vocal,0.25,15,0,-0.733329,-0.634035,-1.367364,0.211482,-0.529124,-0.317642
ls4_3735,LS4,vocal,0.151515,15,0.0454545,-1.426918,0.935411,-0.491507,-0.479690,0.992758,0.513068
ls4_3736,LS4,vocal,0.193548,13,0,-0.599815,-0.634035,-1.233850,0.286005,-0.529124,-0.243119
ls4_3737,LS4,vocal,0.241379,13,0,-0.262960,-0.634035,-0.896996,0.621685,-0.529124,0.092561
ls4_3738,LS4,vocal,0.233333,15,0,-0.850705,-0.634035,-1.484741,0.094515,-0.529124,-0.434609
ls4_3739,LS4,vocal,0.25,13,0,-0.202248,-0.634035,-0.836284,0.682186,-0.529124,0.153061
ls4_3740,LS4,vocal,0.333333,12,0,0.650175,-0.634035,0.016140,1.502375,-0.529124,0.973251
ls4_3741,LS4,vocal,0.223881,13,0,-0.386197,-0.634035,-1.020232,0.498878,-0.529124,-0.030246
ls4_3742,LS4,vocal,0.171429,12,0,-0.490055,-0.634035,-1.124091,0.366118,-0.529124,-0.163006
ls4_3743,LS4,vocal,0.27027,12,0,0.206047,-0.634035,-0.427988,1.059795,-0.529124,0.530671
ls4_3744,LS4,vocal,0.166667,12,0,-0.523592,-0.634035,-1.157627,0.332699,-0.529124,-0.196425
ls4_3745,LS4,vocal,0.510638,12,0,1.898863,-0.634035,1.264828,2.746712,-0.529124,2.217588
ls4_3746,LS4,vocal,0.266667,12,0.0333333,0.180668,0.516892,0.697561,1.034505,0.586923,1.621427
ls4_3747,LS4,vocal,0.28,14,0.0266667,-0.256511,0.286707,0.030196,0.657376,0.363713,1.021089
ls4_3748,LS4,vocal,0.169492,16,0.0169492,-1.565858,-0.048818,-1.614676,-0.588882,0.038357,-0.550525
ls4_3749,LS4,vocal,0.333333,9,0,1.446796,-0.634035,0.812760,2.208430,-0.529124,1.679306
ls4_3750,LS4,vocal,0.481481,10,0,2.224604,-0.634035,1.590568,3.012791,-0.529124,2.483667
ls4_3751,LS4,vocal,0.310345,10,0.0344828,1.019357,0.556579,1.575936,1.811744,0.625407,2.437151
ls4_3752,LS4,vocal,0.424242,14,0,0.759331,-0.634035,0.125296,1.669677,-0.529124,1.140553
ls4_3753,LS4,vocal,0.4375,14,0,0.852699,-0.634035,0.218664,1.762720,-0.529124,1.233596
ls4_3754,LS4,vocal,0.4,14,0,0.588601,-0.634035,-0.045434,1.499543,-0.529124,0.970418
ls4_3755,LS4,vocal,0.30303,13,0,0.171223,-0.634035,-0.462813,1.054355,-0.529124,0.525231
ls4_3756,LS4,vocal,0.0740741,12,0.037037,-1.175684,0.644773,-0.530911,-0.317121,0.710928,0.393807
ls4_3757,LS4,vocal,0.125,12,0.05,-0.817033,1.092356,0.275323,0.040280,1.144946,1.185226
ls4_3758,LS4,vocal,0.157895,12,0.105263,-0.585369,3.000473,2.415104,0.271137,2.995234,3.266371
ls4_3759,LS4,vocal,0.516129,12,0,1.937532,-0.634035,1.303497,2.785246,-0.529124,2.256122
ls4_3760,LS4,vocal,0.264706,14,0.0882353,-0.364221,2.412538,2.048317,0.550041,2.425117,2.975158
ls4_3761,LS4,vocal,0.142857,13,0,-0.956813,-0.634035,-1.590848,-0.069749,-0.529124,-0.598873
ls4_3762,LS4,vocal,0.371429,12,0,0.918465,-0.634035,0.284429,1.769730,-0.529124,1.240606
ls4_3763,LS4,vocal,0.351351,13,0,0.511529,-0.634035,-0.122507,1.393475,-0.529124,0.864351
ls4_3764,LS4,vocal,0.305556,15,0,-0.342073,-0.634035,-0.976109,0.601374,-0.529124,0.072250
ls4_3765,LS4,vocal,0.459459,9,0,2.335052,-0.634035,1.701016,3.093591,-0.529124,2.564467
ls4_3766,LS4,vocal,0.178571,9,0.0357143,0.356870,0.599101,0.955971,1.122302,0.666640,1.788942
ls4_3767,LS4,vocal,0.264706,8,0.0294118,1.229020,0.381489,1.610509,1.962150,0.455623,2.417773
ls4_3768,LS4,vocal,0.368421,13,0,0.631744,-0.634035,-0.002292,1.513271,-0.529124,0.984147
ls4_3769,LS4,vocal,0.580247,13,0,2.123549,-0.634035,1.489513,2.999877,-0.529124,2.470753
ls4_3770,LS4,vocal,0.403509,10,0.0175439,1.675473,-0.028284,1.647189,2.465574,0.058269,2.523843
ls4_3771,LS4,vocal,0.442623,10,0.0491803,1.950939,1.064055,3.014993,2.740079,1.117502,3.857582
ls4_3772,LS4,vocal,0.220339,10,0.0508475,0.385482,1.121617,1.507098,1.180078,1.173320,2.353398
ls4_3773,LS4,vocal,0.535714,10,0,2.606544,-0.634035,1.972508,3.393400,-0.529124,2.864276
ls4_3774,LS4,vocal,0.292683,8,0.0487805,1.426051,1.050249,2.476300,2.158495,1.104115,3.262610
ls4_3775,LS4,vocal,0.292683,8,0,1.426051,-0.634035,0.792016,2.158495,-0.529124,1.629371
ls4_3776,LS4,vocal,0.257143,16,0.0285714,-0.948565,0.352474,-0.596091,0.026260,0.427487,0.453747
ls4_3777,LS4,vocal,0.411765,14,0,0.671456,-0.634035,0.037420,1.582108,-0.529124,1.052984
ls4_3778,LS4,vocal,0.174603,11,0,-0.202158,-0.634035,-0.836193,0.623750,-0.529124,0.094625
ls4_3779,LS4,vocal,0.26087,13,0.0434783,-0.125698,0.867175,0.741476,0.758469,0.926589,1.685058
ls4_3780,LS4,vocal,0.48,13,0,1.417550,-0.634035,0.783514,2.296339,-0.529124,1.767215
ls4_3781,LS4,vocal,0.0769231,14,0.115385,-1.686700,3.349945,1.663245,-0.767830,3.334114,2.566284
ls4_3782,LS4,vocal,0.388889,13,0.0277778,0.775891,0.325071,1.100961,1.656916,0.400915,2.057831
ls4_3783,LS4,vocal,0.5,10,0,2.355022,-0.634035,1.720987,3.142755,-0.529124,2.613631
ls4_3784,LS4,vocal,0.470588,13,0,1.351266,-0.634035,0.717231,2.230286,-0.529124,1.701162
ls4_3785,LS4,vocal,0.470588,13,0,1.351266,-0.634035,0.717231,2.230286,-0.529124,1.701162
ls4_3786,LS4,vocal,0.266667,15,0.0333333,-0.615952,0.516892,-0.099060,0.328450,0.586923,0.915372
ls4_3787,LS4,vocal,0.514286,12,0.0285714,1.924550,0.352474,2.277024,2.772310,0.427487,3.199797
ls4_3788,LS4,vocal,0.240741,14,0,-0.532998,-0.634035,-1.167033,0.381852,-0.529124,-0.147272
ls4_3789,LS4,vocal,0.371429,14,0,0.387384,-0.634035,-0.246651,1.299027,-0.529124,0.769903
ls4_3790,LS4,vocal,0.428571,12,0.0285714,1.320899,0.352474,1.673373,2.170762,0.427487,2.598249
ls4_3791,LS4,vocal,0.421053,12,0,1.267947,-0.634035,0.633912,2.117994,-0.529124,1.588870
ls4_3792,LS4,vocal,0.346154,10,0.0384615,1.271545,0.693958,1.965503,2.063054,0.758622,2.821676
ls4_3793,LS4,vocal,0.254545,15,0,-0.701317,-0.634035,-1.335352,0.243383,-0.529124,-0.285742
ls4_3794,LS4,vocal,0.411765,12,0,1.202536,-0.634035,0.568501,2.052811,-0.529124,1.523687
ls4_3795,LS4,vocal,0.477612,13,0,1.400732,-0.634035,0.766696,2.279579,-0.529124,1.750455
ls4_3796,LS4,vocal,0.516129,12,0.0322581,1.937532,0.479766,2.417298,2.785246,0.550921,3.336167
ls4_3797,LS4,vocal,0.280702,14,0,-0.251568,-0.634035,-0.885604,0.662301,-0.529124,0.133176
ls4_3798,LS4,vocal,0.444444,8,0.037037,2.494847,0.644773,3.139620,3.223566,0.710928,3.934494
ls4_3799,LS4,vocal,0.238806,12,0.0447761,-0.015543,0.911987,0.896444,0.838977,0.970043,1.809020
ls4_3800,LS4,vocal,0.08,14,0.12,-1.665031,3.509304,1.844274,-0.746236,3.488644,2.742408
ls4_3801,LS4,vocal,0.136364,15,0.0454545,-1.533624,0.935411,-0.598213,-0.586024,0.992758,0.406733
ls4_3802,LS4,vocal,0.225806,15,0,-0.903714,-0.634035,-1.537750,0.041691,-0.529124,-0.487434
ls4_3803,LS4,vocal,0.261538,17,0,-1.183148,-0.634035,-1.817184,-0.178243,-0.529124,-0.707368
ls4_3804,LS4,vocal,0.5,13,0,1.558402,-0.634035,0.924366,2.436700,-0.529124,1.907576
ls4_3805,LS4,vocal,0.5,13,0,1.558402,-0.634035,0.924366,2.436700,-0.529124,1.907576
ls4_3806,LS4,vocal,0.258065,15,0.16129,-0.676534,4.934969,4.258436,0.268079,4.871102,5.139181
ls4_3807,LS4,vocal,0.146341,8,0,0.395427,-0.634035,-0.238608,1.131462,-0.529124,0.602338
ls4_3808,LS4,vocal,0.473684,12,0.0263158,1.638610,0.274592,1.913202,2.487366,0.351965,2.839331
ls4_3809,LS4,vocal,0.111111,12,0,-0.914847,-0.634035,-1.548883,-0.057193,-0.529124,-0.586317
ls4_3810,LS4,vocal,0.319149,12,0.12766,0.550280,3.773773,4.324053,1.402828,3.745097,5.147926
ls4_3811,LS4,vocal,0.408163,10,0,1.708253,-0.634035,1.074217,2.498239,-0.529124,1.969115
ls4_3812,LS4,vocal,0.210526,14,0.0175439,-0.745786,-0.028284,-0.774070,0.169805,0.058269,0.228074
ls4_3813,LS4,vocal,0.296296,13,0,0.123798,-0.634035,-0.510238,1.007096,-0.529124,0.477972
ls4_3814,LS4,vocal,0.133333,15,0.0333333,-1.554965,0.516892,-1.038073,-0.607291,0.586923,-0.020369
ls4_3815,LS4,vocal,0.357143,10,0,1.348937,-0.634035,0.714901,2.140175,-0.529124,1.611051
ls4_3816,LS4,vocal,0.44,10,0,1.932466,-0.634035,1.298431,2.721671,-0.529124,2.192547
ls4_3817,LS4,vocal,0.428571,12,0,1.320899,-0.634035,0.686864,2.170762,-0.529124,1.641638
ls4_3818,LS4,vocal,0.27027,12,0,0.206047,-0.634035,-0.427988,1.059795,-0.529124,0.530671
ls4_3819,LS4,vocal,0.333333,12,0.037037,0.650175,0.644773,1.294948,1.502375,0.710928,2.213303
ls4_3820,LS4,vocal,0.258065,12,0.0322581,0.120087,0.479766,0.599853,0.974134,0.550921,1.525055
ls4_3821,LS4,vocal,0.333333,12,0.0350877,0.650175,0.577467,1.227643,1.502375,0.645662,2.148037
ls4_3822,LS4,vocal,0.230769,12,0,-0.072143,-0.634035,-0.706178,0.782575,-0.529124,0.253450
ls4_3823,LS4,vocal,0.269231,12,0.0769231,0.198726,2.021951,2.220678,1.052500,2.046368,3.098868
ls4_3824,LS4,vocal,0.333333,12,0,0.650175,-0.634035,0.016140,1.502375,-0.529124,0.973251
ls4_3825,LS4,vocal,0.327869,12,0.0491803,0.611691,1.064055,1.675746,1.464025,1.117502,2.581527
ls4_3826,LS4,vocal,0.333333,12,0,0.650175,-0.634035,0.016140,1.502375,-0.529124,0.973251
ls4_3827,LS4,vocal,0.230769,12,0.0384615,-0.072143,0.693958,0.621815,0.782575,0.758622,1.541197
ls4_3828,LS4,vocal,0.268657,12,0.0447761,0.194684,0.911987,1.106670,1.048471,0.970043,2.018514
ls4_3829,LS4,vocal,0.271186,12,0,0.212499,-0.634035,-0.421536,1.066225,-0.529124,0.537101
ls4_3830,LS4,vocal,0.272727,12,0.030303,0.223351,0.412262,0.635613,1.077038,0.485464,1.562502
ls4_3831,LS4,vocal,0.342105,12,0,0.711952,-0.634035,0.077917,1.563937,-0.529124,1.034813
ls4_3832,LS4,vocal,0.342105,12,0,0.711952,-0.634035,0.077917,1.563937,-0.529124,1.034813
ls4_3833,LS4,vocal,0.268657,12,0,0.194684,-0.634035,-0.439352,1.048471,-0.529124,0.519347
ls4_3834,LS4,vocal,0.4,12,0,1.119682,-0.634035,0.485646,1.970246,-0.529124,1.441122
ls4_3835,LS4,vocal,0.352941,12,0,0.788265,-0.634035,0.154230,1.639984,-0.529124,1.110860
ls4_3836,LS4,vocal,0.245902,12,0.0491803,0.034429,1.064055,1.098483,0.888775,1.117502,2.006277
ls4_3837,LS4,vocal,0.382353,14,0,0.464320,-0.634035,-0.169715,1.375694,-0.529124,0.846570
ls4_3838,LS4,vocal,0.185185,14,0.037037,-0.924253,0.644773,-0.279480,-0.008040,0.710928,0.702888
ls4_3839,LS4,vocal,0.1875,14,0.03125,-0.907951,0.444959,-0.462992,0.008205,0.517170,0.525375
ls4_3840,LS4,vocal,0.464286,12,0,1.572420,-0.634035,0.938385,2.421407,-0.529124,1.892283
ls4_3841,LS4,vocal,0.433333,12,0,1.354435,-0.634035,0.720400,2.204181,-0.529124,1.675057
ls4_3842,LS4,vocal,0.2,14,0,-0.819919,-0.634035,-1.453954,0.095931,-0.529124,-0.433193
ls4_3843,LS4,vocal,0.37037,12,0.037037,0.911012,0.644773,1.555785,1.762303,0.710928,2.473231
ls4_3844,LS4,vocal,0.333333,17,0.0392157,-0.677526,0.719997,0.042471,0.325617,0.783872,1.109489
ls4_3845,LS4,vocal,0.444444,12,0,1.432686,-0.634035,0.798651,2.282159,-0.529124,1.753035
ls4_3846,LS4,vocal,0.333333,12,0.04,0.650175,0.747078,1.397253,1.502375,0.810132,2.312507
ls4_3847,LS4,vocal,0.210526,12,0.122807,-0.214706,3.606224,3.391519,0.640509,3.582627,4.223135
ls4_3848,LS4,vocal,0.484848,12,0.0151515,1.717236,-0.110886,1.606349,2.565717,-0.021830,2.543887
ls4_3849,LS4,vocal,0.285714,12,0,0.314813,-0.634035,-0.319222,1.168182,-0.529124,0.639058
ls4_3850,LS4,vocal,0.363636,15,0,0.066967,-0.634035,-0.567069,1.008989,-0.529124,0.479865
ls4_3851,LS4,vocal,0.357143,15,0,0.021236,-0.634035,-0.612800,0.963417,-0.529124,0.434293
ls4_3852,LS4,vocal,0.236842,14,0.0263158,-0.560454,0.274592,-0.285863,0.354491,0.351965,0.706456
ls4_3853,LS4,vocal,0.361111,15,0.0277778,0.049182,0.325071,0.374253,0.991266,0.400915,1.392181
ls4_3854,LS4,vocal,0.247312,15,0,-0.752260,-0.634035,-1.386296,0.192617,-0.529124,-0.336508
ls4_3855,LS4,vocal,0.324324,14,0.0540541,0.055648,1.232334,1.287982,0.968446,1.280681,2.249128
ls4_3856,LS4,vocal,0.318182,13,0,0.277929,-0.634035,-0.356107,1.160689,-0.529124,0.631565
ls4_3857,LS4,vocal,0.306122,13,0,0.193000,-0.634035,-0.441036,1.076056,-0.529124,0.546932
ls4_3858,LS4,vocal,0.321429,7,0,1.894036,-0.634035,1.260000,2.595585,-0.529124,2.066461
ls4_3859,LS4,vocal,0.243902,12,0.0243902,0.020349,0.208107,0.228456,0.874744,0.287495,1.162240
ls4_3860,LS4,vocal,0.145161,12,0,-0.675045,-0.634035,-1.309081,0.181773,-0.529124,-0.347351
ls4_3861,LS4,vocal,0.296296,14,0,-0.141742,-0.634035,-0.775778,0.771744,-0.529124,0.242620
ls4_3862,LS4,vocal,0.310345,12,0,0.488276,-0.634035,-0.145759,1.341041,-0.529124,0.811917
ls4_3863,LS4,vocal,0.178571,12,0,-0.439751,-0.634035,-1.073786,0.416247,-0.529124,-0.112877
ls4_3864,LS4,vocal,0.633333,14,0,2.231875,-0.634035,1.597839,3.137089,-0.529124,2.607965
ls4_3865,LS4,vocal,0.0909091,15,0,-1.853742,-0.634035,-2.487778,-0.905027,-0.529124,-1.434151
ls4_3866,LS4,vocal,0.244444,12,0,0.024166,-0.634035,-0.609869,0.878548,-0.529124,0.349424
ls4_3867,LS4,vocal,0.4,13,0,0.854142,-0.634035,0.220106,1.734894,-0.529124,1.205770
ls4_3868,LS4,vocal,0.275862,14,0,-0.285652,-0.634035,-0.919688,0.628335,-0.529124,0.099211
ls4_3869,LS4,vocal,0.352941,14,0.0294118,0.257185,0.381489,0.638674,1.169281,0.455623,1.624904
ls4_3870,LS4,vocal,0.0740741,11,0,-0.910144,-0.634035,-1.544179,-0.081769,-0.529124,-0.610894
ls4_3871,LS4,vocal,0.137931,12,0,-0.725965,-0.634035,-1.360001,0.131031,-0.529124,-0.398093
ls4_3872,LS4,vocal,0.375,12,0,0.943617,-0.634035,0.309581,1.794794,-0.529124,1.265670
ls4_3873,LS4,vocal,0.25,12,0,0.063292,-0.634035,-0.570744,0.917537,-0.529124,0.388413
ls4_3874,LS4,vocal,0.333333,14,0,0.119095,-0.634035,-0.514941,1.031672,-0.529124,0.502548
ls4_3875,LS4,vocal,0.333333,11,0,0.915715,-0.634035,0.281680,1.737727,-0.529124,1.208603
ls4_3876,LS4,vocal,0.4375,14,0,0.852699,-0.634035,0.218664,1.762720,-0.529124,1.233596
ls4_3877,LS4,vocal,0.384615,12,0,1.011334,-0.634035,0.377299,1.862276,-0.529124,1.333152
ls4_3878,LS4,vocal,0.410959,12,0.0136986,1.196861,-0.161051,1.035810,2.047156,-0.070475,1.976681
ls4_3879,LS4,vocal,0.555556,12,0,2.215197,-0.634035,1.581162,3.061944,-0.529124,2.532820
ls4_3880,LS4,vocal,0.428571,7,0,2.648600,-0.634035,2.014565,3.347520,-0.529124,2.818396
ls4_3881,LS4,vocal,0.461538,9,0,2.349693,-0.634035,1.715658,3.108181,-0.529124,2.579057
ls4_3882,LS4,vocal,0.288136,12,0,0.331866,-0.634035,-0.302170,1.185175,-0.529124,0.656051
ls4_3883,LS4,vocal,0.205128,12,0,-0.252722,-0.634035,-0.886758,0.602624,-0.529124,0.073500
ls4_3884,LS4,vocal,0.037037,12,0,-1.436521,-0.634035,-2.070557,-0.577049,-0.529124,-1.106173
ls4_3885,LS4,vocal,0.173913,14,0.0434783,-1.003639,0.867175,-0.136464,-0.087149,0.926589,0.839440
ls4_3886,LS4,vocal,0.527778,15,0,1.222949,-0.634035,0.588914,2.160943,-0.529124,1.631819
ls4_3887,LS4,vocal,0.318182,11,0.0454545,0.809009,0.935411,1.744421,1.631393,0.992758,2.624150
ls4_3888,LS4,vocal,0.340909,13,0,0.437988,-0.634035,-0.196047,1.320191,-0.529124,0.791067
ls4_3889,LS4,vocal,0.2,9,0.0285714,0.507782,0.352474,0.860256,1.272689,0.427487,1.700177
ls4_3890,LS4,vocal,0.258065,12,0,0.120087,-0.634035,-0.513948,0.974134,-0.529124,0.445010
ls4_3891,LS4,vocal,0.243243,14,0,-0.515374,-0.634035,-1.149409,0.399415,-0.529124,-0.129709
ls4_3892,LS4,vocal,0.351351,13,0.027027,0.511529,0.299149,0.810678,1.393475,0.375779,1.769254
ls4_3893,LS4,vocal,0.176471,9,0,0.342074,-0.634035,-0.291961,1.107558,-0.529124,0.578434
ls4_3894,LS4,vocal,0.178571,9,0,0.356870,-0.634035,-0.277166,1.122302,-0.529124,0.593178
ls4_3895,LS4,vocal,0.180328,9,0,0.369239,-0.634035,-0.264796,1.134629,-0.529124,0.605505
ls4_3896,LS4,vocal,0.466667,12,0,1.589189,-0.634035,0.955153,2.438116,-0.529124,1.908992
ls4_3897,LS4,vocal,0.371429,12,0,0.918465,-0.634035,0.284429,1.769730,-0.529124,1.240606
ls4_3898,LS4,vocal,0.242424,12,0,0.009939,-0.634035,-0.624097,0.864370,-0.529124,0.335246
ls4_3899,LS4,vocal,0.146341,12,0.0731707,-0.666734,1.892391,1.225657,0.190056,1.920734,2.110790
ls4_3900,LS4,vocal,0.292683,12,0,0.363891,-0.634035,-0.270145,1.217088,-0.529124,0.687964
ls4_3901,LS4,vocal,0.324324,14,0,0.055648,-0.634035,-0.578388,0.968446,-0.529124,0.439322
ls4_3902,LS4,vocal,0.475,9,0,2.444497,-0.634035,1.810462,3.202655,-0.529124,2.673531
ls4_3903,LS4,vocal,0.266667,14,0,-0.350412,-0.634035,-0.984447,0.563802,-0.529124,0.034677
ls4_3904,LS4,vocal,0.259259,17,0,-1.199200,-0.634035,-1.833235,-0.194239,-0.529124,-0.723363
ls4_3905,LS4,vocal,0.47619,13,0,1.390721,-0.634035,0.756685,2.269603,-0.529124,1.740479
ls4_3906,LS4,vocal,0.243243,14,0,-0.515374,-0.634035,-1.149409,0.399415,-0.529124,-0.129709
ls4_3907,LS4,vocal,0.375,16,0,-0.118544,-0.634035,-0.752579,0.853388,-0.529124,0.324264
ls4_3908,LS4,vocal,0.185185,15,0.037037,-1.189794,0.644773,-0.545021,-0.243392,0.710928,0.467536
ls4_3909,LS4,vocal,0.130435,15,0.217391,-1.575379,6.872015,5.296636,-0.627633,6.749441,6.121808
ls4_3910,LS4,vocal,0.128205,15,0.025641,-1.591081,0.251294,-1.339788,-0.643281,0.329373,-0.313908
ls4_3911,LS4,vocal,0.545455,9,0,2.940681,-0.634035,2.306645,3.697109,-0.529124,3.167985
ls4_3912,LS4,vocal,0.628571,9,0,3.526040,-0.634035,2.892004,4.280428,-0.529124,3.751304
ls4_3913,LS4,vocal,0.225806,9,0,0.689527,-0.634035,0.055491,1.453800,-0.529124,0.924676
ls4_3914,LS4,vocal,0.387097,9,0,1.825430,-0.634035,1.191395,2.585745,-0.529124,2.056621
ls4_3915,LS4,vocal,0.259259,9,0,0.925122,-0.634035,0.291086,1.688574,-0.529124,1.159450
ls4_3916,LS4,vocal,0.5,9,0,2.620562,-0.634035,1.986527,3.378106,-0.529124,2.848982
ls4_3917,LS4,vocal,0.345455,9,0,1.532161,-0.634035,0.898125,2.293498,-0.529124,1.764374
ls4_3918,LS4,vocal,0.4,9,0,1.916302,-0.634035,1.282267,2.676301,-0.529124,2.147177
ls4_3919,LS4,vocal,0.321429,9,0,1.362955,-0.634035,0.728920,2.124882,-0.529124,1.595758
ls4_3920,LS4,vocal,0.296296,10,0.037037,0.920419,0.644773,1.565192,1.713151,0.710928,2.424078
ls4_3921,LS4,vocal,0.214286,10,0.0714286,0.342851,1.832238,2.175089,1.137596,1.862404,3.000000
ls4_3922,LS4,vocal,0.382979,12,0,0.999808,-0.634035,0.365772,1.850789,-0.529124,1.321665
ls4_3923,LS4,vocal,0.484848,12,0,1.717236,-0.634035,1.083200,2.565717,-0.529124,2.036593
ls4_3924,LS4,vocal,0.5625,12,0,2.264104,-0.634035,1.630069,3.110680,-0.529124,2.581556
ls4_3925,LS4,vocal,0.269231,12,0,0.198726,-0.634035,-0.435309,1.052500,-0.529124,0.523376
ls4_3926,LS4,vocal,0.607143,12,0,2.578506,-0.634035,1.944471,3.423986,-0.529124,2.894862
ls4_3927,LS4,vocal,0.225806,12,0,-0.107094,-0.634035,-0.741129,0.747745,-0.529124,0.218621
ls4_3928,LS4,vocal,0.257143,12,0,0.113596,-0.634035,-0.520439,0.967666,-0.529124,0.438542
ls4_3929,LS4,vocal,0.322581,12,0,0.574448,-0.634035,-0.059587,1.426912,-0.529124,0.897788
ls4_3930,LS4,vocal,0.272727,12,0,0.223351,-0.634035,-0.410685,1.077038,-0.529124,0.547914
ls4_3931,LS4,vocal,0.357143,12,0.0238095,0.817856,0.188056,1.005912,1.669472,0.268052,1.937524
ls4_3932,LS4,vocal,0.333333,12,0,0.650175,-0.634035,0.016140,1.502375,-0.529124,0.973251
ls4_3933,LS4,vocal,0.037037,12,0.037037,-1.436521,0.644773,-0.791748,-0.577049,0.710928,0.133879
ls4_3934,LS4,vocal,0.5625,12,0,2.264104,-0.634035,1.630069,3.110680,-0.529124,2.581556
ls4_3935,LS4,vocal,0.378378,12,0.027027,0.967409,0.299149,1.266559,1.818504,0.375779,2.194283
ls4_3936,LS4,vocal,0.540984,12,0,2.112573,-0.634035,1.478538,2.959677,-0.529124,2.430553
ls4_3937,LS4,vocal,0.48,12,0.04,1.683090,0.747078,2.430168,2.531690,0.810132,3.341822
ls4_3938,LS4,vocal,0.22807,12,0,-0.091151,-0.634035,-0.725187,0.763632,-0.529124,0.234508
ls4_3939,LS4,vocal,0.323529,14,0,0.050050,-0.634035,-0.583986,0.962868,-0.529124,0.433743
ls4_3940,LS4,vocal,0.206897,14,0,-0.771349,-0.634035,-1.405384,0.144331,-0.529124,-0.384793
ls4_3941,LS4,vocal,0.533333,14,0,1.527615,-0.634035,0.893579,2.435283,-0.529124,1.906159
ls4_3942,LS4,vocal,0.354839,14,0,0.270549,-0.634035,-0.363487,1.182598,-0.529124,0.653474
ls4_3943,LS4,vocal,0.142857,13,0.0285714,-0.956813,0.352474,-0.604339,-0.069749,0.427487,0.357738
ls4_3944,LS4,vocal,0.515152,13,0,1.665108,-0.634035,1.031072,2.543034,-0.529124,2.013910
ls4_3945,LS4,vocal,0.46875,12,0.03125,1.603861,0.444959,2.048820,2.452737,0.517170,2.969907
ls4_3946,LS4,vocal,0.448276,12,0,1.459669,-0.634035,0.825634,2.309049,-0.529124,1.779924
ls4_3947,LS4,vocal,0.314286,12,0,0.516030,-0.634035,-0.118005,1.368698,-0.529124,0.839574
ls4_3948,LS4,vocal,0.55814,12,0,2.233395,-0.634035,1.599360,3.080078,-0.529124,2.550954
ls4_3949,LS4,vocal,0.454545,12,0,1.503824,-0.634035,0.869788,2.353049,-0.529124,1.823925
ls4_3950,LS4,vocal,0.4,14,0,0.588601,-0.634035,-0.045434,1.499543,-0.529124,0.970418
ls4_3951,LS4,vocal,0.393939,14,0.0606061,0.545919,1.458560,2.004479,1.457009,1.500052,2.957060
ls4_3952,LS4,vocal,0.121212,17,0,-2.171411,-0.634035,-2.805446,-1.163062,-0.529124,-1.692186
ls4_3953,LS4,vocal,0.428571,12,0,1.320899,-0.634035,0.686864,2.170762,-0.529124,1.641638
ls4_3954,LS4,vocal,0.321429,14,0,0.035254,-0.634035,-0.598781,0.948124,-0.529124,0.419000
ls4_3955,LS4,vocal,0.45,12,0,1.471812,-0.634035,0.837776,2.321149,-0.529124,1.792025
ls4_3956,LS4,vocal,0.411765,10,0,1.733616,-0.634035,1.099581,2.523514,-0.529124,1.994390
ls4_3957,LS4,vocal,0.567568,10,0,2.830874,-0.634035,2.196838,3.616948,-0.529124,3.087824
ls4_3958,LS4,vocal,0.45098,12,0.0196078,1.478716,0.042981,1.521697,2.328029,0.127374,2.455403
ls4_3959,LS4,vocal,0.371429,8,0.0285714,1.980625,0.352474,2.333099,2.711136,0.427487,3.138624
ls4_3960,LS4,vocal,0.382353,8,0,2.057561,-0.634035,1.423526,2.787804,-0.529124,2.258680
ls4_3961,LS4,vocal,0.205128,10,0,0.278358,-0.634035,-0.355677,1.073328,-0.529124,0.544204
ls4_3962,LS4,vocal,0.346154,12,0.0384615,0.740465,0.693958,1.434423,1.592350,0.758622,2.350972
ls4_3963,LS4,vocal,0.310345,12,0,0.488276,-0.634035,-0.145759,1.341041,-0.529124,0.811917
ls4_3964,LS4,vocal,0.137931,12,0.0344828,-0.725965,0.556579,-0.169386,0.131031,0.625407,0.756438
ls4_3965,LS4,vocal,0.222222,10,0,0.398744,-0.634035,-0.235291,1.193294,-0.529124,0.664170
ls4_3966,LS4,vocal,0.314286,8,0,1.578191,-0.634035,0.944156,2.310105,-0.529124,1.780981
ls4_3967,LS4,vocal,0.189189,8,0,0.697186,-0.634035,0.063151,1.432170,-0.529124,0.903046
ls4_3968,LS4,vocal,0.368421,12,0,0.897284,-0.634035,0.263249,1.748623,-0.529124,1.219499
ls4_3969,LS4,vocal,0.333333,12,0.030303,0.650175,0.412262,1.062438,1.502375,0.485464,1.987839
ls4_3970,LS4,vocal,0.344828,12,0,0.731125,-0.634035,0.097089,1.583043,-0.529124,1.053919
ls4_3971,LS4,vocal,0.540541,12,0,2.109453,-0.634035,1.475417,2.956567,-0.529124,2.427443
ls4_3972,LS4,vocal,0.365854,9,0,1.675823,-0.634035,1.041788,2.436660,-0.529124,1.907536
ls4_3973,LS4,vocal,0.1875,16,0,-1.439031,-0.634035,-2.073067,-0.462498,-0.529124,-0.991622
ls4_3974,LS4,vocal,0.451613,7,0,2.810872,-0.634035,2.176836,3.509226,-0.529124,2.980102
ls4_3975,LS4,vocal,0.244444,8,0,1.086327,-0.634035,0.452292,1.819955,-0.529124,1.290830
ls4_3976,LS4,vocal,0.125,8,0.05,0.245128,1.092356,1.337484,0.981687,1.144946,2.126632
ls4_3977,LS4,vocal,0.361111,10,0,1.376883,-0.634035,0.742848,2.168025,-0.529124,1.638901
ls4_3978,LS4,vocal,0.5,10,0,2.355022,-0.634035,1.720987,3.142755,-0.529124,2.613631
ls4_3979,LS4,vocal,0.388889,12,0,1.041431,-0.634035,0.407395,1.892267,-0.529124,1.363143
ls4_3980,LS4,vocal,0.3,12,0,0.415422,-0.634035,-0.218614,1.268440,-0.529124,0.739316
ls4_3981,LS4,vocal,0.3125,12,0,0.503454,-0.634035,-0.130581,1.356166,-0.529124,0.827042
ls4_3982,LS4,vocal,0.4,12,0,1.119682,-0.634035,0.485646,1.970246,-0.529124,1.441122
ls4_3983,LS4,vocal,0.395349,12,0,1.086926,-0.634035,0.452890,1.937604,-0.529124,1.408480
ls4_3984,LS4,vocal,0.323529,12,0.0294118,0.581130,0.381489,0.962619,1.433571,0.455623,1.889194
ls4_3985,LS4,vocal,0.16129,12,0,-0.561455,-0.634035,-1.195490,0.294968,-0.529124,-0.234157
ls4_3986,LS4,vocal,0.416667,12,0,1.237059,-0.634035,0.603023,2.087213,-0.529124,1.558089
ls4_3987,LS4,vocal,0.571429,12,0.0285714,2.326985,0.352474,2.679459,3.173341,0.427487,3.600829
ls4_3988,LS4,vocal,0.382353,12,0,0.995401,-0.634035,0.361365,1.846398,-0.529124,1.317274
ls4_3989,LS4,vocal,0.340909,10,0.0454545,1.234609,0.935411,2.170020,2.026246,0.992758,3.019003
ls4_3990,LS4,vocal,0.137931,7,0.0344828,0.601736,0.556579,1.158315,1.307789,0.625407,1.933196
ls4_3991,LS4,vocal,0.415094,8,0,2.288146,-0.634035,1.654111,3.017585,-0.529124,2.488461
ls4_3992,LS4,vocal,0.354839,8,0,1.863790,-0.634035,1.229754,2.594708,-0.529124,2.065584
ls4_3993,LS4,vocal,0.317073,12,0,0.535661,-0.634035,-0.098374,1.388261,-0.529124,0.859136
ls4_3994,LS4,vocal,0.305556,12,0,0.454547,-0.634035,-0.179488,1.307429,-0.529124,0.778305
ls4_3995,LS4,vocal,0.325581,14,0.0232558,0.064501,0.168937,0.233438,0.977268,0.249513,1.226782
ls4_3996,LS4,vocal,0.166667,10,0.0416667,0.007489,0.804624,0.812113,0.803402,0.865934,1.669337
ls4_3997,LS4,vocal,0.111111,12,0.037037,-0.914847,0.644773,-0.270074,-0.057193,0.710928,0.653735
ls4_3998,LS4,vocal,0.38961,12,0.038961,1.046512,0.711205,1.757717,1.897331,0.775346,2.672677
ls4_3999,LS4,vocal,0.467532,14,0.038961,1.064206,0.711205,1.775410,1.973489,0.775346,2.748835
ls4_4000,LS4,vocal,0.166667,14,0.0238095,-1.054672,0.188056,-0.866616,-0.138004,0.268052,0.130048
ls4_4001,LS4,vocal,0.194444,14,0.0277778,-0.859044,0.325071,-0.533973,0.056942,0.400915,0.457857
ls4_4002,LS4,vocal,0.0444444,11,0.0888889,-1.118814,2.435105,1.316291,-0.289712,2.447000,2.157288
ls4_4003,LS4,vocal,0.517241,13,0,1.679826,-0.634035,1.045790,2.557701,-0.529124,2.028577
ls4_4004,LS4,vocal,0.257143,13,0.0285714,-0.151944,0.352474,0.200530,0.732315,0.427487,1.159802
ls4_4005,LS4,vocal,0.342857,13,0,0.451707,-0.634035,-0.182328,1.333862,-0.529124,0.804738
ls4_4006,LS4,vocal,0.0612245,13,0.0408163,-1.531719,0.775264,-0.756455,-0.642652,0.837464,0.194812
ls4_4007,LS4,vocal,0.27027,13,0,-0.059493,-0.634035,-0.693528,0.824443,-0.529124,0.295319
ls4_4008,LS4,vocal,0.27027,13,0,-0.059493,-0.634035,-0.693528,0.824443,-0.529124,0.295319
ls4_4009,LS4,vocal,0.333333,13,0.025641,0.384635,0.251294,0.635929,1.267024,0.329373,1.596397
ls4_4010,LS4,vocal,0.358974,13,0.025641,0.565214,0.251294,0.816508,1.446974,0.329373,1.776347
ls4_4011,LS4,vocal,0.285714,13,0.0238095,0.049273,0.188056,0.237329,0.932830,0.268052,1.200883
ls4_4012,LS4,vocal,0.16129,15,0.0645161,-1.358076,1.593566,0.235491,-0.411087,1.630966,1.219879
ls4_4013,LS4,vocal,0.175,15,0.025,-1.261524,0.229160,-1.032363,-0.314872,0.307911,-0.006961
ls4_4014,LS4,vocal,0.276923,15,0,-0.543720,-0.634035,-1.177756,0.400430,-0.529124,-0.128694
ls4_4015,LS4,vocal,0.0740741,8,0,-0.113523,-0.634035,-0.747559,0.624286,-0.529124,0.095161
ls4_4016,LS4,vocal,0.394737,8,0.0263158,2.144776,0.274592,2.419368,2.874715,0.351965,3.226681
ls4_4017,LS4,vocal,0.233766,8,0.012987,1.011125,-0.185622,0.825503,1.745014,-0.094301,1.650714
ls4_4018,LS4,vocal,0.153846,10,0.0384615,-0.082801,0.693958,0.611157,0.713427,0.758622,1.472049
ls4_4019,LS4,vocal,0.432432,10,0,1.879171,-0.634035,1.245135,2.668562,-0.529124,2.139438
ls4_4020,LS4,vocal,0.148148,10,0.037037,-0.122930,0.644773,0.521843,0.673438,0.710928,1.384366
ls4_4021,LS4,vocal,0.333333,10,0.025641,1.181256,0.251294,1.432549,1.973079,0.329373,2.302452
ls4_4022,LS4,vocal,0.241379,10,0.0344828,0.533660,0.556579,1.090240,1.327740,0.625407,1.953147
ls4_4023,LS4,vocal,0.382353,10,0.0294118,1.526481,0.381489,1.907970,2.317101,0.455623,2.772724
ls4_4024,LS4,vocal,0.320755,10,0.0566038,1.092669,1.320370,2.413039,1.884801,1.366049,3.250851
ls4_4025,LS4,vocal,0.375,10,0.03125,1.474697,0.444959,1.919656,2.265498,0.517170,2.782667
ls4_4026,LS4,vocal,0.5,10,0,2.355022,-0.634035,1.720987,3.142755,-0.529124,2.613631
ls4_4027,LS4,vocal,0.333333,12,0.030303,0.650175,0.412262,1.062438,1.502375,0.485464,1.987839
ls4_4028,LS4,vocal,0.53125,12,0.03125,2.044023,0.444959,2.488982,2.891366,0.517170,3.408535
ls4_4029,LS4,vocal,0.516129,12,0,1.937532,-0.634035,1.303497,2.785246,-0.529124,2.256122
ls4_4030,LS4,vocal,0.285714,12,0,0.314813,-0.634035,-0.319222,1.168182,-0.529124,0.639058
ls4_4031,LS4,vocal,0.4,13,0,0.854142,-0.634035,0.220106,1.734894,-0.529124,1.205770
ls4_4032,LS4,vocal,0.375,12,0.0416667,0.943617,0.804624,1.748241,1.794794,0.865934,2.660729
ls4_4033,LS4,vocal,0.0769231,12,0.0384615,-1.155620,0.693958,-0.461662,-0.297127,0.758622,0.461495
ls4_4034,LS4,vocal,0.0357143,12,0.0357143,-1.445837,0.599101,-0.846735,-0.586332,0.666640,0.080308
ls4_4035,LS4,vocal,0.38,12,0,0.978830,-0.634035,0.344794,1.829885,-0.529124,1.300761
ls4_4036,LS4,vocal,0.354839,12,0.0322581,0.801629,0.479766,1.281394,1.653301,0.550921,2.204222
ls4_4037,LS4,vocal,0.354839,12,0.0322581,0.801629,0.479766,1.281394,1.653301,0.550921,2.204222
ls4_4038,LS4,vocal,0.392857,14,0.0357143,0.538297,0.599101,1.137399,1.449414,0.666640,2.116054
ls4_4039,LS4,vocal,0.231884,12,0,-0.064292,-0.634035,-0.698327,0.790398,-0.529124,0.261274
ls4_4040,LS4,vocal,0.233333,12,0.0333333,-0.054085,0.516892,0.462807,0.800570,0.586923,1.387492
ls4_4041,LS4,vocal,0.233333,12,0.0333333,-0.054085,0.516892,0.462807,0.800570,0.586923,1.387492
ls4_4042,LS4,vocal,0.425,12,0,1.295747,-0.634035,0.661711,2.145697,-0.529124,1.616573
ls4_4043,LS4,vocal,0.433333,12,0,1.354435,-0.634035,0.720400,2.204181,-0.529124,1.675057
ls4_4044,LS4,vocal,0.204082,12,0.0408163,-0.260093,0.775264,0.515171,0.595279,0.837464,1.432743
ls4_4045,LS4,vocal,0.16129,12,0,-0.561455,-0.634035,-1.195490,0.294968,-0.529124,-0.234157
ls4_4046,LS4,vocal,0.142857,12,0.0285714,-0.691272,0.352474,-0.338798,0.165602,0.427487,0.593090
ls4_4047,LS4,vocal,0.107143,12,0.0357143,-0.942794,0.599101,-0.343693,-0.085042,0.666640,0.581598
ls4_4048,LS4,vocal,0.325581,12,0.0232558,0.595581,0.168937,0.764519,1.447972,0.249513,1.697485
ls4_4049,LS4,vocal,0.0967742,12,0.0322581,-1.015816,0.479766,-0.536051,-0.157810,0.550921,0.393111
ls4_4050,LS4,vocal,0.0384615,12,0.0384615,-1.426489,0.693958,-0.732531,-0.567052,0.758622,0.191570
ls4_4051,LS4,vocal,0.16,12,0.04,-0.570542,0.747078,0.176536,0.285912,0.810132,1.096044
ls4_4052,LS4,vocal,0.269231,12,0.0384615,0.198726,0.693958,0.892684,1.052500,0.758622,1.811122
ls4_4053,LS4,vocal,0.363636,12,0,0.863587,-0.634035,0.229552,1.715044,-0.529124,1.185920
ls4_4054,LS4,vocal,0.242424,12,0,0.009939,-0.634035,-0.624097,0.864370,-0.529124,0.335246
ls4_4055,LS4,vocal,0.103448,12,0.0344828,-0.968813,0.556579,-0.412234,-0.110971,0.625407,0.514436
ls4_4056,LS4,vocal,0.242424,12,0.030303,0.009939,0.412262,0.422201,0.864370,0.485464,1.349834
ls4_4057,LS4,vocal,0.282609,12,0,0.292942,-0.634035,-0.341094,1.146387,-0.529124,0.617263
ls4_4058,LS4,vocal,0.409091,12,0.0681818,1.183705,1.720135,2.903840,2.034046,1.753699,3.787745
ls4_4059,LS4,vocal,0.375,12,0,0.943617,-0.634035,0.309581,1.794794,-0.529124,1.265670
ls4_4060,LS4,vocal,0.388889,12,0,1.041431,-0.634035,0.407395,1.892267,-0.529124,1.363143
ls4_4061,LS4,vocal,0.419355,12,0,1.255990,-0.634035,0.621955,2.106079,-0.529124,1.576955
ls4_4062,LS4,vocal,0.457143,12,0,1.522116,-0.634035,0.888081,2.371278,-0.529124,1.842154
ls4_4063,LS4,vocal,0.218182,12,0.0181818,-0.160791,-0.006257,-0.167048,0.694235,0.079629,0.773864
ls4_4064,LS4,vocal,0.492308,12,0.0769231,1.769768,2.021951,3.791719,2.618066,2.046368,4.664435
ls4_4065,LS4,vocal,0.285714,12,0,0.314813,-0.634035,-0.319222,1.168182,-0.529124,0.639058
ls4_4066,LS4,vocal,0.262295,12,0,0.149881,-0.634035,-0.484154,1.003825,-0.529124,0.474701
ls4_4067,LS4,vocal,0.194444,12,0,-0.327964,-0.634035,-0.961999,0.527645,-0.529124,-0.001479
ls4_4068,LS4,vocal,0.684211,12,0.0263158,3.121263,0.274592,3.395855,3.964852,0.351965,4.316817
ls4_4069,LS4,vocal,0.566667,12,0,2.293449,-0.634035,1.659413,3.139922,-0.529124,2.610798
ls4_4070,LS4,vocal,0.517241,12,0.0344828,1.945366,0.556579,2.501945,2.793053,0.625407,3.418459
ls4_4071,LS4,vocal,0.457143,12,0,1.522116,-0.634035,0.888081,2.371278,-0.529124,1.842154
ls4_4072,LS4,vocal,0.444444,12,0.0277778,1.432686,0.325071,1.757757,2.282159,0.400915,2.683074
ls4_4073,LS4,vocal,0.238095,12,0,-0.020549,-0.634035,-0.654584,0.833989,-0.529124,0.304865
ls4_4074,LS4,vocal,0.638889,12,0,2.802081,-0.634035,2.168045,3.646782,-0.529124,3.117658
ls4_4075,LS4,vocal,0.475,12,0.025,1.647877,0.229160,1.877037,2.496600,0.307911,2.804511
ls4_4076,LS4,vocal,0.3,12,0.0333333,0.415422,0.516892,0.932314,1.268440,0.586923,1.855363
ls4_4077,LS4,vocal,0.275862,12,0,0.245428,-0.634035,-0.388607,1.099039,-0.529124,0.569915
ls4_4078,LS4,vocal,0.586207,12,0,2.431063,-0.634035,1.797027,3.277056,-0.529124,2.747932
ls4_4079,LS4,vocal,0.545455,12,0,2.144060,-0.634035,1.510025,2.991054,-0.529124,2.461930
ls4_4080,LS4,vocal,0.290323,13,0.0322581,0.081727,0.479766,0.561493,0.965172,0.550921,1.516093
ls4_4081,LS4,vocal,0.172414,13,0.0344828,-0.748657,0.556579,-0.192078,0.137681,0.625407,0.763088
ls4_4082,LS4,vocal,0.172414,13,0.0689655,-0.748657,1.747194,0.998537,0.137681,1.779938,1.917619
ls4_4083,LS4,vocal,0.365079,14,0,0.342669,-0.634035,-0.291366,1.254467,-0.529124,0.725343
ls4_4084,LS4,vocal,0.41573,14,0.0337079,0.699384,0.529824,1.229208,1.609939,0.599462,2.209401
ls4_4085,LS4,vocal,0.419355,14,0,0.724910,-0.634035,0.090874,1.635376,-0.529124,1.106252
ls4_4086,LS4,vocal,0.361111,14,0,0.314723,-0.634035,-0.319313,1.226618,-0.529124,0.697494
ls4_4087,LS4,vocal,0.536232,14,0,1.548028,-0.634035,0.913993,2.455626,-0.529124,1.926502
ls4_4088,LS4,vocal,0.236364,14,0,-0.563824,-0.634035,-1.197859,0.351133,-0.529124,-0.177991
ls4_4089,LS4,vocal,0.181818,14,0,-0.947966,-0.634035,-1.582001,-0.031670,-0.529124,-0.560794
ls4_4090,LS4,vocal,0.232558,15,0,-0.856165,-0.634035,-1.490200,0.089074,-0.529124,-0.440050
ls4_4091,LS4,vocal,0.275862,15,0.0344828,-0.551193,0.556579,0.005387,0.392984,0.625407,1.018391
ls4_4092,LS4,vocal,0.214286,15,0.0357143,-0.984850,0.599101,-0.385749,-0.039163,0.666640,0.627478
ls4_4093,LS4,vocal,0.172414,15,0.0344828,-1.279737,0.556579,-0.723158,-0.333022,0.625407,0.292385
ls4_4094,LS4,vocal,0.142857,15,0.0714286,-1.487893,1.832238,0.344345,-0.540452,1.862404,1.321952
ls4_4095,LS4,vocal,0.0967742,15,0.0322581,-1.812437,0.479766,-1.332671,-0.863865,0.550921,-0.312944
ls4_4096,LS4,vocal,0.333333,15,0.0333333,-0.146445,0.516892,0.370447,0.796320,0.586923,1.383243
ls4_4097,LS4,vocal,0.257143,15,0,-0.683024,-0.634035,-1.317060,0.261611,-0.529124,-0.267513
ls4_4098,LS4,vocal,0.148936,15,0.0851064,-1.445081,2.304503,0.859422,-0.497790,2.320357,1.822567
ls4_4099,LS4,vocal,0.488372,12,0,1.742051,-0.634035,1.108016,2.590446,-0.529124,2.061322
ls4_4100,LS4,vocal,0.393939,12,0,1.076999,-0.634035,0.442964,1.927712,-0.529124,1.398588
ls4_4101,LS4,vocal,0.305556,12,0,0.454547,-0.634035,-0.179488,1.307429,-0.529124,0.778305
ls4_4102,LS4,vocal,0.393939,12,0.030303,1.076999,0.412262,1.489262,1.927712,0.485464,2.413176
ls4_4103,LS4,vocal,0.261538,12,0,0.144553,-0.634035,-0.489483,0.998515,-0.529124,0.469391
ls4_4104,LS4,vocal,0.25,12,0,0.063292,-0.634035,-0.570744,0.917537,-0.529124,0.388413
ls4_4105,LS4,vocal,0.290323,12,0,0.347268,-0.634035,-0.286768,1.200523,-0.529124,0.671399
ls4_4106,LS4,vocal,0.25,14,0,-0.467789,-0.634035,-1.101824,0.446834,-0.529124,-0.082290
ls4_4107,LS4,vocal,0.5,13,0,1.558402,-0.634035,0.924366,2.436700,-0.529124,1.907576
ls4_4108,LS4,vocal,0.617647,14,0,2.121403,-0.634035,1.487367,3.027002,-0.529124,2.497878
ls4_4109,LS4,vocal,0.1875,14,0.0625,-0.907951,1.523954,0.616003,0.008205,1.563463,1.571669
ls4_4110,LS4,vocal,0.371429,14,0,0.387384,-0.634035,-0.246651,1.299027,-0.529124,0.769903
ls4_4111,LS4,vocal,0.3125,14,0,-0.027626,-0.634035,-0.661661,0.885462,-0.529124,0.356338
ls4_4112,LS4,vocal,0.428571,13,0,1.055359,-0.634035,0.421323,1.935410,-0.529124,1.406286
ls4_4113,LS4,vocal,0.40678,14,0.0169492,0.636348,-0.048818,0.587530,1.547123,0.038357,1.585480
ls4_4114,LS4,vocal,0.393939,14,0,0.545919,-0.634035,-0.088116,1.457009,-0.529124,0.927885
ls4_4115,LS4,vocal,0.514286,14,0,1.393470,-0.634035,0.759435,2.301606,-0.529124,1.772482
ls4_4116,LS4,vocal,0.160714,14,0.0178571,-1.096592,-0.017467,-1.114059,-0.179778,0.068758,-0.111020
ls4_4117,LS4,vocal,0.361111,14,0,0.314723,-0.634035,-0.319313,1.226618,-0.529124,0.697494
ls4_4118,LS4,vocal,0.233766,15,0.0909091,-0.847657,2.504858,1.657201,0.097553,2.514640,2.612192
ls4_4119,LS4,vocal,0.172414,17,0,-1.810818,-0.634035,-2.444853,-0.803725,-0.529124,-1.332850
ls4_4120,LS4,vocal,0.322581,12,0,0.574448,-0.634035,-0.059587,1.426912,-0.529124,0.897788
ls4_4121,LS4,vocal,0.130435,14,0.130435,-1.309839,3.869595,2.559756,-0.392282,3.838015,3.445733
ls4_4122,LS4,vocal,0.424242,15,0,0.493791,-0.634035,-0.140244,1.434326,-0.529124,0.905202
ls4_4123,LS4,vocal,0.4,12,0.025,1.119682,0.229160,1.348842,1.970246,0.307911,2.278157
ls4_4124,LS4,vocal,0.25,12,0,0.063292,-0.634035,-0.570744,0.917537,-0.529124,0.388413
ls4_4125,LS4,vocal,0.375,12,0,0.943617,-0.634035,0.309581,1.794794,-0.529124,1.265670
ls4_4126,LS4,vocal,0.142857,12,0.0714286,-0.691272,1.832238,1.140966,0.165602,1.862404,2.028007
ls4_4127,LS4,vocal,0.333333,12,0.0277778,0.650175,0.325071,0.975246,1.502375,0.400915,1.903290
ls4_4128,LS4,vocal,0.268293,12,0,0.192120,-0.634035,-0.441916,1.045916,-0.529124,0.516792
ls4_4129,LS4,vocal,0.37037,12,0,0.911012,-0.634035,0.276977,1.762303,-0.529124,1.233179
ls4_4130,LS4,vocal,0.382353,12,0,0.995401,-0.634035,0.361365,1.846398,-0.529124,1.317274
ls4_4131,LS4,vocal,0.243243,12,0.108108,0.015707,3.098703,3.114410,0.870118,3.090487,3.960605
ls4_4132,LS4,vocal,0.230769,12,0,-0.072143,-0.634035,-0.706178,0.782575,-0.529124,0.253450
ls4_4133,LS4,vocal,0.25,12,0,0.063292,-0.634035,-0.570744,0.917537,-0.529124,0.388413
ls4_4134,LS4,vocal,0.217391,12,0,-0.166358,-0.634035,-0.800394,0.688687,-0.529124,0.159563
ls4_4135,LS4,vocal,0.368421,12,0,0.897284,-0.634035,0.263249,1.748623,-0.529124,1.219499
ls4_4136,LS4,vocal,0.212121,12,0,-0.203473,-0.634035,-0.837509,0.651702,-0.529124,0.122578
ls4_4137,LS4,vocal,0.452055,12,0.0273973,1.486283,0.311933,1.798215,2.335569,0.388175,2.723744
ls4_4138,LS4,vocal,0.212121,12,0,-0.203473,-0.634035,-0.837509,0.651702,-0.529124,0.122578
ls4_4139,LS4,vocal,0.459459,12,0.0540541,1.538431,1.232334,2.770765,2.387536,1.280681,3.668217
ls4_4140,LS4,vocal,0.415385,12,0.0307692,1.228030,0.428359,1.656389,2.078216,0.501073,2.579289
ls4_4141,LS4,vocal,0.275862,12,0,0.245428,-0.634035,-0.388607,1.099039,-0.529124,0.569915
ls4_4142,LS4,vocal,0.171429,12,0.0285714,-0.490055,0.352474,-0.137581,0.366118,0.427487,0.793606
ls4_4143,LS4,vocal,0.5,12,0.0769231,1.823942,2.021951,3.845893,2.672052,2.046368,4.718420
ls4_4144,LS4,vocal,0.315789,12,0,0.526621,-0.634035,-0.107415,1.379251,-0.529124,0.850127
ls4_4145,LS4,vocal,0.306122,12,0.0408163,0.458540,0.775264,1.233804,1.311408,0.837464,2.148871
ls4_4146,LS4,vocal,0.327586,12,0.0517241,0.609700,1.151887,1.761587,1.462042,1.202672,2.664714
ls4_4147,LS4,vocal,0.452381,12,0,1.488580,-0.634035,0.854545,2.337858,-0.529124,1.808734
ls4_4148,LS4,vocal,0.484848,12,0.0151515,1.717236,-0.110886,1.606349,2.565717,-0.021830,2.543887
ls4_4149,LS4,vocal,0.236364,12,0,-0.032744,-0.634035,-0.666779,0.821836,-0.529124,0.292712
ls4_4150,LS4,vocal,0.393939,14,0,0.545919,-0.634035,-0.088116,1.457009,-0.529124,0.927885
ls4_4151,LS4,vocal,0.233333,14,0,-0.585165,-0.634035,-1.219201,0.329866,-0.529124,-0.199258
ls4_4152,LS4,vocal,0.555556,14,0,1.684117,-0.634035,1.050082,2.591240,-0.529124,2.062116
ls4_4153,LS4,vocal,0.352941,14,0,0.257185,-0.634035,-0.376850,1.169281,-0.529124,0.640157
ls4_4154,LS4,vocal,0.591837,14,0,1.939631,-0.634035,1.305595,2.845864,-0.529124,2.316740
ls4_4155,LS4,vocal,0.363636,15,0,0.066967,-0.634035,-0.567069,1.008989,-0.529124,0.479865
ls4_4156,LS4,vocal,0.378378,12,0,0.967409,-0.634035,0.333374,1.818504,-0.529124,1.289380
ls4_4157,LS4,vocal,0.219512,14,0,-0.682502,-0.634035,-1.316537,0.232869,-0.529124,-0.296255
ls4_4158,LS4,vocal,0.243243,14,0,-0.515374,-0.634035,-1.149409,0.399415,-0.529124,-0.129709
ls4_4159,LS4,vocal,0.321429,12,0,0.566335,-0.634035,-0.067701,1.418827,-0.529124,0.889703
ls4_4160,LS4,vocal,0.264706,15,0.0294118,-0.629761,0.381489,-0.248272,0.314689,0.455623,0.770312
ls4_4161,LS4,vocal,0.09375,17,0.0625,-2.364815,1.523954,-0.840862,-1.355793,1.563463,0.207671
ls4_4162,LS4,vocal,0.431818,15,0,0.547144,-0.634035,-0.086891,1.487493,-0.529124,0.958369
ls4_4163,LS4,vocal,0.275,17,0,-1.088344,-0.634035,-1.722380,-0.083770,-0.529124,-0.612894
ls4_4164,LS4,vocal,0.416667,15,0.0277778,0.440438,0.325071,0.765509,1.381158,0.400915,1.782073
ls4_4165,LS4,vocal,0.148148,17,0.037037,-1.981711,0.644773,-1.336938,-0.974023,0.710928,-0.263095
ls4_4166,LS4,vocal,0.294118,10,0,0.905075,-0.634035,0.271040,1.697861,-0.529124,1.168737
ls4_4167,LS4,vocal,0.290323,15,0,-0.449353,-0.634035,-1.083388,0.494468,-0.529124,-0.034656
ls4_4168,LS4,vocal,0.178571,13,0.0357143,-0.705291,0.599101,-0.106190,0.180896,0.666640,0.847536
ls4_4169,LS4,vocal,0.264706,13,0,-0.098681,-0.634035,-0.732716,0.785392,-0.529124,0.256268
ls4_4170,LS4,vocal,0.30303,13,0.030303,0.171223,0.412262,0.583485,1.054355,0.485464,1.539819
ls4_4171,LS4,vocal,0.2,12,0,-0.288838,-0.634035,-0.922874,0.566634,-0.529124,0.037510
ls4_4172,LS4,vocal,0.294118,12,0,0.373995,-0.634035,-0.260041,1.227157,-0.529124,0.698033
ls4_4173,LS4,vocal,0.384615,10,0.0512821,1.542415,1.136622,2.679037,2.332979,1.187871,3.520850
ls4_4174,LS4,vocal,0.296296,12,0,0.389338,-0.634035,-0.244697,1.242447,-0.529124,0.713323
ls4_4175,LS4,vocal,0.363636,15,0.0181818,0.066967,-0.006257,0.060710,1.008989,0.079629,1.088617
ls4_4176,LS4,vocal,0.3,13,0,0.149882,-0.634035,-0.484154,1.033088,-0.529124,0.503964
ls4_4177,LS4,vocal,0.347826,12,0,0.752242,-0.634035,0.118206,1.604086,-0.529124,1.074962
ls4_4178,LS4,vocal,0.297297,12,0,0.396388,-0.634035,-0.237648,1.249472,-0.529124,0.720348
ls4_4179,LS4,vocal,0.419355,14,0,0.724910,-0.634035,0.090874,1.635376,-0.529124,1.106252
ls4_4180,LS4,vocal,0.4,12,0,1.119682,-0.634035,0.485646,1.970246,-0.529124,1.441122
ls4_4181,LS4,vocal,0.48,9,0,2.479710,-0.634035,1.845675,3.237745,-0.529124,2.708621
ls4_4182,LS4,vocal,0.254545,9,0.0181818,0.891924,-0.006257,0.885668,1.655492,0.079629,1.735121
ls4_4183,LS4,vocal,0.266667,9,0,0.977289,-0.634035,0.343254,1.740560,-0.529124,1.211436
ls4_4184,LS4,vocal,0.324675,12,0,0.589200,-0.634035,-0.044835,1.441613,-0.529124,0.912489
ls4_4185,LS4,vocal,0.205882,14,0.0588235,-0.778492,1.397013,0.618522,0.137214,1.440370,1.577584
ls4_4186,LS4,vocal,0.393939,14,0.030303,0.545919,0.412262,0.958181,1.457009,0.485464,1.942473
ls4_4187,LS4,vocal,0.235294,14,0.0294118,-0.571356,0.381489,-0.189867,0.343627,0.455623,0.799250
ls4_4188,LS4,vocal,0.425,12,0.025,1.295747,0.229160,1.524907,2.145697,0.307911,2.453608
ls4_4189,LS4,vocal,0.45,8,0,2.533973,-0.634035,1.899937,3.262555,-0.529124,2.733431
ls4_4190,LS4,vocal,0.338983,15,0.0338983,-0.106657,0.536399,0.429743,0.835970,0.605839,1.441809
ls4_4191,LS4,vocal,0.428571,12,0,1.320899,-0.634035,0.686864,2.170762,-0.529124,1.641638
ls4_4192,LS4,vocal,0.228571,12,0,-0.087621,-0.634035,-0.721656,0.767150,-0.529124,0.238026
ls4_4193,LS4,vocal,0.239437,14,0.0422535,-0.542182,0.824887,0.282705,0.372699,0.885583,1.258282
ls4_4194,LS4,vocal,0.150943,16,0.0566038,-1.696485,1.320370,-0.376115,-0.719054,1.366049,0.646995
ls4_4195,LS4,vocal,0.594203,10,0,3.018456,-0.634035,2.384420,3.803876,-0.529124,3.274752
ls4_4196,LS4,vocal,0.0740741,10,0.0740741,-0.644604,1.923582,1.278978,0.153582,1.950980,2.104562
ls4_4197,LS4,vocal,0.514286,15,0.0285714,1.127930,0.352474,1.480404,2.066255,0.427487,2.493742
ls4_4198,LS4,vocal,0.454545,15,0,0.707203,-0.634035,0.073168,1.646994,-0.529124,1.117870
ls4_4199,LS4,vocal,0.351351,14,0,0.245988,-0.634035,-0.388047,1.158123,-0.529124,0.628999
ls4_4200,LS4,vocal,0.4,12,0,1.119682,-0.634035,0.485646,1.970246,-0.529124,1.441122
ls4_4201,LS4,vocal,0.459459,10,0,2.069511,-0.634035,1.435476,2.858239,-0.529124,2.329115
ls4_4202,LS4,vocal,0.4,14,0,0.588601,-0.634035,-0.045434,1.499543,-0.529124,0.970418
ls4_4203,LS4,vocal,0.135135,10,0.027027,-0.214575,0.299149,0.084574,0.582112,0.375779,0.957891
ls4_4204,LS4,vocal,0.428571,12,0,1.320899,-0.634035,0.686864,2.170762,-0.529124,1.641638
ls4_4205,LS4,vocal,0.357143,12,0,0.817856,-0.634035,0.183821,1.669472,-0.529124,1.140348
ls4_4206,LS4,vocal,0.233333,14,0,-0.585165,-0.634035,-1.219201,0.329866,-0.529124,-0.199258
ls4_4207,LS4,vocal,0.40625,12,0,1.163698,-0.634035,0.529663,2.014109,-0.529124,1.484985
ls4_4208,LS4,vocal,0.441176,14,0,0.878591,-0.634035,0.244555,1.788521,-0.529124,1.259397
ls4_4209,LS4,vocal,0.487179,10,0.0512821,2.264733,1.136622,3.401355,3.052780,1.187871,4.240651
ls4_4210,LS4,vocal,0.114286,8,0.0857143,0.169671,2.325493,2.495164,0.906493,2.340710,3.247203
ls4_4211,LS4,vocal,0.232558,12,0.0465116,-0.059544,0.971910,0.912366,0.795129,1.028150,1.823280
ls4_4212,LS4,vocal,0.222222,10,0,0.398744,-0.634035,-0.235291,1.193294,-0.529124,0.664170
ls4_4213,LS4,vocal,0.212121,12,0,-0.203473,-0.634035,-0.837509,0.651702,-0.529124,0.122578
ls4_4214,LS4,vocal,0.0882353,8,0.0882353,-0.013792,2.412538,2.398746,0.723670,2.425117,3.148787
ls4_4215,LS4,vocal,0.25,10,0,0.594372,-0.634035,-0.039663,1.388240,-0.529124,0.859116
ls4_4216,LS4,vocal,0.457627,15,0,0.728906,-0.634035,0.094871,1.668621,-0.529124,1.139497
ls4_4217,LS4,vocal,0.0909091,10,0.0606061,-0.526041,1.458560,0.932519,0.271731,1.500052,1.771783
ls4_4218,LS4,vocal,0.388889,17,0,-0.286270,-0.634035,-0.920306,0.715509,-0.529124,0.186385
ls4_4219,LS4,vocal,0.272727,12,0,0.223351,-0.634035,-0.410685,1.077038,-0.529124,0.547914
ls4_4220,LS4,vocal,0.428571,12,0,1.320899,-0.634035,0.686864,2.170762,-0.529124,1.641638
ls4_4221,LS4,vocal,0.28,8,0.04,1.336731,0.747078,2.083808,2.069485,0.810132,2.879617
ls4_4222,LS4,vocal,0.2,12,0,-0.288838,-0.634035,-0.922874,0.566634,-0.529124,0.037510
ls4_4223,LS4,vocal,0.3,14,0,-0.115659,-0.634035,-0.749694,0.797737,-0.529124,0.268613
ls4_4224,LS4,vocal,0.156863,12,0,-0.592637,-0.634035,-1.226672,0.263895,-0.529124,-0.265229
ls4_4225,LS4,vocal,0.5,12,0,1.823942,-0.634035,1.189906,2.672052,-0.529124,2.142927
ls4_4226,LS4,vocal,0.129032,12,0.0645161,-0.788636,1.593566,0.804931,0.068579,1.630966,1.699545
ls4_4227,LS4,vocal,0.09375,8,0.03125,0.025046,0.444959,0.470006,0.762372,0.517170,1.279542
ls4_4228,LS4,vocal,0.0816327,9,0,-0.325831,-0.634035,-0.959867,0.441980,-0.529124,-0.087144
ls4_4229,LS4,vocal,0.44,12,0,1.401386,-0.634035,0.767350,2.250968,-0.529124,1.721844
ls4_4230,LS4,vocal,0.227273,14,0,-0.627848,-0.634035,-1.261883,0.287333,-0.529124,-0.241791
ls4_4231,LS4,vocal,0.272727,16,0,-0.838810,-0.634035,-1.472845,0.135632,-0.529124,-0.393492
ls4_4232,LS4,vocal,0.190476,13,0,-0.621451,-0.634035,-1.255486,0.264444,-0.529124,-0.264680
ls4_4233,LS4,vocal,0.1875,12,0.03125,-0.376871,0.444959,0.068089,0.478909,0.517170,0.996078
ls4_4234,LS4,vocal,0.162791,13,0.116279,-0.816429,3.380828,2.564400,0.070146,3.364062,3.434208
ls4_4235,LS4,vocal,0.341463,12,0,0.707432,-0.634035,0.073397,1.559433,-0.529124,1.030309
ls4_4236,LS4,vocal,0.193548,12,0.0967742,-0.334274,2.707367,2.373093,0.521357,2.711011,3.232368
ls4_4237,LS4,vocal,0.181818,14,0,-0.947966,-0.634035,-1.582001,-0.031670,-0.529124,-0.560794
ls4_4238,LS4,vocal,0.372093,12,0,0.923144,-0.634035,0.289109,1.774393,-0.529124,1.245269
ls4_4239,LS4,vocal,0.225806,12,0.129032,-0.107094,3.821168,3.714075,0.747745,3.791056,4.538802
ls4_4240,LS4,vocal,0.375,12,0.025,0.943617,0.229160,1.172777,1.794794,0.307911,2.102705
ls4_4241,LS4,vocal,0.0606061,13,0,-1.536074,-0.634035,-2.170110,-0.646992,-0.529124,-1.176116
ls4_4242,LS4,vocal,0.202899,16,0,-1.330586,-0.634035,-1.964621,-0.354430,-0.529124,-0.883554
ls4_4243,LS4,vocal,0.410959,12,0.0273973,1.196861,0.311933,1.508794,2.047156,0.388175,2.435331
ls4_4244,LS4,vocal,0.0294118,14,0,-2.021303,-0.634035,-2.655339,-1.101267,-0.529124,-1.630391
ls4_4245,LS4,vocal,0.354839,12,0.0322581,0.801629,0.479766,1.281394,1.653301,0.550921,2.204222
ls4_4246,LS4,vocal,0.3125,12,0.03125,0.503454,0.444959,0.948414,1.356166,0.517170,1.873335
ls4_4247,LS4,vocal,0.130435,12,0.0869565,-0.778758,2.368385,1.589626,0.078422,2.382302,2.460724
ls4_4248,LS4,vocal,0.272727,14,0.0909091,-0.307729,2.504858,2.197129,0.606335,2.514640,3.120975
ls4_4249,LS4,vocal,0.0909091,14,0.0909091,-1.588202,2.504858,0.916656,-0.669675,2.514640,1.844964
ls4_4250,LS4,vocal,0.0952381,14,0.0952381,-1.557715,2.654329,1.096615,-0.639294,2.659581,2.020287
ls4_4251,LS4,vocal,0.26087,14,0.0869565,-0.391239,2.368385,1.977146,0.523117,2.382302,2.905419
ls4_4252,LS4,vocal,0.151899,14,0,-1.158677,-0.634035,-1.792712,-0.241646,-0.529124,-0.770771
ls4_4253,LS4,vocal,0.261905,10,0,0.678213,-0.634035,0.044177,1.471789,-0.529124,0.942665
ls4_4254,LS4,vocal,0.258065,12,0,0.120087,-0.634035,-0.513948,0.974134,-0.529124,0.445010
ls4_4255,LS4,vocal,0.449275,9,0,2.263329,-0.634035,1.629294,3.022118,-0.529124,2.492994
ls4_4256,LS4,vocal,0.565217,9,0,3.079862,-0.634035,2.445827,3.835806,-0.529124,3.306682
ls4_4257,LS4,vocal,0.244444,15,0.0222222,-0.772454,0.133250,-0.639205,0.172493,0.214907,0.387400
ls4_4258,LS4,vocal,0.1875,12,0.03125,-0.376871,0.444959,0.068089,0.478909,0.517170,0.996078
ls4_4259,LS4,vocal,0.431373,12,0,1.340626,-0.634035,0.706591,2.190420,-0.529124,1.661296
ls4_4260,LS4,vocal,0.344828,12,0,0.731125,-0.634035,0.097089,1.583043,-0.529124,1.053919
ls4_4261,LS4,vocal,0.404255,10,0.0212766,1.680731,0.100599,1.781330,2.470813,0.183246,2.654059
ls4_4262,LS4,vocal,0.387097,12,0,1.028810,-0.634035,0.394774,1.879690,-0.529124,1.350566
ls4_4263,LS4,vocal,0.326531,8,0,1.664427,-0.634035,1.030392,2.396040,-0.529124,1.866916
ls4_4264,LS4,vocal,0.36,10,0,1.369058,-0.634035,0.735023,2.160227,-0.529124,1.631103
ls4_4265,LS4,vocal,0.265306,14,0.0408163,-0.359994,0.775264,0.415270,0.554253,0.837464,1.391717
ls4_4266,LS4,vocal,0.323529,15,0,-0.215491,-0.634035,-0.849526,0.727516,-0.529124,0.198392
ls4_4267,LS4,vocal,0.297297,15,0,-0.400233,-0.634035,-1.034268,0.543417,-0.529124,0.014293
ls4_4268,LS4,vocal,0.166667,14,0.1,-1.054672,2.818748,1.764076,-0.138004,2.819016,2.681012
ls4_4269,LS4,vocal,0.111111,10,0,-0.383767,-0.634035,-1.017802,0.413510,-0.529124,-0.115614
ls4_4270,LS4,vocal,0.454545,12,0,1.503824,-0.634035,0.869788,2.353049,-0.529124,1.823925
ls4_4271,LS4,vocal,0.103448,12,0.0344828,-0.968813,0.556579,-0.412234,-0.110971,0.625407,0.514436
ls4_4272,LS4,vocal,0.103448,12,0.0344828,-0.968813,0.556579,-0.412234,-0.110971,0.625407,0.514436
ls4_4273,LS4,vocal,0.15625,14,0.125,-1.128032,3.681943,2.553911,-0.211109,3.656051,3.444942
ls4_4274,LS4,vocal,0.258065,14,0.0967742,-0.410993,2.707367,2.296374,0.503431,2.711011,3.214442
ls4_4275,LS4,vocal,0.142857,14,0.0571429,-1.222353,1.338983,0.116631,-0.305101,1.384099,1.078998
ls4_4276,LS4,vocal,0.18,13,0,-0.695230,-0.634035,-1.329266,0.190922,-0.529124,-0.338203
ls4_4277,LS4,vocal,0.273973,7,0,1.559822,-0.634035,0.925787,2.262537,-0.529124,1.733412
ls4_4278,LS4,vocal,0.5,9,0,2.620562,-0.634035,1.986527,3.378106,-0.529124,2.848982
ls4_4279,LS4,vocal,0.159091,14,0.0227273,-1.108025,0.150688,-0.957337,-0.191171,0.231817,0.040645
ls4_4280,LS4,vocal,0.15873,14,0,-1.110566,-0.634035,-1.744601,-0.193703,-0.529124,-0.722827
ls4_4281,LS4,vocal,0.333333,10,0,1.181256,-0.634035,0.547220,1.973079,-0.529124,1.443955
ls4_4282,LS4,vocal,0.237288,13,0,-0.291773,-0.634035,-0.925808,0.592973,-0.529124,0.063849
ls4_4283,LS4,vocal,0.193548,9,0,0.462346,-0.634035,-0.171689,1.227411,-0.529124,0.698287
ls4_4284,LS4,vocal,0.236842,12,0,-0.029374,-0.634035,-0.663409,0.825194,-0.529124,0.296070
ls4_4285,LS4,vocal,0.351351,12,0.0810811,0.777069,2.165518,2.942587,1.628827,2.185584,3.814411
ls4_4286,LS4,vocal,0.233333,13,0,-0.319625,-0.634035,-0.953660,0.565218,-0.529124,0.036094
ls4_4287,LS4,vocal,0.2,13,0,-0.554378,-0.634035,-1.188414,0.331283,-0.529124,-0.197841
ls4_4288,LS4,vocal,0.114286,12,0,-0.892490,-0.634035,-1.526525,-0.034913,-0.529124,-0.564038
ls4_4289,LS4,vocal,0.25,12,0,0.063292,-0.634035,-0.570744,0.917537,-0.529124,0.388413
ls4_4290,LS4,vocal,0.254902,9,0,0.894435,-0.634035,0.260400,1.657994,-0.529124,1.128870
ls4_4291,LS4,vocal,0.235294,13,0,-0.305816,-0.634035,-0.939851,0.578979,-0.529124,0.049855
ls4_4292,LS4,vocal,0.220339,8,0.0338983,0.916562,0.536399,1.452961,1.650781,0.605839,2.256620
ls4_4293,LS4,vocal,0.25,7,0,1.390993,-0.634035,0.756957,2.094295,-0.529124,1.565171
ls4_4294,LS4,vocal,0.2,8,0.0166667,0.773323,-0.058572,0.714751,1.508041,0.028899,1.536940
ls4_4295,LS4,vocal,0,8,0,-0.635197,-0.634035,-1.269233,0.104429,-0.529124,-0.424695
ls4_4296,LS4,vocal,0.284091,10,0,0.834461,-0.634035,0.200425,1.627492,-0.529124,1.098368
ls4_4297,LS4,vocal,0.35,10,0,1.298632,-0.634035,0.664597,2.090046,-0.529124,1.560922
ls4_4298,LS4,vocal,0.217391,10,0.0217391,0.364722,0.116570,0.481292,1.159391,0.198732,1.358123
ls4_4299,LS4,vocal,0.276596,10,0.0212766,0.781675,0.100599,0.882275,1.574891,0.183246,1.758137
ls4_4300,LS4,vocal,0.266667,12,0,0.180668,-0.634035,-0.453367,1.034505,-0.529124,0.505381
ls4_4301,LS4,vocal,0.322034,12,0.0508475,0.570598,1.121617,1.692215,1.423075,1.173320,2.596395
ls4_4302,LS4,vocal,0.0689655,12,0.0344828,-1.211662,0.556579,-0.655082,-0.352973,0.625407,0.272434
ls4_4303,LS4,vocal,0.111111,12,0,-0.914847,-0.634035,-1.548883,-0.057193,-0.529124,-0.586317
ls4_4304,LS4,vocal,0.394737,9,0,1.879236,-0.634035,1.245201,2.639364,-0.529124,2.110240
ls4_4305,LS4,vocal,0.441176,12,0.0294118,1.409671,0.381489,1.791160,2.259225,0.455623,2.714848
ls4_4306,LS4,vocal,0.0689655,12,0.0344828,-1.211662,0.556579,-0.655082,-0.352973,0.625407,0.272434
ls4_4307,LS4,vocal,0.333333,10,0,1.181256,-0.634035,0.547220,1.973079,-0.529124,1.443955
ls4_4308,LS4,vocal,0.205128,12,0,-0.252722,-0.634035,-0.886758,0.602624,-0.529124,0.073500
ls4_4309,LS4,vocal,0.03125,12,0,-1.477277,-0.634035,-2.111312,-0.617663,-0.529124,-1.146787
ls4_4310,LS4,vocal,0.395349,12,0,1.086926,-0.634035,0.452890,1.937604,-0.529124,1.408480
ls4_4311,LS4,vocal,0.172414,12,0,-0.483117,-0.634035,-1.117152,0.373033,-0.529124,-0.156091
ls4_4312,LS4,vocal,0.18,14,0.1,-0.960771,2.818748,1.857977,-0.044430,2.819016,2.774586
ls4_4313,LS4,vocal,0.170213,14,0.106383,-1.029698,3.039138,2.009440,-0.113117,3.032727,2.919609
ls4_4314,LS4,vocal,0.0789474,16,0,-2.203524,-0.634035,-2.837560,-1.224327,-0.529124,-1.753451
ls4_4315,LS4,vocal,0.214286,12,0.107143,-0.188230,3.065375,2.877145,0.666892,3.058169,3.725061
ls4_4316,LS4,vocal,0.225806,14,0.0967742,-0.638174,2.707367,2.069193,0.277042,2.711011,2.988054
ls4_4317,LS4,vocal,0.225806,15,0.0322581,-0.903714,0.479766,-0.423949,0.041691,0.550921,0.592612
ls4_4318,LS4,vocal,0.428571,12,0,1.320899,-0.634035,0.686864,2.170762,-0.529124,1.641638
ls4_4319,LS4,vocal,0.352941,12,0,0.788265,-0.634035,0.154230,1.639984,-0.529124,1.110860
ls4_4320,LS4,vocal,0.318182,14,0.0227273,0.012389,0.150688,0.163077,0.925338,0.231817,1.157155
ls4_4321,LS4,vocal,0.2,12,0,-0.288838,-0.634035,-0.922874,0.566634,-0.529124,0.037510
ls4_4322,LS4,vocal,0.567568,12,0,2.299793,-0.634035,1.665758,3.146245,-0.529124,2.617121
ls4_4323,LS4,vocal,0.44898,12,0.0204082,1.464626,0.070614,1.535240,2.313987,0.154170,2.468157
ls4_4324,LS4,vocal,0.108108,12,0,-0.935996,-0.634035,-1.570031,-0.078268,-0.529124,-0.607392
ls4_4325,LS4,vocal,0.111111,14,0.031746,-1.445927,0.462086,-0.983841,-0.527896,0.533777,0.005881
ls4_4326,LS4,vocal,0.183333,15,0.0666667,-1.202835,1.667820,0.464984,-0.256388,1.702969,1.446581
ls4_4327,LS4,vocal,0.0294118,15,0.0294118,-2.286844,0.381489,-1.905355,-1.336619,0.455623,-0.880996
ls4_4328,LS4,vocal,0.135135,12,0,-0.745655,-0.634035,-1.379691,0.111409,-0.529124,-0.417715
ls4_4329,LS4,vocal,0.097561,12,0,-1.010275,-0.634035,-1.644311,-0.152289,-0.529124,-0.681413
ls4_4330,LS4,vocal,0.266667,12,0,0.180668,-0.634035,-0.453367,1.034505,-0.529124,0.505381
ls4_4331,LS4,vocal,0.439024,12,0,1.394515,-0.634035,0.760480,2.244121,-0.529124,1.714997
ls4_4332,LS4,vocal,0.454545,14,0,0.972743,-0.634035,0.338708,1.882346,-0.529124,1.353222
ls4_4333,LS4,vocal,0.135135,10,0,-0.214575,-0.634035,-0.848611,0.582112,-0.529124,0.052988
ls4_4334,LS4,vocal,0.414634,11,0,1.488284,-0.634035,0.854249,2.308301,-0.529124,1.779177
ls4_4335,LS4,vocal,0.15625,12,0,-0.596952,-0.634035,-1.230987,0.259594,-0.529124,-0.269530
ls4_4336,LS4,vocal,0.245283,8,0,1.092233,-0.634035,0.458197,1.825840,-0.529124,1.296716
ls4_4337,LS4,vocal,0.487805,16,0,0.675896,-0.634035,0.041860,1.645059,-0.529124,1.115935
ls4_4338,LS4,vocal,0.290323,9,0,1.143888,-0.634035,0.509853,1.906578,-0.529124,1.377454
ls4_4339,LS4,vocal,0.25,10,0,0.594372,-0.634035,-0.039663,1.388240,-0.529124,0.859116
ls4_4340,LS4,vocal,0.407407,10,0,1.702930,-0.634035,1.068894,2.492935,-0.529124,1.963811
ls4_4341,LS4,vocal,0.290323,17,0,-0.980433,-0.634035,-1.614469,0.023765,-0.529124,-0.505359
ls4_4342,LS4,vocal,0.177778,10,0,0.085740,-0.634035,-0.548295,0.881381,-0.529124,0.352257
ls4_4343,LS4,vocal,0.244444,8,0,1.086327,-0.634035,0.452292,1.819955,-0.529124,1.290830
ls4_4344,LS4,vocal,0.0645161,13,0,-1.508537,-0.634035,-2.142573,-0.619551,-0.529124,-1.148675
ls4_4345,LS4,vocal,0.151515,10,0,-0.099217,-0.634035,-0.733253,0.697068,-0.529124,0.167944
ls4_4346,LS4,vocal,0.285714,10,0.0714286,0.845894,1.832238,2.678132,1.638885,1.862404,3.501290
ls4_4347,LS4,vocal,0.148148,12,0.037037,-0.654010,0.644773,-0.009237,0.202735,0.710928,0.913663
ls4_4348,LS4,vocal,0.392857,12,0,1.069378,-0.634035,0.435342,1.920117,-0.529124,1.390993
ls4_4349,LS4,vocal,0.52381,12,0,1.991623,-0.634035,1.357587,2.839148,-0.529124,2.310024
ls4_4350,LS4,vocal,0.111111,12,0.0666667,-0.914847,1.667820,0.752973,-0.057193,1.702969,1.645776
ls4_4351,LS4,vocal,0.311111,10,0,1.024753,-0.634035,0.390718,1.817122,-0.529124,1.287998
ls4_4352,LS4,vocal,0.486486,10,0.027027,2.259852,0.299149,2.559001,3.047916,0.375779,3.423695
ls4_4353,LS4,vocal,0.384615,14,0,0.480254,-0.634035,-0.153782,1.391572,-0.529124,0.862448
ls4_4354,LS4,vocal,0.25,16,0.025,-0.998869,0.229160,-0.769709,-0.023869,0.307911,0.284042
ls4_4355,LS4,vocal,0.487179,10,0,2.264733,-0.634035,1.630697,3.052780,-0.529124,2.523656
ls4_4356,LS4,vocal,0.472222,10,0,2.159394,-0.634035,1.525359,2.947809,-0.529124,2.418685
ls4_4357,LS4,vocal,0.472727,11,0,1.897411,-0.634035,1.263376,2.716002,-0.529124,2.186878
ls4_4358,LS4,vocal,0.484848,12,0,1.717236,-0.634035,1.083200,2.565717,-0.529124,2.036593
ls4_4359,LS4,vocal,0.3125,14,0,-0.027626,-0.634035,-0.661661,0.885462,-0.529124,0.356338
ls4_4360,LS4,vocal,0.2,10,0,0.242242,-0.634035,-0.391793,1.037338,-0.529124,0.508214
ls4_4361,LS4,vocal,0.0333333,9,0.0333333,-0.665984,0.516892,-0.149092,0.103013,0.586923,0.689936
ls4_4362,LS4,vocal,0.310345,9,0,1.284897,-0.634035,0.650861,2.047096,-0.529124,1.517972
ls4_4363,LS4,vocal,0.310345,10,0,1.019357,-0.634035,0.385321,1.811744,-0.529124,1.282620
ls4_4364,LS4,vocal,0.146341,14,0,-1.197814,-0.634035,-1.831850,-0.280648,-0.529124,-0.809772
ls4_4365,LS4,vocal,0.258065,16,0,-0.942074,-0.634035,-1.576109,0.032728,-0.529124,-0.496396
ls4_4366,LS4,vocal,0.181818,8,0,0.645275,-0.634035,0.011240,1.380440,-0.529124,0.851316
ls4_4367,LS4,vocal,0.171429,10,0,0.041025,-0.634035,-0.593010,0.836822,-0.529124,0.307698
ls4_4368,LS4,vocal,0.117647,13,0,-1.134357,-0.634035,-1.768393,-0.246675,-0.529124,-0.775799
ls4_4369,LS4,vocal,0.171429,7,0.0285714,0.837646,0.352474,1.190120,1.542877,0.427487,1.970364
ls4_4370,LS4,vocal,0.0909091,9,0,-0.260501,-0.634035,-0.894537,0.507083,-0.529124,-0.022041
ls4_4371,LS4,vocal,0.4,9,0,1.916302,-0.634035,1.282267,2.676301,-0.529124,2.147177
ls4_4372,LS4,vocal,0.184211,12,0,-0.400037,-0.634035,-1.034073,0.455823,-0.529124,-0.073301
ls4_4373,LS4,vocal,0,16,0,-2.759519,-0.634035,-3.393554,-1.778384,-0.529124,-2.307508
ls4_4374,LS4,vocal,0.25641,12,0,0.108437,-0.634035,-0.525599,0.962525,-0.529124,0.433401
ls4_4375,LS4,vocal,0.206897,12,0,-0.240269,-0.634035,-0.874304,0.615035,-0.529124,0.085911
ls4_4376,LS4,vocal,0.392857,9,0.0357143,1.865998,0.599101,2.465099,2.626172,0.666640,3.292812
ls4_4377,LS4,vocal,0.5,7,0,3.151643,-0.634035,2.517607,3.848810,-0.529124,3.319686
ls4_4378,LS4,vocal,0.285714,5,0,2.173595,-0.634035,1.539559,2.815644,-0.529124,2.286520
ls4_4379,LS4,vocal,0.571429,5,0,4.185766,-0.634035,3.551731,4.820803,-0.529124,4.291679
ls4_4380,LS4,vocal,0.354839,12,0,0.801629,-0.634035,0.167594,1.653301,-0.529124,1.124177
ls4_4381,LS4,vocal,0.466667,12,0,1.589189,-0.634035,0.955153,2.438116,-0.529124,1.908992
ls4_4382,LS4,vocal,0.233333,12,0,-0.054085,-0.634035,-0.688120,0.800570,-0.529124,0.271445
ls4_4383,LS4,vocal,0.333333,12,0,0.650175,-0.634035,0.016140,1.502375,-0.529124,0.973251
ls4_4384,LS4,vocal,0.455696,12,0.0379747,1.511928,0.677148,2.189076,2.361125,0.742321,3.103446
ls4_4385,LS4,vocal,0.130435,14,0,-1.309839,-0.634035,-1.943874,-0.392282,-0.529124,-0.921406
ls4_4386,LS4,vocal,0.441176,9,0,2.206292,-0.634035,1.572256,2.965280,-0.529124,2.436155
ls4_4387,LS4,vocal,0.214286,14,0.0714286,-0.719310,1.832238,1.112928,0.196189,1.862404,2.058593
ls4_4388,LS4,vocal,0.325,12,0,0.591487,-0.634035,-0.042549,1.443891,-0.529124,0.914767
ls4_4389,LS4,vocal,0.477612,12,0,1.666272,-0.634035,1.032236,2.514931,-0.529124,1.985807
ls4_4390,LS4,vocal,0.470588,12,0,1.616807,-0.634035,0.982771,2.465638,-0.529124,1.936514
ls4_4391,LS4,vocal,0.16129,12,0,-0.561455,-0.634035,-1.195490,0.294968,-0.529124,-0.234157
ls4_4392,LS4,vocal,0.295775,12,0.0140845,0.385664,-0.147728,0.237936,1.238786,-0.057555,1.181231
ls4_4393,LS4,vocal,0.210526,14,0,-0.745786,-0.634035,-1.379821,0.169805,-0.529124,-0.359319
ls4_4394,LS4,vocal,0.358974,9,0.025641,1.627375,0.251294,1.878669,2.388380,0.329373,2.717754
ls4_4395,LS4,vocal,0.358974,12,0,0.830755,-0.634035,0.196719,1.682325,-0.529124,1.153201
ls4_4396,LS4,vocal,0.0666667,12,0,-1.227852,-0.634035,-1.861887,-0.369107,-0.529124,-0.898231
ls4_4397,LS4,vocal,0.42029,12,0.0434783,1.262575,0.867175,2.129750,2.112641,0.926589,3.039230
ls4_4398,LS4,vocal,0.413333,10,0,1.744664,-0.634035,1.110628,2.534523,-0.529124,2.005399
ls4_4399,LS4,vocal,0.129032,13,0.0322581,-1.054176,0.479766,-0.574410,-0.166773,0.550921,0.384148
ls4_4400,LS4,vocal,0.225806,12,0.0322581,-0.107094,0.479766,0.372672,0.747745,0.550921,1.298667
ls4_4401,LS4,vocal,0.243243,14,0,-0.515374,-0.634035,-1.149409,0.399415,-0.529124,-0.129709
ls4_4402,LS4,vocal,0.313725,9,0.0588235,1.308706,1.397013,2.705719,2.070821,1.440370,3.511191
ls4_4403,LS4,vocal,0.446809,12,0,1.449335,-0.634035,0.815300,2.298751,-0.529124,1.769627
ls4_4404,LS4,vocal,0,12,0,-1.697358,-0.634035,-2.331394,-0.836977,-0.529124,-1.366101
ls4_4405,LS4,vocal,0.21875,13,0.03125,-0.422330,0.444959,0.022630,0.462871,0.517170,0.980041
ls4_4406,LS4,vocal,0.288889,9,0.0444444,1.133791,0.900535,2.034326,1.896517,0.958938,2.855455
ls4_4407,LS4,vocal,0.0571429,8,0,-0.232763,-0.634035,-0.866799,0.505461,-0.529124,-0.023663
ls4_4408,LS4,vocal,0.290323,14,0,-0.183813,-0.634035,-0.817848,0.729820,-0.529124,0.200696
ls4_4409,LS4,vocal,0.369565,14,0,0.374261,-0.634035,-0.259774,1.285949,-0.529124,0.756825
ls4_4410,LS4,vocal,0.242424,15,0,-0.786682,-0.634035,-1.420717,0.158315,-0.529124,-0.370809
ls4_4411,LS4,vocal,0.454545,10,0,2.034904,-0.634035,1.400869,2.823752,-0.529124,2.294628
ls4_4412,LS4,vocal,0.540541,12,0,2.109453,-0.634035,1.475417,2.956567,-0.529124,2.427443
ls4_4413,LS4,vocal,0.266667,12,0,0.180668,-0.634035,-0.453367,1.034505,-0.529124,0.505381
ls4_4414,LS4,vocal,0.396552,12,0.0517241,1.095397,1.151887,2.247284,1.946046,1.202672,3.148718
ls4_4415,LS4,vocal,0.135135,12,0.0810811,-0.745655,2.165518,1.419863,0.111409,2.185584,2.296993
ls4_4416,LS4,vocal,0.457627,12,0,1.525527,-0.634035,0.891491,2.374676,-0.529124,1.845552
ls4_4417,LS4,vocal,0.525,12,0,2.000007,-0.634035,1.365971,2.847503,-0.529124,2.318379
ls4_4418,LS4,vocal,0.133333,12,0,-0.758345,-0.634035,-1.392380,0.098764,-0.529124,-0.430360
ls4_4419,LS4,vocal,0.235294,12,0.0294118,-0.040276,0.381489,0.341213,0.814330,0.455623,1.269953
ls4_4420,LS4,vocal,0.428571,12,0,1.320899,-0.634035,0.686864,2.170762,-0.529124,1.641638
ls4_4421,LS4,vocal,0.137931,12,0.0172414,-0.725965,-0.038728,-0.764693,0.131031,0.048141,0.179172
ls4_4422,LS4,vocal,0.147059,13,0.0588235,-0.927222,1.397013,0.469791,-0.040262,1.440370,1.400108
ls4_4423,LS4,vocal,0.230769,14,0.025641,-0.603223,0.251294,-0.351930,0.311871,0.329373,0.641245
ls4_4424,LS4,vocal,0.205882,14,0,-0.778492,-0.634035,-1.412527,0.137214,-0.529124,-0.391910
ls4_4425,LS4,vocal,0.176471,14,0,-0.985627,-0.634035,-1.619662,-0.069200,-0.529124,-0.598324
ls4_4426,LS4,vocal,0,15,0,-2.493979,-0.634035,-3.128014,-1.543032,-0.529124,-2.072156
ls4_4427,LS4,vocal,0.436364,12,0,1.375776,-0.634035,0.741741,2.225448,-0.529124,1.696324
ls4_4428,LS4,vocal,0.197183,10,0,0.222404,-0.634035,-0.411632,1.017568,-0.529124,0.488444
ls4_4429,LS4,vocal,0.333333,12,0.025641,0.650175,0.251294,0.901469,1.502375,0.329373,1.831749
ls4_4430,LS4,vocal,0.5,12,0.0357143,1.823942,0.599101,2.423043,2.672052,0.666640,3.338692
ls4_4431,LS4,vocal,0.0967742,8,0.0322581,0.046345,0.479766,0.526110,0.783596,0.550921,1.334517
ls4_4432,LS4,vocal,0.4,8,0,2.181843,-0.634035,1.547807,2.911652,-0.529124,2.382528
ls4_4433,LS4,vocal,0.333333,8,0.037037,1.712336,0.644773,2.357109,2.443782,0.710928,3.154710
ls4_4434,LS4,vocal,0.178571,10,0.0357143,0.091329,0.599101,0.690431,0.886951,0.666640,1.553591
ls4_4435,LS4,vocal,0.307692,7,0.0384615,1.797297,0.693958,2.491255,2.499183,0.758622,3.257805
ls4_4436,LS4,vocal,0.142857,7,0,0.636428,-0.634035,0.002393,1.342361,-0.529124,0.813237
ls4_4437,LS4,vocal,0.275862,5,0,2.104209,-0.634035,1.470174,2.746500,-0.529124,2.217376
ls4_4438,LS4,vocal,0,5,0,0.161423,-0.634035,-0.472612,0.810484,-0.529124,0.281360
ls4_4439,LS4,vocal,0.0731707,12,0,-1.182046,-0.634035,-1.816081,-0.323461,-0.529124,-0.852585
ls4_4440,LS4,vocal,0.133333,12,0.0333333,-0.758345,0.516892,-0.241453,0.098764,0.586923,0.685686
ls4_4441,LS4,vocal,0.179487,8,0.0512821,0.628859,1.136622,1.765482,1.364081,1.187871,2.551951
ls4_4442,LS4,vocal,0.0322581,7,0,-0.142477,-0.634035,-0.776512,0.566170,-0.529124,0.037046
ls4_4443,LS4,vocal,0.243902,12,0,0.020349,-0.634035,-0.613686,0.874744,-0.529124,0.345620
ls4_4444,LS4,vocal,0.347826,5,0,2.611023,-0.634035,1.976988,3.251548,-0.529124,2.722424
ls4_4445,LS4,vocal,0.135135,12,0,-0.745655,-0.634035,-1.379691,0.111409,-0.529124,-0.417715
ls4_4446,LS4,vocal,0.142857,12,0,-0.691272,-0.634035,-1.325308,0.165602,-0.529124,-0.363522
ls4_4447,LS4,vocal,0.214286,5,0,1.670552,-0.634035,1.036516,2.314354,-0.529124,1.785230
ls4_4448,LS4,vocal,0.267857,15,0,-0.607568,-0.634035,-1.241603,0.336805,-0.529124,-0.192319
ls4_4449,LS4,vocal,0.384615,12,0,1.011334,-0.634035,0.377299,1.862276,-0.529124,1.333152
ls4_4450,LS4,vocal,0.275862,12,0.0344828,0.245428,0.556579,0.802007,1.099039,0.625407,1.724446
ls4_4451,LS4,vocal,0.16129,12,0,-0.561455,-0.634035,-1.195490,0.294968,-0.529124,-0.234157
ls4_4452,LS4,vocal,0.444444,14,0,0.901606,-0.634035,0.267570,1.811456,-0.529124,1.282332
ls4_4453,LS4,vocal,0.111111,10,0.0277778,-0.383767,0.325071,-0.058696,0.413510,0.400915,0.814425
ls4_4454,LS4,vocal,0.15625,17,0.09375,-1.924653,2.602949,0.678296,-0.917164,2.609757,1.692593
ls4_4455,LS4,vocal,0.548387,10,0,2.695793,-0.634035,2.061758,3.482338,-0.529124,2.953214
ls4_4456,LS4,vocal,0.448276,14,0.0344828,0.928589,0.556579,1.485168,1.838345,0.625407,2.463752
ls4_4457,LS4,vocal,0.244444,10,0.0444444,0.555247,0.900535,1.455781,1.349251,0.958938,2.308189
ls4_4458,LS4,vocal,0.25641,9,0,0.905057,-0.634035,0.271022,1.668580,-0.529124,1.139456
ls4_4459,LS4,vocal,0.230769,14,0,-0.603223,-0.634035,-1.237259,0.311871,-0.529124,-0.217253
ls4_4460,LS4,vocal,0.323529,14,0.0294118,0.050050,0.381489,0.431539,0.962868,0.455623,1.418490
ls4_4461,LS4,vocal,0.275862,14,0.0344828,-0.285652,0.556579,0.270927,0.628335,0.625407,1.253742
ls4_4462,LS4,vocal,0.393443,12,0,1.073501,-0.634035,0.439465,1.924226,-0.529124,1.395102
ls4_4463,LS4,vocal,0.307692,12,0,0.469596,-0.634035,-0.164440,1.322425,-0.529124,0.793301
ls4_4464,LS4,vocal,0.3,15,0.0333333,-0.381199,0.516892,0.135693,0.562385,0.586923,1.149308
ls4_4465,LS4,vocal,0.342857,12,0,0.717248,-0.634035,0.083212,1.569214,-0.529124,1.040090
ls4_4466,LS4,vocal,0.238095,12,0,-0.020549,-0.634035,-0.654584,0.833989,-0.529124,0.304865
ls4_4467,LS4,vocal,0.483871,14,0,1.179271,-0.634035,0.545236,2.088154,-0.529124,1.559030
ls4_4468,LS4,vocal,0.366667,12,0,0.884929,-0.634035,0.250893,1.736311,-0.529124,1.207186
ls4_4469,LS4,vocal,0.507937,12,0.047619,1.879836,1.010147,2.889982,2.727750,1.065228,3.792979
ls4_4470,LS4,vocal,0.432432,14,0.027027,0.817010,0.299149,1.116159,1.727155,0.375779,2.102934
ls4_4471,LS4,vocal,0.289855,12,0,0.343975,-0.634035,-0.290060,1.197242,-0.529124,0.668118
ls4_4472,LS4,vocal,0.326087,12,0,0.599142,-0.634035,-0.034894,1.451520,-0.529124,0.922396
ls4_4473,LS4,vocal,0.492308,12,0.0461538,1.769768,0.959557,2.729325,2.618066,1.016171,3.634238
ls4_4474,LS4,vocal,0.289474,12,0,0.341289,-0.634035,-0.292746,1.194566,-0.529124,0.665442
ls4_4475,LS4,vocal,0.402985,12,0.0149254,1.140705,-0.118695,1.022010,1.991195,-0.029402,1.961794
ls4_4476,LS4,vocal,0.594595,14,0.027027,1.959053,0.299149,2.258203,2.865219,0.375779,3.240997
ls4_4477,LS4,vocal,0.428571,12,0,1.320899,-0.634035,0.686864,2.170762,-0.529124,1.641638
ls4_4478,LS4,vocal,0.192308,12,0.0384615,-0.343012,0.693958,0.350946,0.512649,0.758622,1.271271
ls4_4479,LS4,vocal,0.245283,12,0,0.030072,-0.634035,-0.603963,0.884433,-0.529124,0.355309
ls4_4480,LS4,vocal,0.515152,12,0.030303,1.930648,0.412262,2.342910,2.778386,0.485464,3.263850
ls4_4481,LS4,vocal,0.289855,14,0,-0.187105,-0.634035,-0.821141,0.726539,-0.529124,0.197415
ls4_4482,LS4,vocal,0.4,9,0,1.916302,-0.634035,1.282267,2.676301,-0.529124,2.147177
ls4_4483,LS4,vocal,0.439024,12,0,1.394515,-0.634035,0.760480,2.244121,-0.529124,1.714997
ls4_4484,LS4,vocal,0.185185,9,0.037037,0.403448,0.644773,1.048221,1.168718,0.710928,1.879646
ls4_4485,LS4,vocal,0.296296,13,0.037037,0.123798,0.644773,0.768571,1.007096,0.710928,1.718023
ls4_4486,LS4,vocal,0.323529,12,0,0.581130,-0.634035,-0.052905,1.433571,-0.529124,0.904447
ls4_4487,LS4,vocal,0.15625,12,0.03125,-0.596952,0.444959,-0.151993,0.259594,0.517170,0.776764
ls4_4488,LS4,vocal,0.206897,14,0.103448,-0.771349,2.937809,2.166460,0.144331,2.934469,3.078800
ls4_4489,LS4,vocal,0.4,13,0,0.854142,-0.634035,0.220106,1.734894,-0.529124,1.205770
ls4_4490,LS4,vocal,0.230769,12,0,-0.072143,-0.634035,-0.706178,0.782575,-0.529124,0.253450
ls4_4491,LS4,vocal,0.393939,12,0.030303,1.076999,0.412262,1.489262,1.927712,0.485464,2.413176
ls4_4492,LS4,vocal,0.309091,12,0.0181818,0.479445,-0.006257,0.473189,1.332241,0.079629,1.411869
ls4_4493,LS4,vocal,0.333333,15,0,-0.146445,-0.634035,-0.780481,0.796320,-0.529124,0.267196
ls4_4494,LS4,vocal,0.291667,9,0,1.153354,-0.634035,0.519319,1.916011,-0.529124,1.386887
ls4_4495,LS4,vocal,0.147059,14,0,-1.192762,-0.634035,-1.826798,-0.275613,-0.529124,-0.804737
ls4_4496,LS4,vocal,0.103448,14,0.0344828,-1.499894,0.556579,-0.943314,-0.581675,0.625407,0.043732
ls4_4497,LS4,vocal,0.32,10,0.04,1.087354,0.747078,1.834432,1.879504,0.810132,2.689636
ls4_4498,LS4,vocal,0.0769231,15,0.0384615,-1.952240,0.693958,-1.258282,-1.003182,0.758622,-0.244559
ls4_4499,LS4,vocal,0.266667,15,0,-0.615952,-0.634035,-1.249988,0.328450,-0.529124,-0.200674
ls4_4500,LS4,vocal,0.351351,16,0,-0.285092,-0.634035,-0.919127,0.687420,-0.529124,0.158296
ls4_4501,LS4,vocal,0.190476,7,0,0.971790,-0.634035,0.337755,1.676554,-0.529124,1.147430
ls4_4502,LS4,vocal,0.275362,16,0,-0.820252,-0.634035,-1.454288,0.154125,-0.529124,-0.374999
ls4_4503,LS4,vocal,0.328767,14,0.0273973,0.086937,0.311933,0.398869,0.999626,0.388175,1.387801
ls4_4504,LS4,vocal,0.333333,8,0,1.712336,-0.634035,1.078301,2.443782,-0.529124,1.914658
ls4_4505,LS4,vocal,0.404762,10,0,1.684298,-0.634035,1.050263,2.474368,-0.529124,1.945244
ls4_4506,LS4,vocal,0.382353,10,0,1.526481,-0.634035,0.892446,2.317101,-0.529124,1.787977
ls4_4507,LS4,vocal,0.338028,12,0.0422535,0.683239,0.824887,1.508126,1.535324,0.885583,2.420907
ls4_4508,LS4,vocal,0.302326,10,0.0465116,0.962880,0.971910,1.934790,1.755464,1.028150,2.783615
ls4_4509,LS4,vocal,0.102564,16,0,-2.037201,-0.634035,-2.671236,-1.058583,-0.529124,-1.587707
ls4_4510,LS4,vocal,0.457143,17,0.0857143,0.194415,2.325493,2.519908,1.194519,2.340710,3.535230
ls4_4511,LS4,vocal,0.244444,12,0.0444444,0.024166,0.900535,0.924701,0.878548,0.958938,1.837486
ls4_4512,LS4,vocal,0.296296,10,0,0.920419,-0.634035,0.286383,1.713151,-0.529124,1.184026
ls4_4513,LS4,vocal,0.533333,14,0,1.527615,-0.634035,0.893579,2.435283,-0.529124,1.906159
ls4_4514,LS4,vocal,0.254545,14,0.0181818,-0.435777,-0.006257,-0.442033,0.478734,0.079629,0.558363
ls4_4515,LS4,vocal,0.313953,12,0.104651,0.513691,2.979342,3.493033,1.366366,2.974743,4.341110
ls4_4516,LS4,vocal,0.424658,12,0.0136986,1.293335,-0.161051,1.132284,2.143294,-0.070475,2.072819
ls4_4517,LS4,vocal,0.22093,14,0.0116279,-0.672515,-0.232549,-0.905064,0.242821,-0.139805,0.103015
ls4_4518,LS4,vocal,0.0461538,17,0.0153846,-2.700016,-0.102838,-2.802854,-1.689825,-0.014026,-1.703851
ls4_4519,LS4,vocal,0.346667,12,0.0133333,0.744077,-0.173664,0.570412,1.595949,-0.082705,1.513244
ls4_4520,LS4,vocal,0.677419,12,0,3.073435,-0.634035,2.439400,3.917191,-0.529124,3.388067
ls4_4521,LS4,vocal,0.410714,12,0.0892857,1.195138,2.448807,3.643945,2.045439,2.460287,4.505726
ls4_4522,LS4,vocal,0.380952,13,0.015873,0.719997,-0.085975,0.634022,1.601217,0.002327,1.603544
ls4_4523,LS4,vocal,0.36,12,0.04,0.837978,0.747078,1.585056,1.689523,0.810132,2.499655
ls4_4524,LS4,vocal,0.407407,12,0.0123457,1.171849,-0.207766,0.964083,2.022231,-0.115773,1.906458
ls4_4525,LS4,vocal,0.322581,16,0.016129,-0.487712,-0.077135,-0.564847,0.485506,0.010898,0.496404
ls4_4526,LS4,vocal,0.371429,16,0,-0.143696,-0.634035,-0.777732,0.828323,-0.529124,0.299199
ls4_4527,LS4,vocal,0.313433,16,0.0149254,-0.552137,-0.118695,-0.670832,0.421306,-0.029402,0.391904
ls4_4528,LS4,vocal,0.169492,17,0.0338983,-1.831398,0.536399,-1.294999,-0.824234,0.605839,-0.218396
ls4_4529,LS4,vocal,0.0727273,15,0.0545455,-1.981790,1.249301,-0.732489,-1.032628,1.297134,0.264506
ls4_4530,LS4,vocal,0.122642,17,0.0377358,-2.161344,0.668902,-1.492443,-1.153030,0.734325,-0.418705
ls4_4531,LS4,vocal,0.241758,14,0.021978,-0.525832,0.124818,-0.401014,0.388993,0.206731,0.595724
ls4_4532,LS4,vocal,0.0769231,10,0.0192308,-0.624539,0.029961,-0.594578,0.173577,0.114749,0.288326
ls4_4533,LS4,vocal,0.380952,16,0.015873,-0.076624,-0.085975,-0.162598,0.895162,0.002327,0.897489
ls4_4534,LS4,vocal,0.0363636,14,0.0909091,-1.972344,2.504858,0.532514,-1.052478,2.514640,1.462161
ls4_4535,LS4,vocal,0.213115,12,0.0655738,-0.196476,1.630085,1.433608,0.658674,1.666378,2.325052
ls4_4536,LS4,vocal,0.426471,14,0.0588235,0.775023,1.397013,2.172037,1.685315,1.440370,3.125685
ls4_4537,LS4,vocal,0.0877193,15,0.0526316,-1.876207,1.183219,-0.692988,-0.927413,1.233055,0.305642
ls4_4538,LS4,vocal,0.253165,13,0.0126582,-0.179962,-0.196974,-0.376936,0.704395,-0.105309,0.599086
ls4_4539,LS4,vocal,0.401869,9,0.00934579,1.929466,-0.311345,1.618121,2.689419,-0.216214,2.473205
ls4_4540,LS4,vocal,0.492063,12,0,1.768048,-0.634035,1.134013,2.616353,-0.529124,2.087229
ls4_4541,LS4,vocal,0.272727,12,0.0545455,0.223351,1.249301,1.472652,1.077038,1.297134,2.374173
ls4_4542,LS4,vocal,0.3,12,0,0.415422,-0.634035,-0.218614,1.268440,-0.529124,0.739316
ls4_4543,LS4,vocal,0.292683,17,0.0609756,-0.963810,1.471320,0.507510,0.040330,1.512425,1.552755
ls4_4544,LS4,vocal,0.230769,12,0.0307692,-0.072143,0.428359,0.356217,0.782575,0.501073,1.283647
ls4_4545,LS4,vocal,0.148148,12,0.0123457,-0.654010,-0.207766,-0.861776,0.202735,-0.115773,0.086962
ls4_4546,LS4,vocal,0.45098,14,0.0196078,0.947636,0.042981,0.990617,1.857326,0.127374,1.984700
ls4_4547,LS4,vocal,0.435484,8,0,2.431741,-0.634035,1.797706,3.160680,-0.529124,2.631556
ls4_4548,LS4,vocal,0.37037,10,0.0740741,1.442093,1.923582,3.365674,2.233007,1.950980,4.183986
ls4_4549,LS4,vocal,0.305882,12,0.0117647,0.456849,-0.227826,0.229023,1.309723,-0.135225,1.174497
ls4_4550,LS4,vocal,0.12,12,0,-0.852246,-0.634035,-1.486282,0.005190,-0.529124,-0.523934
ls4_4551,LS4,vocal,0.382716,12,0,0.997958,-0.634035,0.363922,1.848946,-0.529124,1.319822
ls4_4552,LS4,vocal,0.381679,12,0.0534351,0.990657,1.210963,2.201620,1.841671,1.259958,3.101629
ls4_4553,LS4,vocal,0.269231,12,0.0480769,0.198726,1.025956,1.224683,1.052500,1.080559,2.133058
ls4_4554,LS4,vocal,0.464789,14,0,1.044883,-0.634035,0.410847,1.954234,-0.529124,1.425109
ls4_4555,LS4,vocal,0.491228,17,0,0.434464,-0.634035,-0.199572,1.433731,-0.529124,0.904607
ls4_4556,LS4,vocal,0.518248,12,0,1.952456,-0.634035,1.318421,2.800118,-0.529124,2.270994
ls4_4557,LS4,vocal,0.112903,13,0.0483871,-1.167766,1.036666,-0.131100,-0.279968,1.090944,0.810976
ls4_4558,LS4,vocal,0.169014,15,0.0140845,-1.303680,-0.147728,-1.451408,-0.356882,-0.057555,-0.414437
ls4_4559,LS4,vocal,0.32381,15,0.0285714,-0.213518,0.352474,0.138956,0.729482,0.427487,1.156969
ls4_4560,LS4,vocal,0.25,15,0.0384615,-0.733329,0.693958,-0.039371,0.211482,0.758622,0.970104
ls4_4561,LS4,vocal,0.22093,15,0,-0.938056,-0.634035,-1.572091,0.007469,-0.529124,-0.521655
ls4_4562,LS4,vocal,0.160714,17,0.107143,-1.893213,3.065375,1.172162,-0.885833,3.058169,2.172335
ls4_4563,LS4,vocal,0.238397,17,0.0379747,-1.346127,0.677148,-0.668979,-0.340654,0.742321,0.401667
ls4_4564,LS4,vocal,0.301887,10,0,0.959790,-0.634035,0.325755,1.752385,-0.529124,1.223261
ls4_4565,LS4,vocal,0.513514,10,0.00900901,2.450193,-0.322974,2.127219,3.237593,-0.227490,3.010104
ls4_4566,LS4,vocal,0.179104,12,0.0447761,-0.435997,0.911987,0.475990,0.419988,0.970043,1.390031
ls4_4567,LS4,vocal,0.615385,12,0,2.636550,-0.634035,2.002514,3.481827,-0.529124,2.952703
ls4_4568,LS4,vocal,0.375,14,0.0625,0.412536,1.523954,1.936490,1.324091,1.563463,2.887554
ls4_4569,LS4,vocal,0.4,14,0.0307692,0.588601,0.428359,1.016961,1.499543,0.501073,2.000615
ls4_4570,LS4,vocal,0.271605,14,0,-0.315634,-0.634035,-0.949669,0.598459,-0.529124,0.069335
ls4_4571,LS4,vocal,0.338983,14,0.0508475,0.158883,1.121617,1.280500,1.071322,1.173320,2.244642
ls4_4572,LS4,vocal,0.410256,14,0.0128205,0.660833,-0.191371,0.469462,1.571523,-0.099875,1.471647
ls4_4573,LS4,vocal,0.0232558,10,0.0232558,-1.002496,0.168937,-0.833559,-0.203063,0.249513,0.046450
ls4_4574,LS4,vocal,0.325301,17,0.0120482,-0.734093,-0.218037,-0.952130,0.269247,-0.125734,0.143513
ls4_4575,LS4,vocal,0.278481,12,0,0.263872,-0.634035,-0.370163,1.117419,-0.529124,0.588294
ls4_4576,LS4,vocal,0.238636,12,0.0340909,-0.016738,0.543050,0.526312,0.837787,0.612287,1.450074
ls4_4577,LS4,vocal,0.522727,12,0,1.984001,-0.634035,1.349966,2.831553,-0.529124,2.302429
ls4_4578,LS4,vocal,0.251656,12,0.00662252,0.074952,-0.405374,-0.330423,0.929156,-0.307393,0.621764
ls4_4579,LS4,vocal,0.311475,16,0,-0.565922,-0.634035,-1.199958,0.407569,-0.529124,-0.121556
ls4_4580,LS4,vocal,0.289474,16,0.0131579,-0.720872,-0.179722,-0.900593,0.253159,-0.088579,0.164580
ls4_4581,LS4,vocal,0.393617,14,0.0212766,0.543649,0.100599,0.644248,1.454746,0.183246,1.637993
ls4_4582,LS4,vocal,0.453125,15,0,0.697199,-0.634035,0.063164,1.637025,-0.529124,1.107901
ls4_4583,LS4,vocal,0.390805,15,0,0.258302,-0.634035,-0.375734,1.199657,-0.529124,0.670533
ls4_4584,LS4,vocal,0.433333,12,0.0833333,1.354435,2.243284,3.597719,2.204181,2.260993,4.465174
ls4_4585,LS4,vocal,0.333333,12,0.0166667,0.650175,-0.058572,0.591604,1.502375,0.028899,1.531275
ls4_4586,LS4,vocal,0.285714,12,0.0535714,0.314813,1.215670,1.530483,1.168182,1.264522,2.432704
ls4_4587,LS4,vocal,0.433333,13,0.0166667,1.088895,-0.058572,1.030323,1.968829,0.028899,1.997729
ls4_4588,LS4,vocal,0.520408,8,0.0408163,3.029829,0.775264,3.805093,3.756684,0.837464,4.594147
ls4_4589,LS4,vocal,0.464789,17,0.0140845,0.248262,-0.147728,0.100534,1.248179,-0.057555,1.190624
ls4_4590,LS4,vocal,0.220339,14,0.0169492,-0.676679,-0.048818,-0.725497,0.238671,0.038357,0.277028
ls4_4591,LS4,vocal,0.422535,14,0.0140845,0.747308,-0.147728,0.599580,1.657696,-0.057555,1.600141
ls4_4592,LS4,vocal,0.419355,12,0,1.255990,-0.634035,0.621955,2.106079,-0.529124,1.576955
ls4_4593,LS4,vocal,0.390625,12,0,1.053657,-0.634035,0.419622,1.904452,-0.529124,1.375327
ls4_4594,LS4,vocal,0.0704225,15,0.084507,-1.998021,2.283809,0.285788,-1.048803,2.300290,1.251487
ls4_4595,LS4,vocal,0.346939,12,0.0204082,0.745993,0.070614,0.816607,1.597859,0.154170,1.752029
ls4_4596,LS4,vocal,0.166667,17,0.0185185,-1.851293,0.005369,-1.845924,-0.844059,0.090902,-0.753157
ls4_4597,LS4,vocal,0.273973,13,0.0410959,-0.033419,0.784916,0.751498,0.850427,0.846824,1.697250
ls4_4598,LS4,vocal,0.313433,13,0,0.244484,-0.634035,-0.389552,1.127361,-0.529124,0.598237
ls4_4599,LS4,vocal,0.325301,13,0,0.328068,-0.634035,-0.305968,1.210654,-0.529124,0.681530
ls4_4600,LS4,vocal,0.384615,13,0,0.745794,-0.634035,0.111759,1.626924,-0.529124,1.097800
ls4_4601,LS4,vocal,0.368421,15,0,0.100663,-0.634035,-0.533372,1.042568,-0.529124,0.513444
ls4_4602,LS4,vocal,0.4,9,0.0222222,1.916302,0.133250,2.049552,2.676301,0.214907,2.891208
ls4_4603,LS4,vocal,0.434211,12,0.0526316,1.360613,1.183219,2.543832,2.210337,1.233055,3.443392
ls4_4604,LS4,vocal,0.47541,14,0.0163934,1.119683,-0.068005,1.051677,2.028773,0.019751,2.048524
ls4_4605,LS4,vocal,0.210526,15,0.0350877,-1.011326,0.577467,-0.433859,-0.065546,0.645662,0.580116
ls4_4606,LS4,vocal,0.229167,10,0.09375,0.447651,2.602949,3.050600,1.242031,2.609757,3.851788
ls4_4607,LS4,vocal,0.123457,8,0.0740741,0.234259,1.923582,2.157841,0.970856,1.950980,2.921836
ls4_4608,LS4,vocal,0.196262,9,0.0186916,0.481455,0.011345,0.492799,1.246454,0.096696,1.343150
ls4_4609,LS4,vocal,0.114286,17,0.1,-2.220191,2.818748,0.598557,-1.211672,2.819016,1.607344
ls4_4610,LS4,vocal,0.235294,15,0.0784314,-0.836896,2.074030,1.237133,0.108276,2.096868,2.205144
ls4_4611,LS4,vocal,0.442857,17,0,0.093807,-0.634035,-0.540229,1.094261,-0.529124,0.565137
ls4_4612,LS4,vocal,0.228261,10,0.0652174,0.441272,1.617780,2.059052,1.235674,1.654445,2.890119
ls4_4613,LS4,vocal,0.376884,20,0.0150754,-1.167433,-0.113515,-1.280949,-0.074794,-0.024379,-0.099173
ls4_4614,LS4,vocal,0.489362,15,0,0.952400,-0.634035,0.318365,1.891336,-0.529124,1.362212
ls4_4615,LS4,vocal,0.415385,15,0.0307692,0.431409,0.428359,0.859768,1.372161,0.501073,1.873234
ls4_4616,LS4,vocal,0.411765,14,0.0392157,0.671456,0.719997,1.391453,1.582108,0.783872,2.365980
ls4_4617,LS4,vocal,0.245283,15,0.0566038,-0.766549,1.320370,0.553821,0.178378,1.366049,1.544428
ls4_4618,LS4,vocal,0.352941,17,0.147059,-0.539436,4.443587,3.904151,0.463226,4.394611,4.857837
ls4_4619,LS4,vocal,0.0694444,10,0,-0.677208,-0.634035,-1.311244,0.121091,-0.529124,-0.408033
ls4_4620,LS4,vocal,0.288462,12,0.0769231,0.334161,2.021951,2.356113,1.187462,2.046368,3.233831
ls4_4621,LS4,vocal,0.221053,12,0.0315789,-0.140573,0.456317,0.315744,0.714383,0.528183,1.242566
ls4_4622,LS4,vocal,0.386139,17,0,-0.305639,-0.634035,-0.939675,0.696208,-0.529124,0.167083
ls4_4623,LS4,vocal,0.425,10,0,1.826827,-0.634035,1.192792,2.616401,-0.529124,2.087276
ls4_4624,LS4,vocal,0.204082,15,0.0204082,-1.056713,0.070614,-0.986099,-0.110775,0.154170,0.043394
ls4_4625,LS4,vocal,0.294118,12,0.0147059,0.373995,-0.126273,0.247722,1.227157,-0.036751,1.190407
ls4_4626,LS4,vocal,0.457666,10,0.0434783,2.056880,0.867175,2.924055,2.845652,0.926589,3.772241
ls4_4627,LS4,vocal,0.136364,15,0.0454545,-1.533624,0.935411,-0.598213,-0.586024,0.992758,0.406733
ls4_4628,LS4,vocal,0.247525,17,0.029703,-1.281841,0.391544,-0.890298,-0.276592,0.465373,0.188780
ls4_4629,LS4,vocal,0.219048,17,0.0285714,-1.482394,0.352474,-1.129920,-0.476447,0.427487,-0.048959
ls4_4630,LS4,vocal,0.2,17,0.02,-1.616539,0.056521,-1.560018,-0.610124,0.140504,-0.469620
ls4_4631,LS4,vocal,0.405405,12,0,1.157750,-0.634035,0.523715,2.008181,-0.529124,1.479057
ls4_4632,LS4,vocal,0.176471,10,0.0392157,0.076534,0.719997,0.796531,0.872207,0.783872,1.656079
ls4_4633,LS4,vocal,0.345238,12,0.0238095,0.734016,0.188056,0.922071,1.585924,0.268052,1.853976
ls4_4634,LS4,vocal,0.330189,12,0.0660377,0.628029,1.646104,2.274133,1.480306,1.681912,3.162218
ls4_4635,LS4,vocal,0.2,12,0.0307692,-0.288838,0.428359,0.139521,0.566634,0.501073,1.067707
ls4_4636,LS4,vocal,0.458333,12,0.0208333,1.530500,0.085294,1.615795,2.379632,0.168405,2.548038
ls4_4637,LS4,vocal,0.275,14,0.025,-0.291724,0.229160,-0.062563,0.622285,0.307911,0.930196
ls4_4638,LS4,vocal,0.329114,14,0.0506329,0.089379,1.114209,1.203588,1.002060,1.166137,2.168197
ls4_4639,LS4,vocal,0.336957,17,0.0652174,-0.652009,1.617780,0.965770,0.351045,1.654445,2.005490
ls4_4640,LS4,vocal,0.354582,17,0.0796813,-0.527882,2.117186,1.589304,0.474739,2.138717,2.613456
ls4_4641,LS4,vocal,0.1875,12,0.0625,-0.376871,1.523954,1.147083,0.478909,1.563463,2.042372
ls4_4642,LS4,vocal,0.363636,14,0.0151515,0.332507,-0.110886,0.221620,1.244340,-0.021830,1.222510
ls4_4643,LS4,vocal,0.404255,12,0.0425532,1.149650,0.835234,1.984884,2.000110,0.895616,2.895726
ls4_4644,LS4,vocal,0.482143,14,0.0535714,1.167101,1.215670,2.382770,2.076026,1.264522,3.340548
ls4_4645,LS4,vocal,0.435484,14,0.016129,0.838500,-0.077135,0.761365,1.748570,0.010898,1.759469
ls4_4646,LS4,vocal,0.360656,14,0.0163934,0.311516,-0.068005,0.243510,1.223422,0.019751,1.243174
ls4_4647,LS4,vocal,0.42029,14,0.057971,0.731495,1.367578,2.099073,1.641938,1.411827,3.053764
ls4_4648,LS4,vocal,0.47541,14,0.0163934,1.119683,-0.068005,1.051677,2.028773,0.019751,2.048524
ls4_4650,LS4,vocal,0.463768,14,0.0144928,1.037695,-0.133632,0.904063,1.947071,-0.043886,1.903184
ls4_4651,LS4,vocal,0.359375,14,0.015625,0.302496,-0.094538,0.207958,1.214434,-0.005977,1.208457
ls4_4652,LS4,vocal,0.416667,14,0.0208333,0.705978,0.085294,0.791272,1.616510,0.168405,1.784915
ls4_4653,LS4,vocal,0.127273,9,0.0545455,-0.004407,1.249301,1.244894,0.762285,1.297134,2.059419
ls4_4654,LS4,vocal,0.272727,17,0.0545455,-1.104350,1.249301,0.144951,-0.099720,1.297134,1.197414
ls4_4655,LS4,vocal,0.291667,10,0.0138889,0.887814,-0.154482,0.733332,1.680660,-0.064105,1.616555
ls4_4656,LS4,vocal,0.389831,10,0,1.579143,-0.634035,0.945107,2.369579,-0.529124,1.840455
ls4_4657,LS4,vocal,0.368421,10,0.0175439,1.428364,-0.028284,1.400080,2.219326,0.058269,2.277595
ls4_4658,LS4,vocal,0.528571,10,0,2.556239,-0.634035,1.922204,3.343271,-0.529124,2.814147
ls4_4659,LS4,vocal,0.433333,10,0,1.885516,-0.634035,1.251480,2.674884,-0.529124,2.145760
ls4_4660,LS4,vocal,0.594937,9,0.0759494,3.289164,1.988331,5.277495,4.044378,2.013767,6.058145
ls4_4661,LS4,vocal,0.455696,9,0.0253165,2.308549,0.240087,2.548635,3.067180,0.318506,3.385686
ls4_4662,LS4,vocal,0.404959,16,0.0165289,0.092443,-0.063328,0.029116,1.063640,0.024287,1.087927
ls4_4663,LS4,vocal,0.075,17,0.05,-2.496864,1.092356,-1.404508,-1.487381,1.144946,-0.342435
ls4_4665,LS4,vocal,0.291667,17,0.0138889,-0.970967,-0.154482,-1.125450,0.033198,-0.064105,-0.030907
ls4_4666,LS4,vocal,0.369748,10,0,1.437709,-0.634035,0.803673,2.228638,-0.529124,1.699514
ls4_4667,LS4,vocal,0.288462,13,0,0.068621,-0.634035,-0.565415,0.952111,-0.529124,0.422987
ls4_4668,LS4,vocal,0.266667,13,0.0133333,-0.084872,-0.173664,-0.258536,0.799153,-0.082705,0.716448
ls4_4669,LS4,vocal,0.33913,12,0.026087,0.691002,0.266691,0.957692,1.543060,0.344304,1.887363
ls4_4670,LS4,vocal,0.338028,16,0.028169,-0.378922,0.338579,-0.040342,0.593917,0.414014,1.007931
ls4_4671,LS4,vocal,0.247312,15,0,-0.752260,-0.634035,-1.386296,0.192617,-0.529124,-0.336508
ls4_4672,LS4,vocal,0.38806,15,0.0298507,0.238971,0.396646,0.635617,1.180393,0.470321,1.650714
ls4_4673,LS4,vocal,0.243243,12,0.0540541,0.015707,1.232334,1.248040,0.870118,1.280681,2.150799
ls4_4674,LS4,vocal,0.355556,13,0.0222222,0.541137,0.133250,0.674387,1.422980,0.214907,1.637888
ls4_4675,LS4,vocal,0.204545,12,0,-0.256826,-0.634035,-0.890862,0.598535,-0.529124,0.069410
ls4_4676,LS4,vocal,0.245614,12,0.0175439,0.032403,-0.028284,0.004119,0.886756,0.058269,0.945025
ls4_4677,LS4,vocal,0.227273,14,0.0151515,-0.627848,-0.110886,-0.738734,0.287333,-0.021830,0.265502
ls4_4678,LS4,vocal,0.157895,14,0.0175439,-1.116449,-0.028284,-1.144733,-0.199566,0.058269,-0.141297
ls4_4679,LS4,vocal,0.319149,14,0.0212766,0.019200,0.100599,0.119799,0.932125,0.183246,1.115371
ls4_4680,LS4,vocal,0.26087,13,0,-0.125698,-0.634035,-0.759734,0.758469,-0.529124,0.229345
ls4_4681,LS4,vocal,0.146341,12,0,-0.666734,-0.634035,-1.300769,0.190056,-0.529124,-0.339068
ls4_4682,LS4,vocal,0.482759,16,0.0344828,0.640357,0.556579,1.196936,1.609644,0.625407,2.235051
ls4_4683,LS4,vocal,0.162162,13,0.108108,-0.820855,3.098703,2.277848,0.065735,3.090487,3.156221
ls4_4684,LS4,vocal,0.196078,14,0.0196078,-0.847537,0.042981,-0.804556,0.068409,0.127374,0.195783
ls4_4685,LS4,vocal,0.191489,17,0.12766,-1.676476,3.773773,2.097296,-0.669852,3.745097,3.075245
ls4_4686,LS4,vocal,0.303371,16,0.011236,-0.623000,-0.246082,-0.869082,0.350690,-0.152929,0.197761
ls4_4687,LS4,vocal,0.262295,16,0.0327869,-0.912280,0.498025,-0.414255,0.062418,0.568627,0.631045
ls4_4688,LS4,vocal,0.309524,15,0.0952381,-0.314126,2.654329,2.340203,0.629224,2.659581,3.288804
ls4_4689,LS4,vocal,0.272727,12,0.0545455,0.223351,1.249301,1.472652,1.077038,1.297134,2.374173
ls4_4690,LS4,vocal,0.328125,14,0.078125,0.082415,2.063451,2.145866,0.995120,2.086610,3.081730
ls4_4691,LS4,vocal,0.307692,16,0.0461538,-0.592565,0.959557,0.366992,0.381019,1.016171,1.397190
ls4_4692,LS4,vocal,0.125,17,0.0357143,-2.144734,0.599101,-1.545633,-1.136478,0.666640,-0.469838
ls4_4693,LS4,vocal,0.142857,17,0.0285714,-2.018973,0.352474,-1.666499,-1.011156,0.427487,-0.583668
ls4_4694,LS4,vocal,0.230088,15,0,-0.873558,-0.634035,-1.507593,0.071742,-0.529124,-0.457382
ls4_4695,LS4,vocal,0.301587,12,0.015873,0.426601,-0.085975,0.340626,1.279580,0.002327,1.281907
ls4_4696,LS4,vocal,0.185185,15,0.0555556,-1.189794,1.284177,0.094384,-0.243392,1.330954,1.087562
ls4_4697,LS4,vocal,0.343284,12,0.0298507,0.720251,0.396646,1.116897,1.572207,0.470321,2.042527
ls4_4698,LS4,vocal,0.218182,17,0.0181818,-1.488492,-0.006257,-1.494749,-0.482523,0.079629,-0.402894
ls4_4699,LS4,vocal,0.226415,17,0.0188679,-1.430508,0.017433,-1.413075,-0.424741,0.102600,-0.322141
ls4_4700,LS4,vocal,0.228916,17,0.0361446,-1.412898,0.613958,-0.798939,-0.407192,0.681047,0.273855
ls4_4701,LS4,vocal,0.0704225,16,0.0140845,-2.263561,-0.147728,-2.411289,-1.284154,-0.057555,-1.341709
ls4_4702,LS4,vocal,0.261538,16,0.0461538,-0.917608,0.959557,0.041949,0.057108,1.016171,1.073279
ls4_4703,LS4,vocal,0.126984,14,0.047619,-1.334140,1.010147,-0.323993,-0.416499,1.065228,0.648730
ls4_4704,LS4,vocal,0.206897,14,0.0344828,-0.771349,0.556579,-0.214770,0.144331,0.625407,0.769738
ls4_4705,LS4,vocal,0.339623,14,0.0754717,0.163388,1.971839,2.135226,1.075811,1.997774,3.073585
ls4_4706,LS4,vocal,0.315789,14,0.0526316,-0.004460,1.183219,1.178759,0.908548,1.233055,2.141603
ls4_4707,LS4,vocal,0.392157,14,0.0588235,0.533365,1.397013,1.930379,1.444499,1.440370,2.884869
ls4_4708,LS4,vocal,0.206349,9,0.031746,0.552497,0.462086,1.014583,1.317248,0.533777,1.851026
ls4_4709,LS4,vocal,0.155172,12,0,-0.604541,-0.634035,-1.238576,0.252032,-0.529124,-0.277092
ls4_4710,LS4,vocal,0.164835,12,0.0549451,-0.536490,1.263098,0.726608,0.319845,1.310513,1.630359
ls4_4711,LS4,vocal,0.294118,13,0.0352941,0.108455,0.584594,0.693048,0.991806,0.652572,1.644378
ls4_4712,LS4,vocal,0.0816327,15,0.142857,-1.919073,4.298512,2.379439,-0.970129,4.253933,3.283804
ls4_4713,LS4,vocal,0.142857,8,0.0857143,0.370888,2.325493,2.696381,1.107009,2.340710,3.447719
ls4_4714,LS4,vocal,0.313433,17,0.0447761,-0.817677,0.911987,0.094310,0.185954,0.970043,1.155997
ls4_4715,LS4,vocal,0.3,14,0.04,-0.115659,0.747078,0.631419,0.797737,0.810132,1.607869
ls4_4716,LS4,vocal,0.175439,12,0.0350877,-0.461814,0.577467,0.115653,0.394261,0.645662,1.039923
ls4_4717,LS4,vocal,0.1875,12,0.0729167,-0.376871,1.883619,1.506748,0.478909,1.912228,2.391137
ls4_4718,LS4,vocal,0.246154,8,0.0307692,1.098366,0.428359,1.526725,1.831951,0.501073,2.333024
ls4_4719,LS4,vocal,0.307692,8,0,1.531756,-0.634035,0.897721,2.263832,-0.529124,1.734708
ls4_4720,LS4,vocal,0.307692,8,0.0576923,1.531756,1.357955,2.889711,2.263832,1.402495,3.666327
ls4_4721,LS4,vocal,0.147541,15,0.0491803,-1.454907,1.064055,-0.390852,-0.507581,1.117502,0.609921
ls4_4722,LS4,vocal,0.133333,15,0.05,-1.554965,1.092356,-0.462609,-0.607291,1.144946,0.537655
ls4_4723,LS4,vocal,0.397059,17,0.0882353,-0.228733,2.412538,2.183805,0.772846,2.425117,3.197963
ls4_4724,LS4,vocal,0.434783,17,0.144928,0.036941,4.369998,4.406939,1.037594,4.323253,5.360847
ls4_4725,LS4,vocal,0.405797,17,0.0869565,-0.167192,2.368385,2.201192,0.834172,2.382302,3.216474
ls4_4726,LS4,vocal,0.366197,17,0.112676,-0.446079,3.256424,2.810345,0.556257,3.243428,3.799685
ls4_4727,LS4,vocal,0.430556,17,0.0833333,0.007171,2.243284,2.250455,1.007928,2.260993,3.268921
ls4_4728,LS4,vocal,0.358974,17,0.102564,-0.496946,2.907280,2.410334,0.505567,2.904866,3.410433
ls4_4729,LS4,vocal,0.191176,17,0.102941,-1.678680,2.920300,1.241620,-0.672048,2.917491,2.245443
ls4_4730,LS4,vocal,0.0592105,13,0.0592105,-1.545902,1.410376,-0.135527,-0.656786,1.453327,0.796541
ls4_4731,LS4,vocal,0.205128,17,0.0641026,-1.580423,1.579287,-0.001136,-0.574134,1.617119,1.042986
ls4_4732,LS4,vocal,0.0227273,12,0.0909091,-1.537299,2.504858,0.967559,-0.677476,2.514640,1.837164
ls4_4733,LS4,vocal,0.448276,12,0.0517241,1.459669,1.151887,2.611556,2.309049,1.202672,3.511721
ls4_4734,LS4,vocal,0.308824,17,0.102941,-0.850139,2.920300,2.070161,0.153606,2.917491,3.071096
ls4_4735,LS4,vocal,0.202899,17,0.115942,-1.596126,3.369191,1.773065,-0.589782,3.352777,2.762996
ls4_4736,LS4,vocal,0.452381,14,0,0.957500,-0.634035,0.323464,1.867155,-0.529124,1.338031
ls4_4737,LS4,vocal,0.230769,14,0.0384615,-0.603223,0.693958,0.090735,0.311871,0.758622,1.070493
ls4_4738,LS4,vocal,0.205128,12,0.0512821,-0.252722,1.136622,0.883900,0.602624,1.187871,1.790495
ls4_4739,LS4,vocal,0.234043,12,0.0638298,-0.049090,1.569869,1.520778,0.805547,1.607987,2.413533
ls4_4740,LS4,vocal,0.426667,12,0.04,1.307485,0.747078,2.054562,2.157394,0.810132,2.967526
ls4_4741,LS4,vocal,0.195652,12,0.0869565,-0.319458,2.368385,2.048926,0.536121,2.382302,2.918423
ls4_4742,LS4,vocal,0.269841,12,0.0793651,0.203026,2.106269,2.309294,1.056784,2.128130,3.184914
ls4_4743,LS4,vocal,0.191489,12,0.0638298,-0.348775,1.569869,1.221093,0.506906,1.607987,2.114893
ls4_4744,LS4,vocal,0.278689,12,0.0163934,0.265334,-0.068005,0.197328,1.118875,0.019751,1.138626
ls4_4745,LS4,vocal,0.324675,12,0.0909091,0.589200,2.504858,3.094058,1.441613,2.514640,3.956252
ls4_4746,LS4,vocal,0.209677,12,0.0645161,-0.220684,1.593566,1.372882,0.634551,1.630966,2.265517
ls4_4747,LS4,vocal,0.366197,12,0.028169,0.881622,0.338579,1.220202,1.733016,0.414014,2.147030
ls4_4748,LS4,vocal,0.339623,14,0,0.163388,-0.634035,-0.470648,1.075811,-0.529124,0.546687
ls4_4749,LS4,vocal,0.233333,10,0.0333333,0.476996,0.516892,0.993888,1.271273,0.586923,1.858195
ls4_4750,LS4,vocal,0.0483871,17,0.0806452,-2.684288,2.150467,-0.533821,-1.674152,2.170989,0.496837
ls4_4751,LS4,vocal,0.25,14,0,-0.467789,-0.634035,-1.101824,0.446834,-0.529124,-0.082290
ls4_4752,LS4,vocal,0.35,15,0.05,-0.029069,1.092356,1.063287,0.913288,1.144946,2.058234
ls4_4753,LS4,vocal,0.256757,12,0.135135,0.110877,4.031887,4.142764,0.964956,3.995389,4.960346
ls4_4754,LS4,vocal,0.324675,15,0.012987,-0.207420,-0.185622,-0.393042,0.735558,-0.094301,0.641257
ls4_4755,LS4,vocal,0.535714,10,0.0178571,2.606544,-0.017467,2.589077,3.393400,0.068758,3.462158
ls4_4756,LS4,vocal,0.254545,12,0.0181818,0.095304,-0.006257,0.089047,0.949437,0.079629,1.029066
ls4_4757,LS4,vocal,0.191489,9,0.0425532,0.447845,0.835234,1.283079,1.212961,0.895616,2.108577
ls4_4758,LS4,vocal,0.454545,12,0.0545455,1.503824,1.249301,2.753124,2.353049,1.297134,3.650183
ls4_4759,LS4,vocal,0.189189,14,0.027027,-0.896055,0.299149,-0.596906,0.020060,0.375779,0.395839
ls4_4760,LS4,vocal,0.236364,12,0.0363636,-0.032744,0.621522,0.588778,0.821836,0.688381,1.510218
ls4_4761,LS4,vocal,0.256757,15,0,-0.685744,-0.634035,-1.319779,0.258902,-0.529124,-0.270223
ls4_4762,LS4,vocal,0.355263,15,0.0263158,0.007998,0.274592,0.282589,0.950225,0.351965,1.302191
ls4_4763,LS4,vocal,0.2,12,0.06,-0.288838,1.437634,1.148796,0.566634,1.479760,2.046394
ls4_4764,LS4,vocal,0.173077,12,0.0384615,-0.478447,0.693958,0.215511,0.377687,0.758622,1.136309
ls4_4765,LS4,vocal,0.0638298,15,0.0425532,-2.044451,0.835234,-1.209217,-1.095071,0.895616,-0.199455
ls4_4766,LS4,vocal,0.111111,14,0.015873,-1.445927,-0.085975,-1.531902,-0.527896,0.002327,-0.525570
ls4_4767,LS4,vocal,0.309091,10,0.0181818,1.010526,-0.006257,1.004269,1.802944,0.079629,1.882573
ls4_4768,LS4,vocal,0.231884,12,0.0724638,-0.064292,1.867981,1.803690,0.790398,1.897064,2.687463
ls4_4769,LS4,vocal,0.307692,8,0.0384615,1.531756,0.693958,2.225714,2.263832,0.758622,3.022454
ls4_4770,LS4,vocal,0.269231,12,0.0576923,0.198726,1.357955,1.556681,1.052500,1.402495,2.454995
ls4_4771,LS4,vocal,0.2,13,0.0307692,-0.554378,0.428359,-0.126019,0.331283,0.501073,0.832355
ls4_4772,LS4,vocal,0.291667,17,0.0208333,-0.970967,0.085294,-0.885673,0.033198,0.168405,0.201603
ls4_4773,LS4,vocal,0.296875,12,0.03125,0.393414,0.444959,0.838373,1.246509,0.517170,1.763678
ls4_4774,LS4,vocal,0.328571,15,0.0571429,-0.179982,1.338983,1.159002,0.762901,1.384099,2.147000
ls4_4775,LS4,vocal,0.22973,15,0,-0.876084,-0.634035,-1.510120,0.069224,-0.529124,-0.459900
ls4_4776,LS4,vocal,0.369565,12,0,0.905342,-0.634035,0.271306,1.756653,-0.529124,1.227529
ls4_4777,LS4,vocal,0.446429,8,0,2.508820,-0.634035,1.874785,3.237491,-0.529124,2.708367
ls4_4778,LS4,vocal,0.350877,15,0,-0.022891,-0.634035,-0.656926,0.919444,-0.529124,0.390320
ls4_4779,LS4,vocal,0.274194,12,0.016129,0.233677,-0.077135,0.156542,1.087329,0.010898,1.098227
ls4_4780,LS4,vocal,0.444444,12,0,1.432686,-0.634035,0.798651,2.282159,-0.529124,1.753035
ls4_4781,LS4,vocal,0.145833,12,0.0208333,-0.670312,0.085294,-0.585018,0.186490,0.168405,0.354895
ls4_4782,LS4,vocal,0.242424,14,0.0454545,-0.521142,0.935411,0.414270,0.393667,0.992758,1.386425
ls4_4783,LS4,vocal,0.175,15,0.05,-1.261524,1.092356,-0.169168,-0.314872,1.144946,0.830074
ls4_4784,LS4,vocal,0.140351,13,0.0175439,-0.974463,-0.028284,-1.002747,-0.087338,0.058269,-0.029069
ls4_4785,LS4,vocal,0.134328,13,0.0149254,-1.016877,-0.118695,-1.135572,-0.129605,-0.029402,-0.159006
ls4_4786,LS4,vocal,0.0980392,16,0.0784314,-2.069068,2.074030,0.004962,-1.090339,2.096868,1.006529
ls4_4787,LS4,vocal,0.381443,15,0.0309278,0.192374,0.433836,0.626209,1.133959,0.506383,1.640342
ls4_4788,LS4,vocal,0.176471,13,0.0882353,-0.720087,2.412538,1.692451,0.166152,2.425117,2.591269
ls4_4789,LS4,vocal,0.288462,14,0,-0.196919,-0.634035,-0.830955,0.716759,-0.529124,0.187635
ls4_4790,LS4,vocal,0.148148,15,0.0185185,-1.450631,0.005369,-1.445262,-0.503320,0.090902,-0.412418
ls4_4791,LS4,vocal,0.285714,14,0,-0.216267,-0.634035,-0.850303,0.697479,-0.529124,0.168355
ls4_4792,LS4,vocal,0.358333,17,0.0166667,-0.501461,-0.058572,-0.560032,0.501069,0.028899,0.529968
ls4_4793,LS4,vocal,0.407407,16,0.0123457,0.109688,-0.207766,-0.098077,1.080825,-0.115773,0.965051
ls4_4794,LS4,vocal,0.333333,16,0.017094,-0.411986,-0.043816,-0.455802,0.560969,0.043208,0.604176
ls4_4795,LS4,vocal,0.328767,12,0,0.618017,-0.634035,-0.016018,1.470329,-0.529124,0.941205
ls4_4796,LS4,vocal,0.208333,15,0.0625,-1.026770,1.523954,0.497183,-0.080937,1.563463,1.482527
ls4_4797,LS4,vocal,0.282051,10,0.128205,0.820097,3.792609,4.612706,1.613178,3.763363,5.376541
ls4_4798,LS4,vocal,0.439024,10,0,1.925595,-0.634035,1.291560,2.714824,-0.529124,2.185700
ls4_4799,LS4,vocal,0.48,12,0.02,1.683090,0.056521,1.739611,2.531690,0.140504,2.672194
ls4_4800,LS4,vocal,0.242857,12,0,0.012988,-0.634035,-0.621048,0.867408,-0.529124,0.338284
ls4_4801,LS4,vocal,0.09375,19,0,-2.895896,-0.634035,-3.529931,-1.826496,-0.529124,-2.355620
ls4_4802,LS4,vocal,0.308824,9,0.0588235,1.274183,1.397013,2.671196,2.036419,1.440370,3.476789
ls4_4803,LS4,vocal,0.211538,10,0.0384615,0.323503,0.693958,1.017461,1.118315,0.758622,1.876937
ls4_4804,LS4,vocal,0.211538,10,0.0384615,0.323503,0.693958,1.017461,1.118315,0.758622,1.876937
ls4_4805,LS4,vocal,0.324324,14,0.045045,0.055648,0.921272,0.976920,0.968446,0.979047,1.947493
ls4_4806,LS4,vocal,0.0327869,10,0,-0.935373,-0.634035,-1.569408,-0.136174,-0.529124,-0.665298
ls4_4807,LS4,vocal,0.52459,15,0.0327869,1.200500,0.498025,1.698525,2.138572,0.568627,2.707199
ls4_4808,LS4,vocal,0.614286,10,0,3.159891,-0.634035,2.525855,3.944819,-0.529124,3.415694
ls4_4809,LS4,vocal,0.254545,15,0,-0.701317,-0.634035,-1.335352,0.243383,-0.529124,-0.285742
ls4_4810,LS4,vocal,0.0375,17,0.05,-2.760962,1.092356,-1.668606,-1.750558,1.144946,-0.605612
ls4_4811,LS4,vocal,0.454545,14,0.0454545,0.972743,0.935411,1.908155,1.882346,0.992758,2.875103
ls4_4812,LS4,vocal,0.404255,13,0.0212766,0.884110,0.100599,0.984709,1.764758,0.183246,1.948004
ls4_4813,LS4,vocal,0.402597,13,0,0.872434,-0.634035,0.238399,1.753123,-0.529124,1.223999
ls4_4814,LS4,vocal,0.226415,12,0.0377358,-0.102807,0.668902,0.566094,0.752017,0.734325,1.486342
ls4_4815,LS4,vocal,0.397059,15,0,0.302348,-0.634035,-0.331688,1.243550,-0.529124,0.714425
ls4_4816,LS4,vocal,0.259259,13,0.037037,-0.137039,0.644773,0.507734,0.747168,0.710928,1.458095
ls4_4817,LS4,vocal,0.388235,15,0,0.240207,-0.634035,-0.393828,1.181625,-0.529124,0.652501
ls4_4818,LS4,vocal,0.445946,13,0,1.177721,-0.634035,0.543685,2.057345,-0.529124,1.528221
ls4_4819,LS4,vocal,0.376471,15,0.0235294,0.157353,0.178384,0.335737,1.099060,0.258674,1.357734
ls4_4820,LS4,vocal,0.236364,13,0.0363636,-0.298284,0.621522,0.323238,0.586485,0.688381,1.274866
ls4_4821,LS4,vocal,0.326733,9,0,1.400310,-0.634035,0.766275,2.162106,-0.529124,1.632982
ls4_4822,LS4,vocal,0.0597015,13,0.104478,-1.542445,2.973350,1.430905,-0.653340,2.968933,2.315592
ls4_4823,LS4,vocal,0.0307692,13,0.0153846,-1.746203,-0.102838,-1.849041,-0.856389,-0.014026,-0.870414
ls4_4824,LS4,vocal,0.15625,14,0.015625,-1.128032,-0.094538,-1.222570,-0.211109,-0.005977,-0.217086
ls4_4825,LS4,vocal,0.339623,19,0,-1.164313,-0.634035,-1.798349,-0.100947,-0.529124,-0.630072
ls4_4826,LS4,vocal,0.276596,13,0.0212766,-0.014945,0.100599,0.085654,0.868836,0.183246,1.052082
ls4_4827,LS4,vocal,0.25,13,0.0333333,-0.202248,0.516892,0.314644,0.682186,0.586923,1.269108
ls4_4828,LS4,vocal,0.03125,12,0.09375,-1.477277,2.602949,1.125672,-0.617663,2.609757,1.992094
ls4_4829,LS4,vocal,0.350877,12,0.0350877,0.773730,0.577467,1.351197,1.625499,0.645662,2.271161
ls4_4830,LS4,vocal,0.282353,10,0,0.822221,-0.634035,0.188186,1.615295,-0.529124,1.086171
ls4_4831,LS4,vocal,0.185185,15,0,-1.189794,-0.634035,-1.823829,-0.243392,-0.529124,-0.772516
ls4_4832,LS4,vocal,0.282051,10,0,0.820097,-0.634035,0.186061,1.613178,-0.529124,1.084054
ls4_4833,LS4,vocal,0.0882353,12,0.0588235,-1.075952,1.397013,0.321061,-0.217737,1.440370,1.222633
ls4_4834,LS4,vocal,0.234375,14,0.09375,-0.577829,2.602949,2.025119,0.337177,2.609757,2.946934
ls4_4835,LS4,vocal,0.477612,14,0.0149254,1.135191,-0.118695,1.016497,2.044228,-0.029402,2.014826
ls4_4836,LS4,vocal,0.405797,12,0,1.160509,-0.634035,0.526473,2.010930,-0.529124,1.481806
ls4_4837,LS4,vocal,0.341463,12,0.0365854,0.707432,0.629178,1.336610,1.559433,0.695805,2.255238
ls4_4838,LS4,vocal,0.40625,13,0.0416667,0.898158,0.804624,1.702782,1.778757,0.865934,2.644691
ls4_4839,LS4,vocal,0.27027,17,0.108108,-1.121654,3.098703,1.977049,-0.116963,3.090487,2.973524
ls4_4840,LS4,vocal,0.275,20,0.1,-1.884965,2.818748,0.933783,-0.789825,2.819016,2.029191
ls4_4841,LS4,vocal,0.282051,13,0.025641,0.023476,0.251294,0.274770,0.907123,0.329373,1.236497
ls4_4842,LS4,vocal,0.0985915,14,0.112676,-1.534098,3.256424,1.722326,-0.615759,3.243428,2.627669
ls4_4843,LS4,vocal,0.345238,12,0.0238095,0.734016,0.188056,0.922071,1.585924,0.268052,1.853976
ls4_4844,LS4,vocal,0.417582,12,0,1.243508,-0.634035,0.609472,2.093640,-0.529124,1.564516
ls4_4845,LS4,vocal,0.215278,15,0.0277778,-0.977863,0.325071,-0.652793,-0.032200,0.400915,0.368714
ls4_4846,LS4,vocal,0.144,17,0.024,-2.010925,0.194632,-1.816292,-1.003135,0.274430,-0.728706
ls4_4847,LS4,vocal,0.234043,17,0.0496454,-1.376791,1.080112,-0.296679,-0.371211,1.133073,0.761862
rs1_0001,RS1,vocal,0.352941,5,0,2.647047,-0.634035,2.013011,3.287446,-0.529124,2.758322
rs1_0002,RS1,vocal,0.181818,5,0,1.441896,-0.634035,0.807860,2.086495,-0.529124,1.557371
rs1_0003,RS1,vocal,0.222973,5,0.0675676,1.731733,1.698926,3.430659,2.375321,1.733133,4.108454
rs1_0004,RS1,vocal,0.333333,4,0,2.774497,-0.634035,2.140461,3.385188,-0.529124,2.856064
rs1_0005,RS1,vocal,0.26087,5,0,1.998623,-0.634035,1.364588,2.641282,-0.529124,2.112158
rs1_0006,RS1,vocal,0.214286,5,0.0714286,1.670552,1.832238,3.502790,2.314354,1.862404,4.176758
rs1_0007,RS1,vocal,0.2,5,0,1.569943,-0.634035,0.935908,2.214096,-0.529124,1.684972
rs1_0008,RS1,vocal,0.0526316,5,0,0.532086,-0.634035,-0.101949,1.179856,-0.529124,0.650732
rs1_0009,RS1,vocal,0.419355,5,0.0645161,3.114772,1.593566,4.708338,3.753541,1.630966,5.384507
rs1_0010,RS1,vocal,0.444444,5,0,3.291468,-0.634035,2.657432,3.929621,-0.529124,3.400497
rs1_0011,RS1,vocal,0.318519,5,0.0592593,2.404622,1.412058,3.816680,3.045866,1.454959,4.500824
rs1_0012,RS1,vocal,0.368421,5,0.0526316,2.756065,1.183219,3.939284,3.396084,1.233055,4.629139
rs1_0013,RS1,vocal,0.317241,5,0.062069,2.395627,1.509071,3.904699,3.036903,1.549032,4.585934
rs1_0014,RS1,vocal,0.166667,5,0,1.335190,-0.634035,0.701154,1.980161,-0.529124,1.451036
rs1_0015,RS1,vocal,0.27551,5,0.0408163,2.101731,0.775264,2.876995,2.744031,0.837464,3.581494
rs1_0016,RS1,vocal,0.166667,5,0,1.335190,-0.634035,0.701154,1.980161,-0.529124,1.451036
rs1_0017,RS1,vocal,0.416667,6,0,2.830300,-0.634035,2.196264,3.499323,-0.529124,2.970199
rs1_0018,RS1,vocal,0.258065,7,0,1.447788,-0.634035,0.813753,2.150893,-0.529124,1.621769
rs1_0019,RS1,vocal,0.129032,4,0,1.335686,-0.634035,0.701651,1.951392,-0.529124,1.422268
rs1_0020,RS1,vocal,0.157895,7,0,0.742332,-0.634035,0.108297,1.447895,-0.529124,0.918771
rs1_0021,RS1,vocal,0.214286,5,0,1.670552,-0.634035,1.036516,2.314354,-0.529124,1.785230
rs1_0022,RS1,vocal,0.3,5,0,2.274203,-0.634035,1.640168,2.915902,-0.529124,2.386777
rs1_0023,RS1,vocal,0.173913,3,0,1.917304,-0.634035,1.283268,2.501719,-0.529124,1.972595
rs1_0024,RS1,vocal,0.7,3,0,5.622324,-0.634035,4.988288,6.193828,-0.529124,5.664704
rs1_0025,RS1,vocal,0.387097,5,0,2.887591,-0.634035,2.253556,3.527152,-0.529124,2.998028
rs1_0026,RS1,vocal,0.235294,7,0,1.287425,-0.634035,0.653390,1.991089,-0.529124,1.461965
rs1_0027,RS1,vocal,0.0833333,5,0,0.748307,-0.634035,0.114271,1.395322,-0.529124,0.866198
rs1_0028,RS1,vocal,0.047619,5,0,0.496785,-0.634035,-0.137250,1.144678,-0.529124,0.615553
rs1_0029,RS1,vocal,0.258065,7,0,1.447788,-0.634035,0.813753,2.150893,-0.529124,1.621769
rs1_0030,RS1,vocal,0.16,5,0,1.288239,-0.634035,0.654204,1.933374,-0.529124,1.404249
rs1_0031,RS1,vocal,0.266667,7,0,1.508369,-0.634035,0.874334,2.211263,-0.529124,1.682139
rs1_0032,RS1,vocal,0.111111,7,0,0.412854,-0.634035,-0.221182,1.119565,-0.529124,0.590441
rs1_0033,RS1,vocal,0.235294,5,0,1.818506,-0.634035,1.184470,2.461792,-0.529124,1.932668
rs1_0034,RS1,vocal,0.102564,5,0,0.883741,-0.634035,0.249706,1.530285,-0.529124,1.001161
rs1_0035,RS1,vocal,0.129032,5,0,1.070146,-0.634035,0.436110,1.716040,-0.529124,1.186916
rs1_0036,RS1,vocal,0.117647,5,0,0.989964,-0.634035,0.355929,1.636138,-0.529124,1.107014
rs1_0037,RS1,vocal,0,5,0,0.161423,-0.634035,-0.472612,0.810484,-0.529124,0.281360
rs1_0038,RS1,vocal,0,7,0,-0.369657,-0.634035,-1.003693,0.339781,-0.529124,-0.189343
rs1_0039,RS1,vocal,0.230769,7,0,1.255558,-0.634035,0.621523,1.959333,-0.529124,1.430209
rs1_0040,RS1,vocal,0,7,0,-0.369657,-0.634035,-1.003693,0.339781,-0.529124,-0.189343
rs1_0041,RS1,vocal,0.266667,7,0,1.508369,-0.634035,0.874334,2.211263,-0.529124,1.682139
rs1_0042,RS1,vocal,0.190476,9,0,0.440710,-0.634035,-0.193325,1.205851,-0.529124,0.676727
rs1_0043,RS1,vocal,0.129032,7,0,0.539065,-0.634035,-0.094970,1.245337,-0.529124,0.716213
rs1_0044,RS1,vocal,0,9,0,-0.900738,-0.634035,-1.534773,-0.130922,-0.529124,-0.660046
rs1_0045,RS1,vocal,0.210526,3,0,2.175156,-0.634035,1.541121,2.758673,-0.529124,2.229549
rs1_0046,RS1,vocal,0.538462,3,0,4.484673,-0.634035,3.850637,5.060142,-0.529124,4.531018
rs1_0047,RS1,vocal,0.411765,4,0,3.326858,-0.634035,2.692822,3.935624,-0.529124,3.406500
rs1_0048,RS1,vocal,0.157895,4,0,1.538953,-0.634035,0.904917,2.153950,-0.529124,1.624826
rs1_0049,RS1,vocal,0.466667,4,0,3.713510,-0.634035,3.079475,4.320929,-0.529124,3.791805
rs1_0050,RS1,vocal,0.714286,2,0,5.988472,-0.634035,5.354437,6.529437,-0.529124,6.000313
rs1_0051,RS1,vocal,0.0666667,4,0,0.896470,-0.634035,0.262435,1.513706,-0.529124,0.984582
rs1_0052,RS1,vocal,0.222222,5,0,1.726445,-0.634035,1.092410,2.370053,-0.529124,1.840929
rs1_0053,RS1,vocal,0.333333,7,0,1.977876,-0.634035,1.343841,2.679134,-0.529124,2.150009
rs1_0054,RS1,vocal,0,5,0,0.161423,-0.634035,-0.472612,0.810484,-0.529124,0.281360
rs1_0055,RS1,vocal,0.266667,4,0,2.304990,-0.634035,1.670955,2.917318,-0.529124,2.388194
rs1_0056,RS1,vocal,0,5,0.0526316,0.161423,1.183219,1.344642,0.810484,1.233055,2.043539
rs1_0057,RS1,vocal,0.157895,4,0,1.538953,-0.634035,0.904917,2.153950,-0.529124,1.624826
rs1_0058,RS1,vocal,0.588235,4,0,4.569669,-0.634035,3.935634,5.174105,-0.529124,4.644981
rs1_0059,RS1,vocal,0.4,3,0,3.509544,-0.634035,2.875508,4.088411,-0.529124,3.559287
rs1_0060,RS1,vocal,0.205128,5,0,1.606059,-0.634035,0.972024,2.250086,-0.529124,1.720962
rs1_0061,RS1,vocal,0.0666667,3,0,1.162010,-0.634035,0.527975,1.749058,-0.529124,1.219934
rs1_0062,RS1,vocal,0.15,7,0,0.686733,-0.634035,0.052697,1.392490,-0.529124,0.863366
rs1_0063,RS1,vocal,0.733333,1,0,6.388157,-0.634035,5.754122,6.898466,-0.529124,6.369342
rs1_0064,RS1,vocal,0.52381,3,0,4.381485,-0.634035,3.747449,4.957313,-0.529124,4.428189
rs1_0065,RS1,vocal,0.216216,5,0,1.684148,-0.634035,1.050112,2.327902,-0.529124,1.798778
rs1_0066,RS1,vocal,0.16129,4,0,1.562867,-0.634035,0.928831,2.177781,-0.529124,1.648657
rs1_0067,RS1,vocal,0.588235,3,0,4.835210,-0.634035,4.201174,5.409457,-0.529124,4.880333
rs1_0068,RS1,vocal,0.466667,3,0,3.979050,-0.634035,3.345015,4.556281,-0.529124,4.027157
rs1_0069,RS1,vocal,0.533333,3,0,4.448557,-0.634035,3.814522,5.024152,-0.529124,4.495028
rs1_0070,RS1,vocal,0.129032,4,0,1.335686,-0.634035,0.701651,1.951392,-0.529124,1.422268
rs1_0071,RS1,vocal,0.266667,5,0,2.039450,-0.634035,1.405414,2.681966,-0.529124,2.152842
rs1_0072,RS1,vocal,0.176471,4,0,1.669775,-0.634035,1.035740,2.284317,-0.529124,1.755193
rs1_0073,RS1,vocal,0.266667,4,0,2.304990,-0.634035,1.670955,2.917318,-0.529124,2.388194
rs1_0074,RS1,vocal,0.3,7,0,1.743123,-0.634035,1.109087,2.445198,-0.529124,1.916074
rs1_0075,RS1,vocal,0.195122,5,0,1.535589,-0.634035,0.901554,2.179861,-0.529124,1.650737
rs1_0076,RS1,vocal,0.25641,8,0,1.170597,-0.634035,0.536562,1.903931,-0.529124,1.374807
rs1_0077,RS1,vocal,0.181818,5,0,1.441896,-0.634035,0.807860,2.086495,-0.529124,1.557371
rs1_0078,RS1,vocal,0.0952381,4,0,1.097687,-0.634035,0.463652,1.714222,-0.529124,1.185098
rs1_0079,RS1,vocal,0.388889,4,0,3.165752,-0.634035,2.531717,3.775081,-0.529124,3.245956
rs1_0080,RS1,vocal,0.05,5,0,0.513553,-0.634035,-0.120482,1.161387,-0.529124,0.632263
rs1_0081,RS1,vocal,0.0869565,4,0,1.039363,-0.634035,0.405328,1.656102,-0.529124,1.126978
rs1_0082,RS1,vocal,0.157895,5,0,1.273413,-0.634035,0.639377,1.918599,-0.529124,1.389475
rs1_0083,RS1,vocal,0.25,6,0,1.656533,-0.634035,1.022498,2.329647,-0.529124,1.800523
rs1_0084,RS1,vocal,0.1875,6,0,1.216370,-0.634035,0.582335,1.891018,-0.529124,1.361894
rs1_0085,RS1,vocal,0.105263,6,0,0.637209,-0.634035,0.003174,1.313876,-0.529124,0.784751
rs1_0086,RS1,vocal,0.266667,5,0,2.039450,-0.634035,1.405414,2.681966,-0.529124,2.152842
rs1_0087,RS1,vocal,0.111111,5,0,0.943934,-0.634035,0.309899,1.590268,-0.529124,1.061144
rs1_0088,RS1,vocal,0.235294,4,0,2.084046,-0.634035,1.450010,2.697144,-0.529124,2.168020
rs1_0089,RS1,vocal,0.15,5,0,1.217813,-0.634035,0.583778,1.863193,-0.529124,1.334069
rs1_0090,RS1,vocal,0.205128,5,0,1.606059,-0.634035,0.972024,2.250086,-0.529124,1.720962
rs1_0091,RS1,vocal,0,4,0,0.426963,-0.634035,-0.207072,1.045836,-0.529124,0.516712
rs1_0092,RS1,vocal,0,4,0,0.426963,-0.634035,-0.207072,1.045836,-0.529124,0.516712
rs1_0093,RS1,vocal,0.117647,5,0,0.989964,-0.634035,0.355929,1.636138,-0.529124,1.107014
rs1_0094,RS1,vocal,0.294118,3,0,2.763857,-0.634035,2.129821,3.345322,-0.529124,2.816198
rs1_0095,RS1,vocal,0,3,0,0.692504,-0.634035,0.058468,1.281188,-0.529124,0.752064
rs1_0096,RS1,vocal,0.0714286,5,0,0.664466,-0.634035,0.030431,1.311774,-0.529124,0.782650
rs1_0097,RS1,vocal,0,5,0,0.161423,-0.634035,-0.472612,0.810484,-0.529124,0.281360
rs1_0098,RS1,vocal,0.0666667,5,0,0.630930,-0.634035,-0.003106,1.278355,-0.529124,0.749231
rs1_0099,RS1,vocal,0.533333,5,0,3.917477,-0.634035,3.283441,4.553448,-0.529124,4.024324
rs1_0100,RS1,vocal,0.0666667,5,0,0.630930,-0.634035,-0.003106,1.278355,-0.529124,0.749231
rs1_0101,RS1,vocal,0,5,0,0.161423,-0.634035,-0.472612,0.810484,-0.529124,0.281360
rs1_0102,RS1,vocal,0.0625,7,0,0.070505,-0.634035,-0.563530,0.778410,-0.529124,0.249286
rs1_0103,RS1,vocal,0.0606061,5,0,0.588247,-0.634035,-0.045788,1.235821,-0.529124,0.706697
rs1_0104,RS1,vocal,0.105263,5,0,0.902749,-0.634035,0.268714,1.549227,-0.529124,1.020103
rs1_0105,RS1,vocal,0,5,0,0.161423,-0.634035,-0.472612,0.810484,-0.529124,0.281360
rs1_0106,RS1,vocal,0,5,0,0.161423,-0.634035,-0.472612,0.810484,-0.529124,0.281360
rs1_0107,RS1,vocal,0,5,0,0.161423,-0.634035,-0.472612,0.810484,-0.529124,0.281360
rs1_0108,RS1,vocal,0.133333,5,0,1.100437,-0.634035,0.466401,1.746225,-0.529124,1.217101
rs1_0109,RS1,vocal,0.2,7,0,1.038863,-0.634035,0.404827,1.743393,-0.529124,1.214268
rs1_0110,RS1,vocal,0.125,7,0,0.510668,-0.634035,-0.123368,1.217038,-0.529124,0.687914
rs1_0111,RS1,vocal,0.4,3,0,3.509544,-0.634035,2.875508,4.088411,-0.529124,3.559287
rs1_0112,RS1,vocal,0.266667,5,0,2.039450,-0.634035,1.405414,2.681966,-0.529124,2.152842
rs1_0113,RS1,vocal,0.0666667,3,0,1.162010,-0.634035,0.527975,1.749058,-0.529124,1.219934
rs1_0114,RS1,vocal,0.210526,3,0,2.175156,-0.634035,1.541121,2.758673,-0.529124,2.229549
rs1_0115,RS1,vocal,0,5,0,0.161423,-0.634035,-0.472612,0.810484,-0.529124,0.281360
rs1_0116,RS1,vocal,0.8,3,0,6.326584,-0.634035,5.692548,6.895634,-0.529124,6.366509
rs1_0117,RS1,vocal,0.666667,3,0,5.387570,-0.634035,4.753535,5.959893,-0.529124,5.430769
rs1_0118,RS1,vocal,0.133333,5,0,1.100437,-0.634035,0.466401,1.746225,-0.529124,1.217101
rs1_0119,RS1,vocal,0.0909091,7,0,0.270579,-0.634035,-0.363456,0.977786,-0.529124,0.448662
rs1_0120,RS1,vocal,0.097561,7,0,0.317426,-0.634035,-0.316610,1.024470,-0.529124,0.495345
rs1_0121,RS1,vocal,0.105263,7,0,0.371669,-0.634035,-0.262366,1.078524,-0.529124,0.549400
rs1_0122,RS1,vocal,0.0869565,5,0,0.773823,-0.634035,0.139788,1.420750,-0.529124,0.891626
rs1_0123,RS1,vocal,0.266667,5,0,2.039450,-0.634035,1.405414,2.681966,-0.529124,2.152842
rs1_0124,RS1,vocal,0.105263,6,0,0.637209,-0.634035,0.003174,1.313876,-0.529124,0.784751
rs1_0125,RS1,vocal,0.16129,7,0,0.766246,-0.634035,0.132211,1.471726,-0.529124,0.942602
rs1_0126,RS1,vocal,0,5,0,0.161423,-0.634035,-0.472612,0.810484,-0.529124,0.281360
rs1_0127,RS1,vocal,0,5,0,0.161423,-0.634035,-0.472612,0.810484,-0.529124,0.281360
rs1_0128,RS1,vocal,0,5,0,0.161423,-0.634035,-0.472612,0.810484,-0.529124,0.281360
rs1_0129,RS1,vocal,0.114286,5,0,0.966292,-0.634035,0.332256,1.612548,-0.529124,1.083424
rs1_0130,RS1,vocal,0.0277778,7,0,-0.174029,-0.634035,-0.808065,0.534727,-0.529124,0.005603
rs1_0131,RS1,vocal,0.193548,7,0,0.993427,-0.634035,0.359391,1.698115,-0.529124,1.168991
rs1_0132,RS1,vocal,0.0869565,7,0,0.242743,-0.634035,-0.391293,0.950047,-0.529124,0.420923
rs1_0133,RS1,vocal,0.08,7,0,0.193751,-0.634035,-0.440285,0.901226,-0.529124,0.372102
rs1_0134,RS1,vocal,0,7,0,-0.369657,-0.634035,-1.003693,0.339781,-0.529124,-0.189343
rs1_0135,RS1,vocal,0.193548,4,0,1.790047,-0.634035,1.156012,2.404170,-0.529124,1.875046
rs1_0136,RS1,vocal,0.129032,4,0,1.335686,-0.634035,0.701651,1.951392,-0.529124,1.422268
rs1_0137,RS1,vocal,0,3,0,0.692504,-0.634035,0.058468,1.281188,-0.529124,0.752064
rs1_0138,RS1,vocal,0,3,0,0.692504,-0.634035,0.058468,1.281188,-0.529124,0.752064
rs1_0139,RS1,vocal,0.133333,3,0,1.631517,-0.634035,0.997481,2.216929,-0.529124,1.687805
rs1_0140,RS1,vocal,0,3,0,0.692504,-0.634035,0.058468,1.281188,-0.529124,0.752064
rs1_0141,RS1,vocal,0.315789,3,0,2.916483,-0.634035,2.282447,3.497416,-0.529124,2.968292
rs1_0142,RS1,vocal,0.342857,3,0,3.107109,-0.634035,2.473074,3.687379,-0.529124,3.158255
rs1_0143,RS1,vocal,0.0952381,4,0,1.097687,-0.634035,0.463652,1.714222,-0.529124,1.185098
rs1_0144,RS1,vocal,0.352941,3,0,3.178127,-0.634035,2.544092,3.758149,-0.529124,3.229025
rs1_0145,RS1,vocal,0.1,3,0,1.396764,-0.634035,0.762728,1.982993,-0.529124,1.453869
rs1_0146,RS1,vocal,0.0952381,8,0,0.035526,-0.634035,-0.598509,0.772816,-0.529124,0.243692
rs1_0147,RS1,vocal,0.242424,5,0,1.868720,-0.634035,1.234685,2.511832,-0.529124,1.982708
rs1_0148,RS1,vocal,0.176471,5,0,1.404235,-0.634035,0.770200,2.048965,-0.529124,1.519841
rs1_0149,RS1,vocal,0.222222,5,0,1.726445,-0.634035,1.092410,2.370053,-0.529124,1.840929
rs1_0150,RS1,vocal,0.214286,5,0,1.670552,-0.634035,1.036516,2.314354,-0.529124,1.785230
rs1_0151,RS1,vocal,0.333333,5,0,2.508957,-0.634035,1.874921,3.149837,-0.529124,2.620713
rs1_0152,RS1,vocal,0.133333,5,0,1.100437,-0.634035,0.466401,1.746225,-0.529124,1.217101
rs1_0153,RS1,vocal,0,7,0,-0.369657,-0.634035,-1.003693,0.339781,-0.529124,-0.189343
rs1_0154,RS1,vocal,0,7,0,-0.369657,-0.634035,-1.003693,0.339781,-0.529124,-0.189343
rs1_0155,RS1,vocal,0,5,0,0.161423,-0.634035,-0.472612,0.810484,-0.529124,0.281360
rs1_0156,RS1,vocal,0,5,0,0.161423,-0.634035,-0.472612,0.810484,-0.529124,0.281360
rs1_0157,RS1,vocal,0,7,0,-0.369657,-0.634035,-1.003693,0.339781,-0.529124,-0.189343
rs1_0158,RS1,vocal,0,5,0,0.161423,-0.634035,-0.472612,0.810484,-0.529124,0.281360
rs1_0159,RS1,vocal,0,7,0,-0.369657,-0.634035,-1.003693,0.339781,-0.529124,-0.189343
rs1_0160,RS1,vocal,0,8,0,-0.635197,-0.634035,-1.269233,0.104429,-0.529124,-0.424695
rs1_0161,RS1,vocal,0,5,0,0.161423,-0.634035,-0.472612,0.810484,-0.529124,0.281360
rs1_0162,RS1,vocal,0.135135,5,0,1.113126,-0.634035,0.479090,1.758870,-0.529124,1.229746
rs1_0163,RS1,vocal,0.15625,7,0,0.730749,-0.634035,0.096714,1.436353,-0.529124,0.907228
rs1_0164,RS1,vocal,0.176471,5,0,1.404235,-0.634035,0.770200,2.048965,-0.529124,1.519841
rs1_0165,RS1,vocal,0.258065,5,0,1.978868,-0.634035,1.344833,2.621596,-0.529124,2.092472
rs1_0166,RS1,vocal,0.266667,5,0,2.039450,-0.634035,1.405414,2.681966,-0.529124,2.152842
rs1_0167,RS1,vocal,0.133333,5,0,1.100437,-0.634035,0.466401,1.746225,-0.529124,1.217101
rs1_0168,RS1,vocal,0.258065,5,0,1.978868,-0.634035,1.344833,2.621596,-0.529124,2.092472
rs1_0169,RS1,vocal,0,7,0,-0.369657,-0.634035,-1.003693,0.339781,-0.529124,-0.189343
rs1_0170,RS1,vocal,0.175439,7,0,0.865887,-0.634035,0.231851,1.571019,-0.529124,1.041895
rs1_0171,RS1,vocal,0.208333,5,0,1.628632,-0.634035,0.994596,2.272580,-0.529124,1.743456
rs1_0172,RS1,vocal,0.105263,7,0,0.371669,-0.634035,-0.262366,1.078524,-0.529124,0.549400
rs1_0173,RS1,vocal,0.258065,5,0,1.978868,-0.634035,1.344833,2.621596,-0.529124,2.092472
rs1_0174,RS1,vocal,0.333333,5,0,2.508957,-0.634035,1.874921,3.149837,-0.529124,2.620713
rs1_0175,RS1,vocal,0.0740741,9,0,-0.379064,-0.634035,-1.013099,0.388934,-0.529124,-0.140190
rs1_0176,RS1,vocal,0.0666667,5,0,0.630930,-0.634035,-0.003106,1.278355,-0.529124,0.749231
rs1_0177,RS1,vocal,0.133333,5,0,1.100437,-0.634035,0.466401,1.746225,-0.529124,1.217101
rs1_0178,RS1,vocal,0.342857,5,0,2.576029,-0.634035,1.941993,3.216675,-0.529124,2.687551
rs1_0179,RS1,vocal,0,5,0,0.161423,-0.634035,-0.472612,0.810484,-0.529124,0.281360
rs1_0180,RS1,vocal,0.40625,4,0,3.288020,-0.634035,2.653984,3.896922,-0.529124,3.367798
rs1_0181,RS1,vocal,0.0588235,5,0,0.575694,-0.634035,-0.058342,1.223311,-0.529124,0.694187
rs1_0182,RS1,vocal,0,5,0,0.161423,-0.634035,-0.472612,0.810484,-0.529124,0.281360
rs1_0183,RS1,vocal,0,5,0,0.161423,-0.634035,-0.472612,0.810484,-0.529124,0.281360
rs1_0184,RS1,vocal,0.2,3,0,2.101024,-0.634035,1.466988,2.684799,-0.529124,2.155675
rs1_0185,RS1,vocal,0.235294,5,0,1.818506,-0.634035,1.184470,2.461792,-0.529124,1.932668
rs1_0186,RS1,vocal,0.225806,5,0,1.751688,-0.634035,1.117652,2.395207,-0.529124,1.866083
rs1_0187,RS1,vocal,0.294118,7,0,1.701696,-0.634035,1.067660,2.403916,-0.529124,1.874792
rs1_0188,RS1,vocal,0.387097,5,0,2.887591,-0.634035,2.253556,3.527152,-0.529124,2.998028
rs1_0189,RS1,vocal,0.387097,3,0,3.418671,-0.634035,2.784636,3.997855,-0.529124,3.468731
rs1_0190,RS1,vocal,0.114286,9,0,-0.095869,-0.634035,-0.729904,0.671141,-0.529124,0.142017
rs1_0191,RS1,vocal,0.0869565,7,0,0.242743,-0.634035,-0.391293,0.950047,-0.529124,0.420923
rs1_0192,RS1,vocal,0.0909091,7,0,0.270579,-0.634035,-0.363456,0.977786,-0.529124,0.448662
rs1_0193,RS1,vocal,0,5,0,0.161423,-0.634035,-0.472612,0.810484,-0.529124,0.281360
rs1_0194,RS1,vocal,0,5,0,0.161423,-0.634035,-0.472612,0.810484,-0.529124,0.281360
rs1_0195,RS1,vocal,0.117647,5,0,0.989964,-0.634035,0.355929,1.636138,-0.529124,1.107014
rs1_0196,RS1,vocal,0.352941,5,0,2.647047,-0.634035,2.013011,3.287446,-0.529124,2.758322
rs1_0197,RS1,vocal,0.333333,5,0,2.508957,-0.634035,1.874921,3.149837,-0.529124,2.620713
rs1_0198,RS1,vocal,0.266667,7,0,1.508369,-0.634035,0.874334,2.211263,-0.529124,1.682139
rs1_0199,RS1,vocal,0.0740741,7,0,0.152017,-0.634035,-0.482019,0.859637,-0.529124,0.330513
rs1_0200,RS1,vocal,0.0909091,7,0,0.270579,-0.634035,-0.363456,0.977786,-0.529124,0.448662
rs1_0201,RS1,vocal,0.266667,4,0,2.304990,-0.634035,1.670955,2.917318,-0.529124,2.388194
rs1_0202,RS1,vocal,0.354839,5,0,2.660410,-0.634035,2.026375,3.300763,-0.529124,2.771639
rs1_0203,RS1,vocal,0.304348,7,0,1.773743,-0.634035,1.139707,2.475712,-0.529124,1.946587
rs1_0204,RS1,vocal,0.0952381,8,0,0.035526,-0.634035,-0.598509,0.772816,-0.529124,0.243692
rs1_0205,RS1,vocal,0.176471,7,0,0.873155,-0.634035,0.239119,1.578262,-0.529124,1.049138
rs1_0206,RS1,vocal,0.169492,5,0,1.355084,-0.634035,0.721049,1.999986,-0.529124,1.470862
rs1_0207,RS1,vocal,0.111111,7,0,0.412854,-0.634035,-0.221182,1.119565,-0.529124,0.590441
rs1_0208,RS1,vocal,0.0754717,7,0,0.161860,-0.634035,-0.472176,0.869446,-0.529124,0.340322
rs1_0209,RS1,vocal,0.0227273,6,0,0.055942,-0.634035,-0.578093,0.734634,-0.529124,0.205510
rs1_0210,RS1,vocal,0.291667,5,0,2.215515,-0.634035,1.581479,2.857418,-0.529124,2.328294
rs1_0211,RS1,vocal,0,7,0,-0.369657,-0.634035,-1.003693,0.339781,-0.529124,-0.189343
rs1_0212,RS1,vocal,0.105263,7,0,0.371669,-0.634035,-0.262366,1.078524,-0.529124,0.549400
rs1_0213,RS1,vocal,0.444444,3,0,3.822548,-0.634035,3.188513,4.400324,-0.529124,3.871200
rs1_0214,RS1,vocal,0.27907,6,0,1.861260,-0.634035,1.227224,2.533660,-0.529124,2.004536
rs1_0215,RS1,vocal,0.285714,6,0,1.908054,-0.634035,1.274019,2.580292,-0.529124,2.051168
rs1_0216,RS1,vocal,0.190476,5,0,1.502871,-0.634035,0.868835,2.147257,-0.529124,1.618133
rs1_0217,RS1,vocal,0,3,0,0.692504,-0.634035,0.058468,1.281188,-0.529124,0.752064
rs1_0218,RS1,vocal,0.225806,7,0,1.220607,-0.634035,0.586572,1.924504,-0.529124,1.395380
rs1_0219,RS1,vocal,0.08,7,0,0.193751,-0.634035,-0.440285,0.901226,-0.529124,0.372102
rs1_0220,RS1,vocal,0.130435,7,0,0.548943,-0.634035,-0.085093,1.255180,-0.529124,0.726056
rs1_0221,RS1,vocal,0.0769231,7,0,0.172081,-0.634035,-0.461954,0.879632,-0.529124,0.350508
rs1_0222,RS1,vocal,0.0344828,5,0,0.404271,-0.634035,-0.229764,1.052486,-0.529124,0.523362
rs1_0223,RS1,vocal,0.30303,7,0,1.764464,-0.634035,1.130429,2.466465,-0.529124,1.937341
rs1_0224,RS1,vocal,0.119048,5,0,0.999828,-0.634035,0.365793,1.645967,-0.529124,1.116843
rs1_0225,RS1,vocal,0.0344828,5,0,0.404271,-0.634035,-0.229764,1.052486,-0.529124,0.523362
rs1_0226,RS1,vocal,0.111111,3,0.111111,1.475015,3.202390,4.677405,2.060972,3.191031,5.252003
rs1_0227,RS1,vocal,0.146341,5,0,1.192048,-0.634035,0.558012,1.837517,-0.529124,1.308393
rs1_0228,RS1,vocal,0.04,5,0,0.443127,-0.634035,-0.190908,1.091207,-0.529124,0.562083
rs1_0229,RS1,vocal,0.210526,3,0,2.175156,-0.634035,1.541121,2.758673,-0.529124,2.229549
rs1_0230,RS1,vocal,0,5,0,0.161423,-0.634035,-0.472612,0.810484,-0.529124,0.281360
rs1_0231,RS1,vocal,0.108108,7,0,0.391705,-0.634035,-0.242330,1.098490,-0.529124,0.569366
rs1_0232,RS1,vocal,0,5,0,0.161423,-0.634035,-0.472612,0.810484,-0.529124,0.281360
rs1_0233,RS1,vocal,0,5,0,0.161423,-0.634035,-0.472612,0.810484,-0.529124,0.281360
rs1_0234,RS1,vocal,0.0444444,5,0,0.474428,-0.634035,-0.159608,1.122398,-0.529124,0.593274
rs1_0235,RS1,vocal,0.0555556,5,0,0.552679,-0.634035,-0.081357,1.200376,-0.529124,0.671252
rs1_0236,RS1,vocal,0.105263,5,0,0.902749,-0.634035,0.268714,1.549227,-0.529124,1.020103
rs1_0237,RS1,vocal,0,5,0.0243902,0.161423,0.208107,0.369530,0.810484,0.287495,1.097980
rs1_0238,RS1,vocal,0.166667,5,0,1.335190,-0.634035,0.701154,1.980161,-0.529124,1.451036
rs1_0239,RS1,vocal,0.0588235,5,0,0.575694,-0.634035,-0.058342,1.223311,-0.529124,0.694187
rs1_0240,RS1,vocal,0,5,0,0.161423,-0.634035,-0.472612,0.810484,-0.529124,0.281360
rs1_0241,RS1,vocal,0,7,0,-0.369657,-0.634035,-1.003693,0.339781,-0.529124,-0.189343
rs1_0242,RS1,vocal,0.0952381,7,0,0.301067,-0.634035,-0.332969,1.008167,-0.529124,0.479043
rs1_0243,RS1,vocal,0.047619,5,0,0.496785,-0.634035,-0.137250,1.144678,-0.529124,0.615553
rs1_0244,RS1,vocal,0.0952381,7,0,0.301067,-0.634035,-0.332969,1.008167,-0.529124,0.479043
rs1_0245,RS1,vocal,0.285714,5,0,2.173595,-0.634035,1.539559,2.815644,-0.529124,2.286520
rs1_0246,RS1,vocal,0.266667,4,0,2.304990,-0.634035,1.670955,2.917318,-0.529124,2.388194
rs1_0247,RS1,vocal,0.258065,4,0,2.244409,-0.634035,1.610373,2.856948,-0.529124,2.327823
rs1_0248,RS1,vocal,0.208333,5,0,1.628632,-0.634035,0.994596,2.272580,-0.529124,1.743456
rs1_0249,RS1,vocal,0.25,7,0,1.390993,-0.634035,0.756957,2.094295,-0.529124,1.565171
rs1_0250,RS1,vocal,0,5,0,0.161423,-0.634035,-0.472612,0.810484,-0.529124,0.281360
rs1_0251,RS1,vocal,0.166667,8,0,0.538569,-0.634035,-0.095466,1.274106,-0.529124,0.744982
rs1_0252,RS1,vocal,0.25,7,0,1.390993,-0.634035,0.756957,2.094295,-0.529124,1.565171
rs1_0253,RS1,vocal,0.190476,7,0,0.971790,-0.634035,0.337755,1.676554,-0.529124,1.147430
rs1_0254,RS1,vocal,0.102564,5,0,0.883741,-0.634035,0.249706,1.530285,-0.529124,1.001161
rs1_0255,RS1,vocal,0.156863,5,0,1.266145,-0.634035,0.632109,1.911356,-0.529124,1.382232
rs1_0256,RS1,vocal,0.266667,5,0,2.039450,-0.634035,1.405414,2.681966,-0.529124,2.152842
rs1_0257,RS1,vocal,0,8,0,-0.635197,-0.634035,-1.269233,0.104429,-0.529124,-0.424695
rs1_0258,RS1,vocal,0.15,5,0,1.217813,-0.634035,0.583778,1.863193,-0.529124,1.334069
rs1_0259,RS1,vocal,0.105263,5,0,0.902749,-0.634035,0.268714,1.549227,-0.529124,1.020103
rs1_0260,RS1,vocal,0.52381,5,0,3.850404,-0.634035,3.216369,4.486610,-0.529124,3.957486
rs1_0261,RS1,vocal,0.277778,5,0,2.117701,-0.634035,1.483666,2.759945,-0.529124,2.230821
rs1_0262,RS1,vocal,0.0952381,7,0,0.301067,-0.634035,-0.332969,1.008167,-0.529124,0.479043
rs1_0263,RS1,vocal,0.4,7,0,2.447383,-0.634035,1.813347,3.147004,-0.529124,2.617880
rs1_0264,RS1,vocal,0.384615,8,0,2.073495,-0.634035,1.439460,2.803682,-0.529124,2.274558
rs1_0265,RS1,vocal,0,7,0,-0.369657,-0.634035,-1.003693,0.339781,-0.529124,-0.189343
rs1_0266,RS1,vocal,0.0909091,9,0,-0.260501,-0.634035,-0.894537,0.507083,-0.529124,-0.022041
rs1_0267,RS1,vocal,0.285714,5,0,2.173595,-0.634035,1.539559,2.815644,-0.529124,2.286520
rs1_0268,RS1,vocal,0.35,3,0,3.157414,-0.634035,2.523378,3.737508,-0.529124,3.208384
rs1_0269,RS1,vocal,0.0909091,5,0,0.801660,-0.634035,0.167624,1.448490,-0.529124,0.919365
rs1_0270,RS1,vocal,0.26087,3,0,2.529704,-0.634035,1.895668,3.111985,-0.529124,2.582861
rs1_0271,RS1,vocal,0.333333,5,0,2.508957,-0.634035,1.874921,3.149837,-0.529124,2.620713
rs1_0272,RS1,vocal,0.229167,3,0,2.306433,-0.634035,1.672397,2.889492,-0.529124,2.360368
rs1_0273,RS1,vocal,0.173913,3,0,1.917304,-0.634035,1.283268,2.501719,-0.529124,1.972595
rs1_0274,RS1,vocal,0.125,5,0,1.041748,-0.634035,0.407713,1.687742,-0.529124,1.158617
rs1_0275,RS1,vocal,0.0526316,5,0,0.532086,-0.634035,-0.101949,1.179856,-0.529124,0.650732
rs1_0276,RS1,vocal,0,9,0,-0.900738,-0.634035,-1.534773,-0.130922,-0.529124,-0.660046
rs1_0277,RS1,vocal,0.210526,7,0,1.112995,-0.634035,0.478960,1.817267,-0.529124,1.288143
rs1_0278,RS1,vocal,0.15625,4,0,1.527370,-0.634035,0.893334,2.142407,-0.529124,1.613283
rs1_0279,RS1,vocal,0.08,9,0,-0.337330,-0.634035,-0.971365,0.430522,-0.529124,-0.098602
rs1_0280,RS1,vocal,0.0588235,7,0,0.044613,-0.634035,-0.589422,0.752608,-0.529124,0.223484
rs1_0281,RS1,vocal,0.319149,7,0,1.877981,-0.634035,1.243946,2.579587,-0.529124,2.050463
rs1_0282,RS1,vocal,0.0952381,5,0,0.832147,-0.634035,0.198112,1.478871,-0.529124,0.949747
rs1_0283,RS1,vocal,0,5,0,0.161423,-0.634035,-0.472612,0.810484,-0.529124,0.281360
rs1_0284,RS1,vocal,0.0588235,5,0,0.575694,-0.634035,-0.058342,1.223311,-0.529124,0.694187
rs1_0285,RS1,vocal,0.105263,5,0,0.902749,-0.634035,0.268714,1.549227,-0.529124,1.020103
rs1_0286,RS1,vocal,0.181818,5,0,1.441896,-0.634035,0.807860,2.086495,-0.529124,1.557371
rs1_0287,RS1,vocal,0.0952381,5,0,0.832147,-0.634035,0.198112,1.478871,-0.529124,0.949747
rs1_0288,RS1,vocal,0.0952381,5,0,0.832147,-0.634035,0.198112,1.478871,-0.529124,0.949747
rs1_0289,RS1,vocal,0,7,0,-0.369657,-0.634035,-1.003693,0.339781,-0.529124,-0.189343
rs1_0290,RS1,vocal,0,8,0,-0.635197,-0.634035,-1.269233,0.104429,-0.529124,-0.424695
rs1_0291,RS1,vocal,0,7,0,-0.369657,-0.634035,-1.003693,0.339781,-0.529124,-0.189343
rs1_0292,RS1,vocal,0.0526316,5,0.0526316,0.532086,1.183219,1.715305,1.179856,1.233055,2.412911
rs1_0293,RS1,vocal,0,5,0,0.161423,-0.634035,-0.472612,0.810484,-0.529124,0.281360
rs1_0294,RS1,vocal,0.2,5,0,1.569943,-0.634035,0.935908,2.214096,-0.529124,1.684972
rs1_0295,RS1,vocal,0.0588235,5,0,0.575694,-0.634035,-0.058342,1.223311,-0.529124,0.694187
rs1_0296,RS1,vocal,0.105263,8,0,0.106129,-0.634035,-0.527907,0.843172,-0.529124,0.314048
rs1_0297,RS1,vocal,0.266667,5,0,2.039450,-0.634035,1.405414,2.681966,-0.529124,2.152842
rs1_0298,RS1,vocal,0.16,5,0,1.288239,-0.634035,0.654204,1.933374,-0.529124,1.404249
rs1_0299,RS1,vocal,0,5,0,0.161423,-0.634035,-0.472612,0.810484,-0.529124,0.281360
rs1_0300,RS1,vocal,0.190476,7,0,0.971790,-0.634035,0.337755,1.676554,-0.529124,1.147430
rs1_0301,RS1,vocal,0.157895,4,0,1.538953,-0.634035,0.904917,2.153950,-0.529124,1.624826
rs1_0302,RS1,vocal,0.26087,8,0,1.202003,-0.634035,0.567967,1.935227,-0.529124,1.406103
rs1_0303,RS1,vocal,0.0540541,4,0,0.807644,-0.634035,0.173609,1.425190,-0.529124,0.896066
rs1_0304,RS1,vocal,0.0588235,3,0,1.106774,-0.634035,0.472739,1.694015,-0.529124,1.164890
rs1_0305,RS1,vocal,0.0434783,4,0,0.733163,-0.634035,0.099128,1.350969,-0.529124,0.821845
rs1_0306,RS1,vocal,0.05,6,0,0.248013,-0.634035,-0.386022,0.926036,-0.529124,0.396911
rs1_0307,RS1,vocal,0.173913,5,0,1.386223,-0.634035,0.752188,2.031016,-0.529124,1.501892
rs1_0308,RS1,vocal,0,8,0,-0.635197,-0.634035,-1.269233,0.104429,-0.529124,-0.424695
rs1_0309,RS1,vocal,0.105263,4,0,1.168290,-0.634035,0.534254,1.784579,-0.529124,1.255455
rs1_0310,RS1,vocal,0.133333,3,0,1.631517,-0.634035,0.997481,2.216929,-0.529124,1.687805
rs1_0311,RS1,vocal,0.105263,5,0,0.902749,-0.634035,0.268714,1.549227,-0.529124,1.020103
rs1_0312,RS1,vocal,0.342857,3,0,3.107109,-0.634035,2.473074,3.687379,-0.529124,3.158255
rs1_0313,RS1,vocal,0.0588235,3,0,1.106774,-0.634035,0.472739,1.694015,-0.529124,1.164890
rs1_0314,RS1,vocal,0,5,0,0.161423,-0.634035,-0.472612,0.810484,-0.529124,0.281360
rs1_0315,RS1,vocal,0.238095,5,0,1.838233,-0.634035,1.204197,2.481450,-0.529124,1.952326
rs1_0316,RS1,vocal,0.1,5,0,0.865683,-0.634035,0.231648,1.512290,-0.529124,0.983166
rs1_0317,RS1,vocal,0.09375,7,0,0.290587,-0.634035,-0.343449,0.997724,-0.529124,0.468600
rs1_0318,RS1,vocal,0.0465116,8,0,-0.307635,-0.634035,-0.941670,0.430851,-0.529124,-0.098273
rs1_0319,RS1,vocal,0.0434783,8,0,-0.328997,-0.634035,-0.963033,0.409562,-0.529124,-0.119562
rs1_0320,RS1,vocal,0,5,0,0.161423,-0.634035,-0.472612,0.810484,-0.529124,0.281360
rs1_0321,RS1,vocal,0.08,7,0,0.193751,-0.634035,-0.440285,0.901226,-0.529124,0.372102
rs1_0322,RS1,vocal,0.173913,5,0,1.386223,-0.634035,0.752188,2.031016,-0.529124,1.501892
rs1_0323,RS1,vocal,0.132075,10,0,-0.236123,-0.634035,-0.870159,0.560639,-0.529124,0.031515
rs1_0324,RS1,vocal,0.0869565,7,0,0.242743,-0.634035,-0.391293,0.950047,-0.529124,0.420923
rs1_0325,RS1,vocal,0.166667,5,0,1.335190,-0.634035,0.701154,1.980161,-0.529124,1.451036
rs1_0326,RS1,vocal,0,5,0,0.161423,-0.634035,-0.472612,0.810484,-0.529124,0.281360
rs1_0327,RS1,vocal,0.2,5,0,1.569943,-0.634035,0.935908,2.214096,-0.529124,1.684972
rs1_0328,RS1,vocal,0.185185,5,0,1.465608,-0.634035,0.831573,2.110125,-0.529124,1.581001
rs1_0329,RS1,vocal,0.217391,7,0,1.161343,-0.634035,0.527307,1.865446,-0.529124,1.336322
rs1_0330,RS1,vocal,0.12,7,0.04,0.475455,0.747078,1.222533,1.181948,0.810132,1.992080
rs1_0331,RS1,vocal,0.06,7,0,0.052899,-0.634035,-0.581137,0.760864,-0.529124,0.231740
rs1_0332,RS1,vocal,0,5,0,0.161423,-0.634035,-0.472612,0.810484,-0.529124,0.281360
rs1_0333,RS1,vocal,0,8,0,-0.635197,-0.634035,-1.269233,0.104429,-0.529124,-0.424695
rs1_0334,RS1,vocal,0.157143,5,0,1.268117,-0.634035,0.634082,1.913322,-0.529124,1.384198
rs1_0335,RS1,vocal,0.148148,8,0,0.408151,-0.634035,-0.225885,1.144142,-0.529124,0.615018
rs1_0336,RS1,vocal,0.137931,8,0,0.336196,-0.634035,-0.297840,1.072437,-0.529124,0.543313
rs1_0337,RS1,vocal,0.166667,8,0,0.538569,-0.634035,-0.095466,1.274106,-0.529124,0.744982
rs1_0338,RS1,vocal,0,5,0,0.161423,-0.634035,-0.472612,0.810484,-0.529124,0.281360
rs1_0339,RS1,vocal,0.03125,7,0,-0.149576,-0.634035,-0.783611,0.559095,-0.529124,0.029971
rs1_0340,RS1,vocal,0.121212,7,0,0.483991,-0.634035,-0.150044,1.190455,-0.529124,0.661331
rs1_0341,RS1,vocal,0.0606061,8,0,-0.208373,-0.634035,-0.842409,0.529766,-0.529124,0.000642
rs1_0342,RS1,vocal,0.0491803,8,0,-0.288840,-0.634035,-0.922875,0.449580,-0.529124,-0.079544
rs1_0343,RS1,vocal,0.0588235,8,0,-0.220927,-0.634035,-0.854962,0.517256,-0.529124,-0.011868
rs1_0344,RS1,vocal,0.0925926,5,0,0.813516,-0.634035,0.179480,1.460304,-0.529124,0.931180
rs1_0345,RS1,vocal,0.245902,5,0,1.893210,-0.634035,1.259175,2.536236,-0.529124,2.007112
rs1_0346,RS1,vocal,0.16,5,0,1.288239,-0.634035,0.654204,1.933374,-0.529124,1.404249
rs1_0347,RS1,vocal,0.142857,5,0,1.167509,-0.634035,0.533473,1.813064,-0.529124,1.283940
rs1_0348,RS1,vocal,0.0869565,5,0,0.773823,-0.634035,0.139788,1.420750,-0.529124,0.891626
rs1_0349,RS1,vocal,0.0869565,4,0,1.039363,-0.634035,0.405328,1.656102,-0.529124,1.126978
rs1_0350,RS1,vocal,0.0952381,4,0,1.097687,-0.634035,0.463652,1.714222,-0.529124,1.185098
rs1_0351,RS1,vocal,0.0677966,9,0,-0.423273,-0.634035,-1.057309,0.344878,-0.529124,-0.184246
rs1_0352,RS1,vocal,0.129032,5,0,1.070146,-0.634035,0.436110,1.716040,-0.529124,1.186916
rs1_0353,RS1,vocal,0.235294,7,0,1.287425,-0.634035,0.653390,1.991089,-0.529124,1.461965
rs1_0354,RS1,vocal,0.0227273,5,0.0227273,0.321482,0.150688,0.472170,0.969986,0.231817,1.201802
rs1_0355,RS1,vocal,0,5,0,0.161423,-0.634035,-0.472612,0.810484,-0.529124,0.281360
rs1_0356,RS1,vocal,0.193548,5,0,1.524507,-0.634035,0.890472,2.168818,-0.529124,1.639694
rs1_0357,RS1,vocal,0.129032,7,0,0.539065,-0.634035,-0.094970,1.245337,-0.529124,0.716213
rs1_0358,RS1,vocal,0.105263,5,0,0.902749,-0.634035,0.268714,1.549227,-0.529124,1.020103
rs1_0359,RS1,vocal,0,7,0.030303,-0.369657,0.412262,0.042605,0.339781,0.485464,0.825245
rs1_0360,RS1,vocal,0.0322581,7,0,-0.142477,-0.634035,-0.776512,0.566170,-0.529124,0.037046
rs1_0361,RS1,vocal,0.0508475,5,0,0.519521,-0.634035,-0.114514,1.167335,-0.529124,0.638211
rs1_0362,RS1,vocal,0,7,0.030303,-0.369657,0.412262,0.042605,0.339781,0.485464,0.825245
rs1_0363,RS1,vocal,0.04,7,0,-0.087953,-0.634035,-0.721989,0.620503,-0.529124,0.091379
rs1_0364,RS1,vocal,0.121212,7,0,0.483991,-0.634035,-0.150044,1.190455,-0.529124,0.661331
rs1_0365,RS1,vocal,0.0689655,5,0,0.647120,-0.634035,0.013084,1.294488,-0.529124,0.765364
rs1_0366,RS1,vocal,0.0487805,7,0,-0.026116,-0.634035,-0.660151,0.682125,-0.529124,0.153001
rs1_0367,RS1,vocal,0.137931,7,0,0.601736,-0.634035,-0.032300,1.307789,-0.529124,0.778665
rs1_0368,RS1,vocal,0.193548,7,0,0.993427,-0.634035,0.359391,1.698115,-0.529124,1.168991
rs1_0369,RS1,vocal,0,7,0,-0.369657,-0.634035,-1.003693,0.339781,-0.529124,-0.189343
rs1_0370,RS1,vocal,0.0857143,9,0,-0.297086,-0.634035,-0.931122,0.470626,-0.529124,-0.058499
rs1_0371,RS1,vocal,0.0689655,5,0,0.647120,-0.634035,0.013084,1.294488,-0.529124,0.765364
rs1_0372,RS1,vocal,0.151515,7,0.030303,0.697403,0.412262,1.109666,1.403123,0.485464,1.888587
rs1_0373,RS1,vocal,0.0606061,10,0,-0.739454,-0.634035,-1.373489,0.059063,-0.529124,-0.470061
rs1_0374,RS1,vocal,0.178571,8,0,0.622410,-0.634035,-0.011626,1.357654,-0.529124,0.828530
rs1_0375,RS1,vocal,0.0740741,5,0,0.683097,-0.634035,0.049062,1.330340,-0.529124,0.801216
rs1_0376,RS1,vocal,0.0645161,9,0,-0.446376,-0.634035,-1.080412,0.321856,-0.529124,-0.207268
rs1_0377,RS1,vocal,0.129032,7,0,0.539065,-0.634035,-0.094970,1.245337,-0.529124,0.716213
rs1_0378,RS1,vocal,0.24,9,0,0.789486,-0.634035,0.155451,1.553412,-0.529124,1.024287
rs1_0379,RS1,vocal,0,5,0,0.161423,-0.634035,-0.472612,0.810484,-0.529124,0.281360
rs1_0380,RS1,vocal,0.19403,8,0,0.731277,-0.634035,0.097242,1.466142,-0.529124,0.937018
rs1_0381,RS1,vocal,0.178571,5,0,1.419030,-0.634035,0.784995,2.063709,-0.529124,1.534585
rs1_0382,RS1,vocal,0.229508,7,0,1.246677,-0.634035,0.612642,1.950483,-0.529124,1.421359
rs1_0383,RS1,vocal,0.236364,7,0,1.294957,-0.634035,0.660922,1.998595,-0.529124,1.469471
rs1_0384,RS1,vocal,0.254237,8,0,1.155294,-0.634035,0.521259,1.888681,-0.529124,1.359557
rs1_0385,RS1,vocal,0.108108,5,0,0.922785,-0.634035,0.288750,1.569193,-0.529124,1.040069
rs1_0386,RS1,vocal,0.147059,5,0,1.197100,-0.634035,0.563064,1.842552,-0.529124,1.313428
rs1_0387,RS1,vocal,0.1,7,0,0.334603,-0.634035,-0.299433,1.041587,-0.529124,0.512463
rs1_0388,RS1,vocal,0.130435,7,0,0.548943,-0.634035,-0.085093,1.255180,-0.529124,0.726056
rs1_0389,RS1,vocal,0.380952,5,0,2.844318,-0.634035,2.210283,3.484030,-0.529124,2.954906
rs1_0390,RS1,vocal,0.129032,5,0,1.070146,-0.634035,0.436110,1.716040,-0.529124,1.186916
rs1_0391,RS1,vocal,0.114286,7,0,0.435211,-0.634035,-0.198824,1.141845,-0.529124,0.612721
rs1_0392,RS1,vocal,0.181818,5,0,1.441896,-0.634035,0.807860,2.086495,-0.529124,1.557371
rs1_0393,RS1,vocal,0.163636,7,0,0.782768,-0.634035,0.148733,1.488190,-0.529124,0.959066
rs1_0394,RS1,vocal,0.258065,7,0,1.447788,-0.634035,0.813753,2.150893,-0.529124,1.621769
rs1_0395,RS1,vocal,0.271186,7,0,1.540200,-0.634035,0.906165,2.242983,-0.529124,1.713859
rs1_0396,RS1,vocal,0.205128,5,0,1.606059,-0.634035,0.972024,2.250086,-0.529124,1.720962
rs1_0397,RS1,vocal,0,7,0,-0.369657,-0.634035,-1.003693,0.339781,-0.529124,-0.189343
rs1_0398,RS1,vocal,0.102564,7,0,0.352661,-0.634035,-0.281375,1.059582,-0.529124,0.530458
rs1_0399,RS1,vocal,0.0645161,7,0,0.084704,-0.634035,-0.549331,0.792559,-0.529124,0.263435
rs1_0400,RS1,vocal,0.205882,7,0,1.080290,-0.634035,0.446254,1.784675,-0.529124,1.255551
rs1_0401,RS1,vocal,0.253968,7,0,1.418940,-0.634035,0.784904,2.122145,-0.529124,1.593021
rs1_0402,RS1,vocal,0.0357143,8,0,-0.383676,-0.634035,-1.017711,0.355074,-0.529124,-0.174050
rs1_0403,RS1,vocal,0.424242,7,0,2.618113,-0.634035,1.984077,3.317139,-0.529124,2.788015
rs1_0404,RS1,vocal,0.258065,3,0,2.509949,-0.634035,1.875913,3.092299,-0.529124,2.563175
rs1_0405,RS1,vocal,0.25,7,0,1.390993,-0.634035,0.756957,2.094295,-0.529124,1.565171
rs1_0406,RS1,vocal,0.315789,7,0,1.854322,-0.634035,1.220286,2.556010,-0.529124,2.026886
rs1_0407,RS1,vocal,0.2,10,0,0.242242,-0.634035,-0.391793,1.037338,-0.529124,0.508214
rs1_0408,RS1,vocal,0.457143,8,0,2.584277,-0.634035,1.950241,3.312684,-0.529124,2.783560
rs1_0409,RS1,vocal,0.403509,8,0,2.206554,-0.634035,1.572518,2.936277,-0.529124,2.407153
rs1_0410,RS1,vocal,0.129032,5,0,1.070146,-0.634035,0.436110,1.716040,-0.529124,1.186916
rs1_0411,RS1,vocal,0.1,8,0,0.069063,-0.634035,-0.564973,0.806235,-0.529124,0.277111
rs1_0412,RS1,vocal,0.310345,5,0,2.347058,-0.634035,1.713022,2.988502,-0.529124,2.459378
rs1_0413,RS1,vocal,0.129032,5,0,1.070146,-0.634035,0.436110,1.716040,-0.529124,1.186916
rs1_0414,RS1,vocal,0,7,0,-0.369657,-0.634035,-1.003693,0.339781,-0.529124,-0.189343
rs1_0415,RS1,vocal,0.03125,5,0,0.381504,-0.634035,-0.252531,1.029799,-0.529124,0.500675
rs1_0416,RS1,vocal,0,8,0,-0.635197,-0.634035,-1.269233,0.104429,-0.529124,-0.424695
rs1_0417,RS1,vocal,0.15625,9,0,0.199669,-0.634035,-0.434367,0.965649,-0.529124,0.436525
rs1_0418,RS1,vocal,0.0689655,5,0,0.647120,-0.634035,0.013084,1.294488,-0.529124,0.765364
rs1_0419,RS1,vocal,0.0689655,5,0,0.647120,-0.634035,0.013084,1.294488,-0.529124,0.765364
rs1_0420,RS1,vocal,0.135593,5,0,1.116352,-0.634035,0.482317,1.762085,-0.529124,1.232961
rs1_0421,RS1,vocal,0.0689655,5,0,0.647120,-0.634035,0.013084,1.294488,-0.529124,0.765364
rs1_0422,RS1,vocal,0.225806,7,0,1.220607,-0.634035,0.586572,1.924504,-0.529124,1.395380
rs1_0423,RS1,vocal,0.258065,5,0,1.978868,-0.634035,1.344833,2.621596,-0.529124,2.092472
rs1_0424,RS1,vocal,0.2,7,0,1.038863,-0.634035,0.404827,1.743393,-0.529124,1.214268
rs1_0425,RS1,vocal,0,7,0,-0.369657,-0.634035,-1.003693,0.339781,-0.529124,-0.189343
rs1_0426,RS1,vocal,0.12,5,0,1.006535,-0.634035,0.372500,1.652651,-0.529124,1.123527
rs1_0427,RS1,vocal,0.327869,5,0,2.470472,-0.634035,1.836437,3.111487,-0.529124,2.582363
rs1_0428,RS1,vocal,0.266667,5,0,2.039450,-0.634035,1.405414,2.681966,-0.529124,2.152842
rs1_0429,RS1,vocal,0.30303,5,0,2.295544,-0.634035,1.661509,2.937168,-0.529124,2.408044
rs1_0430,RS1,vocal,0.148148,5,0,1.204771,-0.634035,0.570736,1.850197,-0.529124,1.321072
rs1_0431,RS1,vocal,0.2,5,0,1.569943,-0.634035,0.935908,2.214096,-0.529124,1.684972
rs1_0432,RS1,vocal,0.0655738,5,0,0.623233,-0.634035,-0.010802,1.270685,-0.529124,0.741561
rs1_0433,RS1,vocal,0.0307692,7,0,-0.152962,-0.634035,-0.786997,0.555721,-0.529124,0.026597
rs1_0434,RS1,vocal,0.105263,5,0,0.902749,-0.634035,0.268714,1.549227,-0.529124,1.020103
rs1_0435,RS1,vocal,0.396552,5,0,2.954178,-0.634035,2.320143,3.593507,-0.529124,3.064383
rs1_0436,RS1,vocal,0.323529,7,0,1.908831,-0.634035,1.274796,2.610329,-0.529124,2.081205
rs1_0437,RS1,vocal,0.0689655,8,0,-0.149501,-0.634035,-0.783536,0.588433,-0.529124,0.059309
rs1_0438,RS1,vocal,0,7,0,-0.369657,-0.634035,-1.003693,0.339781,-0.529124,-0.189343
rs1_0439,RS1,vocal,0,7,0,-0.369657,-0.634035,-1.003693,0.339781,-0.529124,-0.189343
rs1_0440,RS1,vocal,0.0447761,7,0,-0.054317,-0.634035,-0.688352,0.654022,-0.529124,0.124898
rs1_0441,RS1,vocal,0.390244,7,0,2.378675,-0.634035,1.744639,3.078535,-0.529124,2.549411
rs1_0442,RS1,vocal,0.0689655,7,0,0.116039,-0.634035,-0.517996,0.823785,-0.529124,0.294661
rs1_0443,RS1,vocal,0.272727,7,0,1.551052,-0.634035,0.917016,2.253797,-0.529124,1.724673
rs1_0444,RS1,vocal,0.272727,8,0,1.285512,-0.634035,0.651476,2.018445,-0.529124,1.489321
rs1_0445,RS1,vocal,0,7,0,-0.369657,-0.634035,-1.003693,0.339781,-0.529124,-0.189343
rs1_0446,RS1,vocal,0.24,9,0,0.789486,-0.634035,0.155451,1.553412,-0.529124,1.024287
rs1_0447,RS1,vocal,0.338983,7,0,2.017665,-0.634035,1.383629,2.718784,-0.529124,2.189659
rs1_0448,RS1,vocal,0.258065,7,0,1.447788,-0.634035,0.813753,2.150893,-0.529124,1.621769
rs1_0449,RS1,vocal,0.129032,9,0,0.007985,-0.634035,-0.626050,0.774634,-0.529124,0.245509
rs1_0450,RS1,vocal,0.129032,9,0,0.007985,-0.634035,-0.626050,0.774634,-0.529124,0.245509
rs1_0451,RS1,vocal,0.0869565,9,0,-0.288338,-0.634035,-0.922373,0.479344,-0.529124,-0.049780
rs1_0452,RS1,vocal,0.173913,9,0,0.324062,-0.634035,-0.309973,1.089609,-0.529124,0.560485
rs1_0453,RS1,vocal,0.148148,9,0,0.142611,-0.634035,-0.491425,0.908790,-0.529124,0.379666
rs1_0454,RS1,vocal,0.206897,9,0,0.556352,-0.634035,-0.077683,1.321090,-0.529124,0.791966
rs1_0455,RS1,vocal,0.115385,7,0,0.442950,-0.634035,-0.191085,1.149557,-0.529124,0.620433
rs1_0456,RS1,vocal,0.027027,7,0,-0.179317,-0.634035,-0.813352,0.529458,-0.529124,0.000334
rs1_0457,RS1,vocal,0.140845,7,0,0.622258,-0.634035,-0.011777,1.328240,-0.529124,0.799116
rs1_0458,RS1,vocal,0.2,7,0,1.038863,-0.634035,0.404827,1.743393,-0.529124,1.214268
rs1_0459,RS1,vocal,0.451613,7,0,2.810872,-0.634035,2.176836,3.509226,-0.529124,2.980102
rs1_0460,RS1,vocal,0.344828,7,0,2.058826,-0.634035,1.424790,2.759801,-0.529124,2.230677
rs1_0461,RS1,vocal,0.258065,9,0,0.916708,-0.634035,0.282672,1.680189,-0.529124,1.151065
rs1_0462,RS1,vocal,0.190476,9,0,0.440710,-0.634035,-0.193325,1.205851,-0.529124,0.676727
rs1_0463,RS1,vocal,0.3,7,0,1.743123,-0.634035,1.109087,2.445198,-0.529124,1.916074
rs1_0464,RS1,vocal,0.655462,5,0,4.777581,-0.634035,4.143546,5.410556,-0.529124,4.881432
rs1_0465,RS1,vocal,0.271186,7,0,1.540200,-0.634035,0.906165,2.242983,-0.529124,1.713859
rs1_0466,RS1,vocal,0.228571,9,0,0.709000,-0.634035,0.074964,1.473205,-0.529124,0.944081
rs1_0467,RS1,vocal,0.027027,9,0,-0.710397,-0.634035,-1.344433,0.058755,-0.529124,-0.470369
rs1_0468,RS1,vocal,0.0851064,9,0,-0.301367,-0.634035,-0.935403,0.466359,-0.529124,-0.062765
rs1_0469,RS1,vocal,0.428571,4,0,3.445221,-0.634035,2.811185,4.053575,-0.529124,3.524451
rs1_0470,RS1,vocal,0.241379,6,0,1.595821,-0.634035,0.961785,2.269147,-0.529124,1.740022
rs1_0471,RS1,vocal,0.181818,7,0,0.910816,-0.634035,0.276780,1.615791,-0.529124,1.086667
rs1_0472,RS1,vocal,0.314286,7,0,1.843731,-0.634035,1.209696,2.545456,-0.529124,2.016332
rs1_0473,RS1,vocal,0.354839,5,0,2.660410,-0.634035,2.026375,3.300763,-0.529124,2.771639
rs1_0474,RS1,vocal,0.24,5,0,1.851647,-0.634035,1.217612,2.494818,-0.529124,1.965694
rs1_0475,RS1,vocal,0.451613,3,0,3.873033,-0.634035,3.238997,4.450633,-0.529124,3.921509
rs1_0476,RS1,vocal,0.338983,5,0,2.548745,-0.634035,1.914710,3.189487,-0.529124,2.660363
rs1_0477,RS1,vocal,0.0465116,5,0,0.488986,-0.634035,-0.145049,1.136906,-0.529124,0.607782
rs1_0478,RS1,vocal,0.225806,8,0,0.955067,-0.634035,0.321032,1.689152,-0.529124,1.160028
rs1_0479,RS1,vocal,0.413793,5,0,3.075603,-0.634035,2.441567,3.714508,-0.529124,3.185384
rs1_0480,RS1,vocal,0.228571,5,0,1.771160,-0.634035,1.137125,2.414612,-0.529124,1.885488
rs1_0481,RS1,vocal,0.114286,5,0,0.966292,-0.634035,0.332256,1.612548,-0.529124,1.083424
rs1_0482,RS1,vocal,0.37037,6,0,2.504253,-0.634035,1.870218,3.174413,-0.529124,2.645289
rs1_0483,RS1,vocal,0.486486,7,0,3.056473,-0.634035,2.422437,3.753971,-0.529124,3.224847
rs1_0484,RS1,vocal,0.232877,7,0,1.270400,-0.634035,0.636365,1.974123,-0.529124,1.444999
rs1_0485,RS1,vocal,0.333333,7,0,1.977876,-0.634035,1.343841,2.679134,-0.529124,2.150009
rs1_0486,RS1,vocal,0.172414,9,0,0.313504,-0.634035,-0.320532,1.079088,-0.529124,0.549964
rs1_0487,RS1,vocal,0.028169,9,0,-0.702355,-0.634035,-1.336390,0.066770,-0.529124,-0.462355
rs1_0488,RS1,vocal,0.30303,7,0,1.764464,-0.634035,1.130429,2.466465,-0.529124,1.937341
rs1_0489,RS1,vocal,0.323529,7,0,1.908831,-0.634035,1.274796,2.610329,-0.529124,2.081205
rs1_0490,RS1,vocal,0.137931,7,0,0.601736,-0.634035,-0.032300,1.307789,-0.529124,0.778665
rs1_0491,RS1,vocal,0.322581,8,0,1.636609,-0.634035,1.002574,2.368319,-0.529124,1.839195
rs1_0492,RS1,vocal,0,7,0,-0.369657,-0.634035,-1.003693,0.339781,-0.529124,-0.189343
rs1_0493,RS1,vocal,0.0657895,8,0,-0.171868,-0.634035,-0.805904,0.566144,-0.529124,0.037020
rs1_0494,RS1,vocal,0.188679,7,0,0.959135,-0.634035,0.325100,1.663943,-0.529124,1.134819
rs1_0495,RS1,vocal,0.0888889,5,0,0.787432,-0.634035,0.153397,1.434312,-0.529124,0.905188
rs1_0496,RS1,vocal,0.0204082,8,0,-0.491471,-0.634035,-1.125506,0.247655,-0.529124,-0.281469
rs1_0497,RS1,vocal,0.266667,5,0,2.039450,-0.634035,1.405414,2.681966,-0.529124,2.152842
rs1_0498,RS1,vocal,0.296296,5,0,2.248120,-0.634035,1.614084,2.889909,-0.529124,2.360785
rs1_0499,RS1,vocal,0.181818,5,0,1.441896,-0.634035,0.807860,2.086495,-0.529124,1.557371
rs1_0500,RS1,vocal,0.387097,3,0,3.418671,-0.634035,2.784636,3.997855,-0.529124,3.468731
rs1_0501,RS1,vocal,0.385965,7,0,2.348539,-0.634035,1.714504,3.048505,-0.529124,2.519381
rs1_0502,RS1,vocal,0.125,5,0,1.041748,-0.634035,0.407713,1.687742,-0.529124,1.158617
rs1_0503,RS1,vocal,0.181818,5,0,1.441896,-0.634035,0.807860,2.086495,-0.529124,1.557371
rs1_0504,RS1,vocal,0.0689655,5,0,0.647120,-0.634035,0.013084,1.294488,-0.529124,0.765364
rs1_0505,RS1,vocal,0.180556,5,0,1.433004,-0.634035,0.798968,2.077634,-0.529124,1.548510
rs1_0506,RS1,vocal,0,5,0,0.161423,-0.634035,-0.472612,0.810484,-0.529124,0.281360
rs1_0507,RS1,vocal,0.16129,7,0,0.766246,-0.634035,0.132211,1.471726,-0.529124,0.942602
rs1_0508,RS1,vocal,0.0694444,5,0,0.650493,-0.634035,0.016457,1.297849,-0.529124,0.768725
rs1_0509,RS1,vocal,0.0740741,3,0,1.214178,-0.634035,0.580142,1.801044,-0.529124,1.271920
rs1_0510,RS1,vocal,0.206897,5,0,1.618513,-0.634035,0.984477,2.262496,-0.529124,1.733372
rs1_0511,RS1,vocal,0.342857,5,0,2.576029,-0.634035,1.941993,3.216675,-0.529124,2.687551
rs1_0512,RS1,vocal,0.258065,5,0,1.978868,-0.634035,1.344833,2.621596,-0.529124,2.092472
rs1_0513,RS1,vocal,0.148148,5,0,1.204771,-0.634035,0.570736,1.850197,-0.529124,1.321072
rs1_0514,RS1,vocal,0.2,7,0,1.038863,-0.634035,0.404827,1.743393,-0.529124,1.214268
rs1_0515,RS1,vocal,0.206897,5,0,1.618513,-0.634035,0.984477,2.262496,-0.529124,1.733372
rs1_0516,RS1,vocal,0.0967742,5,0,0.842965,-0.634035,0.208930,1.489651,-0.529124,0.960527
rs1_0517,RS1,vocal,0.222222,3,0,2.257526,-0.634035,1.623490,2.840756,-0.529124,2.311632
rs1_0518,RS1,vocal,0.327273,5,0,2.466274,-0.634035,1.832239,3.107303,-0.529124,2.578179
rs1_0519,RS1,vocal,0.3,5,0,2.274203,-0.634035,1.640168,2.915902,-0.529124,2.386777
rs1_0520,RS1,vocal,0.0759494,7,0,0.165224,-0.634035,-0.468812,0.872798,-0.529124,0.343674
rs1_0521,RS1,vocal,0.238806,7,0,1.312158,-0.634035,0.678122,2.015735,-0.529124,1.486611
rs1_0522,RS1,vocal,0.387097,5,0,2.887591,-0.634035,2.253556,3.527152,-0.529124,2.998028
rs1_0523,RS1,vocal,0.172414,5,0,1.375665,-0.634035,0.741629,2.020494,-0.529124,1.491370
rs1_0524,RS1,vocal,0.145455,7,0,0.654721,-0.634035,0.020686,1.360589,-0.529124,0.831465
rs1_0525,RS1,vocal,0.129032,5,0,1.070146,-0.634035,0.436110,1.716040,-0.529124,1.186916
rs1_0526,RS1,vocal,0.354839,5,0,2.660410,-0.634035,2.026375,3.300763,-0.529124,2.771639
rs1_0527,RS1,vocal,0.0606061,5,0,0.588247,-0.634035,-0.045788,1.235821,-0.529124,0.706697
rs1_0528,RS1,vocal,0.181818,5,0,1.441896,-0.634035,0.807860,2.086495,-0.529124,1.557371
rs1_0529,RS1,vocal,0,7,0,-0.369657,-0.634035,-1.003693,0.339781,-0.529124,-0.189343
rs1_0530,RS1,vocal,0.102273,7,0,0.350609,-0.634035,-0.283427,1.057537,-0.529124,0.528413
rs1_0531,RS1,vocal,0.0606061,5,0,0.588247,-0.634035,-0.045788,1.235821,-0.529124,0.706697
rs1_0532,RS1,vocal,0,5,0,0.161423,-0.634035,-0.472612,0.810484,-0.529124,0.281360
rs1_0533,RS1,vocal,0.222222,5,0,1.726445,-0.634035,1.092410,2.370053,-0.529124,1.840929
rs1_0534,RS1,vocal,0.392857,5,0,2.928159,-0.634035,2.294124,3.567578,-0.529124,3.038454
rs1_0535,RS1,vocal,0.516129,5,0,3.796314,-0.634035,3.162278,4.432708,-0.529124,3.903583
rs1_0536,RS1,vocal,0.178571,5,0,1.419030,-0.634035,0.784995,2.063709,-0.529124,1.534585
rs1_0537,RS1,vocal,0.341463,5,0,2.566213,-0.634035,1.932178,3.206894,-0.529124,2.677770
rs1_0538,RS1,vocal,0.381579,7,0,2.317651,-0.634035,1.683615,3.017724,-0.529124,2.488600
rs1_0539,RS1,vocal,0.16129,7,0,0.766246,-0.634035,0.132211,1.471726,-0.529124,0.942602
rs1_0540,RS1,vocal,0.166667,7,0,0.804109,-0.634035,0.170074,1.509457,-0.529124,0.980333
rs1_0541,RS1,vocal,0.166667,7,0,0.804109,-0.634035,0.170074,1.509457,-0.529124,0.980333
rs1_0542,RS1,vocal,0.190476,7,0,0.971790,-0.634035,0.337755,1.676554,-0.529124,1.147430
rs1_0543,RS1,vocal,0.28125,7,0,1.611074,-0.634035,0.977039,2.313610,-0.529124,1.784486
rs1_0544,RS1,vocal,0.0689655,8,0,-0.149501,-0.634035,-0.783536,0.588433,-0.529124,0.059309
rs1_0545,RS1,vocal,0.229508,7,0,1.246677,-0.634035,0.612642,1.950483,-0.529124,1.421359
rs1_0546,RS1,vocal,0.258065,7,0,1.447788,-0.634035,0.813753,2.150893,-0.529124,1.621769
rs1_0547,RS1,vocal,0.114754,7,0,0.438510,-0.634035,-0.195525,1.145132,-0.529124,0.616008
rs1_0548,RS1,vocal,0.114286,7,0,0.435211,-0.634035,-0.198824,1.141845,-0.529124,0.612721
rs1_0549,RS1,vocal,0.0689655,7,0,0.116039,-0.634035,-0.517996,0.823785,-0.529124,0.294661
rs1_0550,RS1,vocal,0,7,0,-0.369657,-0.634035,-1.003693,0.339781,-0.529124,-0.189343
rs1_0551,RS1,vocal,0.258065,7,0,1.447788,-0.634035,0.813753,2.150893,-0.529124,1.621769
rs1_0552,RS1,vocal,0.126984,7,0,0.524641,-0.634035,-0.109394,1.230963,-0.529124,0.701839
rs1_0553,RS1,vocal,0.0923077,7,0,0.280429,-0.634035,-0.353607,0.987602,-0.529124,0.458478
rs1_0554,RS1,vocal,0.0740741,7,0,0.152017,-0.634035,-0.482019,0.859637,-0.529124,0.330513
rs1_0555,RS1,vocal,0.292683,7,0,1.691592,-0.634035,1.057556,2.393847,-0.529124,1.864723
rs1_0556,RS1,vocal,0.451613,7,0,2.810872,-0.634035,2.176836,3.509226,-0.529124,2.980102
rs1_0557,RS1,vocal,0.111111,7,0,0.412854,-0.634035,-0.221182,1.119565,-0.529124,0.590441
rs1_0558,RS1,vocal,0.0645161,7,0,0.084704,-0.634035,-0.549331,0.792559,-0.529124,0.263435
rs1_0559,RS1,vocal,0.129032,7,0,0.539065,-0.634035,-0.094970,1.245337,-0.529124,0.716213
rs1_0560,RS1,vocal,0.09375,7,0,0.290587,-0.634035,-0.343449,0.997724,-0.529124,0.468600
rs1_0561,RS1,vocal,0.103448,8,0,0.093347,-0.634035,-0.540688,0.830435,-0.529124,0.301311
rs1_0562,RS1,vocal,0.178571,8,0,0.622410,-0.634035,-0.011626,1.357654,-0.529124,0.828530
rs1_0563,RS1,vocal,0.171429,7,0,0.837646,-0.634035,0.203610,1.542877,-0.529124,1.013753
rs1_0564,RS1,vocal,0.258065,7,0,1.447788,-0.634035,0.813753,2.150893,-0.529124,1.621769
rs1_0565,RS1,vocal,0.177215,7,0,0.878398,-0.634035,0.244363,1.583487,-0.529124,1.054363
rs1_0566,RS1,vocal,0.153846,7,0,0.713820,-0.634035,0.079784,1.419482,-0.529124,0.890358
rs1_0567,RS1,vocal,0.228571,7,0,1.240080,-0.634035,0.606045,1.943908,-0.529124,1.414784
rs1_0568,RS1,vocal,0.382353,7,0,2.323102,-0.634035,1.689066,3.023156,-0.529124,2.494032
rs1_0569,RS1,vocal,0.129032,7,0,0.539065,-0.634035,-0.094970,1.245337,-0.529124,0.716213
rs1_0570,RS1,vocal,0.129032,7,0,0.539065,-0.634035,-0.094970,1.245337,-0.529124,0.716213
rs1_0571,RS1,vocal,0.206897,7,0,1.087432,-0.634035,0.453397,1.791793,-0.529124,1.262669
rs1_0572,RS1,vocal,0.321429,7,0.0357143,1.894036,0.599101,2.493137,2.595585,0.666640,3.262225
rs1_0573,RS1,vocal,0.102564,7,0,0.352661,-0.634035,-0.281375,1.059582,-0.529124,0.530458
rs1_0574,RS1,vocal,0.228571,7,0,1.240080,-0.634035,0.606045,1.943908,-0.529124,1.414784
rs1_0575,RS1,vocal,0.0677966,7,0,0.107807,-0.634035,-0.526228,0.815582,-0.529124,0.286457
rs1_0576,RS1,vocal,0.228571,7,0,1.240080,-0.634035,0.606045,1.943908,-0.529124,1.414784
rs1_0577,RS1,vocal,0.338462,8,0,1.748452,-0.634035,1.114416,2.479772,-0.529124,1.950648
rs1_0578,RS1,vocal,0.434783,7,0,2.692343,-0.634035,2.058307,3.391110,-0.529124,2.861986
rs1_0579,RS1,vocal,0.210526,8,0,0.847455,-0.634035,0.213420,1.581915,-0.529124,1.052791
rs1_0580,RS1,vocal,0.146341,4,0,1.457588,-0.634035,0.823552,2.072869,-0.529124,1.543745
rs1_0581,RS1,vocal,0.148148,5,0,1.204771,-0.634035,0.570736,1.850197,-0.529124,1.321072
rs1_0582,RS1,vocal,0.360656,5,0,2.701377,-0.634035,2.067342,3.341587,-0.529124,2.812463
rs1_0583,RS1,vocal,0.351351,7,0,2.104770,-0.634035,1.470734,2.805585,-0.529124,2.276461
rs1_0584,RS1,vocal,0.206897,4,0,1.884053,-0.634035,1.250018,2.497848,-0.529124,1.968724
rs1_0585,RS1,vocal,0.148148,4,0,1.470312,-0.634035,0.836276,2.085548,-0.529124,1.556424
rs1_0586,RS1,vocal,0.103448,6,0,0.624428,-0.634035,-0.009608,1.301139,-0.529124,0.772015
rs1_0587,RS1,vocal,0.225806,4,0,2.017228,-0.634035,1.383192,2.630559,-0.529124,2.101435
rs1_0588,RS1,vocal,0.142857,8,0,0.370888,-0.634035,-0.263147,1.107009,-0.529124,0.577885
rs1_0589,RS1,vocal,0.0133333,7,0,-0.275756,-0.634035,-0.909791,0.433355,-0.529124,-0.095769
rs1_0590,RS1,vocal,0.257143,5,0,1.972377,-0.634035,1.338342,2.615128,-0.529124,2.086004
rs1_0591,RS1,vocal,0.2,5,0,1.569943,-0.634035,0.935908,2.214096,-0.529124,1.684972
rs1_0592,RS1,vocal,0.290323,8,0,1.409428,-0.634035,0.775393,2.141930,-0.529124,1.612806
rs1_0593,RS1,vocal,0.148148,4,0,1.470312,-0.634035,0.836276,2.085548,-0.529124,1.556424
rs1_0594,RS1,vocal,0.322581,5,0,2.433230,-0.634035,1.799194,3.074374,-0.529124,2.545250
rs1_0595,RS1,vocal,0.148148,3,0,1.735852,-0.634035,1.101816,2.320900,-0.529124,1.791776
rs1_0596,RS1,vocal,0.474576,4,0,3.769214,-0.634035,3.135179,4.376440,-0.529124,3.847315
rs1_0597,RS1,vocal,0.387097,5,0,2.887591,-0.634035,2.253556,3.527152,-0.529124,2.998028
rs1_0598,RS1,vocal,0.0869565,6,0,0.508283,-0.634035,-0.125752,1.185399,-0.529124,0.656274
rs1_0599,RS1,vocal,0.15625,4,0,1.527370,-0.634035,0.893334,2.142407,-0.529124,1.613283
rs1_0600,RS1,vocal,0.225806,4,0,2.017228,-0.634035,1.383192,2.630559,-0.529124,2.101435
rs1_0601,RS1,vocal,0.258065,3,0,2.509949,-0.634035,1.875913,3.092299,-0.529124,2.563175
rs1_0602,RS1,vocal,0,4,0,0.426963,-0.634035,-0.207072,1.045836,-0.529124,0.516712
rs1_0603,RS1,vocal,0,4,0,0.426963,-0.634035,-0.207072,1.045836,-0.529124,0.516712
rs1_0604,RS1,vocal,0.25974,6,0.012987,1.725130,-0.185622,1.539508,2.398005,-0.094301,2.303704
rs1_0605,RS1,vocal,0.0487805,8,0,-0.291656,-0.634035,-0.925691,0.446774,-0.529124,-0.082350
rs1_0606,RS1,vocal,0.0327869,12,0,-1.466453,-0.634035,-2.100489,-0.606877,-0.529124,-1.136001
rs1_0607,RS1,vocal,0.235294,13,0.0294118,-0.305816,0.381489,0.075673,0.578979,0.455623,1.034602
rs1_0608,RS1,vocal,0.323529,12,0,0.581130,-0.634035,-0.052905,1.433571,-0.529124,0.904447
rs1_0609,RS1,vocal,0.102564,12,0,-0.975040,-0.634035,-1.609076,-0.117176,-0.529124,-0.646300
rs1_0610,RS1,vocal,0.0606061,12,0,-1.270534,-0.634035,-1.904569,-0.411640,-0.529124,-0.940764
rs1_0611,RS1,vocal,0.0185185,12,0,-1.566940,-0.634035,-2.200975,-0.707013,-0.529124,-1.236137
rs1_0612,RS1,vocal,0.1875,7,0,0.950830,-0.634035,0.316795,1.655667,-0.529124,1.126543
rs1_0613,RS1,vocal,0.181818,10,0,0.114195,-0.634035,-0.519841,0.909737,-0.529124,0.380612
rs1_0614,RS1,vocal,0.1875,8,0,0.685290,-0.634035,0.051255,1.420315,-0.529124,0.891191
rs1_0615,RS1,vocal,0.333333,10,0,1.181256,-0.634035,0.547220,1.973079,-0.529124,1.443955
rs1_0616,RS1,vocal,0.129032,12,0,-0.788636,-0.634035,-1.422671,0.068579,-0.529124,-0.460545
rs1_0617,RS1,vocal,0.193548,9,0,0.462346,-0.634035,-0.171689,1.227411,-0.529124,0.698287
rs1_0618,RS1,vocal,0.129032,12,0,-0.788636,-0.634035,-1.422671,0.068579,-0.529124,-0.460545
rs1_0619,RS1,vocal,0.236842,12,0,-0.029374,-0.634035,-0.663409,0.825194,-0.529124,0.296070
rs1_0620,RS1,vocal,0.113924,9,0,-0.098416,-0.634035,-0.732452,0.668603,-0.529124,0.139479
rs1_0621,RS1,vocal,0.157895,9,0,0.211252,-0.634035,-0.422784,0.977192,-0.529124,0.448068
rs1_0622,RS1,vocal,0.266667,9,0,0.977289,-0.634035,0.343254,1.740560,-0.529124,1.211436
rs1_0623,RS1,vocal,0.230769,9,0,0.724478,-0.634035,0.090442,1.488629,-0.529124,0.959505
rs1_0624,RS1,vocal,0.0697674,12,0,-1.206014,-0.634035,-1.840049,-0.347345,-0.529124,-0.876469
rs1_0625,RS1,vocal,0.0689655,7,0,0.116039,-0.634035,-0.517996,0.823785,-0.529124,0.294661
rs1_0626,RS1,vocal,0.305556,14,0,-0.076533,-0.634035,-0.710568,0.836726,-0.529124,0.307602
rs1_0627,RS1,vocal,0.137931,12,0.0344828,-0.725965,0.556579,-0.169386,0.131031,0.625407,0.756438
rs1_0628,RS1,vocal,0.030303,12,0,-1.483946,-0.634035,-2.117982,-0.624309,-0.529124,-1.153433
rs1_0629,RS1,vocal,0.1,7,0,0.334603,-0.634035,-0.299433,1.041587,-0.529124,0.512463
rs1_0630,RS1,vocal,0.102564,7,0,0.352661,-0.634035,-0.281375,1.059582,-0.529124,0.530458
rs1_0631,RS1,vocal,0.228571,7,0,1.240080,-0.634035,0.606045,1.943908,-0.529124,1.414784
rs1_0632,RS1,vocal,0.129032,8,0,0.273525,-0.634035,-0.360510,1.009985,-0.529124,0.480861
rs1_0633,RS1,vocal,0.15625,12,0,-0.596952,-0.634035,-1.230987,0.259594,-0.529124,-0.269530
rs1_0634,RS1,vocal,0.075,10,0,-0.638083,-0.634035,-1.272118,0.160080,-0.529124,-0.369044
rs1_0635,RS1,vocal,0.056338,13,0,-1.566132,-0.634035,-2.200168,-0.676945,-0.529124,-1.206069
rs1_0636,RS1,vocal,0.0882353,12,0,-1.075952,-0.634035,-1.709988,-0.217737,-0.529124,-0.746861
rs1_0637,RS1,vocal,0.0634921,12,0,-1.250209,-0.634035,-1.884244,-0.391386,-0.529124,-0.920510
rs1_0638,RS1,vocal,0.0645161,12,0,-1.242997,-0.634035,-1.877032,-0.384199,-0.529124,-0.913323
rs1_0639,RS1,vocal,0.114286,8,0,0.169671,-0.634035,-0.464364,0.906493,-0.529124,0.377369
rs1_0640,RS1,vocal,0.0810811,9,0,-0.329716,-0.634035,-0.963751,0.438109,-0.529124,-0.091015
rs1_0641,RS1,vocal,0.114286,9,0,-0.095869,-0.634035,-0.729904,0.671141,-0.529124,0.142017
rs1_0642,RS1,vocal,0.102564,9,0,-0.178420,-0.634035,-0.812455,0.588879,-0.529124,0.059754
rs1_0643,RS1,vocal,0.121212,7,0,0.483991,-0.634035,-0.150044,1.190455,-0.529124,0.661331
rs1_0644,RS1,vocal,0.138889,9,0,0.077401,-0.634035,-0.556634,0.843808,-0.529124,0.314684
rs1_0645,RS1,vocal,0.142857,9,0,0.105348,-0.634035,-0.528687,0.871657,-0.529124,0.342533
rs1_0646,RS1,vocal,0.0689655,9,0,-0.415041,-0.634035,-1.049077,0.353082,-0.529124,-0.176042
rs1_0647,RS1,vocal,0.0540541,9,0,-0.520057,-0.634035,-1.154092,0.248432,-0.529124,-0.280692
rs1_0648,RS1,vocal,0.166667,9,0,0.273029,-0.634035,-0.361006,1.038754,-0.529124,0.509630
rs1_0649,RS1,vocal,0.327869,12,0,0.611691,-0.634035,-0.022344,1.464025,-0.529124,0.934901
rs1_0650,RS1,vocal,0.357143,7,0,2.145557,-0.634035,1.511522,2.846230,-0.529124,2.317106
rs1_0651,RS1,vocal,0.0253165,5,0,0.339717,-0.634035,-0.294319,0.988157,-0.529124,0.459033
rs1_0652,RS1,vocal,0.214286,7,0,1.139471,-0.634035,0.505436,1.843650,-0.529124,1.314526
rs1_0653,RS1,vocal,0.135135,7,0,0.582045,-0.634035,-0.051990,1.288167,-0.529124,0.759043
rs1_0654,RS1,vocal,0.387097,8,0,2.090970,-0.634035,1.456935,2.821097,-0.529124,2.291973
rs1_0655,RS1,vocal,0,15,0,-2.493979,-0.634035,-3.128014,-1.543032,-0.529124,-2.072156
rs1_0656,RS1,vocal,0.282051,12,0,0.289016,-0.634035,-0.345019,1.142475,-0.529124,0.613351
rs1_0657,RS1,vocal,0.142857,10,0.0285714,-0.160192,0.352474,0.192282,0.636306,0.427487,1.063793
rs1_0658,RS1,vocal,0.101695,13,0,-1.246702,-0.634035,-1.880737,-0.358628,-0.529124,-0.887752
rs1_0659,RS1,vocal,0.378378,12,0.0540541,0.967409,1.232334,2.199743,1.818504,1.280681,3.099185
rs1_0660,RS1,vocal,0.0824742,12,0.0103093,-1.116525,-0.278078,-1.394604,-0.258168,-0.183955,-0.442123
rs1_0661,RS1,vocal,0.142857,10,0,-0.160192,-0.634035,-0.794228,0.636306,-0.529124,0.107182
rs1_0662,RS1,vocal,0.102564,7,0,0.352661,-0.634035,-0.281375,1.059582,-0.529124,0.530458
rs1_0663,RS1,vocal,0.106383,9,0.0425532,-0.151525,0.835234,0.683709,0.615680,0.895616,1.511296
rs1_0664,RS1,vocal,0.102273,9,0,-0.180472,-0.634035,-0.814507,0.586834,-0.529124,0.057710
rs1_0665,RS1,vocal,0.119048,9,0,-0.062333,-0.634035,-0.696368,0.704561,-0.529124,0.175437
rs1_0666,RS1,vocal,0.0833333,8,0,-0.048314,-0.634035,-0.682350,0.689268,-0.529124,0.160143
rs1_0667,RS1,vocal,0.135135,8,0,0.316505,-0.634035,-0.317530,1.052816,-0.529124,0.523691
rs1_0668,RS1,vocal,0.166667,8,0.0277778,0.538569,0.325071,0.863640,1.274106,0.400915,1.675020
rs1_0669,RS1,vocal,0.0775862,8,0.0431034,-0.088789,0.854233,0.765444,0.648934,0.914040,1.562974
rs1_0670,RS1,vocal,0.0833333,10,0.0416667,-0.579394,0.804624,0.225230,0.218564,0.865934,1.084498
rs1_0671,RS1,vocal,0.148148,5,0,1.204771,-0.634035,0.570736,1.850197,-0.529124,1.321072
rs1_0672,RS1,vocal,0.037037,5,0,0.422260,-0.634035,-0.211775,1.070412,-0.529124,0.541288
rs1_0673,RS1,vocal,0,5,0,0.161423,-0.634035,-0.472612,0.810484,-0.529124,0.281360
rs1_0674,RS1,vocal,0.0689655,4,0,0.912660,-0.634035,0.278624,1.529840,-0.529124,1.000716
rs1_0675,RS1,vocal,0,7,0,-0.369657,-0.634035,-1.003693,0.339781,-0.529124,-0.189343
rs1_0676,RS1,vocal,0.03125,7,0,-0.149576,-0.634035,-0.783611,0.559095,-0.529124,0.029971
rs1_0677,RS1,vocal,0,6,0,-0.104117,-0.634035,-0.738152,0.575133,-0.529124,0.046009
rs1_0678,RS1,vocal,0,4,0,0.426963,-0.634035,-0.207072,1.045836,-0.529124,0.516712
rs1_0679,RS1,vocal,0.192308,5,0,1.515769,-0.634035,0.881734,2.160111,-0.529124,1.630987
rs1_0680,RS1,vocal,0.407407,6,0,2.765090,-0.634035,2.131055,3.434341,-0.529124,2.905217
rs1_0681,RS1,vocal,0.0408163,8,0,-0.347744,-0.634035,-0.981780,0.390881,-0.529124,-0.138243
rs1_0682,RS1,vocal,0.166667,10,0,0.007489,-0.634035,-0.626547,0.803402,-0.529124,0.274278
rs1_0683,RS1,vocal,0.2,5,0,1.569943,-0.634035,0.935908,2.214096,-0.529124,1.684972
rs1_0684,RS1,vocal,0.103448,5,0,0.889968,-0.634035,0.255933,1.536490,-0.529124,1.007366
rs1_0685,RS1,vocal,0.08,8,0,-0.071789,-0.634035,-0.705825,0.665874,-0.529124,0.136750
rs1_0686,RS1,vocal,0.147059,7,0,0.666019,-0.634035,0.031984,1.371848,-0.529124,0.842724
rs1_0687,RS1,vocal,0.269231,7,0,1.526427,-0.634035,0.892392,2.229258,-0.529124,1.700134
rs1_0688,RS1,vocal,0.0909091,8,0,0.005039,-0.634035,-0.628996,0.742435,-0.529124,0.213311
rs1_0689,RS1,vocal,0.075,7,0,0.158538,-0.634035,-0.475498,0.866135,-0.529124,0.337011
rs1_0690,RS1,vocal,0,5,0,0.161423,-0.634035,-0.472612,0.810484,-0.529124,0.281360
rs1_0691,RS1,vocal,0.137931,7,0,0.601736,-0.634035,-0.032300,1.307789,-0.529124,0.778665
rs1_0692,RS1,vocal,0.216216,5,0,1.684148,-0.634035,1.050112,2.327902,-0.529124,1.798778
rs1_0693,RS1,vocal,0.157895,5,0,1.273413,-0.634035,0.639377,1.918599,-0.529124,1.389475
rs1_0694,RS1,vocal,0.241379,10,0,0.533660,-0.634035,-0.100375,1.327740,-0.529124,0.798616
rs1_0695,RS1,vocal,0,5,0,0.161423,-0.634035,-0.472612,0.810484,-0.529124,0.281360
rs1_0696,RS1,vocal,0.26087,6,0,1.733083,-0.634035,1.099048,2.405930,-0.529124,1.876806
rs1_0697,RS1,vocal,0.0666667,5,0.0333333,0.630930,0.516892,1.147822,1.278355,0.586923,1.865277
rs1_0698,RS1,vocal,0.08,7,0,0.193751,-0.634035,-0.440285,0.901226,-0.529124,0.372102
rs1_0699,RS1,vocal,0.205128,5,0,1.606059,-0.634035,0.972024,2.250086,-0.529124,1.720962
rs1_0700,RS1,vocal,0,5,0,0.161423,-0.634035,-0.472612,0.810484,-0.529124,0.281360
rs1_0701,RS1,vocal,0,7,0,-0.369657,-0.634035,-1.003693,0.339781,-0.529124,-0.189343
rs1_0702,RS1,vocal,0.434783,5,0,3.223423,-0.634035,2.589388,3.861814,-0.529124,3.332690
rs1_0703,RS1,vocal,0.266667,5,0,2.039450,-0.634035,1.405414,2.681966,-0.529124,2.152842
rs1_0704,RS1,vocal,0.137931,7,0,0.601736,-0.634035,-0.032300,1.307789,-0.529124,0.778665
rs1_0705,RS1,vocal,0,7,0,-0.369657,-0.634035,-1.003693,0.339781,-0.529124,-0.189343
rs1_0706,RS1,vocal,0,7,0,-0.369657,-0.634035,-1.003693,0.339781,-0.529124,-0.189343
rs1_0707,RS1,vocal,0.173913,7,0,0.855143,-0.634035,0.221107,1.560313,-0.529124,1.031189
rs1_0708,RS1,vocal,0.242424,9,0,0.806559,-0.634035,0.172524,1.570425,-0.529124,1.041301
rs1_0709,RS1,vocal,0.243902,9,0,0.816970,-0.634035,0.182934,1.580799,-0.529124,1.051675
rs1_0710,RS1,vocal,0.121212,9,0,-0.047089,-0.634035,-0.681125,0.719751,-0.529124,0.190627
rs1_0711,RS1,vocal,0.326531,10,0,1.133347,-0.634035,0.499311,1.925337,-0.529124,1.396213
rs1_0712,RS1,vocal,0.137931,7,0,0.601736,-0.634035,-0.032300,1.307789,-0.529124,0.778665
rs1_0713,RS1,vocal,0.176471,5,0,1.404235,-0.634035,0.770200,2.048965,-0.529124,1.519841
rs1_0714,RS1,vocal,0.2,5,0,1.569943,-0.634035,0.935908,2.214096,-0.529124,1.684972
rs1_0715,RS1,vocal,0.307692,4,0,2.593917,-0.634035,1.959882,3.205238,-0.529124,2.676114
rs1_0716,RS1,vocal,0.28,9,0,1.071190,-0.634035,0.437155,1.834134,-0.529124,1.305010
rs1_0717,RS1,vocal,0.111111,7,0,0.412854,-0.634035,-0.221182,1.119565,-0.529124,0.590441
rs1_0718,RS1,vocal,0.047619,3,0,1.027865,-0.634035,0.393830,1.615381,-0.529124,1.086257
rs1_0719,RS1,vocal,0.190476,3,0,2.033951,-0.634035,1.399916,2.617960,-0.529124,2.088836
rs1_0720,RS1,vocal,0.16,7,0,0.757159,-0.634035,0.123123,1.462670,-0.529124,0.933546
rs1_0721,RS1,vocal,0.147059,5,0,1.197100,-0.634035,0.563064,1.842552,-0.529124,1.313428
rs1_0722,RS1,vocal,0.04,6,0,0.177587,-0.634035,-0.456448,0.855855,-0.529124,0.326731
rs1_0723,RS1,vocal,0,5,0,0.161423,-0.634035,-0.472612,0.810484,-0.529124,0.281360
rs1_0724,RS1,vocal,0.0869565,5,0,0.773823,-0.634035,0.139788,1.420750,-0.529124,0.891626
rs1_0725,RS1,vocal,0,10,0,-1.166278,-0.634035,-1.800313,-0.366274,-0.529124,-0.895398
rs1_0726,RS1,vocal,0.113208,10,0,-0.369002,-0.634035,-1.003038,0.428223,-0.529124,-0.100901
rs1_0727,RS1,vocal,0.115385,10,0,-0.353670,-0.634035,-0.987706,0.443502,-0.529124,-0.085622
rs1_0728,RS1,vocal,0.0416667,7,0,-0.076216,-0.634035,-0.710251,0.632200,-0.529124,0.103076
rs1_0729,RS1,vocal,0.129032,7,0,0.539065,-0.634035,-0.094970,1.245337,-0.529124,0.716213
rs1_0730,RS1,vocal,0,7,0,-0.369657,-0.634035,-1.003693,0.339781,-0.529124,-0.189343
rs1_0731,RS1,vocal,0.0178571,5,0,0.287184,-0.634035,-0.346852,0.935807,-0.529124,0.406683
rs1_0732,RS1,vocal,0.183333,7,0,0.921486,-0.634035,0.287451,1.626425,-0.529124,1.097301
rs1_0733,RS1,vocal,0,5,0,0.161423,-0.634035,-0.472612,0.810484,-0.529124,0.281360
rs1_0734,RS1,vocal,0.0869565,7,0,0.242743,-0.634035,-0.391293,0.950047,-0.529124,0.420923
rs1_0735,RS1,vocal,0.0952381,5,0,0.832147,-0.634035,0.198112,1.478871,-0.529124,0.949747
rs1_0736,RS1,vocal,0,7,0,-0.369657,-0.634035,-1.003693,0.339781,-0.529124,-0.189343
rs1_0737,RS1,vocal,0,6,0,-0.104117,-0.634035,-0.738152,0.575133,-0.529124,0.046009
rs1_0738,RS1,vocal,0.16,7,0,0.757159,-0.634035,0.123123,1.462670,-0.529124,0.933546
rs1_0739,RS1,vocal,0.1,7,0,0.334603,-0.634035,-0.299433,1.041587,-0.529124,0.512463
rs1_0740,RS1,vocal,0,5,0,0.161423,-0.634035,-0.472612,0.810484,-0.529124,0.281360
rs1_0741,RS1,vocal,0.173913,5,0,1.386223,-0.634035,0.752188,2.031016,-0.529124,1.501892
rs1_0742,RS1,vocal,0,5,0,0.161423,-0.634035,-0.472612,0.810484,-0.529124,0.281360
rs1_0743,RS1,vocal,0.172414,5,0,1.375665,-0.634035,0.741629,2.020494,-0.529124,1.491370
rs1_0744,RS1,vocal,0.142857,7,0,0.636428,-0.634035,0.002393,1.342361,-0.529124,0.813237
rs1_0745,RS1,vocal,0.148148,5,0,1.204771,-0.634035,0.570736,1.850197,-0.529124,1.321072
rs1_0746,RS1,vocal,0.130435,7,0,0.548943,-0.634035,-0.085093,1.255180,-0.529124,0.726056
rs1_0747,RS1,vocal,0.185185,5,0,1.465608,-0.634035,0.831573,2.110125,-0.529124,1.581001
rs1_0748,RS1,vocal,0.047619,12,0,-1.361996,-0.634035,-1.996032,-0.502784,-0.529124,-1.031908
rs1_0749,RS1,vocal,0.0344828,5,0,0.404271,-0.634035,-0.229764,1.052486,-0.529124,0.523362
rs1_0750,RS1,vocal,0.28,5,0,2.133351,-0.634035,1.499316,2.775540,-0.529124,2.246416
rs1_0751,RS1,vocal,0.0857143,5,0,0.765075,-0.634035,0.131039,1.412032,-0.529124,0.882908
rs1_0752,RS1,vocal,0.105263,3,0,1.433830,-0.634035,0.799794,2.019931,-0.529124,1.490806
rs1_0753,RS1,vocal,0.0740741,7,0,0.152017,-0.634035,-0.482019,0.859637,-0.529124,0.330513
rs1_0754,RS1,vocal,0.285714,5,0,2.173595,-0.634035,1.539559,2.815644,-0.529124,2.286520
rs1_0755,RS1,vocal,0.148148,5,0,1.204771,-0.634035,0.570736,1.850197,-0.529124,1.321072
rs1_0756,RS1,vocal,0.0434783,7,0,-0.063457,-0.634035,-0.697493,0.644914,-0.529124,0.115790
rs1_0757,RS1,vocal,0.190476,5,0,1.502871,-0.634035,0.868835,2.147257,-0.529124,1.618133
rs1_0758,RS1,vocal,0.0952381,5,0,0.832147,-0.634035,0.198112,1.478871,-0.529124,0.949747
rs1_0759,RS1,vocal,0.0645161,5,0,0.615784,-0.634035,-0.018251,1.263262,-0.529124,0.734138
rs1_0760,RS1,vocal,0.2,5,0,1.569943,-0.634035,0.935908,2.214096,-0.529124,1.684972
rs1_0761,RS1,vocal,0,5,0,0.161423,-0.634035,-0.472612,0.810484,-0.529124,0.281360
rs1_0762,RS1,vocal,0.16,7,0,0.757159,-0.634035,0.123123,1.462670,-0.529124,0.933546
rs1_0763,RS1,vocal,0.206897,5,0,1.618513,-0.634035,0.984477,2.262496,-0.529124,1.733372
rs1_0764,RS1,vocal,0.173913,5,0,1.386223,-0.634035,0.752188,2.031016,-0.529124,1.501892
rs1_0765,RS1,vocal,0,7,0,-0.369657,-0.634035,-1.003693,0.339781,-0.529124,-0.189343
rs1_0766,RS1,vocal,0.186047,5,0,1.471674,-0.634035,0.837639,2.116169,-0.529124,1.587045
rs1_0767,RS1,vocal,0.0816327,5,0,0.736329,-0.634035,0.102294,1.383387,-0.529124,0.854263
rs1_0768,RS1,vocal,0.210526,5,0,1.644076,-0.634035,1.010040,2.287970,-0.529124,1.758846
rs1_0769,RS1,vocal,0,5,0,0.161423,-0.634035,-0.472612,0.810484,-0.529124,0.281360
rs1_0770,RS1,vocal,0.188679,5,0,1.490216,-0.634035,0.856180,2.134646,-0.529124,1.605522
rs1_0771,RS1,vocal,0.0384615,5,0,0.432292,-0.634035,-0.201743,1.080410,-0.529124,0.551286
rs1_0772,RS1,vocal,0.0384615,5,0,0.432292,-0.634035,-0.201743,1.080410,-0.529124,0.551286
rs1_0773,RS1,vocal,0.0689655,7,0,0.116039,-0.634035,-0.517996,0.823785,-0.529124,0.294661
rs1_0774,RS1,vocal,0.0983607,10,0,-0.473563,-0.634035,-1.107598,0.324027,-0.529124,-0.205097
rs1_0775,RS1,vocal,0.09375,10,0,-0.506034,-0.634035,-1.140069,0.291669,-0.529124,-0.237455
rs1_0776,RS1,vocal,0.0793651,5,0,0.720360,-0.634035,0.086324,1.367473,-0.529124,0.838349
rs1_0777,RS1,vocal,0.1,5,0,0.865683,-0.634035,0.231648,1.512290,-0.529124,0.983166
rs1_0778,RS1,vocal,0.0689655,5,0,0.647120,-0.634035,0.013084,1.294488,-0.529124,0.765364
rs1_0779,RS1,vocal,0.166667,5,0,1.335190,-0.634035,0.701154,1.980161,-0.529124,1.451036
rs1_0780,RS1,vocal,0.16,5,0,1.288239,-0.634035,0.654204,1.933374,-0.529124,1.404249
rs1_0781,RS1,vocal,0.16,7,0,0.757159,-0.634035,0.123123,1.462670,-0.529124,0.933546
rs1_0782,RS1,vocal,0.0833333,8,0,-0.048314,-0.634035,-0.682350,0.689268,-0.529124,0.160143
rs1_0783,RS1,vocal,0.348837,7,0,2.087064,-0.634035,1.453028,2.787941,-0.529124,2.258817
rs1_0784,RS1,vocal,0.12,7,0,0.475455,-0.634035,-0.158581,1.181948,-0.529124,0.652824
rs1_0785,RS1,vocal,0,8,0,-0.635197,-0.634035,-1.269233,0.104429,-0.529124,-0.424695
rs1_0786,RS1,vocal,0.115385,7,0,0.442950,-0.634035,-0.191085,1.149557,-0.529124,0.620433
rs1_0787,RS1,vocal,0,10,0,-1.166278,-0.634035,-1.800313,-0.366274,-0.529124,-0.895398
rs1_0788,RS1,vocal,0,7,0,-0.369657,-0.634035,-1.003693,0.339781,-0.529124,-0.189343
rs1_0789,RS1,vocal,0,7,0,-0.369657,-0.634035,-1.003693,0.339781,-0.529124,-0.189343
rs1_0790,RS1,vocal,0.0740741,7,0,0.152017,-0.634035,-0.482019,0.859637,-0.529124,0.330513
rs1_0791,RS1,vocal,0.173913,7,0,0.855143,-0.634035,0.221107,1.560313,-0.529124,1.031189
rs1_0792,RS1,vocal,0,7,0,-0.369657,-0.634035,-1.003693,0.339781,-0.529124,-0.189343
rs1_0793,RS1,vocal,0.26087,7,0,1.467543,-0.634035,0.833507,2.170579,-0.529124,1.641455
rs1_0794,RS1,vocal,0,7,0,-0.369657,-0.634035,-1.003693,0.339781,-0.529124,-0.189343
rs1_0795,RS1,vocal,0,7,0,-0.369657,-0.634035,-1.003693,0.339781,-0.529124,-0.189343
rs1_0796,RS1,vocal,0,7,0,-0.369657,-0.634035,-1.003693,0.339781,-0.529124,-0.189343
rs1_0797,RS1,vocal,0.0606061,8,0,-0.208373,-0.634035,-0.842409,0.529766,-0.529124,0.000642
rs1_0798,RS1,vocal,0,7,0,-0.369657,-0.634035,-1.003693,0.339781,-0.529124,-0.189343
rs1_0799,RS1,vocal,0.0277778,7,0,-0.174029,-0.634035,-0.808065,0.534727,-0.529124,0.005603
rs1_0800,RS1,vocal,0.315789,7,0,1.854322,-0.634035,1.220286,2.556010,-0.529124,2.026886
rs1_0801,RS1,vocal,0.0571429,10,0,-0.763844,-0.634035,-1.397879,0.034758,-0.529124,-0.494366
rs1_0802,RS1,vocal,0.08,8,0,-0.071789,-0.634035,-0.705825,0.665874,-0.529124,0.136750
rs1_0803,RS1,vocal,0.172414,4,0,1.641205,-0.634035,1.007169,2.255846,-0.529124,1.726722
rs1_0804,RS1,vocal,0.037037,8,0,-0.374360,-0.634035,-1.008396,0.364357,-0.529124,-0.164767
rs1_0805,RS1,vocal,0,8,0,-0.635197,-0.634035,-1.269233,0.104429,-0.529124,-0.424695
rs1_0806,RS1,vocal,0.0857143,8,0,-0.031546,-0.634035,-0.665581,0.705977,-0.529124,0.176853
rs1_0807,RS1,vocal,0,5,0,0.161423,-0.634035,-0.472612,0.810484,-0.529124,0.281360
rs1_0808,RS1,vocal,0.136364,8,0,0.325157,-0.634035,-0.308878,1.061437,-0.529124,0.532313
rs1_0809,RS1,vocal,0,6,0,-0.104117,-0.634035,-0.738152,0.575133,-0.529124,0.046009
rs1_0810,RS1,vocal,0,5,0,0.161423,-0.634035,-0.472612,0.810484,-0.529124,0.281360
rs1_0811,RS1,vocal,0,4,0,0.426963,-0.634035,-0.207072,1.045836,-0.529124,0.516712
rs1_0812,RS1,vocal,0.105263,4,0,1.168290,-0.634035,0.534254,1.784579,-0.529124,1.255455
rs1_0813,RS1,vocal,0.181818,4,0,1.707436,-0.634035,1.073401,2.321846,-0.529124,1.792722
rs1_0814,RS1,vocal,0,4,0,0.426963,-0.634035,-0.207072,1.045836,-0.529124,0.516712
rs1_0815,RS1,vocal,0.190476,3,0,2.033951,-0.634035,1.399916,2.617960,-0.529124,2.088836
rs1_0816,RS1,vocal,0.148148,3,0,1.735852,-0.634035,1.101816,2.320900,-0.529124,1.791776
rs1_0817,RS1,vocal,0.150943,6,0.0188679,0.958917,0.017433,0.976350,1.634462,0.102600,1.737063
rs1_0818,RS1,vocal,0.16,3,0,1.819320,-0.634035,1.185284,2.404077,-0.529124,1.874953
rs1_0819,RS1,vocal,0,8,0,-0.635197,-0.634035,-1.269233,0.104429,-0.529124,-0.424695
rs1_0820,RS1,vocal,0.189655,5,0,1.497089,-0.634035,0.863053,2.141495,-0.529124,1.612371
rs1_0821,RS1,vocal,0.0526316,7,0,0.001006,-0.634035,-0.633030,0.709152,-0.529124,0.180028
rs1_0822,RS1,vocal,0,6,0,-0.104117,-0.634035,-0.738152,0.575133,-0.529124,0.046009
rs1_0823,RS1,vocal,0.228571,8,0,0.974540,-0.634035,0.340504,1.708557,-0.529124,1.179433
rs1_0824,RS1,vocal,0.431373,10,0,1.871707,-0.634035,1.237671,2.661123,-0.529124,2.131999
rs1_0825,RS1,vocal,0.0434783,5,0,0.467623,-0.634035,-0.166412,1.115617,-0.529124,0.586493
rs1_0826,RS1,vocal,0.0952381,8,0,0.035526,-0.634035,-0.598509,0.772816,-0.529124,0.243692
rs1_0827,RS1,vocal,0.1,12,0,-0.993098,-0.634035,-1.627134,-0.135171,-0.529124,-0.664296
rs1_0828,RS1,vocal,0.05,15,0,-2.141849,-0.634035,-2.775884,-1.192129,-0.529124,-1.721253
rs1_0829,RS1,vocal,0.351351,12,0,0.777069,-0.634035,0.143033,1.628827,-0.529124,1.099703
rs1_0830,RS1,vocal,0.0869565,12,0,-1.084958,-0.634035,-1.718994,-0.226711,-0.529124,-0.755835
rs1_0831,RS1,vocal,0,9,0.0285714,-0.900738,0.352474,-0.548264,-0.130922,0.427487,0.296565
rs1_0832,RS1,vocal,0.0425532,5,0,0.461108,-0.634035,-0.172927,1.109125,-0.529124,0.580001
rs1_0833,RS1,vocal,0.0322581,7,0,-0.142477,-0.634035,-0.776512,0.566170,-0.529124,0.037046
rs1_0834,RS1,vocal,0,5,0,0.161423,-0.634035,-0.472612,0.810484,-0.529124,0.281360
rs1_0835,RS1,vocal,0,5,0,0.161423,-0.634035,-0.472612,0.810484,-0.529124,0.281360
rs1_0836,RS1,vocal,0.173913,5,0,1.386223,-0.634035,0.752188,2.031016,-0.529124,1.501892
rs1_0837,RS1,vocal,0.047619,7,0,-0.034295,-0.634035,-0.668331,0.673974,-0.529124,0.144850
rs1_0838,RS1,vocal,0,7,0,-0.369657,-0.634035,-1.003693,0.339781,-0.529124,-0.189343
rs1_0839,RS1,vocal,0,7,0,-0.369657,-0.634035,-1.003693,0.339781,-0.529124,-0.189343
rs1_0840,RS1,vocal,0,7,0,-0.369657,-0.634035,-1.003693,0.339781,-0.529124,-0.189343
rs1_0841,RS1,vocal,0.0444444,7,0,-0.056653,-0.634035,-0.690688,0.651695,-0.529124,0.122571
rs1_0842,RS1,vocal,0.375,5,0,2.802398,-0.634035,2.168363,3.442256,-0.529124,2.913132
rs1_0843,RS1,vocal,0.0869565,8,0,-0.022797,-0.634035,-0.656833,0.714695,-0.529124,0.185571
rs1_0844,RS1,vocal,0.0847458,8,0,-0.038367,-0.634035,-0.672402,0.699180,-0.529124,0.170056
rs1_0845,RS1,vocal,0.047619,9,0,-0.565376,-0.634035,-1.199411,0.203271,-0.529124,-0.325853
rs1_0846,RS1,vocal,0,8,0,-0.635197,-0.634035,-1.269233,0.104429,-0.529124,-0.424695
rs1_0847,RS1,vocal,0,6,0,-0.104117,-0.634035,-0.738152,0.575133,-0.529124,0.046009
rs1_0848,RS1,vocal,0,8,0,-0.635197,-0.634035,-1.269233,0.104429,-0.529124,-0.424695
rs1_0849,RS1,vocal,0.030303,8,0,-0.421785,-0.634035,-1.055821,0.317098,-0.529124,-0.212026
rs1_0850,RS1,vocal,0.121212,6,0,0.749531,-0.634035,0.115496,1.425806,-0.529124,0.896682
rs1_0851,RS1,vocal,0,6,0,-0.104117,-0.634035,-0.738152,0.575133,-0.529124,0.046009
rs1_0852,RS1,vocal,0,8,0,-0.635197,-0.634035,-1.269233,0.104429,-0.529124,-0.424695
rs1_0853,RS1,vocal,0.103448,5,0,0.889968,-0.634035,0.255933,1.536490,-0.529124,1.007366
rs1_0854,RS1,vocal,0.0714286,6,0,0.398926,-0.634035,-0.235110,1.076423,-0.529124,0.547298
rs1_0855,RS1,vocal,0.0327869,5,0,0.392328,-0.634035,-0.241707,1.040585,-0.529124,0.511460
rs1_0856,RS1,vocal,0.0588235,7,0,0.044613,-0.634035,-0.589422,0.752608,-0.529124,0.223484
rs1_0857,RS1,vocal,0.171429,7,0,0.837646,-0.634035,0.203610,1.542877,-0.529124,1.013753
rs1_0858,RS1,vocal,0.0833333,7,0,0.217226,-0.634035,-0.416809,0.924619,-0.529124,0.395495
rs1_0859,RS1,vocal,0.114286,7,0,0.435211,-0.634035,-0.198824,1.141845,-0.529124,0.612721
rs1_0860,RS1,vocal,0.16129,7,0,0.766246,-0.634035,0.132211,1.471726,-0.529124,0.942602
rs1_0861,RS1,vocal,0.0606061,7,0,0.057167,-0.634035,-0.576868,0.765118,-0.529124,0.235994
rs1_0862,RS1,vocal,0.290323,7,0,1.674969,-0.634035,1.040933,2.377282,-0.529124,1.848158
rs1_0863,RS1,vocal,0.135135,9,0,0.050965,-0.634035,-0.583070,0.817464,-0.529124,0.288340
rs1_0864,RS1,vocal,0.0526316,7,0,0.001006,-0.634035,-0.633030,0.709152,-0.529124,0.180028
rs1_0865,RS1,vocal,0.0571429,7,0,0.032777,-0.634035,-0.601258,0.740813,-0.529124,0.211689
rs1_0866,RS1,vocal,0.136364,7,0,0.590697,-0.634035,-0.043338,1.296789,-0.529124,0.767665
rs1_0867,RS1,vocal,0.176471,5,0,1.404235,-0.634035,0.770200,2.048965,-0.529124,1.519841
rs1_0868,RS1,vocal,0,7,0,-0.369657,-0.634035,-1.003693,0.339781,-0.529124,-0.189343
rs1_0869,RS1,vocal,0.117647,5,0,0.989964,-0.634035,0.355929,1.636138,-0.529124,1.107014
rs1_0870,RS1,vocal,0,5,0,0.161423,-0.634035,-0.472612,0.810484,-0.529124,0.281360
rs1_0871,RS1,vocal,0.266667,5,0,2.039450,-0.634035,1.405414,2.681966,-0.529124,2.152842
rs1_0872,RS1,vocal,0.0851064,7,0,0.229713,-0.634035,-0.404322,0.937063,-0.529124,0.407938
rs1_0873,RS1,vocal,0.266667,3,0,2.570530,-0.634035,1.936495,3.152670,-0.529124,2.623546
rs1_0874,RS1,vocal,0,12,0,-1.697358,-0.634035,-2.331394,-0.836977,-0.529124,-1.366101
rs1_0875,RS1,vocal,0.133333,6,0,0.834896,-0.634035,0.200861,1.510874,-0.529124,0.981750
rs1_0876,RS1,vocal,0.322581,12,0,0.574448,-0.634035,-0.059587,1.426912,-0.529124,0.897788
rs1_0877,RS1,vocal,0.133333,10,0,-0.227264,-0.634035,-0.861300,0.569467,-0.529124,0.040343
rs1_0878,RS1,vocal,0.235294,5,0,1.818506,-0.634035,1.184470,2.461792,-0.529124,1.932668
rs1_0879,RS1,vocal,0.047619,5,0,0.496785,-0.634035,-0.137250,1.144678,-0.529124,0.615553
rs1_0880,RS1,vocal,0.0967742,7,0,0.311885,-0.634035,-0.322151,1.018948,-0.529124,0.489824
rs1_0881,RS1,vocal,0.0714286,7,0,0.133386,-0.634035,-0.500650,0.841071,-0.529124,0.311947
rs1_0882,RS1,vocal,0.0357143,10,0,-0.914756,-0.634035,-1.548792,-0.115629,-0.529124,-0.644753
rs1_0883,RS1,vocal,0.12,12,0,-0.852246,-0.634035,-1.486282,0.005190,-0.529124,-0.523934
rs1_0884,RS1,vocal,0,5,0,0.161423,-0.634035,-0.472612,0.810484,-0.529124,0.281360
rs1_0885,RS1,vocal,0.130435,8,0,0.283403,-0.634035,-0.350633,1.019828,-0.529124,0.490704
rs1_0886,RS1,vocal,0.0740741,8,0,-0.113523,-0.634035,-0.747559,0.624286,-0.529124,0.095161
rs1_0887,RS1,vocal,0.0689655,8,0,-0.149501,-0.634035,-0.783536,0.588433,-0.529124,0.059309
rs1_0888,RS1,vocal,0.489362,9,0,2.545641,-0.634035,1.911606,3.303446,-0.529124,2.774322
rs1_0889,RS1,vocal,0.304348,6,0,2.039283,-0.634035,1.405248,2.711063,-0.529124,2.181939
rs1_0890,RS1,vocal,0.207547,7,0,1.092014,-0.634035,0.457979,1.796359,-0.529124,1.267235
rs1_0891,RS1,vocal,0.102041,8,0,0.083435,-0.634035,-0.550600,0.820558,-0.529124,0.291434
rs1_0892,RS1,vocal,0.206897,7,0,1.087432,-0.634035,0.453397,1.791793,-0.529124,1.262669
rs1_0893,RS1,vocal,0.0465116,15,0,-2.166416,-0.634035,-2.800451,-1.216611,-0.529124,-1.745735
rs1_0894,RS1,vocal,0.212121,7,0.030303,1.124228,0.412262,1.536490,1.828460,0.485464,2.313924
rs1_0895,RS1,vocal,0.178571,6,0,1.153490,-0.634035,0.519455,1.828357,-0.529124,1.299233
rs1_0896,RS1,vocal,0.0810811,9,0,-0.329716,-0.634035,-0.963751,0.438109,-0.529124,-0.091015
rs1_0897,RS1,vocal,0.125,9,0,-0.020413,-0.634035,-0.654448,0.746335,-0.529124,0.217211
rs1_0898,RS1,vocal,0.169014,7,0,0.820641,-0.634035,0.186606,1.525932,-0.529124,0.996808
rs1_0899,RS1,vocal,0.16129,7,0.0322581,0.766246,0.479766,1.246012,1.471726,0.550921,2.022647
rs1_0900,RS1,vocal,0,7,0,-0.369657,-0.634035,-1.003693,0.339781,-0.529124,-0.189343
rs1_0901,RS1,vocal,0.321429,5,0,2.425116,-0.634035,1.791081,3.066289,-0.529124,2.537164
rs1_0902,RS1,vocal,0.5,9,0.03125,2.620562,0.444959,3.065522,3.378106,0.517170,3.895276
rs1_0903,RS1,vocal,0.047619,8,0,-0.299836,-0.634035,-0.933871,0.438623,-0.529124,-0.090501
rs1_0904,RS1,vocal,0.0571429,8,0,-0.232763,-0.634035,-0.866799,0.505461,-0.529124,-0.023663
rs1_0905,RS1,vocal,0,8,0,-0.635197,-0.634035,-1.269233,0.104429,-0.529124,-0.424695
rs1_0906,RS1,vocal,0.0493827,8,0,-0.287415,-0.634035,-0.921450,0.451000,-0.529124,-0.078124
rs1_0907,RS1,vocal,0.1875,9,0,0.419750,-0.634035,-0.214286,1.184964,-0.529124,0.655839
rs1_0908,RS1,vocal,0.310345,8,0,1.550437,-0.634035,0.916402,2.282447,-0.529124,1.753323
rs1_0909,RS1,vocal,0.142857,10,0.0285714,-0.160192,0.352474,0.192282,0.636306,0.427487,1.063793
rs1_0910,RS1,vocal,0.137931,9,0,0.070655,-0.634035,-0.563380,0.837086,-0.529124,0.307962
rs1_0911,RS1,vocal,0,9,0,-0.900738,-0.634035,-1.534773,-0.130922,-0.529124,-0.660046
rs1_0912,RS1,vocal,0.233333,10,0,0.476996,-0.634035,-0.157040,1.271273,-0.529124,0.742149
rs1_0913,RS1,vocal,0,7,0,-0.369657,-0.634035,-1.003693,0.339781,-0.529124,-0.189343
rs1_0914,RS1,vocal,0.40625,10,0,1.694778,-0.634035,1.060743,2.484812,-0.529124,1.955688
rs1_0915,RS1,vocal,0.28125,8,0,1.345534,-0.634035,0.711498,2.078258,-0.529124,1.549134
rs1_0916,RS1,vocal,0.37037,7,0,2.238713,-0.634035,1.604678,2.939062,-0.529124,2.409937
rs1_0917,RS1,vocal,0.193548,7,0,0.993427,-0.634035,0.359391,1.698115,-0.529124,1.168991
rs1_0918,RS1,vocal,0.147059,10,0,-0.130601,-0.634035,-0.764637,0.665793,-0.529124,0.136669
rs1_0919,RS1,vocal,0.0897436,12,0,-1.065330,-0.634035,-1.699365,-0.207152,-0.529124,-0.736276
rs1_0920,RS1,vocal,0.097561,12,0,-1.010275,-0.634035,-1.644311,-0.152289,-0.529124,-0.681413
rs1_0921,RS1,vocal,0.102564,10,0,-0.443960,-0.634035,-1.077995,0.353527,-0.529124,-0.175597
rs1_0922,RS1,vocal,0.298507,12,0.0597015,0.404910,1.427328,1.832238,1.257965,1.469765,2.727731
rs1_0923,RS1,vocal,0.129032,12,0,-0.788636,-0.634035,-1.422671,0.068579,-0.529124,-0.460545
rs1_0924,RS1,vocal,0.181818,12,0,-0.416885,-0.634035,-1.050921,0.439033,-0.529124,-0.090091
rs1_0925,RS1,vocal,0.340426,12,0,0.700123,-0.634035,0.066087,1.552149,-0.529124,1.023025
rs1_0926,RS1,vocal,0.190476,12,0,-0.355911,-0.634035,-0.989946,0.499796,-0.529124,-0.029328
rs1_0927,RS1,vocal,0.08,7,0,0.193751,-0.634035,-0.440285,0.901226,-0.529124,0.372102
rs1_0928,RS1,vocal,0.111111,5,0,0.943934,-0.634035,0.309899,1.590268,-0.529124,1.061144
rs1_0929,RS1,vocal,0.206897,5,0,1.618513,-0.634035,0.984477,2.262496,-0.529124,1.733372
rs1_0930,RS1,vocal,0.533333,7,0,3.386396,-0.634035,2.752361,4.082745,-0.529124,3.553621
rs1_0931,RS1,vocal,0.344828,7,0,2.058826,-0.634035,1.424790,2.759801,-0.529124,2.230677
rs1_0932,RS1,vocal,0,7,0,-0.369657,-0.634035,-1.003693,0.339781,-0.529124,-0.189343
rs1_0933,RS1,vocal,0.0571429,7,0.0285714,0.032777,0.352474,0.385251,0.740813,0.427487,1.168300
rs1_0934,RS1,vocal,0.4375,9,0,2.180400,-0.634035,1.546365,2.939478,-0.529124,2.410354
rs1_0935,RS1,vocal,0.108108,7,0,0.391705,-0.634035,-0.242330,1.098490,-0.529124,0.569366
rs1_0936,RS1,vocal,0.205128,8,0,0.809438,-0.634035,0.175403,1.544031,-0.529124,1.014907
rs1_0937,RS1,vocal,0.210526,8,0,0.847455,-0.634035,0.213420,1.581915,-0.529124,1.052791
rs1_0938,RS1,vocal,0.62069,7,0,4.001612,-0.634035,3.367576,4.695817,-0.529124,4.166693
rs1_0939,RS1,vocal,0.0322581,12,0,-1.470178,-0.634035,-2.104213,-0.610588,-0.529124,-1.139712
rs1_0940,RS1,vocal,0,5,0,0.161423,-0.634035,-0.472612,0.810484,-0.529124,0.281360
rs2_0001,RS2,vocal,0.111111,5,0,0.943934,-0.634035,0.309899,1.590268,-0.529124,1.061144
rs2_0002,RS2,vocal,0.05,7,0,-0.017527,-0.634035,-0.651563,0.690684,-0.529124,0.161560
rs2_0003,RS2,vocal,0.214286,5,0,1.670552,-0.634035,1.036516,2.314354,-0.529124,1.785230
rs2_0004,RS2,vocal,0.0882353,7,0,0.251749,-0.634035,-0.382287,0.959021,-0.529124,0.429897
rs2_0005,RS2,vocal,0.1,7,0,0.334603,-0.634035,-0.299433,1.041587,-0.529124,0.512463
rs2_0006,RS2,vocal,0.0769231,7,0,0.172081,-0.634035,-0.461954,0.879632,-0.529124,0.350508
rs2_0007,RS2,vocal,0.0882353,5,0,0.782829,-0.634035,0.148794,1.429725,-0.529124,0.900601
rs2_0008,RS2,vocal,0.195489,9,0.0225564,0.476011,0.144788,0.620799,1.241029,0.226095,1.467124
rs2_0009,RS2,vocal,0.15,9,0.0375,0.155652,0.660758,0.816411,0.921786,0.726428,1.648215
rs2_0010,RS2,vocal,0.134615,9,0.0432692,0.047305,0.859957,0.907262,0.813816,0.919590,1.733407
rs2_0011,RS2,vocal,0.155039,11,0.0403101,-0.339942,0.757784,0.417842,0.486445,0.820514,1.306959
rs2_0012,RS2,vocal,0.226562,5,0.0546875,1.757012,1.254205,3.011218,2.400513,1.301890,3.702403
rs2_0013,RS2,vocal,0.151515,9,0,0.166323,-0.634035,-0.467712,0.932420,-0.529124,0.403296
rs2_0014,RS2,vocal,0.267176,7,0.0229008,1.511953,0.156678,1.668632,2.214835,0.237626,2.452460
rs2_0015,RS2,vocal,0.3,7,0.0333333,1.743123,0.516892,2.260015,2.445198,0.586923,3.032121
rs2_0016,RS2,vocal,0.272,8,0.064,1.280390,1.575746,2.856135,2.013341,1.613685,3.627027
rs2_0017,RS2,vocal,0.212963,7,0,1.130156,-0.634035,0.496120,1.834367,-0.529124,1.305243
rs2_0018,RS2,vocal,0.330189,7,0.0188679,1.955730,0.017433,1.973163,2.657064,0.102600,2.759665
rs2_0019,RS2,vocal,0.313131,10,0.0454545,1.038981,0.935411,1.974392,1.831300,0.992758,2.824057
rs2_0020,RS2,vocal,0.261745,10,0.0402685,0.677087,0.756347,1.433434,1.470667,0.819120,2.289788
rs2_0021,RS2,vocal,0.278846,12,0.0320513,0.266444,0.472626,0.739070,1.119981,0.543998,1.663979
rs2_0022,RS2,vocal,0.444444,5,0,3.291468,-0.634035,2.657432,3.929621,-0.529124,3.400497
rs2_0023,RS2,vocal,0.305556,7,0,1.782248,-0.634035,1.148213,2.484187,-0.529124,1.955063
rs2_0024,RS2,vocal,0.589286,9,0,3.249366,-0.634035,2.615331,4.004719,-0.529124,3.475595
rs2_0025,RS2,vocal,0.222222,9,0,0.664285,-0.634035,0.030249,1.428646,-0.529124,0.899522
rs2_0026,RS2,vocal,0.666667,4,0,5.122030,-0.634035,4.487995,5.724541,-0.529124,5.195417
rs2_0027,RS2,vocal,0.482759,5,0,3.561299,-0.634035,2.927264,4.198512,-0.529124,3.669388
rs2_0028,RS2,vocal,0.307692,5,0,2.328377,-0.634035,1.694342,2.969887,-0.529124,2.440763
rs2_0029,RS2,vocal,0.388889,24,0.0555556,-2.145052,1.284177,-0.860874,-0.931952,1.330954,0.399001
rs2_0030,RS2,vocal,0.26,7,0,1.461419,-0.634035,0.827383,2.164476,-0.529124,1.635352
rs2_0031,RS2,vocal,0.257143,12,0,0.113596,-0.634035,-0.520439,0.967666,-0.529124,0.438542
rs2_0032,RS2,vocal,0.530612,7,0,3.367233,-0.634035,2.733197,4.063648,-0.529124,3.534524
rs2_0033,RS2,vocal,0.411765,7,0,2.530237,-0.634035,1.896202,3.229569,-0.529124,2.700445
rs2_0034,RS2,vocal,0.230769,7,0,1.255558,-0.634035,0.621523,1.959333,-0.529124,1.430209
rs2_0035,RS2,vocal,0.481481,7,0,3.021224,-0.634035,2.387189,3.718846,-0.529124,3.189722
rs2_0036,RS2,vocal,0.64,7,0,4.137607,-0.634035,3.503571,4.831338,-0.529124,4.302214
rs2_0037,RS2,vocal,0.604938,7,0,3.890681,-0.634035,3.256646,4.585273,-0.529124,4.056149
rs2_0038,RS2,vocal,0.5,8,0,2.886103,-0.634035,2.252067,3.613458,-0.529124,3.084334
rs2_0039,RS2,vocal,0.210526,5,0,1.644076,-0.634035,1.010040,2.287970,-0.529124,1.758846
rs2_0040,RS2,vocal,0.133333,7,0,0.569356,-0.634035,-0.064679,1.275522,-0.529124,0.746398
rs2_0041,RS2,vocal,0,5,0,0.161423,-0.634035,-0.472612,0.810484,-0.529124,0.281360
rs2_0042,RS2,vocal,0,5,0,0.161423,-0.634035,-0.472612,0.810484,-0.529124,0.281360
rs2_0043,RS2,vocal,0,5,0,0.161423,-0.634035,-0.472612,0.810484,-0.529124,0.281360
rs2_0044,RS2,vocal,0.121212,5,0,1.015072,-0.634035,0.381036,1.661158,-0.529124,1.132034
rs2_0045,RS2,vocal,0,5,0,0.161423,-0.634035,-0.472612,0.810484,-0.529124,0.281360
rs2_0046,RS2,vocal,0,5,0,0.161423,-0.634035,-0.472612,0.810484,-0.529124,0.281360
rs2_0047,RS2,vocal,0,5,0,0.161423,-0.634035,-0.472612,0.810484,-0.529124,0.281360
rs2_0048,RS2,vocal,0.105263,7,0,0.371669,-0.634035,-0.262366,1.078524,-0.529124,0.549400
rs2_0049,RS2,vocal,0.0666667,5,0,0.630930,-0.634035,-0.003106,1.278355,-0.529124,0.749231
rs2_0050,RS2,vocal,0.0909091,9,0,-0.260501,-0.634035,-0.894537,0.507083,-0.529124,-0.022041
rs2_0051,RS2,vocal,0.294118,5,0,2.232776,-0.634035,1.598741,2.874619,-0.529124,2.345495
rs2_0052,RS2,vocal,0.414634,7,0,2.550445,-0.634035,1.916410,3.249707,-0.529124,2.720583
rs2_0053,RS2,vocal,0.2,4,0,1.835483,-0.634035,1.201448,2.449447,-0.529124,1.920323
rs2_0054,RS2,vocal,0.2,4,0,1.835483,-0.634035,1.201448,2.449447,-0.529124,1.920323
rs2_0055,RS2,vocal,0.176471,4,0,1.669775,-0.634035,1.035740,2.284317,-0.529124,1.755193
rs2_0056,RS2,vocal,0.176471,5,0,1.404235,-0.634035,0.770200,2.048965,-0.529124,1.519841
rs2_0057,RS2,vocal,0.176471,4,0,1.669775,-0.634035,1.035740,2.284317,-0.529124,1.755193
rs2_0058,RS2,vocal,0.1875,4,0,1.747451,-0.634035,1.113415,2.361722,-0.529124,1.832598
rs2_0059,RS2,vocal,0.047619,7,0,-0.034295,-0.634035,-0.668331,0.673974,-0.529124,0.144850
rs2_0060,RS2,vocal,0,8,0,-0.635197,-0.634035,-1.269233,0.104429,-0.529124,-0.424695
rs2_0061,RS2,vocal,0.047619,8,0,-0.299836,-0.634035,-0.933871,0.438623,-0.529124,-0.090501
rs2_0062,RS2,vocal,0.0222222,8,0,-0.478695,-0.634035,-1.112731,0.260386,-0.529124,-0.268738
rs2_0063,RS2,vocal,0.0243902,8,0,-0.463427,-0.634035,-1.097462,0.275602,-0.529124,-0.253523
rs2_0064,RS2,vocal,0,8,0,-0.635197,-0.634035,-1.269233,0.104429,-0.529124,-0.424695
rs2_0065,RS2,vocal,0.0588235,5,0,0.575694,-0.634035,-0.058342,1.223311,-0.529124,0.694187
rs2_0066,RS2,vocal,0.0588235,5,0,0.575694,-0.634035,-0.058342,1.223311,-0.529124,0.694187
rs2_0067,RS2,vocal,0.176471,4,0,1.669775,-0.634035,1.035740,2.284317,-0.529124,1.755193
rs2_0068,RS2,vocal,0.0731707,7,0,0.145655,-0.634035,-0.488380,0.853297,-0.529124,0.324173
rs2_0069,RS2,vocal,0.0810811,4,0,0.997985,-0.634035,0.363950,1.614868,-0.529124,1.085744
rs2_0070,RS2,vocal,0.133333,5,0,1.100437,-0.634035,0.466401,1.746225,-0.529124,1.217101
rs2_0071,RS2,vocal,0.2,5,0,1.569943,-0.634035,0.935908,2.214096,-0.529124,1.684972
rs2_0072,RS2,vocal,0.0526316,7,0,0.001006,-0.634035,-0.633030,0.709152,-0.529124,0.180028
rs2_0073,RS2,vocal,0.0810811,7,0,0.201364,-0.634035,-0.432671,0.908813,-0.529124,0.379689
rs2_0074,RS2,vocal,0.133333,5,0,1.100437,-0.634035,0.466401,1.746225,-0.529124,1.217101
rs2_0075,RS2,vocal,0.0588235,4,0.0588235,0.841234,1.397013,2.238247,1.458663,1.440370,2.899033
rs2_0076,RS2,vocal,0.0588235,4,0.0588235,0.841234,1.397013,2.238247,1.458663,1.440370,2.899033
rs2_0077,RS2,vocal,0.170732,7,0,0.832738,-0.634035,0.198702,1.537986,-0.529124,1.008862
rs2_0078,RS2,vocal,0.0526316,7,0,0.001006,-0.634035,-0.633030,0.709152,-0.529124,0.180028
rs2_0079,RS2,vocal,0.1875,7,0,0.950830,-0.634035,0.316795,1.655667,-0.529124,1.126543
rs2_0080,RS2,vocal,0.2,5,0,1.569943,-0.634035,0.935908,2.214096,-0.529124,1.684972
rs2_0081,RS2,vocal,0.125,7,0,0.510668,-0.634035,-0.123368,1.217038,-0.529124,0.687914
rs2_0082,RS2,vocal,0,6,0,-0.104117,-0.634035,-0.738152,0.575133,-0.529124,0.046009
rs2_0083,RS2,vocal,0.117647,7,0,0.458884,-0.634035,-0.175151,1.165435,-0.529124,0.636311
rs2_0084,RS2,vocal,0,7,0,-0.369657,-0.634035,-1.003693,0.339781,-0.529124,-0.189343
rs2_0085,RS2,vocal,0.0638298,5,0,0.610951,-0.634035,-0.023085,1.258445,-0.529124,0.729321
rs2_0086,RS2,vocal,0,7,0,-0.369657,-0.634035,-1.003693,0.339781,-0.529124,-0.189343
rs2_0087,RS2,vocal,0,5,0,0.161423,-0.634035,-0.472612,0.810484,-0.529124,0.281360
rs2_0088,RS2,vocal,0.117647,5,0,0.989964,-0.634035,0.355929,1.636138,-0.529124,1.107014
rs2_0089,RS2,vocal,0,7,0,-0.369657,-0.634035,-1.003693,0.339781,-0.529124,-0.189343
rs2_0090,RS2,vocal,0.121212,4,0,1.280612,-0.634035,0.646576,1.896510,-0.529124,1.367386
rs2_0091,RS2,vocal,0.128205,7,0,0.533240,-0.634035,-0.100795,1.239532,-0.529124,0.710408
rs2_0092,RS2,vocal,0.142857,7,0,0.636428,-0.634035,0.002393,1.342361,-0.529124,0.813237
rs2_0093,RS2,vocal,0.235294,5,0,1.818506,-0.634035,1.184470,2.461792,-0.529124,1.932668
rs2_0094,RS2,vocal,0.0625,7,0,0.070505,-0.634035,-0.563530,0.778410,-0.529124,0.249286
rs2_0095,RS2,vocal,0.0666667,7,0.0666667,0.099849,1.667820,1.767669,0.807652,1.702969,2.510621
rs2_0096,RS2,vocal,0.0222222,7,0,-0.213155,-0.634035,-0.847190,0.495738,-0.529124,-0.033386
rs2_0097,RS2,vocal,0.190476,7,0,0.971790,-0.634035,0.337755,1.676554,-0.529124,1.147430
rs2_0098,RS2,vocal,0,7,0,-0.369657,-0.634035,-1.003693,0.339781,-0.529124,-0.189343
rs2_0099,RS2,vocal,0.117647,5,0,0.989964,-0.634035,0.355929,1.636138,-0.529124,1.107014
rs2_0100,RS2,vocal,0.105263,7,0,0.371669,-0.634035,-0.262366,1.078524,-0.529124,0.549400
rs2_0101,RS2,vocal,0.210526,7,0,1.112995,-0.634035,0.478960,1.817267,-0.529124,1.288143
rs2_0102,RS2,vocal,0.263158,7,0,1.483659,-0.634035,0.849623,2.186638,-0.529124,1.657514
rs2_0103,RS2,vocal,0.117647,7,0.0588235,0.458884,1.397013,1.855897,1.165435,1.440370,2.605805
rs2_0104,RS2,vocal,0.241379,7,0,1.330281,-0.634035,0.696245,2.033795,-0.529124,1.504671
rs2_0105,RS2,vocal,0.263158,7,0,1.483659,-0.634035,0.849623,2.186638,-0.529124,1.657514
rs2_0106,RS2,vocal,0,7,0,-0.369657,-0.634035,-1.003693,0.339781,-0.529124,-0.189343
rs2_0107,RS2,vocal,0.210526,7,0,1.112995,-0.634035,0.478960,1.817267,-0.529124,1.288143
rs2_0108,RS2,vocal,0.12766,7,0,0.529398,-0.634035,-0.104637,1.235703,-0.529124,0.706579
rs2_0109,RS2,vocal,0.176471,7,0.117647,0.873155,3.428062,4.301217,1.578262,3.409864,4.988126
rs2_0110,RS2,vocal,0,5,0,0.161423,-0.634035,-0.472612,0.810484,-0.529124,0.281360
rs2_0111,RS2,vocal,0.380952,7,0,2.313238,-0.634035,1.679203,3.013327,-0.529124,2.484203
rs2_0112,RS2,vocal,0.171429,7,0,0.837646,-0.634035,0.203610,1.542877,-0.529124,1.013753
rs2_0113,RS2,vocal,0.125,9,0,-0.020413,-0.634035,-0.654448,0.746335,-0.529124,0.217211
rs2_0114,RS2,vocal,0.133333,7,0,0.569356,-0.634035,-0.064679,1.275522,-0.529124,0.746398
rs2_0115,RS2,vocal,0.114286,7,0,0.435211,-0.634035,-0.198824,1.141845,-0.529124,0.612721
rs2_0116,RS2,vocal,0.147059,7,0,0.666019,-0.634035,0.031984,1.371848,-0.529124,0.842724
rs2_0117,RS2,vocal,0.0666667,7,0,0.099849,-0.634035,-0.534186,0.807652,-0.529124,0.278527
rs2_0118,RS2,vocal,0.0740741,8,0,-0.113523,-0.634035,-0.747559,0.624286,-0.529124,0.095161
rs2_0119,RS2,vocal,0.125,7,0,0.510668,-0.634035,-0.123368,1.217038,-0.529124,0.687914
rs2_0120,RS2,vocal,0.0833333,7,0,0.217226,-0.634035,-0.416809,0.924619,-0.529124,0.395495
rs2_0121,RS2,vocal,0.333333,5,0,2.508957,-0.634035,1.874921,3.149837,-0.529124,2.620713
rs2_0122,RS2,vocal,0.266667,5,0,2.039450,-0.634035,1.405414,2.681966,-0.529124,2.152842
rs2_0123,RS2,vocal,0.102564,9,0,-0.178420,-0.634035,-0.812455,0.588879,-0.529124,0.059754
rs2_0124,RS2,vocal,0,5,0,0.161423,-0.634035,-0.472612,0.810484,-0.529124,0.281360
rs2_0125,RS2,vocal,0.0555556,5,0,0.552679,-0.634035,-0.081357,1.200376,-0.529124,0.671252
rs2_0126,RS2,vocal,0.318182,5,0,2.402250,-0.634035,1.768215,3.043503,-0.529124,2.514379
rs2_0127,RS2,vocal,0.408163,7,0,2.504873,-0.634035,1.870838,3.204294,-0.529124,2.675170
rs2_0128,RS2,vocal,0.529412,5,0.0588235,3.889859,1.397013,5.286872,4.525927,1.440370,5.966297
rs2_0129,RS2,vocal,0.4375,7,0,2.711480,-0.634035,2.077445,3.410181,-0.529124,2.881057
rs2_0130,RS2,vocal,0.466667,9,0,2.385809,-0.634035,1.751774,3.144171,-0.529124,2.615047
rs2_0131,RS2,vocal,0.133333,7,0,0.569356,-0.634035,-0.064679,1.275522,-0.529124,0.746398
rs2_0132,RS2,vocal,0.235294,9,0,0.756345,-0.634035,0.122309,1.520385,-0.529124,0.991261
rs2_0133,RS2,vocal,0.102564,9,0,-0.178420,-0.634035,-0.812455,0.588879,-0.529124,0.059754
rs2_0134,RS2,vocal,0.25,9,0,0.859912,-0.634035,0.225877,1.623592,-0.529124,1.094468
rs2_0135,RS2,vocal,0.301587,8,0,1.488761,-0.634035,0.854726,2.220986,-0.529124,1.691862
rs2_0136,RS2,vocal,0.466667,5,0,3.447970,-0.634035,2.813934,4.085578,-0.529124,3.556454
rs2_0137,RS2,vocal,0.117647,10,0,-0.337737,-0.634035,-0.971772,0.459380,-0.529124,-0.069744
rs2_0138,RS2,vocal,0.466667,4,0,3.713510,-0.634035,3.079475,4.320929,-0.529124,3.791805
rs2_0139,RS2,vocal,0.333333,4,0,2.774497,-0.634035,2.140461,3.385188,-0.529124,2.856064
rs2_0140,RS2,vocal,0.266667,8,0,1.242829,-0.634035,0.608794,1.975911,-0.529124,1.446787
rs2_0141,RS2,vocal,0.0869565,6,0,0.508283,-0.634035,-0.125752,1.185399,-0.529124,0.656274
rs2_0142,RS2,vocal,0.266667,8,0,1.242829,-0.634035,0.608794,1.975911,-0.529124,1.446787
rs2_0143,RS2,vocal,0.354839,5,0,2.660410,-0.634035,2.026375,3.300763,-0.529124,2.771639
rs2_0144,RS2,vocal,0.266667,8,0,1.242829,-0.634035,0.608794,1.975911,-0.529124,1.446787
rs2_0145,RS2,vocal,0.333333,7,0,1.977876,-0.634035,1.343841,2.679134,-0.529124,2.150009
rs2_0146,RS2,vocal,0.2,7,0,1.038863,-0.634035,0.404827,1.743393,-0.529124,1.214268
rs2_0147,RS2,vocal,0.333333,5,0,2.508957,-0.634035,1.874921,3.149837,-0.529124,2.620713
rs2_0148,RS2,vocal,0.0227273,12,0,-1.537299,-0.634035,-2.171335,-0.677476,-0.529124,-1.206600
rs2_0149,RS2,vocal,0.133333,7,0,0.569356,-0.634035,-0.064679,1.275522,-0.529124,0.746398
rs2_0150,RS2,vocal,0.4375,6,0,2.977021,-0.634035,2.342985,3.645533,-0.529124,3.116409
rs2_0151,RS2,vocal,0,7,0,-0.369657,-0.634035,-1.003693,0.339781,-0.529124,-0.189343
rs2_0152,RS2,vocal,0.133333,7,0,0.569356,-0.634035,-0.064679,1.275522,-0.529124,0.746398
rs2_0153,RS2,vocal,0.235294,5,0,1.818506,-0.634035,1.184470,2.461792,-0.529124,1.932668
rs2_0154,RS2,vocal,0,7,0,-0.369657,-0.634035,-1.003693,0.339781,-0.529124,-0.189343
rs2_0155,RS2,vocal,0.266667,5,0,2.039450,-0.634035,1.405414,2.681966,-0.529124,2.152842
rs2_0156,RS2,vocal,0.411765,7,0.117647,2.530237,3.428062,5.958299,3.229569,3.409864,6.639433
rs2_0157,RS2,vocal,0.411765,7,0.117647,2.530237,3.428062,5.958299,3.229569,3.409864,6.639433
rs2_0158,RS2,vocal,0.220779,7,0.012987,1.185203,-0.185622,0.999580,1.889222,-0.094301,1.794922
rs2_0159,RS2,vocal,0.352941,8,0,1.850426,-0.634035,1.216391,2.581391,-0.529124,2.052267
rs2_0160,RS2,vocal,0.2,8,0,0.773323,-0.634035,0.139287,1.508041,-0.529124,0.978917
rs2_0161,RS2,vocal,0.2,8,0,0.773323,-0.634035,0.139287,1.508041,-0.529124,0.978917
rs2_0162,RS2,vocal,0.258065,7,0.0322581,1.447788,0.479766,1.927553,2.150893,0.550921,2.701814
rs2_0163,RS2,vocal,0.4375,8,0,2.445940,-0.634035,1.811905,3.174830,-0.529124,2.645705
rs2_0164,RS2,vocal,0.214286,6,0,1.405012,-0.634035,0.770976,2.079002,-0.529124,1.549878
rs2_0165,RS2,vocal,0.428571,7,0,2.648600,-0.634035,2.014565,3.347520,-0.529124,2.818396
rs2_0166,RS2,vocal,0.333333,7,0,1.977876,-0.634035,1.343841,2.679134,-0.529124,2.150009
rs2_0167,RS2,vocal,0.1,8,0,0.069063,-0.634035,-0.564973,0.806235,-0.529124,0.277111
rs2_0168,RS2,vocal,0.375,7,0,2.271318,-0.634035,1.637282,2.971553,-0.529124,2.442429
rs2_0169,RS2,vocal,0.0666667,9,0,-0.431231,-0.634035,-1.065266,0.336948,-0.529124,-0.192176
rs2_0170,RS2,vocal,0.25,7,0,1.390993,-0.634035,0.756957,2.094295,-0.529124,1.565171
rs2_0171,RS2,vocal,0.533333,5,0,3.917477,-0.634035,3.283441,4.553448,-0.529124,4.024324
rs2_0172,RS2,vocal,0.411765,5,0,3.061317,-0.634035,2.427282,3.700273,-0.529124,3.171149
rs2_0173,RS2,vocal,0.324415,7,0.0468227,1.915066,0.982652,2.897718,2.616542,1.038567,3.655109
rs2_0174,RS2,vocal,0.166667,5,0,1.335190,-0.634035,0.701154,1.980161,-0.529124,1.451036
rs2_0175,RS2,vocal,0.323944,7,0,1.911748,-0.634035,1.277713,2.613236,-0.529124,2.084112
rs2_0176,RS2,vocal,0.235294,7,0,1.287425,-0.634035,0.653390,1.991089,-0.529124,1.461965
rs2_0177,RS2,vocal,0.333333,7,0,1.977876,-0.634035,1.343841,2.679134,-0.529124,2.150009
rs2_0178,RS2,vocal,0.305556,7,0,1.782248,-0.634035,1.148213,2.484187,-0.529124,1.955063
rs2_0179,RS2,vocal,0.243243,7,0,1.343408,-0.634035,0.709372,2.046876,-0.529124,1.517752
rs2_0180,RS2,vocal,0.107143,7,0,0.384907,-0.634035,-0.249128,1.091716,-0.529124,0.562592
rs2_0181,RS2,vocal,0.0789474,7,0,0.186338,-0.634035,-0.447698,0.893838,-0.529124,0.364714
rs2_0182,RS2,vocal,0.097561,9,0,-0.213655,-0.634035,-0.847690,0.553766,-0.529124,0.024642
rs2_0183,RS2,vocal,0,10,0,-1.166278,-0.634035,-1.800313,-0.366274,-0.529124,-0.895398
rs2_0184,RS2,vocal,0.333333,8,0,1.712336,-0.634035,1.078301,2.443782,-0.529124,1.914658
rs2_0185,RS2,vocal,0.411765,7,0,2.530237,-0.634035,1.896202,3.229569,-0.529124,2.700445
rs2_0186,RS2,vocal,0.322581,7,0,1.902149,-0.634035,1.268114,2.603671,-0.529124,2.074546
rs2_0187,RS2,vocal,0.135135,7,0,0.582045,-0.634035,-0.051990,1.288167,-0.529124,0.759043
rs2_0188,RS2,vocal,0.369231,7,0.0153846,2.230687,-0.102838,2.127849,2.931064,-0.014026,2.917038
rs2_0189,RS2,vocal,0.375,8,0.0208333,2.005778,0.085294,2.091072,2.736201,0.168405,2.904606
rs2_0190,RS2,vocal,0.272727,8,0,1.285512,-0.634035,0.651476,2.018445,-0.529124,1.489321
rs2_0191,RS2,vocal,0.242857,8,0,1.075148,-0.634035,0.441113,1.808815,-0.529124,1.279691
rs2_0192,RS2,vocal,0.75,5,0,5.443373,-0.634035,4.809338,6.074027,-0.529124,5.544903
rs2_0193,RS2,vocal,0.4,4,0,3.244003,-0.634035,2.609968,3.853059,-0.529124,3.323935
rs2_0194,RS2,vocal,0.214286,5,0,1.670552,-0.634035,1.036516,2.314354,-0.529124,1.785230
rs2_0195,RS2,vocal,0.428571,5,0,3.179680,-0.634035,2.545645,3.818223,-0.529124,3.289099
rs2_0196,RS2,vocal,0.0693069,7,0,0.118444,-0.634035,-0.515592,0.826181,-0.529124,0.297057
rs2_0197,RS2,vocal,0.106061,7,0,0.377285,-0.634035,-0.256750,1.084120,-0.529124,0.554996
rs2_0198,RS2,vocal,0.318182,7,0,1.871170,-0.634035,1.237135,2.572799,-0.529124,2.043675
rs2_0199,RS2,vocal,0.354839,5,0,2.660410,-0.634035,2.026375,3.300763,-0.529124,2.771639
rs2_0200,RS2,vocal,0.181818,7,0,0.910816,-0.634035,0.276780,1.615791,-0.529124,1.086667
rs2_0201,RS2,vocal,0.1,7,0,0.334603,-0.634035,-0.299433,1.041587,-0.529124,0.512463
rs2_0202,RS2,vocal,0.121387,7,0.0115607,0.485225,-0.234870,0.250355,1.191684,-0.142056,1.049628
rs2_0203,RS2,vocal,0.122449,7,0,0.492702,-0.634035,-0.141333,1.199135,-0.529124,0.670011
rs2_0204,RS2,vocal,0.131579,7,0,0.557001,-0.634035,-0.077035,1.263210,-0.529124,0.734086
rs2_0205,RS2,vocal,0.375,7,0,2.271318,-0.634035,1.637282,2.971553,-0.529124,2.442429
rs2_0206,RS2,vocal,0.333333,7,0,1.977876,-0.634035,1.343841,2.679134,-0.529124,2.150009
rs2_0207,RS2,vocal,0.308824,7,0,1.805263,-0.634035,1.171228,2.507122,-0.529124,1.977998
rs2_0208,RS2,vocal,0.130769,7,0,0.551298,-0.634035,-0.082737,1.257527,-0.529124,0.728403
rs2_0209,RS2,vocal,0.0857143,7,0,0.233994,-0.634035,-0.400041,0.941329,-0.529124,0.412205
rs2_0210,RS2,vocal,0.0588235,7,0,0.044613,-0.634035,-0.589422,0.752608,-0.529124,0.223484
rs2_0211,RS2,vocal,0,9,0,-0.900738,-0.634035,-1.534773,-0.130922,-0.529124,-0.660046
rs2_0212,RS2,vocal,0.0684932,12,0,-1.214988,-0.634035,-1.849024,-0.356288,-0.529124,-0.885412
rs2_0213,RS2,vocal,0.0909091,7,0,0.270579,-0.634035,-0.363456,0.977786,-0.529124,0.448662
rs2_0214,RS2,vocal,0.0869565,7,0,0.242743,-0.634035,-0.391293,0.950047,-0.529124,0.420923
rs2_0215,RS2,vocal,0.05,7,0,-0.017527,-0.634035,-0.651563,0.690684,-0.529124,0.161560
rs2_0216,RS2,vocal,0.117647,7,0,0.458884,-0.634035,-0.175151,1.165435,-0.529124,0.636311
rs2_0217,RS2,vocal,0.4,4,0,3.244003,-0.634035,2.609968,3.853059,-0.529124,3.323935
rs2_0218,RS2,vocal,0.133333,7,0,0.569356,-0.634035,-0.064679,1.275522,-0.529124,0.746398
rs2_0219,RS2,vocal,0.3125,9,0,1.300075,-0.634035,0.666039,2.062221,-0.529124,1.533097
rs2_0220,RS2,vocal,0.333333,7,0,1.977876,-0.634035,1.343841,2.679134,-0.529124,2.150009
rs2_0221,RS2,vocal,0.125,7,0,0.510668,-0.634035,-0.123368,1.217038,-0.529124,0.687914
rs2_0222,RS2,vocal,0.2,7,0,1.038863,-0.634035,0.404827,1.743393,-0.529124,1.214268
rs2_0223,RS2,vocal,0.545455,5,0,4.002841,-0.634035,3.368806,4.638516,-0.529124,4.109392
rs2_0224,RS2,vocal,0.263158,5,0,2.014739,-0.634035,1.380704,2.657342,-0.529124,2.128217
rs2_0225,RS2,vocal,0.461538,7,0,2.880774,-0.634035,2.246738,3.578884,-0.529124,3.049760
rs2_0226,RS2,vocal,0.4,7,0,2.447383,-0.634035,1.813347,3.147004,-0.529124,2.617880
rs2_0227,RS2,vocal,0.333333,5,0,2.508957,-0.634035,1.874921,3.149837,-0.529124,2.620713
rs2_0228,RS2,vocal,0.2,7,0,1.038863,-0.634035,0.404827,1.743393,-0.529124,1.214268
rs2_0229,RS2,vocal,0.4,7,0,2.447383,-0.634035,1.813347,3.147004,-0.529124,2.617880
rs2_0230,RS2,vocal,0.133333,7,0,0.569356,-0.634035,-0.064679,1.275522,-0.529124,0.746398
rs2_0231,RS2,vocal,0.345588,8,0,1.798642,-0.634035,1.164607,2.529787,-0.529124,2.000663
rs2_0232,RS2,vocal,0.294118,8,0,1.436156,-0.634035,0.802120,2.168564,-0.529124,1.639440
rs2_0233,RS2,vocal,0.114286,7,0,0.435211,-0.634035,-0.198824,1.141845,-0.529124,0.612721
rs2_0234,RS2,vocal,0.114286,9,0,-0.095869,-0.634035,-0.729904,0.671141,-0.529124,0.142017
rs2_0235,RS2,vocal,0,7,0,-0.369657,-0.634035,-1.003693,0.339781,-0.529124,-0.189343
rs2_0236,RS2,vocal,0.3125,7,0,1.831155,-0.634035,1.197120,2.532924,-0.529124,2.003800
rs2_0237,RS2,vocal,0.015873,7,0,-0.257870,-0.634035,-0.891905,0.451179,-0.529124,-0.077945
rs2_0238,RS2,vocal,0.133333,7,0,0.569356,-0.634035,-0.064679,1.275522,-0.529124,0.746398
rs2_0239,RS2,vocal,0.387097,7,0,2.356511,-0.634035,1.722475,3.056448,-0.529124,2.527324
rs2_0240,RS2,vocal,0.34375,7,0,2.051237,-0.634035,1.417201,2.752238,-0.529124,2.223114
rs2_0241,RS2,vocal,0.191011,7,0,0.975559,-0.634035,0.341523,1.680309,-0.529124,1.151185
rs2_0242,RS2,vocal,0.210526,10,0,0.316375,-0.634035,-0.317661,1.111212,-0.529124,0.582088
rs2_0243,RS2,vocal,0.269841,7,0,1.530727,-0.634035,0.896692,2.233543,-0.529124,1.704418
rs2_0244,RS2,vocal,0.210526,5,0,1.644076,-0.634035,1.010040,2.287970,-0.529124,1.758846
rs2_0245,RS2,vocal,0.322581,5,0,2.433230,-0.634035,1.799194,3.074374,-0.529124,2.545250
rs2_0246,RS2,vocal,0.230769,5,0,1.786639,-0.634035,1.152603,2.430036,-0.529124,1.900912
rs2_0247,RS2,vocal,0.389831,5,0,2.906844,-0.634035,2.272808,3.546337,-0.529124,3.017213
rs2_0248,RS2,vocal,0,7,0,-0.369657,-0.634035,-1.003693,0.339781,-0.529124,-0.189343
rs2_0249,RS2,vocal,0.294118,5,0,2.232776,-0.634035,1.598741,2.874619,-0.529124,2.345495
rs2_0250,RS2,vocal,0.0666667,5,0,0.630930,-0.634035,-0.003106,1.278355,-0.529124,0.749231
rs2_0251,RS2,vocal,0.0588235,5,0,0.575694,-0.634035,-0.058342,1.223311,-0.529124,0.694187
rs2_0252,RS2,vocal,0.21875,7,0,1.170912,-0.634035,0.536876,1.874981,-0.529124,1.345857
rs2_0253,RS2,vocal,0.133333,9,0,0.038276,-0.634035,-0.595760,0.804819,-0.529124,0.275695
rs2_0254,RS2,vocal,0.1875,5,0,1.481911,-0.634035,0.847875,2.126370,-0.529124,1.597246
rs2_0255,RS2,vocal,0.340426,8,0,1.762283,-0.634035,1.128248,2.493555,-0.529124,1.964431
rs2_0256,RS2,vocal,0.266667,9,0,0.977289,-0.634035,0.343254,1.740560,-0.529124,1.211436
rs2_0257,RS2,vocal,0.454545,5,0,3.362605,-0.634035,2.728570,4.000510,-0.529124,3.471386
rs2_0258,RS2,vocal,0.242424,7,0,1.337640,-0.634035,0.703604,2.041128,-0.529124,1.512004
rs2_0259,RS2,vocal,0.133333,9,0,0.038276,-0.634035,-0.595760,0.804819,-0.529124,0.275695
rs2_0260,RS2,vocal,0.466667,7,0,2.916890,-0.634035,2.282854,3.614875,-0.529124,3.085750
rs2_0261,RS2,vocal,0.228571,9,0,0.709000,-0.634035,0.074964,1.473205,-0.529124,0.944081
rs2_0262,RS2,vocal,0.193548,9,0,0.462346,-0.634035,-0.171689,1.227411,-0.529124,0.698287
rs2_0263,RS2,vocal,0.1875,9,0,0.419750,-0.634035,-0.214286,1.184964,-0.529124,0.655839
rs2_0264,RS2,vocal,0.6,8,0,3.590363,-0.634035,2.956327,4.315264,-0.529124,3.786140
rs2_0265,RS2,vocal,0.4,3,0,3.509544,-0.634035,2.875508,4.088411,-0.529124,3.559287
rs2_0266,RS2,vocal,0.4,3,0,3.509544,-0.634035,2.875508,4.088411,-0.529124,3.559287
rs2_0267,RS2,vocal,0.365079,8,0,1.935911,-0.634035,1.301875,2.666577,-0.529124,2.137453
rs2_0268,RS2,vocal,0.4,8,0,2.181843,-0.634035,1.547807,2.911652,-0.529124,2.382528
rs2_0269,RS2,vocal,0.483871,6,0,3.303593,-0.634035,2.669557,3.970967,-0.529124,3.441843
rs2_0270,RS2,vocal,0.451613,6,0,3.076412,-0.634035,2.442377,3.744578,-0.529124,3.215454
rs2_0271,RS2,vocal,0.2,8,0,0.773323,-0.634035,0.139287,1.508041,-0.529124,0.978917
rs2_0272,RS2,vocal,0.3125,8,0,1.565615,-0.634035,0.931580,2.297572,-0.529124,1.768448
rs2_0273,RS2,vocal,0.2,6,0,1.304403,-0.634035,0.670368,1.978744,-0.529124,1.449620
rs2_0274,RS2,vocal,0.117647,5,0,0.989964,-0.634035,0.355929,1.636138,-0.529124,1.107014
rs2_0275,RS2,vocal,0.1875,5,0,1.481911,-0.634035,0.847875,2.126370,-0.529124,1.597246
rs2_0276,RS2,vocal,0.105263,5,0,0.902749,-0.634035,0.268714,1.549227,-0.529124,1.020103
rs2_0277,RS2,vocal,0.1875,6,0,1.216370,-0.634035,0.582335,1.891018,-0.529124,1.361894
rs2_0278,RS2,vocal,0.225,5,0,1.746008,-0.634035,1.111973,2.389547,-0.529124,1.860423
rs2_0279,RS2,vocal,0.470588,5,0,3.475588,-0.634035,2.841553,4.113100,-0.529124,3.583976
rs2_0280,RS2,vocal,0.133333,6,0,0.834896,-0.634035,0.200861,1.510874,-0.529124,0.981750
rs2_0281,RS2,vocal,0.16129,8,0,0.500706,-0.634035,-0.133330,1.236374,-0.529124,0.707250
rs2_0282,RS2,vocal,0.174603,8,0,0.594463,-0.634035,-0.039573,1.329805,-0.529124,0.800680
rs2_0283,RS2,vocal,0.133333,7,0,0.569356,-0.634035,-0.064679,1.275522,-0.529124,0.746398
rs2_0284,RS2,vocal,0.166667,7,0,0.804109,-0.634035,0.170074,1.509457,-0.529124,0.980333
rs2_0285,RS2,vocal,0.314286,5,0,2.374812,-0.634035,1.740776,3.016160,-0.529124,2.487035
rs2_0286,RS2,vocal,0.266667,5,0,2.039450,-0.634035,1.405414,2.681966,-0.529124,2.152842
rs2_0287,RS2,vocal,0.133333,7,0,0.569356,-0.634035,-0.064679,1.275522,-0.529124,0.746398
rs2_0288,RS2,vocal,0.181818,8,0,0.645275,-0.634035,0.011240,1.380440,-0.529124,0.851316
rs2_0289,RS2,vocal,0.16129,8,0,0.500706,-0.634035,-0.133330,1.236374,-0.529124,0.707250
rs2_0290,RS2,vocal,0.333333,5,0,2.508957,-0.634035,1.874921,3.149837,-0.529124,2.620713
rs2_0291,RS2,vocal,0.133333,7,0,0.569356,-0.634035,-0.064679,1.275522,-0.529124,0.746398
rs2_0292,RS2,vocal,0.2,7,0,1.038863,-0.634035,0.404827,1.743393,-0.529124,1.214268
rs2_0293,RS2,vocal,0.354839,8,0,1.863790,-0.634035,1.229754,2.594708,-0.529124,2.065584
rs2_0294,RS2,vocal,0.15625,8,0,0.465209,-0.634035,-0.168827,1.201001,-0.529124,0.671877
rs2_0295,RS2,vocal,0.2,8,0,0.773323,-0.634035,0.139287,1.508041,-0.529124,0.978917
rs2_0296,RS2,vocal,0.25,7,0,1.390993,-0.634035,0.756957,2.094295,-0.529124,1.565171
rs2_0297,RS2,vocal,0.533333,7,0,3.386396,-0.634035,2.752361,4.082745,-0.529124,3.553621
rs2_0298,RS2,vocal,0.2,7,0,1.038863,-0.634035,0.404827,1.743393,-0.529124,1.214268
rs2_0299,RS2,vocal,0.258065,7,0,1.447788,-0.634035,0.813753,2.150893,-0.529124,1.621769
rs2_0300,RS2,vocal,0.212121,7,0,1.124228,-0.634035,0.490192,1.828460,-0.529124,1.299336
rs2_0301,RS2,vocal,0.193548,7,0,0.993427,-0.634035,0.359391,1.698115,-0.529124,1.168991
rs2_0302,RS2,vocal,0.263158,8,0,1.218118,-0.634035,0.584083,1.951287,-0.529124,1.422163
rs2_0303,RS2,vocal,0.411765,8,0,2.264697,-0.634035,1.630661,2.994218,-0.529124,2.465094
rs2_0304,RS2,vocal,0.315789,4,0,2.650942,-0.634035,2.016907,3.262065,-0.529124,2.732941
rs2_0305,RS2,vocal,0.234234,8,0,1.014421,-0.634035,0.380385,1.748299,-0.529124,1.219175
rs2_0306,RS2,vocal,0.580645,7,0,3.719594,-0.634035,3.085559,4.414782,-0.529124,3.885658
rs2_0307,RS2,vocal,0.466667,7,0,2.916890,-0.634035,2.282854,3.614875,-0.529124,3.085750
rs2_0308,RS2,vocal,0.393939,8,0,2.139160,-0.634035,1.505125,2.869119,-0.529124,2.339995
rs2_0309,RS2,vocal,0.5625,7,0,3.591805,-0.634035,2.957770,4.287438,-0.529124,3.758314
rs2_0310,RS2,vocal,0.133333,7,0,0.569356,-0.634035,-0.064679,1.275522,-0.529124,0.746398
rs2_0311,RS2,vocal,0.136986,5,0,1.126163,-0.634035,0.492127,1.771862,-0.529124,1.242738
rs2_0312,RS2,vocal,0.333333,7,0,1.977876,-0.634035,1.343841,2.679134,-0.529124,2.150009
rs2_0313,RS2,vocal,0.1875,7,0,0.950830,-0.634035,0.316795,1.655667,-0.529124,1.126543
rs2_0314,RS2,vocal,0.030303,7,0,-0.156245,-0.634035,-0.790281,0.552449,-0.529124,0.023325
rs2_0315,RS2,vocal,0.196078,8,0,0.745705,-0.634035,0.111669,1.480519,-0.529124,0.951395
rs2_0316,RS2,vocal,0.133333,7,0,0.569356,-0.634035,-0.064679,1.275522,-0.529124,0.746398
rs2_0317,RS2,vocal,0.266667,7,0,1.508369,-0.634035,0.874334,2.211263,-0.529124,1.682139
rs2_0318,RS2,vocal,0.363636,7,0,2.191288,-0.634035,1.557253,2.891802,-0.529124,2.362678
rs2_0319,RS2,vocal,0.235294,12,0,-0.040276,-0.634035,-0.674311,0.814330,-0.529124,0.285206
rs2_0320,RS2,vocal,0.2,7,0,1.038863,-0.634035,0.404827,1.743393,-0.529124,1.214268
rs2_0321,RS2,vocal,0.152174,7,0,0.702043,-0.634035,0.068007,1.407746,-0.529124,0.878622
rs2_0322,RS2,vocal,0.183673,9,0,0.392801,-0.634035,-0.241234,1.158109,-0.529124,0.628985
rs2_0323,RS2,vocal,0,12,0,-1.697358,-0.634035,-2.331394,-0.836977,-0.529124,-1.366101
rs2_0324,RS2,vocal,0.266667,12,0,0.180668,-0.634035,-0.453367,1.034505,-0.529124,0.505381
rs2_0325,RS2,vocal,0.258065,12,0,0.120087,-0.634035,-0.513948,0.974134,-0.529124,0.445010
rs2_0326,RS2,vocal,0.16129,12,0,-0.561455,-0.634035,-1.195490,0.294968,-0.529124,-0.234157
rs2_0327,RS2,vocal,0.0851064,10,0,-0.566908,-0.634035,-1.200943,0.231008,-0.529124,-0.298116
rs2_0328,RS2,vocal,0.266667,12,0.0666667,0.180668,1.667820,1.848488,1.034505,1.702969,2.737474
rs2_0329,RS2,vocal,0,5,0,0.161423,-0.634035,-0.472612,0.810484,-0.529124,0.281360
rs2_0330,RS2,vocal,0.333333,5,0,2.508957,-0.634035,1.874921,3.149837,-0.529124,2.620713
rs2_0331,RS2,vocal,0.2,8,0,0.773323,-0.634035,0.139287,1.508041,-0.529124,0.978917
rs2_0332,RS2,vocal,0.193548,8,0,0.727886,-0.634035,0.093851,1.462763,-0.529124,0.933639
rs2_0333,RS2,vocal,0.333333,8,0,1.712336,-0.634035,1.078301,2.443782,-0.529124,1.914658
rs2_0334,RS2,vocal,0.304348,8,0,1.508203,-0.634035,0.874167,2.240360,-0.529124,1.711236
rs2_0335,RS2,vocal,0.21875,8,0,0.905371,-0.634035,0.271336,1.639629,-0.529124,1.110505
rs2_0336,RS2,vocal,0.266667,8,0,1.242829,-0.634035,0.608794,1.975911,-0.529124,1.446787
rs2_0337,RS2,vocal,0.380952,8,0,2.047698,-0.634035,1.413662,2.777975,-0.529124,2.248851
rs2_0338,RS2,vocal,0.387097,8,0,2.090970,-0.634035,1.456935,2.821097,-0.529124,2.291973
rs2_0339,RS2,vocal,0.266667,10,0,0.711749,-0.634035,0.077713,1.505208,-0.529124,0.976084
rs2_0340,RS2,vocal,0.294118,10,0,0.905075,-0.634035,0.271040,1.697861,-0.529124,1.168737
rs2_0341,RS2,vocal,0.4,8,0,2.181843,-0.634035,1.547807,2.911652,-0.529124,2.382528
rs2_0342,RS2,vocal,0.266667,5,0,2.039450,-0.634035,1.405414,2.681966,-0.529124,2.152842
rs2_0343,RS2,vocal,0.441176,5,0,3.268453,-0.634035,2.634417,3.906686,-0.529124,3.377562
rs2_0344,RS2,vocal,0.126984,10,0.015873,-0.271979,-0.085975,-0.357954,0.524908,0.002327,0.527235
rs2_0345,RS2,vocal,0.133333,7,0,0.569356,-0.634035,-0.064679,1.275522,-0.529124,0.746398
rs2_0346,RS2,vocal,0,5,0,0.161423,-0.634035,-0.472612,0.810484,-0.529124,0.281360
rs2_0347,RS2,vocal,0.133333,5,0,1.100437,-0.634035,0.466401,1.746225,-0.529124,1.217101
rs2_0348,RS2,vocal,0.225806,6,0,1.486148,-0.634035,0.852112,2.159855,-0.529124,1.630731
rs2_0349,RS2,vocal,0.225806,8,0,0.955067,-0.634035,0.321032,1.689152,-0.529124,1.160028
rs2_0350,RS2,vocal,0.533333,4,0,4.183017,-0.634035,3.548981,4.788800,-0.529124,4.259676
rs2_0351,RS2,vocal,0.333333,4,0,2.774497,-0.634035,2.140461,3.385188,-0.529124,2.856064
rs2_0352,RS2,vocal,0.117647,5,0,0.989964,-0.634035,0.355929,1.636138,-0.529124,1.107014
rs2_0353,RS2,vocal,0.193548,8,0,0.727886,-0.634035,0.093851,1.462763,-0.529124,0.933639
rs2_0354,RS2,vocal,0.354839,8,0.0645161,1.863790,1.593566,3.457356,2.594708,1.630966,4.225674
rs2_0355,RS2,vocal,0.466667,4,0,3.713510,-0.634035,3.079475,4.320929,-0.529124,3.791805
rs2_0356,RS2,vocal,0.533333,4,0,4.183017,-0.634035,3.548981,4.788800,-0.529124,4.259676
rs2_0357,RS2,vocal,0.375,8,0.03125,2.005778,0.444959,2.450737,2.736201,0.517170,3.253371
rs2_0358,RS2,vocal,0.238095,6,0,1.572693,-0.634035,0.938657,2.246099,-0.529124,1.716975
rs2_0359,RS2,vocal,0.133333,7,0,0.569356,-0.634035,-0.064679,1.275522,-0.529124,0.746398
rs2_0360,RS2,vocal,0.205882,8,0,0.814750,-0.634035,0.180714,1.549324,-0.529124,1.020200
rs2_0361,RS2,vocal,0.419355,7,0,2.583691,-0.634035,1.949656,3.282837,-0.529124,2.753713
rs2_0362,RS2,vocal,0.290323,8,0,1.409428,-0.634035,0.775393,2.141930,-0.529124,1.612806
rs2_0363,RS2,vocal,0.119048,9,0,-0.062333,-0.634035,-0.696368,0.704561,-0.529124,0.175437
rs2_0364,RS2,vocal,0.352941,6,0,2.381507,-0.634035,1.747471,3.052094,-0.529124,2.522970
rs2_0365,RS2,vocal,0.117647,8,0,0.193344,-0.634035,-0.440692,0.930083,-0.529124,0.400959
rs2_0366,RS2,vocal,0.133333,8,0,0.303816,-0.634035,-0.330220,1.040170,-0.529124,0.511046
rs2_0367,RS2,vocal,0.322581,8,0,1.636609,-0.634035,1.002574,2.368319,-0.529124,1.839195
rs2_0368,RS2,vocal,0.225806,8,0,0.955067,-0.634035,0.321032,1.689152,-0.529124,1.160028
rs2_0369,RS2,vocal,0.176471,7,0,0.873155,-0.634035,0.239119,1.578262,-0.529124,1.049138
rs2_0370,RS2,vocal,0.266667,7,0,1.508369,-0.634035,0.874334,2.211263,-0.529124,1.682139
rs2_0371,RS2,vocal,0.266667,7,0,1.508369,-0.634035,0.874334,2.211263,-0.529124,1.682139
rs2_0372,RS2,vocal,0.333333,7,0,1.977876,-0.634035,1.343841,2.679134,-0.529124,2.150009
rs2_0373,RS2,vocal,0.193548,7,0,0.993427,-0.634035,0.359391,1.698115,-0.529124,1.168991
rs2_0374,RS2,vocal,0.212766,7,0,1.128768,-0.634035,0.494733,1.832985,-0.529124,1.303861
rs2_0375,RS2,vocal,0.484848,7,0,3.044937,-0.634035,2.410901,3.742476,-0.529124,3.213351
rs2_0376,RS2,vocal,0.25,8,0,1.125453,-0.634035,0.491417,1.858944,-0.529124,1.329820
rs2_0377,RS2,vocal,0.4375,9,0.104167,2.180400,2.962613,5.143013,2.939478,2.958522,5.898000
rs2_0378,RS2,vocal,0.333333,9,0.0416667,1.446796,0.804624,2.251420,2.208430,0.865934,3.074364
rs2_0379,RS2,vocal,0.333333,7,0,1.977876,-0.634035,1.343841,2.679134,-0.529124,2.150009
rs2_0380,RS2,vocal,0.393939,7,0,2.404700,-0.634035,1.770665,3.104470,-0.529124,2.575346
rs2_0381,RS2,vocal,0.34,7,0.02,2.024827,0.056521,2.081348,2.725921,0.140504,2.866424
rs2_0382,RS2,vocal,0.194444,8,0,0.734197,-0.634035,0.100162,1.469052,-0.529124,0.939928
rs2_0383,RS2,vocal,0.166667,8,0,0.538569,-0.634035,-0.095466,1.274106,-0.529124,0.744982
rs2_0384,RS2,vocal,0.2,7,0,1.038863,-0.634035,0.404827,1.743393,-0.529124,1.214268
rs2_0385,RS2,vocal,0.272727,8,0,1.285512,-0.634035,0.651476,2.018445,-0.529124,1.489321
rs2_0386,RS2,vocal,0.411765,5,0,3.061317,-0.634035,2.427282,3.700273,-0.529124,3.171149
rs2_0387,RS2,vocal,0.258065,8,0,1.182248,-0.634035,0.548212,1.915541,-0.529124,1.386417
rs2_0388,RS2,vocal,0.0666667,7,0,0.099849,-0.634035,-0.534186,0.807652,-0.529124,0.278527
rs2_0389,RS2,vocal,0.314286,7,0,1.843731,-0.634035,1.209696,2.545456,-0.529124,2.016332
rs2_0390,RS2,vocal,0,7,0,-0.369657,-0.634035,-1.003693,0.339781,-0.529124,-0.189343
rs2_0391,RS2,vocal,0.125,7,0,0.510668,-0.634035,-0.123368,1.217038,-0.529124,0.687914
rs2_0392,RS2,vocal,0.242105,7,0,1.335393,-0.634035,0.701358,2.038890,-0.529124,1.509766
rs2_0393,RS2,vocal,0.375,5,0,2.802398,-0.634035,2.168363,3.442256,-0.529124,2.913132
rs2_0394,RS2,vocal,0.375,5,0,2.802398,-0.634035,2.168363,3.442256,-0.529124,2.913132
rs2_0395,RS2,vocal,0.375,7,0,2.271318,-0.634035,1.637282,2.971553,-0.529124,2.442429
rs2_0396,RS2,vocal,0.258065,7,0,1.447788,-0.634035,0.813753,2.150893,-0.529124,1.621769
rs2_0397,RS2,vocal,0.222222,7,0,1.195365,-0.634035,0.561330,1.899349,-0.529124,1.370225
rs2_0398,RS2,vocal,0.133333,7,0,0.569356,-0.634035,-0.064679,1.275522,-0.529124,0.746398
rs2_0399,RS2,vocal,0.2,7,0,1.038863,-0.634035,0.404827,1.743393,-0.529124,1.214268
rs2_0400,RS2,vocal,0.3125,8,0,1.565615,-0.634035,0.931580,2.297572,-0.529124,1.768448
rs2_0401,RS2,vocal,0.40625,7,0,2.491399,-0.634035,1.857364,3.190867,-0.529124,2.661743
rs2_0402,RS2,vocal,0.2,7,0,1.038863,-0.634035,0.404827,1.743393,-0.529124,1.214268
rs2_0403,RS2,vocal,0.322581,7,0,1.902149,-0.634035,1.268114,2.603671,-0.529124,2.074546
rs2_0404,RS2,vocal,0.2,9,0.0666667,0.507782,1.667820,2.175602,1.272689,1.702969,2.975658
rs2_0405,RS2,vocal,0.25,8,0,1.125453,-0.634035,0.491417,1.858944,-0.529124,1.329820
rs2_0406,RS2,vocal,0.352941,7,0,2.115966,-0.634035,1.481931,2.816742,-0.529124,2.287618
rs2_0407,RS2,vocal,0.333333,7,0,1.977876,-0.634035,1.343841,2.679134,-0.529124,2.150009
rs2_0408,RS2,vocal,0.333333,7,0,1.977876,-0.634035,1.343841,2.679134,-0.529124,2.150009
rs2_0409,RS2,vocal,0.4,9,0,1.916302,-0.634035,1.282267,2.676301,-0.529124,2.147177
rs2_0410,RS2,vocal,0.4,9,0,1.916302,-0.634035,1.282267,2.676301,-0.529124,2.147177
rs2_0411,RS2,vocal,0.328125,7,0,1.941196,-0.634035,1.307161,2.642581,-0.529124,2.113457
rs2_0412,RS2,vocal,0.133333,10,0,-0.227264,-0.634035,-0.861300,0.569467,-0.529124,0.040343
rs2_0413,RS2,vocal,0.485714,5,0,3.582115,-0.634035,2.948079,4.219255,-0.529124,3.690131
rs2_0414,RS2,vocal,0.389831,5,0,2.906844,-0.634035,2.272808,3.546337,-0.529124,3.017213
rs2_0415,RS2,vocal,0.391304,7,0,2.386143,-0.634035,1.752107,3.085977,-0.529124,2.556853
rs2_0416,RS2,vocal,0.4,7,0,2.447383,-0.634035,1.813347,3.147004,-0.529124,2.617880
rs2_0417,RS2,vocal,0.16129,9,0,0.235166,-0.634035,-0.398870,1.001022,-0.529124,0.471898
rs2_0418,RS2,vocal,0.338462,7,0,2.013992,-0.634035,1.379957,2.715124,-0.529124,2.185999
rs2_0419,RS2,vocal,0,10,0.0357143,-1.166278,0.599101,-0.567176,-0.366274,0.666640,0.300366
rs2_0420,RS2,vocal,0.315789,7,0,1.854322,-0.634035,1.220286,2.556010,-0.529124,2.026886
rs2_0421,RS2,vocal,0.285714,7,0,1.642514,-0.634035,1.008479,2.344940,-0.529124,1.815816
rs2_0422,RS2,vocal,0.3125,7,0,1.831155,-0.634035,1.197120,2.532924,-0.529124,2.003800
rs2_0423,RS2,vocal,0.235294,8,0,1.021885,-0.634035,0.387850,1.755737,-0.529124,1.226613
rs2_0424,RS2,vocal,0.533333,7,0,3.386396,-0.634035,2.752361,4.082745,-0.529124,3.553621
rs2_0425,RS2,vocal,0.393939,8,0,2.139160,-0.634035,1.505125,2.869119,-0.529124,2.339995
rs2_0426,RS2,vocal,0.451613,8,0,2.545332,-0.634035,1.911296,3.273875,-0.529124,2.744751
rs2_0427,RS2,vocal,0.341463,7,0,2.035133,-0.634035,1.401098,2.736191,-0.529124,2.207067
rs2_0428,RS2,vocal,0.466667,7,0,2.916890,-0.634035,2.282854,3.614875,-0.529124,3.085750
rs2_0429,RS2,vocal,0.383333,7,0,2.330006,-0.634035,1.695971,3.030036,-0.529124,2.500912
rs2_0430,RS2,vocal,0.290323,7,0,1.674969,-0.634035,1.040933,2.377282,-0.529124,1.848158
rs2_0431,RS2,vocal,0.6,7,0,3.855903,-0.634035,3.221867,4.550616,-0.529124,4.021491
rs2_0432,RS2,vocal,0.6,7,0.0666667,3.855903,1.667820,5.523723,4.550616,1.702969,6.253585
rs2_0433,RS2,vocal,0.533333,7,0,3.386396,-0.634035,2.752361,4.082745,-0.529124,3.553621
rs2_0434,RS2,vocal,0.5,7,0,3.151643,-0.634035,2.517607,3.848810,-0.529124,3.319686
rs2_0435,RS2,vocal,0.583333,7,0,3.738526,-0.634035,3.104491,4.433648,-0.529124,3.904524
rs2_0436,RS2,vocal,0.201493,7,0.0298507,1.049374,0.396646,1.446020,1.753867,0.470321,2.224188
rs2_0437,RS2,vocal,0.222222,7,0.031746,1.195365,0.462086,1.657451,1.899349,0.533777,2.433127
rs2_0438,RS2,vocal,0.301205,9,0,1.220527,-0.634035,0.586492,1.982950,-0.529124,1.453826
rs2_0439,RS2,vocal,0.358974,8,0,1.892915,-0.634035,1.258880,2.623732,-0.529124,2.094608
rs2_0440,RS2,vocal,0.483871,7,0,3.038053,-0.634035,2.404017,3.735615,-0.529124,3.206491
rs2_0441,RS2,vocal,0.466667,7,0,2.916890,-0.634035,2.282854,3.614875,-0.529124,3.085750
rs2_0442,RS2,vocal,0.384615,7,0,2.339035,-0.634035,1.705000,3.039034,-0.529124,2.509910
rs2_0443,RS2,vocal,0.391304,7,0,2.386143,-0.634035,1.752107,3.085977,-0.529124,2.556853
rs2_0444,RS2,vocal,0.28,7,0,1.602271,-0.634035,0.968235,2.304837,-0.529124,1.775713
rs2_0445,RS2,vocal,0.127273,9,0,-0.004407,-0.634035,-0.638442,0.762285,-0.529124,0.233161
rs2_0446,RS2,vocal,0.414634,8,0,2.284905,-0.634035,1.650870,3.014356,-0.529124,2.485232
rs2_0447,RS2,vocal,0.346535,7,0,2.070848,-0.634035,1.436812,2.771781,-0.529124,2.242657
rs2_0448,RS2,vocal,0.214286,5,0,1.670552,-0.634035,1.036516,2.314354,-0.529124,1.785230
rs2_0449,RS2,vocal,0.314286,5,0,2.374812,-0.634035,1.740776,3.016160,-0.529124,2.487035
rs2_0450,RS2,vocal,0.0666667,7,0,0.099849,-0.634035,-0.534186,0.807652,-0.529124,0.278527
rs2_0451,RS2,vocal,0.225806,8,0,0.955067,-0.634035,0.321032,1.689152,-0.529124,1.160028
rs2_0452,RS2,vocal,0.322581,7,0,1.902149,-0.634035,1.268114,2.603671,-0.529124,2.074546
rs2_0453,RS2,vocal,0.407407,9,0,1.968470,-0.634035,1.334434,2.728286,-0.529124,2.199162
rs2_0454,RS2,vocal,0.473684,8,0,2.700771,-0.634035,2.066736,3.428772,-0.529124,2.899648
rs2_0455,RS2,vocal,0.308642,9,0,1.272904,-0.634035,0.638869,2.035145,-0.529124,1.506021
rs2_0456,RS2,vocal,0.466667,4,0,3.713510,-0.634035,3.079475,4.320929,-0.529124,3.791805
rs2_0457,RS2,vocal,0.2,3,0,2.101024,-0.634035,1.466988,2.684799,-0.529124,2.155675
rs2_0458,RS2,vocal,0.2,7,0,1.038863,-0.634035,0.404827,1.743393,-0.529124,1.214268
rs2_0459,RS2,vocal,0.0952381,7,0,0.301067,-0.634035,-0.332969,1.008167,-0.529124,0.479043
rs2_0460,RS2,vocal,0.133333,5,0,1.100437,-0.634035,0.466401,1.746225,-0.529124,1.217101
rs2_0461,RS2,vocal,0.115385,7,0,0.442950,-0.634035,-0.191085,1.149557,-0.529124,0.620433
rs2_0462,RS2,vocal,0.266667,8,0,1.242829,-0.634035,0.608794,1.975911,-0.529124,1.446787
rs2_0463,RS2,vocal,0.375,6,0,2.536858,-0.634035,1.902823,3.206904,-0.529124,2.677780
rs2_0464,RS2,vocal,0.2,8,0,0.773323,-0.634035,0.139287,1.508041,-0.529124,0.978917
rs2_0465,RS2,vocal,0.333333,6,0,2.243416,-0.634035,1.609381,2.914485,-0.529124,2.385361
rs2_0466,RS2,vocal,0.3125,7,0,1.831155,-0.634035,1.197120,2.532924,-0.529124,2.003800
rs2_0467,RS2,vocal,0.258065,8,0,1.182248,-0.634035,0.548212,1.915541,-0.529124,1.386417
rs2_0468,RS2,vocal,0.193548,8,0,0.727886,-0.634035,0.093851,1.462763,-0.529124,0.933639
rs2_0469,RS2,vocal,0.290323,8,0,1.409428,-0.634035,0.775393,2.141930,-0.529124,1.612806
rs2_0470,RS2,vocal,0.290323,8,0,1.409428,-0.634035,0.775393,2.141930,-0.529124,1.612806
rs2_0471,RS2,vocal,0.266667,7,0,1.508369,-0.634035,0.874334,2.211263,-0.529124,1.682139
rs2_0472,RS2,vocal,0.117647,7,0,0.458884,-0.634035,-0.175151,1.165435,-0.529124,0.636311
rs2_0473,RS2,vocal,0.2,7,0,1.038863,-0.634035,0.404827,1.743393,-0.529124,1.214268
rs2_0474,RS2,vocal,0.28125,7,0,1.611074,-0.634035,0.977039,2.313610,-0.529124,1.784486
rs2_0475,RS2,vocal,0.0952381,7,0,0.301067,-0.634035,-0.332969,1.008167,-0.529124,0.479043
rs2_0476,RS2,vocal,0.333333,8,0,1.712336,-0.634035,1.078301,2.443782,-0.529124,1.914658
rs2_0477,RS2,vocal,0.316602,9,0.104247,1.328966,2.965391,4.294357,2.091011,2.961215,5.052226
rs2_0478,RS2,vocal,0.331731,9,0,1.435510,-0.634035,0.801474,2.197183,-0.529124,1.668059
rs2_0479,RS2,vocal,0.1875,8,0,0.685290,-0.634035,0.051255,1.420315,-0.529124,0.891191
rs2_0480,RS2,vocal,0.466667,3,0,3.979050,-0.634035,3.345015,4.556281,-0.529124,4.027157
rs2_0481,RS2,vocal,0.4,3,0,3.509544,-0.634035,2.875508,4.088411,-0.529124,3.559287
rs2_0482,RS2,vocal,0.153846,9,0,0.182739,-0.634035,-0.451296,0.948779,-0.529124,0.419655
rs2_0483,RS2,vocal,0.387097,7,0,2.356511,-0.634035,1.722475,3.056448,-0.529124,2.527324
rs2_0484,RS2,vocal,0.133333,5,0,1.100437,-0.634035,0.466401,1.746225,-0.529124,1.217101
rs2_0485,RS2,vocal,0.133333,7,0,0.569356,-0.634035,-0.064679,1.275522,-0.529124,0.746398
rs2_0486,RS2,vocal,0.3,7,0,1.743123,-0.634035,1.109087,2.445198,-0.529124,1.916074
rs2_0487,RS2,vocal,0.133333,7,0,0.569356,-0.634035,-0.064679,1.275522,-0.529124,0.746398
rs2_0488,RS2,vocal,0.129032,7,0,0.539065,-0.634035,-0.094970,1.245337,-0.529124,0.716213
rs2_0489,RS2,vocal,0.2,5,0,1.569943,-0.634035,0.935908,2.214096,-0.529124,1.684972
rs2_0490,RS2,vocal,0.125,7,0,0.510668,-0.634035,-0.123368,1.217038,-0.529124,0.687914
rs2_0491,RS2,vocal,0.157895,7,0,0.742332,-0.634035,0.108297,1.447895,-0.529124,0.918771
rs2_0492,RS2,vocal,0.266667,7,0,1.508369,-0.634035,0.874334,2.211263,-0.529124,1.682139
rs2_0493,RS2,vocal,0.266667,7,0,1.508369,-0.634035,0.874334,2.211263,-0.529124,1.682139
rs2_0494,RS2,vocal,0.466667,7,0,2.916890,-0.634035,2.282854,3.614875,-0.529124,3.085750
rs2_0495,RS2,vocal,0.366667,7,0,2.212629,-0.634035,1.578594,2.913069,-0.529124,2.383945
rs2_0496,RS2,vocal,0.357895,9,0,1.619772,-0.634035,0.985736,2.380804,-0.529124,1.851679
rs2_0497,RS2,vocal,0.5,7,0.0555556,3.151643,1.284177,4.435820,3.848810,1.330954,5.179763
rs2_0498,RS2,vocal,0.333333,9,0,1.446796,-0.634035,0.812760,2.208430,-0.529124,1.679306
rs2_0499,RS2,vocal,0.266667,5,0,2.039450,-0.634035,1.405414,2.681966,-0.529124,2.152842
rs2_0500,RS2,vocal,0.4,5,0,2.978463,-0.634035,2.344428,3.617707,-0.529124,3.088583
rs2_0501,RS2,vocal,0.25,5,0,1.922073,-0.634035,1.288038,2.564999,-0.529124,2.035875
rs2_0502,RS2,vocal,0.266667,7,0,1.508369,-0.634035,0.874334,2.211263,-0.529124,1.682139
rs2_0503,RS2,vocal,0.382353,5,0,2.854182,-0.634035,2.220147,3.493859,-0.529124,2.964735
rs2_0504,RS2,vocal,0.192308,5,0,1.515769,-0.634035,0.881734,2.160111,-0.529124,1.630987
rs2_0505,RS2,vocal,0.179487,7,0,0.894399,-0.634035,0.260364,1.599432,-0.529124,1.070308
rs2_0506,RS2,vocal,0.205882,5,0,1.611370,-0.634035,0.977335,2.255379,-0.529124,1.726254
rs2_0507,RS2,vocal,0.451613,5,0,3.341952,-0.634035,2.707917,3.979930,-0.529124,3.450806
rs2_0508,RS2,vocal,0.25,5,0,1.922073,-0.634035,1.288038,2.564999,-0.529124,2.035875
rs2_0509,RS2,vocal,0.266667,7,0,1.508369,-0.634035,0.874334,2.211263,-0.529124,1.682139
rs2_0510,RS2,vocal,0,7,0,-0.369657,-0.634035,-1.003693,0.339781,-0.529124,-0.189343
rs2_0511,RS2,vocal,0.105263,7,0,0.371669,-0.634035,-0.262366,1.078524,-0.529124,0.549400
rs2_0512,RS2,vocal,0.25,9,0,0.859912,-0.634035,0.225877,1.623592,-0.529124,1.094468
rs2_0513,RS2,vocal,0.5,7,0,3.151643,-0.634035,2.517607,3.848810,-0.529124,3.319686
rs2_0514,RS2,vocal,0.2,9,0,0.507782,-0.634035,-0.126253,1.272689,-0.529124,0.743565
rs2_0515,RS2,vocal,0.16129,7,0,0.766246,-0.634035,0.132211,1.471726,-0.529124,0.942602
rs2_0516,RS2,vocal,0.217949,9,0.0128205,0.634188,-0.191371,0.442817,1.398654,-0.099875,1.298779
rs2_0517,RS2,vocal,0.2,7,0,1.038863,-0.634035,0.404827,1.743393,-0.529124,1.214268
rs2_0518,RS2,vocal,0.133333,7,0,0.569356,-0.634035,-0.064679,1.275522,-0.529124,0.746398
rs2_0519,RS2,vocal,0.16129,9,0,0.235166,-0.634035,-0.398870,1.001022,-0.529124,0.471898
rs2_0520,RS2,vocal,0.294118,7,0,1.701696,-0.634035,1.067660,2.403916,-0.529124,1.874792
rs2_0521,RS2,vocal,0.15625,5,0,1.261829,-0.634035,0.627794,1.907056,-0.529124,1.377932
rs2_0522,RS2,vocal,0.533333,7,0,3.386396,-0.634035,2.752361,4.082745,-0.529124,3.553621
rs2_0523,RS2,vocal,0.26087,8,0,1.202003,-0.634035,0.567967,1.935227,-0.529124,1.406103
rs2_0524,RS2,vocal,0.225806,7,0,1.220607,-0.634035,0.586572,1.924504,-0.529124,1.395380
rs2_0525,RS2,vocal,0.225806,9,0,0.689527,-0.634035,0.055491,1.453800,-0.529124,0.924676
rs2_0526,RS2,vocal,0.25,7,0,1.390993,-0.634035,0.756957,2.094295,-0.529124,1.565171
rs2_0527,RS2,vocal,0.193548,7,0,0.993427,-0.634035,0.359391,1.698115,-0.529124,1.168991
rs2_0528,RS2,vocal,0.210526,9,0,0.581915,-0.634035,-0.052120,1.346564,-0.529124,0.817439
rs2_0529,RS2,vocal,0.38806,8,0,2.097752,-0.634035,1.463716,2.827855,-0.529124,2.298731
rs2_0530,RS2,vocal,0.533333,7,0,3.386396,-0.634035,2.752361,4.082745,-0.529124,3.553621
rs2_0531,RS2,vocal,0.266667,7,0,1.508369,-0.634035,0.874334,2.211263,-0.529124,1.682139
rs2_0532,RS2,vocal,0.047619,7,0,-0.034295,-0.634035,-0.668331,0.673974,-0.529124,0.144850
rs2_0533,RS2,vocal,0.270833,7,0,1.537714,-0.634035,0.903678,2.240505,-0.529124,1.711381
rs2_0534,RS2,vocal,0.157895,7,0,0.742332,-0.634035,0.108297,1.447895,-0.529124,0.918771
rs2_0535,RS2,vocal,0.268657,7,0,1.522385,-0.634035,0.888349,2.225229,-0.529124,1.696105
rs2_0536,RS2,vocal,0.266667,7,0,1.508369,-0.634035,0.874334,2.211263,-0.529124,1.682139
rs2_0537,RS2,vocal,0.117647,7,0,0.458884,-0.634035,-0.175151,1.165435,-0.529124,0.636311
rs2_0538,RS2,vocal,0.1875,7,0,0.950830,-0.634035,0.316795,1.655667,-0.529124,1.126543
rs2_0539,RS2,vocal,0.133333,7,0,0.569356,-0.634035,-0.064679,1.275522,-0.529124,0.746398
rs2_0540,RS2,vocal,0.258065,9,0,0.916708,-0.634035,0.282672,1.680189,-0.529124,1.151065
rs2_0541,RS2,vocal,0.133333,7,0,0.569356,-0.634035,-0.064679,1.275522,-0.529124,0.746398
rs2_0542,RS2,vocal,0.258065,9,0,0.916708,-0.634035,0.282672,1.680189,-0.529124,1.151065
rs2_0543,RS2,vocal,0.4,7,0,2.447383,-0.634035,1.813347,3.147004,-0.529124,2.617880
rs2_0544,RS2,vocal,0.325581,8,0,1.657742,-0.634035,1.023707,2.389378,-0.529124,1.860254
rs2_0545,RS2,vocal,0.466667,7,0,2.916890,-0.634035,2.282854,3.614875,-0.529124,3.085750
rs2_0546,RS2,vocal,0.173913,7,0,0.855143,-0.634035,0.221107,1.560313,-0.529124,1.031189
rs2_0547,RS2,vocal,0.266667,7,0,1.508369,-0.634035,0.874334,2.211263,-0.529124,1.682139
rs2_0548,RS2,vocal,0.266667,7,0,1.508369,-0.634035,0.874334,2.211263,-0.529124,1.682139
rs2_0549,RS2,vocal,0.3125,11,0,0.768995,-0.634035,0.134959,1.591517,-0.529124,1.062393
rs2_0550,RS2,vocal,0.228571,8,0,0.974540,-0.634035,0.340504,1.708557,-0.529124,1.179433
rs2_0551,RS2,vocal,0.166667,8,0,0.538569,-0.634035,-0.095466,1.274106,-0.529124,0.744982
rs2_0552,RS2,vocal,0.2,7,0,1.038863,-0.634035,0.404827,1.743393,-0.529124,1.214268
rs2_0553,RS2,vocal,0.135135,9,0,0.050965,-0.634035,-0.583070,0.817464,-0.529124,0.288340
rs2_0554,RS2,vocal,0.268908,8,0,1.258611,-0.634035,0.624576,1.991638,-0.529124,1.462514
rs2_0555,RS2,vocal,0.357143,8,0,1.880017,-0.634035,1.245981,2.610878,-0.529124,2.081754
rs2_0556,RS2,vocal,0.306122,7,0,1.786241,-0.634035,1.152205,2.488166,-0.529124,1.959042
rs2_0557,RS2,vocal,0.117647,7,0,0.458884,-0.634035,-0.175151,1.165435,-0.529124,0.636311
rs2_0558,RS2,vocal,0.349206,7,0,2.089663,-0.634035,1.455628,2.790531,-0.529124,2.261407
rs2_0559,RS2,vocal,0.288288,9,0.00900901,1.129562,-0.322974,0.806588,1.892302,-0.227490,1.664812
rs2_0560,RS2,vocal,0.133333,7,0,0.569356,-0.634035,-0.064679,1.275522,-0.529124,0.746398
rs2_0561,RS2,vocal,0.366667,7,0,2.212629,-0.634035,1.578594,2.913069,-0.529124,2.383945
rs2_0562,RS2,vocal,0.230769,8,0,0.990018,-0.634035,0.355983,1.723981,-0.529124,1.194857
rs2_0563,RS2,vocal,0.248276,13,0,-0.214391,-0.634035,-0.848426,0.670085,-0.529124,0.140961
rs2_0564,RS2,vocal,0.266667,12,0,0.180668,-0.634035,-0.453367,1.034505,-0.529124,0.505381
rs2_0565,RS2,vocal,0.217391,12,0,-0.166358,-0.634035,-0.800394,0.688687,-0.529124,0.159563
rs2_0566,RS2,vocal,0.135135,13,0,-1.011196,-0.634035,-1.645231,-0.123943,-0.529124,-0.653067
rs2_0567,RS2,vocal,0.2,12,0,-0.288838,-0.634035,-0.922874,0.566634,-0.529124,0.037510
rs2_0568,RS2,vocal,0.25,12,0,0.063292,-0.634035,-0.570744,0.917537,-0.529124,0.388413
rs2_0569,RS2,vocal,0.218182,12,0,-0.160791,-0.634035,-0.794826,0.694235,-0.529124,0.165111
rs2_0570,RS2,vocal,0.421053,10,0.0526316,1.799028,1.183219,2.982246,2.588698,1.233055,3.821753
rs2_0571,RS2,vocal,0.419355,12,0,1.255990,-0.634035,0.621955,2.106079,-0.529124,1.576955
rs2_0572,RS2,vocal,0.258065,12,0,0.120087,-0.634035,-0.513948,0.974134,-0.529124,0.445010
rs2_0573,RS2,vocal,0.1875,12,0,-0.376871,-0.634035,-1.010906,0.478909,-0.529124,-0.050215
rs2_0574,RS2,vocal,0.27027,12,0,0.206047,-0.634035,-0.427988,1.059795,-0.529124,0.530671
rs2_0575,RS2,vocal,0.242424,12,0,0.009939,-0.634035,-0.624097,0.864370,-0.529124,0.335246
rs2_0576,RS2,vocal,0.333333,10,0,1.181256,-0.634035,0.547220,1.973079,-0.529124,1.443955
rs2_0577,RS2,vocal,0.258065,12,0,0.120087,-0.634035,-0.513948,0.974134,-0.529124,0.445010
rs2_0578,RS2,vocal,0.266667,12,0,0.180668,-0.634035,-0.453367,1.034505,-0.529124,0.505381
rs2_0579,RS2,vocal,0.210526,12,0,-0.214706,-0.634035,-0.848741,0.640509,-0.529124,0.111385
rs2_0580,RS2,vocal,0.28,12,0,0.274570,-0.634035,-0.359466,1.128079,-0.529124,0.598955
rs2_0581,RS2,vocal,0.323529,12,0,0.581130,-0.634035,-0.052905,1.433571,-0.529124,0.904447
rs2_0582,RS2,vocal,0.387097,10,0,1.559890,-0.634035,0.925855,2.350394,-0.529124,1.821269
rs2_0583,RS2,vocal,0.255319,12,0,0.100752,-0.634035,-0.533283,0.954867,-0.529124,0.425743
rs2_0584,RS2,vocal,0.125,12,0,-0.817033,-0.634035,-1.451069,0.040280,-0.529124,-0.488844
rs2_0585,RS2,vocal,0.24,12,0,-0.007134,-0.634035,-0.641170,0.847357,-0.529124,0.318233
rs2_0586,RS2,vocal,0,12,0,-1.697358,-0.634035,-2.331394,-0.836977,-0.529124,-1.366101
rs2_0587,RS2,vocal,0,10,0,-1.166278,-0.634035,-1.800313,-0.366274,-0.529124,-0.895398
rs2_0588,RS2,vocal,0.210526,12,0,-0.214706,-0.634035,-0.848741,0.640509,-0.529124,0.111385
rs2_0589,RS2,vocal,0.29932,12,0,0.410631,-0.634035,-0.223404,1.263666,-0.529124,0.734542
rs2_0590,RS2,vocal,0.241379,12,0,0.002580,-0.634035,-0.631456,0.857037,-0.529124,0.327913
rs2_0591,RS2,vocal,0.322581,12,0,0.574448,-0.634035,-0.059587,1.426912,-0.529124,0.897788
rs2_0592,RS2,vocal,0.214286,12,0,-0.188230,-0.634035,-0.822265,0.666892,-0.529124,0.137768
rs2_0593,RS2,vocal,0.322581,12,0,0.574448,-0.634035,-0.059587,1.426912,-0.529124,0.897788
rs2_0594,RS2,vocal,0.414141,12,0,1.219274,-0.634035,0.585239,2.069491,-0.529124,1.540367
rs2_0595,RS2,vocal,0.4,12,0,1.119682,-0.634035,0.485646,1.970246,-0.529124,1.441122
rs2_0596,RS2,vocal,0.3125,12,0,0.503454,-0.634035,-0.130581,1.356166,-0.529124,0.827042
rs2_0597,RS2,vocal,0.276596,12,0,0.250595,-0.634035,-0.383440,1.104188,-0.529124,0.575064
rs2_0598,RS2,vocal,0.410256,12,0,1.191914,-0.634035,0.557878,2.042226,-0.529124,1.513102
rs2_0599,RS2,vocal,0.166667,14,0,-1.054672,-0.634035,-1.688707,-0.138004,-0.529124,-0.667128
rs2_0600,RS2,vocal,0.300699,12,0,0.420347,-0.634035,-0.213689,1.273348,-0.529124,0.744224
rs2_0601,RS2,vocal,0.217742,10,0,0.367192,-0.634035,-0.266844,1.161852,-0.529124,0.632727
rs2_0602,RS2,vocal,0.0727273,14,0,-1.716250,-0.634035,-2.350285,-0.797276,-0.529124,-1.326400
rs2_0603,RS2,vocal,0.202073,12,0,-0.274242,-0.634035,-0.908278,0.581180,-0.529124,0.052055
rs2_0604,RS2,vocal,0.170213,10,0,0.032463,-0.634035,-0.601573,0.828289,-0.529124,0.299165
rs2_0605,RS2,vocal,0.117647,14,0,-1.399897,-0.634035,-2.033933,-0.482027,-0.529124,-1.011151
rs2_0606,RS2,vocal,0.214286,9,0,0.608391,-0.634035,-0.025644,1.372947,-0.529124,0.843823
rs2_0607,RS2,vocal,0.0972222,9,0.0138889,-0.216040,-0.154482,-0.370523,0.551389,-0.064105,0.487284
rs2_0608,RS2,vocal,0.235294,10,0,0.490805,-0.634035,-0.143231,1.285034,-0.529124,0.755910
rs2_0609,RS2,vocal,0.283582,10,0,0.830877,-0.634035,0.196842,1.623922,-0.529124,1.094797
rs2_0610,RS2,vocal,0.133333,12,0,-0.758345,-0.634035,-1.392380,0.098764,-0.529124,-0.430360
rs2_0611,RS2,vocal,0.545455,9,0,2.940681,-0.634035,2.306645,3.697109,-0.529124,3.167985
rs2_0612,RS2,vocal,0.388889,5,0,2.900212,-0.634035,2.266177,3.539729,-0.529124,3.010605
rs2_0613,RS2,vocal,0.5,7,0,3.151643,-0.634035,2.517607,3.848810,-0.529124,3.319686
rs2_0614,RS2,vocal,0.0322581,9,0,-0.673557,-0.634035,-1.307592,0.095467,-0.529124,-0.433657
rs2_0615,RS2,vocal,0.133333,7,0,0.569356,-0.634035,-0.064679,1.275522,-0.529124,0.746398
rs2_0616,RS2,vocal,0.2,7,0,1.038863,-0.634035,0.404827,1.743393,-0.529124,1.214268
rs2_0617,RS2,vocal,0.548387,4,0,4.289034,-0.634035,3.654999,4.894448,-0.529124,4.365324
rs2_0618,RS2,vocal,0.133333,8,0,0.303816,-0.634035,-0.330220,1.040170,-0.529124,0.511046
rs2_0619,RS2,vocal,0.3125,8,0,1.565615,-0.634035,0.931580,2.297572,-0.529124,1.768448
rs2_0620,RS2,vocal,0.2,5,0,1.569943,-0.634035,0.935908,2.214096,-0.529124,1.684972
rs2_0621,RS2,vocal,0.133333,7,0,0.569356,-0.634035,-0.064679,1.275522,-0.529124,0.746398
rs2_0622,RS2,vocal,0.2,10,0,0.242242,-0.634035,-0.391793,1.037338,-0.529124,0.508214
rs2_0623,RS2,vocal,0.242424,10,0,0.541019,-0.634035,-0.093016,1.335073,-0.529124,0.805949
rs2_0624,RS2,vocal,0.468085,7,0,2.926879,-0.634035,2.292844,3.624829,-0.529124,3.095705
rs2_0625,RS2,vocal,0.2,9,0,0.507782,-0.634035,-0.126253,1.272689,-0.529124,0.743565
rs2_0626,RS2,vocal,0.2,9,0,0.507782,-0.634035,-0.126253,1.272689,-0.529124,0.743565
rs2_0627,RS2,vocal,0.166667,7,0,0.804109,-0.634035,0.170074,1.509457,-0.529124,0.980333
rs2_0628,RS2,vocal,0.1875,7,0,0.950830,-0.634035,0.316795,1.655667,-0.529124,1.126543
rs2_0629,RS2,vocal,0.354839,9,0,1.598250,-0.634035,0.964214,2.359356,-0.529124,1.830232
rs2_0630,RS2,vocal,0.3125,12,0,0.503454,-0.634035,-0.130581,1.356166,-0.529124,0.827042
rs2_0631,RS2,vocal,0.3125,9,0,1.300075,-0.634035,0.666039,2.062221,-0.529124,1.533097
rs2_0632,RS2,vocal,0.391304,7,0,2.386143,-0.634035,1.752107,3.085977,-0.529124,2.556853
rs2_0633,RS2,vocal,0.333333,10,0,1.181256,-0.634035,0.547220,1.973079,-0.529124,1.443955
rs2_0634,RS2,vocal,0.0588235,8,0,-0.220927,-0.634035,-0.854962,0.517256,-0.529124,-0.011868
rs2_0635,RS2,vocal,0.387097,4,0,3.153131,-0.634035,2.519096,3.762503,-0.529124,3.233379
rs2_0636,RS2,vocal,0.2,8,0,0.773323,-0.634035,0.139287,1.508041,-0.529124,0.978917
rs2_0637,RS2,vocal,0.333333,7,0,1.977876,-0.634035,1.343841,2.679134,-0.529124,2.150009
rs2_0638,RS2,vocal,0.28125,7,0,1.611074,-0.634035,0.977039,2.313610,-0.529124,1.784486
rs2_0639,RS2,vocal,0.258065,7,0,1.447788,-0.634035,0.813753,2.150893,-0.529124,1.621769
rs2_0640,RS2,vocal,0.28125,5,0,2.142154,-0.634035,1.508119,2.784313,-0.529124,2.255189
rs2_0641,RS2,vocal,0.272727,8,0,1.285512,-0.634035,0.651476,2.018445,-0.529124,1.489321
rs2_0642,RS2,vocal,0.230769,7,0,1.255558,-0.634035,0.621523,1.959333,-0.529124,1.430209
rs2_0643,RS2,vocal,0.235294,7,0,1.287425,-0.634035,0.653390,1.991089,-0.529124,1.461965
rs2_0644,RS2,vocal,0.266667,5,0,2.039450,-0.634035,1.405414,2.681966,-0.529124,2.152842
rs2_0645,RS2,vocal,0.266667,7,0,1.508369,-0.634035,0.874334,2.211263,-0.529124,1.682139
rs2_0646,RS2,vocal,0.123077,8,0,0.231584,-0.634035,-0.402451,0.968190,-0.529124,0.439066
rs2_0647,RS2,vocal,0.133333,8,0,0.303816,-0.634035,-0.330220,1.040170,-0.529124,0.511046
rs2_0648,RS2,vocal,0.133333,7,0,0.569356,-0.634035,-0.064679,1.275522,-0.529124,0.746398
rs2_0649,RS2,vocal,0.28125,7,0,1.611074,-0.634035,0.977039,2.313610,-0.529124,1.784486
rs2_0650,RS2,vocal,0.133333,7,0,0.569356,-0.634035,-0.064679,1.275522,-0.529124,0.746398
rs2_0651,RS2,vocal,0.4,7,0,2.447383,-0.634035,1.813347,3.147004,-0.529124,2.617880
rs2_0652,RS2,vocal,0.2,7,0,1.038863,-0.634035,0.404827,1.743393,-0.529124,1.214268
rs2_0653,RS2,vocal,0.2,7,0,1.038863,-0.634035,0.404827,1.743393,-0.529124,1.214268
rs2_0654,RS2,vocal,0.2,7,0,1.038863,-0.634035,0.404827,1.743393,-0.529124,1.214268
rs2_0655,RS2,vocal,0.375,7,0,2.271318,-0.634035,1.637282,2.971553,-0.529124,2.442429
rs2_0656,RS2,vocal,0.205128,7,0,1.074979,-0.634035,0.440943,1.779383,-0.529124,1.250258
rs2_0657,RS2,vocal,0.133333,7,0,0.569356,-0.634035,-0.064679,1.275522,-0.529124,0.746398
rs2_0658,RS2,vocal,0.354839,8,0,1.863790,-0.634035,1.229754,2.594708,-0.529124,2.065584
rs2_0659,RS2,vocal,0.25,7,0,1.390993,-0.634035,0.756957,2.094295,-0.529124,1.565171
rs2_0660,RS2,vocal,0.322581,7,0,1.902149,-0.634035,1.268114,2.603671,-0.529124,2.074546
rs2_0661,RS2,vocal,0.2,7,0,1.038863,-0.634035,0.404827,1.743393,-0.529124,1.214268
rs2_0662,RS2,vocal,0.266667,7,0,1.508369,-0.634035,0.874334,2.211263,-0.529124,1.682139
rs2_0663,RS2,vocal,0.176471,7,0,0.873155,-0.634035,0.239119,1.578262,-0.529124,1.049138
rs2_0664,RS2,vocal,0.266667,7,0,1.508369,-0.634035,0.874334,2.211263,-0.529124,1.682139
rs2_0665,RS2,vocal,0.1,7,0,0.334603,-0.634035,-0.299433,1.041587,-0.529124,0.512463
rs2_0666,RS2,vocal,0.105263,7,0,0.371669,-0.634035,-0.262366,1.078524,-0.529124,0.549400
rs2_0667,RS2,vocal,0.122449,8,0,0.227162,-0.634035,-0.406874,0.963783,-0.529124,0.434659
rs2_0668,RS2,vocal,0.266667,5,0,2.039450,-0.634035,1.405414,2.681966,-0.529124,2.152842
rs2_0669,RS2,vocal,0.382979,7,0,2.327509,-0.634035,1.693473,3.027548,-0.529124,2.498424
rs2_0670,RS2,vocal,0,7,0.0232558,-0.369657,0.168937,-0.200720,0.339781,0.249513,0.589294
rs2_0671,RS2,vocal,0.235294,7,0,1.287425,-0.634035,0.653390,1.991089,-0.529124,1.461965
rs2_0672,RS2,vocal,0.142857,7,0,0.636428,-0.634035,0.002393,1.342361,-0.529124,0.813237
rs2_0673,RS2,vocal,0.2,7,0,1.038863,-0.634035,0.404827,1.743393,-0.529124,1.214268
rs2_0674,RS2,vocal,0.176471,7,0,0.873155,-0.634035,0.239119,1.578262,-0.529124,1.049138
rs2_0675,RS2,vocal,0.133333,13,0,-1.023885,-0.634035,-1.657920,-0.136588,-0.529124,-0.665712
rs2_0676,RS2,vocal,0.294118,9,0,1.170615,-0.634035,0.536580,1.933212,-0.529124,1.404088
rs2_0677,RS2,vocal,0.325,9,0,1.388107,-0.634035,0.754072,2.149946,-0.529124,1.620822
rs2_0678,RS2,vocal,0.333333,9,0,1.446796,-0.634035,0.812760,2.208430,-0.529124,1.679306
rs2_0679,RS2,vocal,0.176471,10,0,0.076534,-0.634035,-0.557501,0.872207,-0.529124,0.343083
rs2_0680,RS2,vocal,0.454545,10,0,2.034904,-0.634035,1.400869,2.823752,-0.529124,2.294628
rs2_0681,RS2,vocal,0.363636,10,0,1.394668,-0.634035,0.760632,2.185747,-0.529124,1.656623
rs2_0682,RS2,vocal,0.185185,10,0.037037,0.137907,0.644773,0.782680,0.933366,0.710928,1.644294
rs2_0683,RS2,vocal,0.2,8,0,0.773323,-0.634035,0.139287,1.508041,-0.529124,0.978917
rs2_0684,RS2,vocal,0.333333,7,0,1.977876,-0.634035,1.343841,2.679134,-0.529124,2.150009
rs2_0685,RS2,vocal,0.336957,7,0,2.003393,-0.634035,1.369357,2.704561,-0.529124,2.175437
rs2_0686,RS2,vocal,0.219512,12,0,-0.151422,-0.634035,-0.785457,0.703572,-0.529124,0.174448
rs2_0687,RS2,vocal,0.162791,7,0,0.776813,-0.634035,0.142777,1.482256,-0.529124,0.953131
rs2_0688,RS2,vocal,0.25,8,0,1.125453,-0.634035,0.491417,1.858944,-0.529124,1.329820
rs2_0689,RS2,vocal,0.208333,7,0.0416667,1.097551,0.804624,1.902175,1.801876,0.865934,2.667811
rs2_0690,RS2,vocal,0.466667,9,0,2.385809,-0.634035,1.751774,3.144171,-0.529124,2.615047
rs2_0691,RS2,vocal,0.117647,9,0,-0.072196,-0.634035,-0.706232,0.694732,-0.529124,0.165607
rs2_0692,RS2,vocal,0.266667,9,0,0.977289,-0.634035,0.343254,1.740560,-0.529124,1.211436
rs2_0693,RS2,vocal,0.26087,6,0,1.733083,-0.634035,1.099048,2.405930,-0.529124,1.876806
rs2_0694,RS2,vocal,0.12,6,0,0.740995,-0.634035,0.106960,1.417300,-0.529124,0.888176
rs2_0695,RS2,vocal,0.0357143,12,0,-1.445837,-0.634035,-2.079872,-0.586332,-0.529124,-1.115456
rs2_0696,RS2,vocal,0.242424,11,0,0.275479,-0.634035,-0.358556,1.099722,-0.529124,0.570598
rs2_0697,RS2,vocal,0.3125,10,0,1.034535,-0.634035,0.400499,1.826869,-0.529124,1.297745
rs2_0698,RS2,vocal,0.0892857,9,0,-0.271934,-0.634035,-0.905969,0.495690,-0.529124,-0.033434
rs2_0699,RS2,vocal,0,12,0,-1.697358,-0.634035,-2.331394,-0.836977,-0.529124,-1.366101
rs2_0700,RS2,vocal,0.111111,9,0,-0.118227,-0.634035,-0.752262,0.648862,-0.529124,0.119738
rs2_0701,RS2,vocal,0.222222,9,0,0.664285,-0.634035,0.030249,1.428646,-0.529124,0.899522
rs2_0702,RS2,vocal,0.4,9,0,1.916302,-0.634035,1.282267,2.676301,-0.529124,2.147177
rs2_0703,RS2,vocal,0.263158,7,0,1.483659,-0.634035,0.849623,2.186638,-0.529124,1.657514
rs2_0704,RS2,vocal,0.181818,12,0,-0.416885,-0.634035,-1.050921,0.439033,-0.529124,-0.090091
rs2_0705,RS2,vocal,0.030303,12,0,-1.483946,-0.634035,-2.117982,-0.624309,-0.529124,-1.153433
rs2_0706,RS2,vocal,0.216216,10,0,0.356447,-0.634035,-0.277589,1.151144,-0.529124,0.622020
rs2_0707,RS2,vocal,0.153846,8,0,0.448280,-0.634035,-0.185756,1.184131,-0.529124,0.655006
rs2_0708,RS2,vocal,0.160494,9,0,0.229556,-0.634035,-0.404479,0.995433,-0.529124,0.466309
rs2_0709,RS2,vocal,0.460317,8,0,2.606634,-0.634035,1.972599,3.334964,-0.529124,2.805840
rs2_0710,RS2,vocal,0.177215,8,0,0.612858,-0.634035,-0.021177,1.348136,-0.529124,0.819012
rs2_0711,RS2,vocal,0.258065,9,0,0.916708,-0.634035,0.282672,1.680189,-0.529124,1.151065
rs2_0712,RS2,vocal,0.16129,9,0,0.235166,-0.634035,-0.398870,1.001022,-0.529124,0.471898
rs2_0713,RS2,vocal,0.490066,7,0,3.081683,-0.634035,2.447648,3.779094,-0.529124,3.249970
rs2_0714,RS2,vocal,0,10,0,-1.166278,-0.634035,-1.800313,-0.366274,-0.529124,-0.895398
rs2_0715,RS2,vocal,0.338462,12,0,0.686291,-0.634035,0.052256,1.538365,-0.529124,1.009241
rs2_0716,RS2,vocal,0.0769231,12,0,-1.155620,-0.634035,-1.789655,-0.297127,-0.529124,-0.826251
rs2_0717,RS2,vocal,0.387097,12,0,1.028810,-0.634035,0.394774,1.879690,-0.529124,1.350566
rs2_0718,RS2,vocal,0.387097,14,0,0.497729,-0.634035,-0.136306,1.408987,-0.529124,0.879863
rs2_0719,RS2,vocal,0.1,12,0,-0.993098,-0.634035,-1.627134,-0.135171,-0.529124,-0.664296
rs2_0720,RS2,vocal,0.121951,12,0,-0.838505,-0.634035,-1.472540,0.018883,-0.529124,-0.510241
rs2_0721,RS2,vocal,0.162791,12,0,-0.550888,-0.634035,-1.184924,0.305497,-0.529124,-0.223627
rs2_0722,RS2,vocal,0.216216,12,0,-0.174634,-0.634035,-0.808669,0.680441,-0.529124,0.151317
rs2_0723,RS2,vocal,0.25974,8,0,1.194049,-0.634035,0.560014,1.927301,-0.529124,1.398177
rs2_0724,RS2,vocal,0.159091,8,0,0.485216,-0.634035,-0.148819,1.220939,-0.529124,0.691814
rs2_0725,RS2,vocal,0.129032,8,0,0.273525,-0.634035,-0.360510,1.009985,-0.529124,0.480861
rs2_0726,RS2,vocal,0.0833333,10,0,-0.579394,-0.634035,-1.213430,0.218564,-0.529124,-0.310560
rs2_0727,RS2,vocal,0.16,8,0,0.491619,-0.634035,-0.142417,1.227319,-0.529124,0.698195
rs2_0728,RS2,vocal,0.0985915,5,0,0.855764,-0.634035,0.221729,1.502405,-0.529124,0.973281
rs2_0729,RS2,vocal,0.377049,7,0,2.285749,-0.634035,1.651714,2.985934,-0.529124,2.456810
rs2_0730,RS2,vocal,0.285714,7,0,1.642514,-0.634035,1.008479,2.344940,-0.529124,1.815816
rs2_0731,RS2,vocal,0,10,0,-1.166278,-0.634035,-1.800313,-0.366274,-0.529124,-0.895398
rs2_0732,RS2,vocal,0.4,12,0,1.119682,-0.634035,0.485646,1.970246,-0.529124,1.441122
rs2_0733,RS2,vocal,0.451613,12,0,1.483171,-0.634035,0.849135,2.332468,-0.529124,1.803344
rs2_0734,RS2,vocal,0.181818,12,0,-0.416885,-0.634035,-1.050921,0.439033,-0.529124,-0.090091
rs2_0735,RS2,vocal,0.0606061,15,0.030303,-2.067155,0.412262,-1.654892,-1.117695,0.485464,-0.632232
rs2_0736,RS2,vocal,0.121212,14,0,-1.374790,-0.634035,-2.008826,-0.457007,-0.529124,-0.986131
rs2_0737,RS2,vocal,0.185185,10,0,0.137907,-0.634035,-0.496128,0.933366,-0.529124,0.404242
rs2_0738,RS2,vocal,0.129032,9,0,0.007985,-0.634035,-0.626050,0.774634,-0.529124,0.245509
rs2_0739,RS2,vocal,0.301887,9,0,1.225330,-0.634035,0.591295,1.987737,-0.529124,1.458613
rs2_0740,RS2,vocal,0.210526,9,0,0.581915,-0.634035,-0.052120,1.346564,-0.529124,0.817439
rs2_0741,RS2,vocal,0,9,0,-0.900738,-0.634035,-1.534773,-0.130922,-0.529124,-0.660046
rs2_0742,RS2,vocal,0.115789,9,0,-0.085279,-0.634035,-0.719314,0.681695,-0.529124,0.152571
rs2_0743,RS2,vocal,0.119048,9,0,-0.062333,-0.634035,-0.696368,0.704561,-0.529124,0.175437
rs2_0744,RS2,vocal,0.2,7,0,1.038863,-0.634035,0.404827,1.743393,-0.529124,1.214268
rs2_0745,RS2,vocal,0.155172,9,0,0.192080,-0.634035,-0.441956,0.958087,-0.529124,0.428963
rs2_0746,RS2,vocal,0.2,7,0,1.038863,-0.634035,0.404827,1.743393,-0.529124,1.214268
rs2_0747,RS2,vocal,0.047619,7,0,-0.034295,-0.634035,-0.668331,0.673974,-0.529124,0.144850
rs2_0748,RS2,vocal,0.224138,9,0,0.677776,-0.634035,0.043741,1.442091,-0.529124,0.912967
rs2_0749,RS2,vocal,0.387097,5,0,2.887591,-0.634035,2.253556,3.527152,-0.529124,2.998028
rs2_0750,RS2,vocal,0.444444,5,0,3.291468,-0.634035,2.657432,3.929621,-0.529124,3.400497
rs2_0751,RS2,vocal,0.102041,8,0,0.083435,-0.634035,-0.550600,0.820558,-0.529124,0.291434
rs2_0752,RS2,vocal,0.290909,6,0,1.944639,-0.634035,1.310604,2.616749,-0.529124,2.087625
rs2_0753,RS2,vocal,0.296296,7,0,1.717039,-0.634035,1.083004,2.419205,-0.529124,1.890081
rs2_0754,RS2,vocal,0.358491,7,0,2.155048,-0.634035,1.521013,2.855688,-0.529124,2.326564
rs2_0755,RS2,vocal,0.148148,8,0,0.408151,-0.634035,-0.225885,1.144142,-0.529124,0.615018
rs2_0756,RS2,vocal,0.206897,10,0,0.290812,-0.634035,-0.343224,1.085738,-0.529124,0.556614
rs2_0757,RS2,vocal,0.225806,10,0,0.423987,-0.634035,-0.210049,1.218449,-0.529124,0.689325
rs2_0758,RS2,vocal,0.372093,9,0,1.719765,-0.634035,1.085729,2.480448,-0.529124,1.951324
rs2_0759,RS2,vocal,0.338983,10,0,1.221044,-0.634035,0.587009,2.012729,-0.529124,1.483605
rs2_0760,RS2,vocal,0.185185,10,0,0.137907,-0.634035,-0.496128,0.933366,-0.529124,0.404242
rs2_0761,RS2,vocal,0.142857,10,0,-0.160192,-0.634035,-0.794228,0.636306,-0.529124,0.107182
rs2_0762,RS2,vocal,0.435484,7,0,2.697282,-0.634035,2.063246,3.396032,-0.529124,2.866908
rs2_0763,RS2,vocal,0.518519,9,0,2.750981,-0.634035,2.116946,3.508070,-0.529124,2.978946
rs2_0764,RS2,vocal,0.245283,7,0,1.357773,-0.634035,0.723738,2.061191,-0.529124,1.532067
rs2_0765,RS2,vocal,0.207547,10,0.0566038,0.295394,1.320370,1.615764,1.090304,1.366049,2.456354
rs2_0766,RS2,vocal,0.151515,13,0,-0.895838,-0.634035,-1.529873,-0.008987,-0.529124,-0.538111
rs2_0767,RS2,vocal,0.244898,5,0,1.886142,-0.634035,1.252106,2.529192,-0.529124,2.000068
rs2_0768,RS2,vocal,0.307692,4,0,2.593917,-0.634035,1.959882,3.205238,-0.529124,2.676114
rs2_0769,RS2,vocal,0.307692,7,0,1.797297,-0.634035,1.163261,2.499183,-0.529124,1.970059
rs2_0770,RS2,vocal,0.294118,4,0,2.498316,-0.634035,1.864281,3.109971,-0.529124,2.580846
rs2_0771,RS2,vocal,0.10084,7,0,0.340521,-0.634035,-0.293515,1.047484,-0.529124,0.518360
rs2_0772,RS2,vocal,0.047619,7,0,-0.034295,-0.634035,-0.668331,0.673974,-0.529124,0.144850
rs2_0773,RS2,vocal,0.142857,8,0,0.370888,-0.634035,-0.263147,1.107009,-0.529124,0.577885
rs2_0774,RS2,vocal,0.1,8,0,0.069063,-0.634035,-0.564973,0.806235,-0.529124,0.277111
rs2_0775,RS2,vocal,0.339623,7,0,2.022169,-0.634035,1.388134,2.723272,-0.529124,2.194148
rs2_0776,RS2,vocal,0,7,0,-0.369657,-0.634035,-1.003693,0.339781,-0.529124,-0.189343
rs2_0777,RS2,vocal,0.457627,6,0,3.118768,-0.634035,2.484732,3.786786,-0.529124,3.257662
rs2_0778,RS2,vocal,0.111111,7,0,0.412854,-0.634035,-0.221182,1.119565,-0.529124,0.590441
rs2_0779,RS2,vocal,0.128205,9,0,0.002160,-0.634035,-0.631876,0.768829,-0.529124,0.239705
rs2_0780,RS2,vocal,0.272727,7,0,1.551052,-0.634035,0.917016,2.253797,-0.529124,1.724673
rs2_0781,RS2,vocal,0.2,9,0,0.507782,-0.634035,-0.126253,1.272689,-0.529124,0.743565
rs2_0782,RS2,vocal,0.0645161,12,0,-1.242997,-0.634035,-1.877032,-0.384199,-0.529124,-0.913323
rs2_0783,RS2,vocal,0.125,10,0,-0.285953,-0.634035,-0.919988,0.510983,-0.529124,-0.018141
rs2_0784,RS2,vocal,0.32,10,0.04,1.087354,0.747078,1.834432,1.879504,0.810132,2.689636
rs2_0785,RS2,vocal,0.230769,11,0.0384615,0.193397,0.693958,0.887355,1.017926,0.758622,1.776548
rs2_0786,RS2,vocal,0.292683,7,0,1.691592,-0.634035,1.057556,2.393847,-0.529124,1.864723
rs2_0787,RS2,vocal,0.275862,5,0,2.104209,-0.634035,1.470174,2.746500,-0.529124,2.217376
rs2_0788,RS2,vocal,0.258065,5,0,1.978868,-0.634035,1.344833,2.621596,-0.529124,2.092472
rs2_0789,RS2,vocal,0.206897,7,0,1.087432,-0.634035,0.453397,1.791793,-0.529124,1.262669
rs2_0790,RS2,vocal,0.0952381,7,0,0.301067,-0.634035,-0.332969,1.008167,-0.529124,0.479043
rs2_0791,RS2,vocal,0.193548,7,0,0.993427,-0.634035,0.359391,1.698115,-0.529124,1.168991
rs2_0792,RS2,vocal,0.15,7,0,0.686733,-0.634035,0.052697,1.392490,-0.529124,0.863366
rs2_0793,RS2,vocal,0.104167,7,0,0.363947,-0.634035,-0.270088,1.070829,-0.529124,0.541705
rs2_0794,RS2,vocal,0.444444,8,0,2.494847,-0.634035,1.860812,3.223566,-0.529124,2.694442
rs2_0795,RS2,vocal,0.5,5,0,3.682723,-0.634035,3.048688,4.319513,-0.529124,3.790389
rs2_0796,RS2,vocal,0.777778,7,0.037037,5.107921,0.644773,5.752694,5.798270,0.710928,6.509198
rs2_0797,RS2,vocal,0.210526,7,0,1.112995,-0.634035,0.478960,1.817267,-0.529124,1.288143
rs2_0798,RS2,vocal,0.232558,8,0,1.002617,-0.634035,0.368581,1.736536,-0.529124,1.207412
rs2_0799,RS2,vocal,0.352941,8,0,1.850426,-0.634035,1.216391,2.581391,-0.529124,2.052267
rs2_0800,RS2,vocal,0.290323,7,0,1.674969,-0.634035,1.040933,2.377282,-0.529124,1.848158
rs2_0801,RS2,vocal,0.282051,12,0,0.289016,-0.634035,-0.345019,1.142475,-0.529124,0.613351
rs2_0802,RS2,vocal,0.533333,5,0,3.917477,-0.634035,3.283441,4.553448,-0.529124,4.024324
rs2_0803,RS2,vocal,0.0645161,5,0,0.615784,-0.634035,-0.018251,1.263262,-0.529124,0.734138
rs2_0804,RS2,vocal,0.366667,9,0,1.681549,-0.634035,1.047514,2.442365,-0.529124,1.913241
rs2_0805,RS2,vocal,0.4,7,0,2.447383,-0.634035,1.813347,3.147004,-0.529124,2.617880
rs2_0806,RS2,vocal,0.0895522,7,0,0.261023,-0.634035,-0.373012,0.968264,-0.529124,0.439140
rs2_0807,RS2,vocal,0.28125,7,0,1.611074,-0.634035,0.977039,2.313610,-0.529124,1.784486
rs2_0808,RS2,vocal,0.175439,7,0,0.865887,-0.634035,0.231851,1.571019,-0.529124,1.041895
rs2_0809,RS2,vocal,0.490909,8,0,2.822079,-0.634035,2.188044,3.549658,-0.529124,3.020534
rs2_0810,RS2,vocal,0.357143,8,0,1.880017,-0.634035,1.245981,2.610878,-0.529124,2.081754
rs2_0811,RS2,vocal,0.162162,8,0,0.506846,-0.634035,-0.127190,1.242493,-0.529124,0.713369
rs2_0812,RS2,vocal,0.428571,7,0,2.648600,-0.634035,2.014565,3.347520,-0.529124,2.818396
rs2_0813,RS2,vocal,0.133333,9,0,0.038276,-0.634035,-0.595760,0.804819,-0.529124,0.275695
rs2_0814,RS2,vocal,0.354839,7,0,2.129330,-0.634035,1.495294,2.830059,-0.529124,2.300935
rs2_0815,RS2,vocal,0.28,12,0,0.274570,-0.634035,-0.359466,1.128079,-0.529124,0.598955
rs2_0816,RS2,vocal,0.282051,7,0,1.616717,-0.634035,0.982682,2.319233,-0.529124,1.790109
rs2_0817,RS2,vocal,0.319149,12,0,0.550280,-0.634035,-0.083755,1.402828,-0.529124,0.873704
rs2_0818,RS2,vocal,0.0652174,8,0,-0.175897,-0.634035,-0.809933,0.562129,-0.529124,0.033005
rs2_0819,RS2,vocal,0.145833,5,0,1.188469,-0.634035,0.554434,1.833951,-0.529124,1.304827
rs2_0820,RS2,vocal,0.210526,7,0,1.112995,-0.634035,0.478960,1.817267,-0.529124,1.288143
rs2_0821,RS2,vocal,0.09375,8,0,0.025046,-0.634035,-0.608989,0.762372,-0.529124,0.233248
rs2_0822,RS2,vocal,0.261538,7,0,1.472254,-0.634035,0.838218,2.175273,-0.529124,1.646149
rs2_0823,RS2,vocal,0.05,7,0,-0.017527,-0.634035,-0.651563,0.690684,-0.529124,0.161560
rs2_0824,RS2,vocal,0.208333,7,0,1.097551,-0.634035,0.463516,1.801876,-0.529124,1.272752
rs2_0825,RS2,vocal,0.212121,7,0,1.124228,-0.634035,0.490192,1.828460,-0.529124,1.299336
rs2_0826,RS2,vocal,0.409091,7,0,2.511406,-0.634035,1.877371,3.210805,-0.529124,2.681680
rs2_0827,RS2,vocal,0.387097,7,0.0322581,2.356511,0.479766,2.836276,3.056448,0.550921,3.607370
rs2_0828,RS2,vocal,0.210526,8,0,0.847455,-0.634035,0.213420,1.581915,-0.529124,1.052791
rs2_0829,RS2,vocal,0.407407,12,0,1.171849,-0.634035,0.537814,2.022231,-0.529124,1.493107
rs2_0830,RS2,vocal,0.0740741,10,0,-0.644604,-0.634035,-1.278639,0.153582,-0.529124,-0.375542
rs2_0831,RS2,vocal,0,7,0,-0.369657,-0.634035,-1.003693,0.339781,-0.529124,-0.189343
rs2_0832,RS2,vocal,0.0681818,7,0.0454545,0.110520,0.935411,1.045931,0.818285,0.992758,1.811043
kjs_0001,Kantelesävelmiä,instrumental,0.222222,3,0,2.257526,-0.634035,1.623490,2.840756,-0.529124,2.311632
kjs_0002,Kantelesävelmiä,instrumental,0.125,7,0,0.510668,-0.634035,-0.123368,1.217038,-0.529124,0.687914
kjs_0003,Kantelesävelmiä,instrumental,0.1875,17,0,-1.704572,-0.634035,-2.338607,-0.697850,-0.529124,-1.226974
kjs_0004,Kantelesävelmiä,instrumental,0,24,0,-4.883841,-0.634035,-5.517876,-3.661197,-0.529124,-4.190321
kjs_0005,Kantelesävelmiä,instrumental,1,0,0,8.531724,-0.634035,7.897689,9.005300,-0.529124,8.476176
kjs_0006,Kantelesävelmiä,instrumental,0.21519,14,0,-0.712942,-0.634035,-1.346978,0.202534,-0.529124,-0.326590
kjs_0007,Kantelesävelmiä,instrumental,0.0166667,12,0.00833333,-1.579982,-0.346304,-1.926285,-0.720010,-0.250112,-0.970122
kjs_0008,Kantelesävelmiä,instrumental,0.0917431,12,0,-1.051248,-0.634035,-1.685284,-0.193119,-0.529124,-0.722243
kjs_0009,Kantelesävelmiä,instrumental,0,17,0,-3.025059,-0.634035,-3.659095,-2.013735,-0.529124,-2.542859
kjs_0010,Kantelesävelmiä,instrumental,0.0158103,7,0,-0.258312,-0.634035,-0.892347,0.450738,-0.529124,-0.078386
kjs_0011,Kantelesävelmiä,instrumental,0.0314961,14,0,-2.006624,-0.634035,-2.640660,-1.086639,-0.529124,-1.615763
kjs_0012,Kantelesävelmiä,instrumental,0.0357143,14,0,-1.976917,-0.634035,-2.610953,-1.057036,-0.529124,-1.586160
kjs_0013,Kantelesävelmiä,instrumental,0.0588235,24,0.0392157,-4.469570,0.719997,-3.749573,-3.248370,0.783872,-2.464498
kjs_0014,Kantelesävelmiä,instrumental,0.021978,17,0,-2.870277,-0.634035,-3.504312,-1.859492,-0.529124,-2.388616
kjs_0015,Kantelesävelmiä,instrumental,0.0253165,24,0,-4.705547,-0.634035,-5.339582,-3.483525,-0.529124,-4.012649
kjs_0016,Kantelesävelmiä,instrumental,0.173913,5,0,1.386223,-0.634035,0.752188,2.031016,-0.529124,1.501892
kjs_0017,Kantelesävelmiä,instrumental,0.168831,7,0,0.819353,-0.634035,0.185318,1.524648,-0.529124,0.995524
kjs_0018,Kantelesävelmiä,instrumental,0.287356,7,0,1.654078,-0.634035,1.020043,2.356464,-0.529124,1.827340
kjs_0019,Kantelesävelmiä,instrumental,0.196078,7,0,1.011245,-0.634035,0.377209,1.715871,-0.529124,1.186747
kjs_0020,Kantelesävelmiä,instrumental,0.27451,7,0,1.563606,-0.634035,0.929570,2.266307,-0.529124,1.737183
kjs_0021,Kantelesävelmiä,instrumental,0.118644,7,0,0.465905,-0.634035,-0.168130,1.172432,-0.529124,0.643308
kjs_0022,Kantelesävelmiä,instrumental,0.119403,7,0,0.471250,-0.634035,-0.162785,1.177758,-0.529124,0.648634
kjs_0023,Kantelesävelmiä,instrumental,0.1,12,0,-0.993098,-0.634035,-1.627134,-0.135171,-0.529124,-0.664296
kjs_0024,Kantelesävelmiä,instrumental,0.263158,8,0,1.218118,-0.634035,0.584083,1.951287,-0.529124,1.422163
kjs_0025,Kantelesävelmiä,instrumental,0.90625,5,0,6.543780,-0.634035,5.909744,7.170599,-0.529124,6.641475
kjs_0026,Kantelesävelmiä,instrumental,0.133333,12,0,-0.758345,-0.634035,-1.392380,0.098764,-0.529124,-0.430360
kjs_0027,Kantelesävelmiä,instrumental,0.0645161,7,0,0.084704,-0.634035,-0.549331,0.792559,-0.529124,0.263435
kjs_0028,Kantelesävelmiä,instrumental,0.0819672,8,0,-0.057935,-0.634035,-0.691971,0.679680,-0.529124,0.150556
kjs_0029,Kantelesävelmiä,instrumental,0,7,0,-0.369657,-0.634035,-1.003693,0.339781,-0.529124,-0.189343
kjs_0030,Kantelesävelmiä,instrumental,0.102041,7,0,0.348975,-0.634035,-0.285060,1.055909,-0.529124,0.526785
kjs_0031,Kantelesävelmiä,instrumental,0.157895,7,0,0.742332,-0.634035,0.108297,1.447895,-0.529124,0.918771
kjs_0032,Kantelesävelmiä,instrumental,0.0333333,7,0,-0.134904,-0.634035,-0.768939,0.573716,-0.529124,0.044592
kjs_0033,Kantelesävelmiä,instrumental,0.333333,7,0,1.977876,-0.634035,1.343841,2.679134,-0.529124,2.150009
kjs_0034,Kantelesävelmiä,instrumental,0.174603,8,0,0.594463,-0.634035,-0.039573,1.329805,-0.529124,0.800680
kjs_0035,Kantelesävelmiä,instrumental,0.108108,7,0,0.391705,-0.634035,-0.242330,1.098490,-0.529124,0.569366
kjs_0036,Kantelesävelmiä,instrumental,0.166667,7,0,0.804109,-0.634035,0.170074,1.509457,-0.529124,0.980333
kjs_0037,Kantelesävelmiä,instrumental,0.1,10,0,-0.462018,-0.634035,-1.096053,0.335532,-0.529124,-0.193592
kjs_0038,Kantelesävelmiä,instrumental,0.0808081,7,0,0.199442,-0.634035,-0.434594,0.906897,-0.529124,0.377773
kjs_0039,Kantelesävelmiä,instrumental,0.0505051,7,0,-0.013970,-0.634035,-0.648006,0.694228,-0.529124,0.165104
kjs_0040,Kantelesävelmiä,instrumental,0.177778,7,0,0.882361,-0.634035,0.248325,1.587436,-0.529124,1.058312
kjs_0041,Kantelesävelmiä,instrumental,0.146341,9,0,0.129887,-0.634035,-0.504149,0.896111,-0.529124,0.366986
kjs_0042,Kantelesävelmiä,instrumental,0.1125,7,0,0.422635,-0.634035,-0.211400,1.129313,-0.529124,0.600188
kjs_0043,Kantelesävelmiä,instrumental,0.1875,12,0,-0.376871,-0.634035,-1.010906,0.478909,-0.529124,-0.050215
kjs_0044,Kantelesävelmiä,instrumental,0.169231,8,0,0.556627,-0.634035,-0.077408,1.292101,-0.529124,0.762977
kjs_0045,Kantelesävelmiä,instrumental,0.121212,17,0,-2.171411,-0.634035,-2.805446,-1.163062,-0.529124,-1.692186
kjs_0046,Kantelesävelmiä,instrumental,0.043956,9,0,-0.591173,-0.634035,-1.225208,0.177564,-0.529124,-0.351560
kjs_0047,Kantelesävelmiä,instrumental,0.0674157,9,0,-0.425956,-0.634035,-1.059991,0.342205,-0.529124,-0.186919
kjs_0048,Kantelesävelmiä,instrumental,0.097561,12,0,-1.010275,-0.634035,-1.644311,-0.152289,-0.529124,-0.681413
kjs_0049,Kantelesävelmiä,instrumental,0.103774,12,0,-0.966522,-0.634035,-1.600558,-0.108688,-0.529124,-0.637812
kjs_0050,Kantelesävelmiä,instrumental,0.1,8,0,0.069063,-0.634035,-0.564973,0.806235,-0.529124,0.277111
kjs_0051,Kantelesävelmiä,instrumental,0.16568,14,0,-1.061617,-0.634035,-1.695653,-0.144925,-0.529124,-0.674049
kjs_0052,Kantelesävelmiä,instrumental,0.0571429,14,0,-1.826004,-0.634035,-2.460040,-0.906649,-0.529124,-1.435773
kjs_0053,Kantelesävelmiä,instrumental,0.13913,9,0,0.079102,-0.634035,-0.554933,0.845503,-0.529124,0.316379
kjs_0054,Kantelesävelmiä,instrumental,0.210526,7,0,1.112995,-0.634035,0.478960,1.817267,-0.529124,1.288143
kjs_0055,Kantelesävelmiä,instrumental,0.123077,12,0,-0.830577,-0.634035,-1.464612,0.026784,-0.529124,-0.502340
kjs_0056,Kantelesävelmiä,instrumental,0.232877,14,0,-0.588381,-0.634035,-1.222416,0.326662,-0.529124,-0.202462
kjs_0057,Kantelesävelmiä,instrumental,0.35,17,0,-0.560149,-0.634035,-1.194185,0.442585,-0.529124,-0.086539
kjs_0058,Kantelesävelmiä,instrumental,0.115385,14,0,-1.415831,-0.634035,-2.049866,-0.497905,-0.529124,-1.027029
kjs_0059,Kantelesävelmiä,instrumental,0.356322,10,0,1.343154,-0.634035,0.709119,2.134413,-0.529124,1.605289
kjs_0060,Kantelesävelmiä,instrumental,0.163043,15,0,-1.345729,-0.634035,-1.979764,-0.398784,-0.529124,-0.927908
kjs_0061,Kantelesävelmiä,instrumental,0.0555556,14,0,-1.837183,-0.634035,-2.471218,-0.917788,-0.529124,-1.446912
kjs_0062,Kantelesävelmiä,instrumental,0.166667,7,0,0.804109,-0.634035,0.170074,1.509457,-0.529124,0.980333
kjs_0063,Kantelesävelmiä,instrumental,0.143646,7,0.0497238,0.641987,1.082818,1.724805,1.347900,1.135697,2.483597
kjs_0064,Kantelesävelmiä,instrumental,0.108108,7,0,0.391705,-0.634035,-0.242330,1.098490,-0.529124,0.569366
kjs_0065,Kantelesävelmiä,instrumental,0.0851064,7,0,0.229713,-0.634035,-0.404322,0.937063,-0.529124,0.407938
kjs_0066,Kantelesävelmiä,instrumental,0.0100756,17,0,-2.954101,-0.634035,-3.588136,-1.943024,-0.529124,-2.472149
kjs_0067,Kantelesävelmiä,instrumental,0.0430108,12,0,-1.394451,-0.634035,-2.028486,-0.535125,-0.529124,-1.064249
kjs_0068,Kantelesävelmiä,instrumental,0.0434783,12,0,-1.391158,-0.634035,-2.025194,-0.531844,-0.529124,-1.060968
kjs_0069,Kantelesävelmiä,instrumental,0.0559441,17,0,-2.631068,-0.634035,-3.265103,-1.621117,-0.529124,-2.150241
kjs_0070,Kantelesävelmiä,instrumental,0.0820106,17,0,-2.447491,-0.634035,-3.081527,-1.438180,-0.529124,-1.967304
kjs_0071,Kantelesävelmiä,instrumental,0.1875,14,0,-0.907951,-0.634035,-1.541987,0.008205,-0.529124,-0.520919
kjs_0072,Kantelesävelmiä,instrumental,0.023622,17,0,-2.858699,-0.634035,-3.492734,-1.847955,-0.529124,-2.377079
kjs_0073,Kantelesävelmiä,instrumental,0.0677966,17,0,-2.547595,-0.634035,-3.181630,-1.537935,-0.529124,-2.067059
kjs_0074,Kantelesävelmiä,instrumental,0.0392157,14,0,-1.952258,-0.634035,-2.586294,-1.032463,-0.529124,-1.561587
kjs_0075,Kantelesävelmiä,instrumental,0.0769231,17,0,-2.483321,-0.634035,-3.117356,-1.473885,-0.529124,-2.003009
kjs_0076,Kantelesävelmiä,instrumental,0.0558824,17,0,-2.631502,-0.634035,-3.265538,-1.621550,-0.529124,-2.150674
kjs_0077,Kantelesävelmiä,instrumental,0.103053,17,0.00763359,-2.299295,-0.370464,-2.669759,-1.290500,-0.273541,-1.564041
kjs_0078,Kantelesävelmiä,instrumental,0.141593,9,0,0.096445,-0.634035,-0.537591,0.862785,-0.529124,0.333661
kjs_0079,Kantelesävelmiä,instrumental,0.0190476,17,0,-2.890914,-0.634035,-3.524950,-1.880058,-0.529124,-2.409182
kjs_0080,Kantelesävelmiä,instrumental,0.0283019,14,0,-2.029120,-0.634035,-2.663155,-1.109056,-0.529124,-1.638180
kjs_0081,Kantelesävelmiä,instrumental,0.0692308,17,0,-2.537495,-0.634035,-3.171530,-1.527870,-0.529124,-2.056994
kjs_0082,Kantelesävelmiä,instrumental,0.0251046,17,0,-2.848258,-0.634035,-3.482293,-1.837550,-0.529124,-2.366674
kjs_0083,Kantelesävelmiä,instrumental,0.152,14,0.016,-1.157963,-0.081590,-1.239554,-0.240936,0.006578,-0.234357
kjs_0084,Kantelesävelmiä,instrumental,0.0452675,17,0,-2.706258,-0.634035,-3.340294,-1.696046,-0.529124,-2.225170
kjs_0085,Kantelesävelmiä,instrumental,0.155172,15,0,-1.401162,-0.634035,-2.035197,-0.454023,-0.529124,-0.983147
kjs_0086,Kantelesävelmiä,instrumental,0.0429185,16,0,-2.457261,-0.634035,-3.091297,-1.477180,-0.529124,-2.006304
kjs_0087,Kantelesävelmiä,instrumental,0.0190476,17,0,-2.890914,-0.634035,-3.524950,-1.880058,-0.529124,-2.409182
kjs_0088,Kantelesävelmiä,instrumental,0.0333333,24,0,-4.649087,-0.634035,-5.283123,-3.427262,-0.529124,-3.956386
kjs_0089,Kantelesävelmiä,instrumental,0.0444444,24,0,-4.570836,-0.634035,-5.204872,-3.349283,-0.529124,-3.878407
kjs_0090,Kantelesävelmiä,instrumental,0.0761905,16,0,-2.222940,-0.634035,-2.856975,-1.243675,-0.529124,-1.772799
kjs_0091,Kantelesävelmiä,instrumental,0.0327869,21,0,-3.856315,-0.634035,-4.490350,-2.725042,-0.529124,-3.254166
kjs_0092,Kantelesävelmiä,instrumental,0,12,0,-1.697358,-0.634035,-2.331394,-0.836977,-0.529124,-1.366101
kjs_0093,Kantelesävelmiä,instrumental,0,17,0,-3.025059,-0.634035,-3.659095,-2.013735,-0.529124,-2.542859
kjs_0094,Kantelesävelmiä,instrumental,0.135593,9,0,0.054191,-0.634035,-0.579844,0.820679,-0.529124,0.291555
kjs_0095,Kantelesävelmiä,instrumental,0.134328,14,0,-1.282418,-0.634035,-1.916453,-0.364956,-0.529124,-0.894080
kjs_0096,Kantelesävelmiä,instrumental,0.0526316,24,0,-4.513177,-0.634035,-5.147213,-3.291825,-0.529124,-3.820950
kjs_0097,Kantelesävelmiä,instrumental,0,12,0,-1.697358,-0.634035,-2.331394,-0.836977,-0.529124,-1.366101
kjs_0098,Kantelesävelmiä,instrumental,0.152941,12,0,-0.620255,-0.634035,-1.254290,0.236373,-0.529124,-0.292751
kjs_0099,Kantelesävelmiä,instrumental,0.0833333,17,0,-2.438176,-0.634035,-3.072211,-1.428897,-0.529124,-1.958021
kjs_0100,Kantelesävelmiä,instrumental,0.356164,12,0.136986,0.810965,4.095804,4.906769,1.662605,4.057369,5.719974
kjs_0101,Kantelesävelmiä,instrumental,0.0125,17,0,-2.937027,-0.634035,-3.571062,-1.926010,-0.529124,-2.455134
kjs_0102,Kantelesävelmiä,instrumental,0.0722892,7,0,0.139446,-0.634035,-0.494589,0.847110,-0.529124,0.317986
kjs_0103,Kantelesävelmiä,instrumental,0.166667,7,0,0.804109,-0.634035,0.170074,1.509457,-0.529124,0.980333
kjs_0104,Kantelesävelmiä,instrumental,0.115942,7,0,0.446876,-0.634035,-0.187159,1.153469,-0.529124,0.624345
kjs_0105,Kantelesävelmiä,instrumental,0.111111,7,0,0.412854,-0.634035,-0.221182,1.119565,-0.529124,0.590441
kjs_0106,Kantelesävelmiä,instrumental,0.119403,7,0,0.471250,-0.634035,-0.162785,1.177758,-0.529124,0.648634
kjs_0107,Kantelesävelmiä,instrumental,0.170588,7,0,0.831727,-0.634035,0.197692,1.536979,-0.529124,1.007855
kjs_0108,Kantelesävelmiä,instrumental,0.372549,7,0,2.254057,-0.634035,1.620021,2.954351,-0.529124,2.425227
kjs_0109,Kantelesävelmiä,instrumental,0.047619,15,0,-2.158617,-0.634035,-2.792652,-1.208839,-0.529124,-1.737963
kjs_0110,Kantelesävelmiä,instrumental,0.038835,15,0,-2.220480,-0.634035,-2.854515,-1.270486,-0.529124,-1.799610
kjs_0111,Kantelesävelmiä,instrumental,0.18,12,0,-0.429690,-0.634035,-1.063726,0.426273,-0.529124,-0.102851
kjs_0112,Kantelesävelmiä,instrumental,0.0816327,12,0,-1.122452,-0.634035,-1.756488,-0.264075,-0.529124,-0.793199
kjs_0113,Kantelesävelmiä,instrumental,0.303797,9,0,1.238786,-0.634035,0.604751,2.001146,-0.529124,1.472022
kjs_0114,Kantelesävelmiä,instrumental,0.186047,9,0,0.409514,-0.634035,-0.224522,1.174763,-0.529124,0.645639
kjs_0115,Kantelesävelmiä,instrumental,0.0757576,14,0,-1.694908,-0.634035,-2.328944,-0.776009,-0.529124,-1.305134
kjs_0116,Kantelesävelmiä,instrumental,0.015873,17,0,-2.913272,-0.634035,-3.547307,-1.902338,-0.529124,-2.431462
kjs_0117,Kantelesävelmiä,instrumental,0.109091,14,0,-1.460155,-0.634035,-2.094190,-0.542074,-0.529124,-1.071198
kjs_0118,Kantelesävelmiä,instrumental,0.0697674,14,0,-1.737094,-0.634035,-2.371130,-0.818049,-0.529124,-1.347173
kjs_0119,Kantelesävelmiä,instrumental,0.0465116,14,0,-1.900876,-0.634035,-2.534911,-0.981259,-0.529124,-1.510383
kjs_0120,Kantelesävelmiä,instrumental,0.0576923,12,0,-1.291054,-0.634035,-1.925090,-0.432089,-0.529124,-0.961213
kjs_0121,Kantelesävelmiä,instrumental,0.0392157,9,0,-0.624557,-0.634035,-1.258593,0.144296,-0.529124,-0.384828
kjs_0122,Kantelesävelmiä,instrumental,0.056338,17,0,-2.628293,-0.634035,-3.262328,-1.618352,-0.529124,-2.147476
kjs_0123,Kantelesävelmiä,instrumental,0.0102041,24,0,-4.811977,-0.634035,-5.446013,-3.589584,-0.529124,-4.118708
kjs_0124,Kantelesävelmiä,instrumental,0.222222,7,0,1.195365,-0.634035,0.561330,1.899349,-0.529124,1.370225
kjs_0125,Kantelesävelmiä,instrumental,0,9,0,-0.900738,-0.634035,-1.534773,-0.130922,-0.529124,-0.660046
kjs_0126,Kantelesävelmiä,instrumental,0,12,0,-1.697358,-0.634035,-2.331394,-0.836977,-0.529124,-1.366101
kjs_0127,Kantelesävelmiä,instrumental,0.136986,17,0,-2.060319,-0.634035,-2.694355,-1.052358,-0.529124,-1.581482
kjs_0128,Kantelesävelmiä,instrumental,0.163636,9,0,0.251688,-0.634035,-0.382348,1.017487,-0.529124,0.488363
kjs_0129,Kantelesävelmiä,instrumental,0.0275862,17,0,-2.830781,-0.634035,-3.464816,-1.820134,-0.529124,-2.349258
kjs_0130,Kantelesävelmiä,instrumental,0.0238095,15,0,-2.326298,-0.634035,-2.960333,-1.375936,-0.529124,-1.905060
kjs_0131,Kantelesävelmiä,instrumental,0,17,0,-3.025059,-0.634035,-3.659095,-2.013735,-0.529124,-2.542859
kjs_0132,Kantelesävelmiä,instrumental,0.0227273,7,0,-0.209598,-0.634035,-0.843634,0.499282,-0.529124,-0.029842
kjs_0133,Kantelesävelmiä,instrumental,0.0952381,14,0.0634921,-1.557715,1.558208,0.000493,-0.639294,1.596679,0.957385
kjs_0134,Kantelesävelmiä,instrumental,0.240964,14,0.0361446,-0.531427,0.613958,0.082532,0.383418,0.681047,1.064465
kjs_0135,Kantelesävelmiä,instrumental,0.102941,14,0,-1.503465,-0.634035,-2.137501,-0.585233,-0.529124,-1.114357
kjs_0136,Kantelesävelmiä,instrumental,0.15,12,0,-0.640968,-0.634035,-1.275004,0.215731,-0.529124,-0.313393
kjs_0137,Kantelesävelmiä,instrumental,0.184615,14,0,-0.928266,-0.634035,-1.562302,-0.012039,-0.529124,-0.541163
kjs_0138,Kantelesävelmiä,instrumental,0.227273,14,0,-0.627848,-0.634035,-1.261883,0.287333,-0.529124,-0.241791
kjs_0139,Kantelesävelmiä,instrumental,0.0491803,14,0,-1.882081,-0.634035,-2.516117,-0.962530,-0.529124,-1.491654
kjs_0140,Kantelesävelmiä,instrumental,0.1,14,0,-1.524179,-0.634035,-2.158214,-0.605875,-0.529124,-1.134999
kjs_0141,Kantelesävelmiä,instrumental,0.258065,14,0,-0.410993,-0.634035,-1.045029,0.503431,-0.529124,-0.025693
kjs_0142,Kantelesävelmiä,instrumental,0,17,0,-3.025059,-0.634035,-3.659095,-2.013735,-0.529124,-2.542859
kjs_0143,Kantelesävelmiä,instrumental,0.0483871,12,0,-1.356587,-0.634035,-1.990623,-0.497394,-0.529124,-1.026518
kjs_0144,Kantelesävelmiä,instrumental,0.0882353,14,0,-1.607033,-0.634035,-2.241068,-0.688440,-0.529124,-1.217564
kjs_0145,Kantelesävelmiä,instrumental,0.2,12,0,-0.288838,-0.634035,-0.922874,0.566634,-0.529124,0.037510
kjs_0146,Kantelesävelmiä,instrumental,0.0153846,14,0,-2.120091,-0.634035,-2.754126,-1.199710,-0.529124,-1.728834
kjs_0147,Kantelesävelmiä,instrumental,0.015748,14,0,-2.117532,-0.634035,-2.751567,-1.197160,-0.529124,-1.726284
kjs_0148,Kantelesävelmiä,instrumental,0.0285714,17,0,-2.823842,-0.634035,-3.457877,-1.813219,-0.529124,-2.342344
kjs_0149,Kantelesävelmiä,instrumental,0,12,0,-1.697358,-0.634035,-2.331394,-0.836977,-0.529124,-1.366101
kjs_0150,Kantelesävelmiä,instrumental,0.106061,14,0,-1.481496,-0.634035,-2.115532,-0.563341,-0.529124,-1.092465
kjs_0151,Kantelesävelmiä,instrumental,0.358209,13,0,0.559824,-0.634035,-0.074211,1.441602,-0.529124,0.912478
kjs_0152,Kantelesävelmiä,instrumental,0.126984,14,0,-1.334140,-0.634035,-1.968176,-0.416499,-0.529124,-0.945623
kjs_0153,Kantelesävelmiä,instrumental,0.0952381,15,0,-1.823255,-0.634035,-2.457290,-0.874646,-0.529124,-1.403770
kjs_0154,Kantelesävelmiä,instrumental,0.164706,17,0,-1.865102,-0.634035,-2.499137,-0.857820,-0.529124,-1.386944
kjs_0155,Kantelesävelmiä,instrumental,0.204819,14,0,-0.785978,-0.634035,-1.420014,0.129753,-0.529124,-0.399371
kjs_0156,Kantelesävelmiä,instrumental,0.173913,14,0,-1.003639,-0.634035,-1.637674,-0.087149,-0.529124,-0.616273
kjs_0157,Kantelesävelmiä,instrumental,0.016129,14,0,-2.114848,-0.634035,-2.748884,-1.194486,-0.529124,-1.723610
kjs_0158,Kantelesävelmiä,instrumental,0.0769231,14,0,-1.686700,-0.634035,-2.320736,-0.767830,-0.529124,-1.296954
kjs_0159,Kantelesävelmiä,instrumental,0.0823529,17,0,-2.445080,-0.634035,-3.079116,-1.435778,-0.529124,-1.964902
kjs_0160,Kantelesävelmiä,instrumental,0.25,10,0,0.594372,-0.634035,-0.039663,1.388240,-0.529124,0.859116
kjs_0161,Kantelesävelmiä,instrumental,0.0606061,14,0,-1.801614,-0.634035,-2.435650,-0.882344,-0.529124,-1.411468
kjs_0162,Kantelesävelmiä,instrumental,0.0416667,12,0,-1.403917,-0.634035,-2.037952,-0.544558,-0.529124,-1.073682
kjs_0163,Kantelesävelmiä,instrumental,0.0754717,12,0,-1.165841,-0.634035,-1.799877,-0.307312,-0.529124,-0.836437
kjs_0164,Kantelesävelmiä,instrumental,0.136364,17,0,-2.064705,-0.634035,-2.698740,-1.056728,-0.529124,-1.585852
kjs_0165,Kantelesävelmiä,instrumental,0,17,0,-3.025059,-0.634035,-3.659095,-2.013735,-0.529124,-2.542859
kjs_0166,Kantelesävelmiä,instrumental,0.0526316,14,0,-1.857775,-0.634035,-2.491811,-0.938309,-0.529124,-1.467433
kjs_0167,Kantelesävelmiä,instrumental,0,17,0,-3.025059,-0.634035,-3.659095,-2.013735,-0.529124,-2.542859
kjs_0168,Kantelesävelmiä,instrumental,0.15493,12,0,-0.606251,-0.634035,-1.240287,0.250327,-0.529124,-0.278797
kjs_0169,Kantelesävelmiä,instrumental,0.119403,14,0,-1.387531,-0.634035,-2.021567,-0.469703,-0.529124,-0.998828
kjs_0170,Kantelesävelmiä,instrumental,0.0461538,12,0,-1.372315,-0.634035,-2.006351,-0.513067,-0.529124,-1.042191
kjs_0171,Kantelesävelmiä,instrumental,0.307692,9,0,1.266216,-0.634035,0.632181,2.028480,-0.529124,1.499356
kjs_0172,Kantelesävelmiä,instrumental,0.210526,7,0,1.112995,-0.634035,0.478960,1.817267,-0.529124,1.288143
kjs_0173,Kantelesävelmiä,instrumental,0,7,0,-0.369657,-0.634035,-1.003693,0.339781,-0.529124,-0.189343
kjs_0174,Kantelesävelmiä,instrumental,0.0151515,14,0,-2.121733,-0.634035,-2.755768,-1.201346,-0.529124,-1.730470
kjs_0175,Kantelesävelmiä,instrumental,0.153846,7,0,0.713820,-0.634035,0.079784,1.419482,-0.529124,0.890358
kjs_0176,Kantelesävelmiä,instrumental,0.105263,12,0,-0.956032,-0.634035,-1.590067,-0.098234,-0.529124,-0.627358
kjs_0177,Kantelesävelmiä,instrumental,0.1,14,0.0142857,-1.524179,-0.140781,-1.664959,-0.605875,-0.050818,-0.656693
kjs_0178,Kantelesävelmiä,instrumental,0.169811,14,0,-1.032525,-0.634035,-1.666561,-0.115935,-0.529124,-0.645059
kjs_0179,Kantelesävelmiä,instrumental,0.194444,12,0,-0.327964,-0.634035,-0.961999,0.527645,-0.529124,-0.001479
kjs_0180,Kantelesävelmiä,instrumental,0.0888889,24,0,-4.257832,-0.634035,-4.891867,-3.037370,-0.529124,-3.566494
kjs_0181,Kantelesävelmiä,instrumental,0.12766,7,0,0.529398,-0.634035,-0.104637,1.235703,-0.529124,0.706579
kjs_0182,Kantelesävelmiä,instrumental,0,17,0,-3.025059,-0.634035,-3.659095,-2.013735,-0.529124,-2.542859
kjs_0183,Kantelesävelmiä,instrumental,0.0192308,14,0,-2.093004,-0.634035,-2.727039,-1.172718,-0.529124,-1.701842
kjs_0184,Kantelesävelmiä,instrumental,0,7,0,-0.369657,-0.634035,-1.003693,0.339781,-0.529124,-0.189343
kjs_0185,Kantelesävelmiä,instrumental,0.0487805,14,0,-1.884897,-0.634035,-2.518933,-0.965336,-0.529124,-1.494460
kjs_0186,Kantelesävelmiä,instrumental,0.1,9,0,-0.196478,-0.634035,-0.830513,0.570883,-0.529124,0.041759
kjs_0187,Kantelesävelmiä,instrumental,0.103448,9,0,-0.172193,-0.634035,-0.806228,0.595084,-0.529124,0.065960
kjs_0188,Kantelesävelmiä,instrumental,0.0603448,9,0,-0.475753,-0.634035,-1.109789,0.292581,-0.529124,-0.236543
kjs_0189,Kantelesävelmiä,instrumental,0.0291262,7,0,-0.164533,-0.634035,-0.798568,0.544190,-0.529124,0.015066
kjs_0190,Kantelesävelmiä,instrumental,0.222222,7,0,1.195365,-0.634035,0.561330,1.899349,-0.529124,1.370225
kjs_0191,Kantelesävelmiä,instrumental,0.284211,7,0,1.631924,-0.634035,0.997888,2.334387,-0.529124,1.805263
kjs_0192,Kantelesävelmiä,instrumental,0,7,0,-0.369657,-0.634035,-1.003693,0.339781,-0.529124,-0.189343
kjs_0193,Kantelesävelmiä,instrumental,0.0444444,7,0,-0.056653,-0.634035,-0.690688,0.651695,-0.529124,0.122571
kjs_0194,Kantelesävelmiä,instrumental,0.246753,7,0,1.368127,-0.634035,0.734092,2.071509,-0.529124,1.542385
kjs_0195,Kantelesävelmiä,instrumental,0,7,0,-0.369657,-0.634035,-1.003693,0.339781,-0.529124,-0.189343
kjs_0196,Kantelesävelmiä,instrumental,0,7,0,-0.369657,-0.634035,-1.003693,0.339781,-0.529124,-0.189343
kjs_0197,Kantelesävelmiä,instrumental,0.43956,7,0,2.725991,-0.634035,2.091956,3.424641,-0.529124,2.895517
kjs_0198,Kantelesävelmiä,instrumental,0.226415,7,0,1.224894,-0.634035,0.590858,1.928775,-0.529124,1.399651
kjs_0199,Kantelesävelmiä,instrumental,0.114286,7,0,0.435211,-0.634035,-0.198824,1.141845,-0.529124,0.612721
kjs_0200,Kantelesävelmiä,instrumental,0.0958904,12,0,-1.022040,-0.634035,-1.656076,-0.164013,-0.529124,-0.693137
kjs_0201,Kantelesävelmiä,instrumental,0,12,0,-1.697358,-0.634035,-2.331394,-0.836977,-0.529124,-1.366101
kjs_0202,Kantelesävelmiä,instrumental,0.0434783,17,0,-2.718859,-0.634035,-3.352895,-1.708602,-0.529124,-2.237727
kjs_0203,Kantelesävelmiä,instrumental,0.166667,10,0,0.007489,-0.634035,-0.626547,0.803402,-0.529124,0.274278
kjs_0204,Kantelesävelmiä,instrumental,0.11236,13,0,-1.171595,-0.634035,-1.805630,-0.283783,-0.529124,-0.812907
kjs_0205,Kantelesävelmiä,instrumental,0.0714286,24,0,-4.380798,-0.634035,-5.014833,-3.159907,-0.529124,-3.689031
kjs_0206,Kantelesävelmiä,instrumental,0.0357143,20,0,-3.570158,-0.634035,-4.204194,-2.469145,-0.529124,-2.998269
kjs_0207,Kantelesävelmiä,instrumental,0.222222,12,0,-0.132336,-0.634035,-0.766371,0.722591,-0.529124,0.193467
kjs_0208,Kantelesävelmiä,instrumental,0.109091,16,0,-1.991235,-0.634035,-2.625271,-1.012777,-0.529124,-1.541902
kjs_0209,Kantelesävelmiä,instrumental,0.126984,36,0,-7.176024,-0.634035,-7.810060,-5.594235,-0.529124,-6.123359
kjs_0210,Kantelesävelmiä,instrumental,0.362319,12,0,0.854309,-0.634035,0.220273,1.705797,-0.529124,1.176673
kjs_0211,Kantelesävelmiä,instrumental,0.146667,15,0,-1.461064,-0.634035,-2.095100,-0.513717,-0.529124,-1.042841
kjs_0212,Kantelesävelmiä,instrumental,0,29,0,-6.211542,-0.634035,-6.845577,-4.837955,-0.529124,-5.367079
kjs_0213,Kantelesävelmiä,instrumental,0.0674157,12,0,-1.222576,-0.634035,-1.856612,-0.363850,-0.529124,-0.892974
kjs_0214,Kantelesävelmiä,instrumental,0.114943,12,0,-0.887864,-0.634035,-1.521899,-0.030304,-0.529124,-0.559428
kjs_0215,Kantelesävelmiä,instrumental,0.157303,26,0,-4.307096,-0.634035,-4.941132,-3.027936,-0.529124,-3.557060
kjs_0216,Kantelesävelmiä,instrumental,0.0844156,28,0,-5.351496,-0.634035,-5.985532,-4.010170,-0.529124,-4.539294
kjs_0217,Kantelesävelmiä,instrumental,0.168,29,0,-5.028385,-0.634035,-5.662420,-3.658921,-0.529124,-4.188046
kjs_0218,Kantelesävelmiä,instrumental,0.218045,29,0,-4.675937,-0.634035,-5.309972,-3.307702,-0.529124,-3.836826
kjs_0219,Kantelesävelmiä,instrumental,0.20339,24,0,-3.451447,-0.634035,-4.085483,-2.233795,-0.529124,-2.762919
kjs_0220,Kantelesävelmiä,instrumental,0.0842105,24,0,-4.290780,-0.634035,-4.924815,-3.070203,-0.529124,-3.599327
kjs_0221,Kantelesävelmiä,instrumental,0,24,0,-4.883841,-0.634035,-5.517876,-3.661197,-0.529124,-4.190321
kjs_0222,Jouhikkosävelmiä,instrumental,0.105263,7,0,0.371669,-0.634035,-0.262366,1.078524,-0.529124,0.549400
kjs_0223,Jouhikkosävelmiä,instrumental,0.0714286,7,0,0.133386,-0.634035,-0.500650,0.841071,-0.529124,0.311947
kjs_0224,Jouhikkosävelmiä,instrumental,0.12766,9,0,-0.001682,-0.634035,-0.635718,0.765000,-0.529124,0.235876
kjs_0225,Jouhikkosävelmiä,instrumental,0.208955,21,0.0149254,-2.615632,-0.118695,-2.734327,-1.488682,-0.029402,-1.518084
kjs_0226,Jouhikkosävelmiä,instrumental,0.293333,9,0,1.165092,-0.634035,0.531056,1.927708,-0.529124,1.398584
kjs_0227,Jouhikkosävelmiä,instrumental,0.238095,7,0,1.307152,-0.634035,0.673117,2.010747,-0.529124,1.481623
kjs_0228,Jouhikkosävelmiä,instrumental,0.320755,9,0,1.358210,-0.634035,0.724174,2.120153,-0.529124,1.591029
kjs_0229,Jouhikkosävelmiä,instrumental,0.131579,9,0,0.025920,-0.634035,-0.608115,0.792506,-0.529124,0.263382
kjs_0230,Jouhikkosävelmiä,instrumental,0.0338983,9,0,-0.662005,-0.634035,-1.296041,0.106978,-0.529124,-0.422146
kjs_0231,Jouhikkosävelmiä,instrumental,0.0952381,7,0.0119048,0.301067,-0.222990,0.078077,1.008167,-0.130536,0.877631
kjs_0232,Jouhikkosävelmiä,instrumental,0.3,9,0,1.212042,-0.634035,0.578007,1.974495,-0.529124,1.445371
kjs_0233,Jouhikkosävelmiä,instrumental,0.105263,9,0,-0.159411,-0.634035,-0.793447,0.607821,-0.529124,0.078697
kjs_0234,Jouhikkosävelmiä,instrumental,0.207317,7,0,1.090394,-0.634035,0.456359,1.794744,-0.529124,1.265620
kjs_0235,Jouhikkosävelmiä,instrumental,0.125,9,0.0208333,-0.020413,0.085294,0.064882,0.746335,0.168405,0.914740
kjs_0236,Jouhikkosävelmiä,instrumental,0.1875,9,0,0.419750,-0.634035,-0.214286,1.184964,-0.529124,0.655839
kjs_0237,Jouhikkosävelmiä,instrumental,0.226804,7,0,1.227634,-0.634035,0.593598,1.931505,-0.529124,1.402381
kjs_0238,Jouhikkosävelmiä,instrumental,0.216495,7,0,1.155029,-0.634035,0.520994,1.859154,-0.529124,1.330030
kjs_0239,Jouhikkosävelmiä,instrumental,0.521739,7,0,3.304743,-0.634035,2.670707,4.001376,-0.529124,3.472252
kjs_0240,Jouhikkosävelmiä,instrumental,0.457627,8,0,2.587687,-0.634035,1.953652,3.316083,-0.529124,2.786959
kjs_0241,Jouhikkosävelmiä,instrumental,0.113074,7,0,0.426679,-0.634035,-0.207356,1.133342,-0.529124,0.604218
kjs_0242,Jouhikkosävelmiä,instrumental,0.197802,14,0,-0.835397,-0.634035,-1.469432,0.080507,-0.529124,-0.448617
kjs_0243,Jouhikkosävelmiä,instrumental,0.210526,9,0,0.581915,-0.634035,-0.052120,1.346564,-0.529124,0.817439
kjs_0244,Jouhikkosävelmiä,instrumental,0.0643564,21,0,-3.633983,-0.634035,-4.268019,-2.503485,-0.529124,-3.032609
kjs_0245,Jouhikkosävelmiä,instrumental,0.425,9,0,2.092367,-0.634035,1.458332,2.851752,-0.529124,2.322628
kjs_0246,Jouhikkosävelmiä,instrumental,0.240964,9,0,0.796274,-0.634035,0.162239,1.560176,-0.529124,1.031052
kjs_0247,Jouhikkosävelmiä,instrumental,0.25,9,0,0.859912,-0.634035,0.225877,1.623592,-0.529124,1.094468
kjs_0248,Jouhikkosävelmiä,instrumental,0.0625,9,0,-0.460575,-0.634035,-1.094611,0.307706,-0.529124,-0.221418
kjs_0249,Jouhikkosävelmiä,instrumental,0.107143,14,0,-1.473874,-0.634035,-2.107910,-0.555746,-0.529124,-1.084870
kjs_0250,Jouhikkosävelmiä,instrumental,0.184615,9,0,0.399435,-0.634035,-0.234601,1.164719,-0.529124,0.635595
kjs_0251,Jouhikkosävelmiä,instrumental,0.1,9,0,-0.196478,-0.634035,-0.830513,0.570883,-0.529124,0.041759
kjs_0252,Jouhikkosävelmiä,instrumental,0.428571,9,0,2.117520,-0.634035,1.483484,2.876817,-0.529124,2.347693
kjs_0253,Jouhikkosävelmiä,instrumental,0.272727,9,0,1.019972,-0.634035,0.385936,1.783093,-0.529124,1.253969
kjs_0254,Jouhikkosävelmiä,instrumental,0.258065,9,0,0.916708,-0.634035,0.282672,1.680189,-0.529124,1.151065
kjs_0255,Jouhikkosävelmiä,instrumental,0.233333,9,0,0.742536,-0.634035,0.108500,1.506624,-0.529124,0.977500
kjs_0256,Jouhikkosävelmiä,instrumental,0.177083,9,0,0.346389,-0.634035,-0.287646,1.111859,-0.529124,0.582735
kjs_0257,Jouhikkosävelmiä,instrumental,0.16,14,0,-1.101623,-0.634035,-1.735658,-0.184791,-0.529124,-0.713915
kjs_0258,Jouhikkosävelmiä,instrumental,0.306667,9,0,1.258993,-0.634035,0.624958,2.021282,-0.529124,1.492158
kjs_0259,Jouhikkosävelmiä,instrumental,0.0519481,12,0,-1.331509,-0.634035,-1.965544,-0.472403,-0.529124,-1.001527
kjs_0260,Jouhikkosävelmiä,instrumental,0.155844,9,0,0.196810,-0.634035,-0.437225,0.962801,-0.529124,0.433677
kjs_0261,Jouhikkosävelmiä,instrumental,0.0877193,9,0,-0.282966,-0.634035,-0.917001,0.484697,-0.529124,-0.044427
kjs_0262,Jouhikkosävelmiä,instrumental,0.0555556,14,0,-1.837183,-0.634035,-2.471218,-0.917788,-0.529124,-1.446912
kjs_0263,Jouhikkosävelmiä,instrumental,0.185714,7,0,0.938254,-0.634035,0.304219,1.643135,-0.529124,1.114010
kjs_0264,Jouhikkosävelmiä,instrumental,0.111111,13,0,-1.180387,-0.634035,-1.814423,-0.292545,-0.529124,-0.821669
kjs_0265,Jouhikkosävelmiä,instrumental,0.267606,8,0,1.249442,-0.634035,0.615407,1.982501,-0.529124,1.453377
kjs_0266,Jouhikkosävelmiä,instrumental,0.157895,7,0,0.742332,-0.634035,0.108297,1.447895,-0.529124,0.918771
kjs_0267,Jouhikkosävelmiä,instrumental,0.412698,7,0,2.536813,-0.634035,1.902777,3.236122,-0.529124,2.706998
kjs_0268,Jouhikkosävelmiä,instrumental,0.5,7,0,3.151643,-0.634035,2.517607,3.848810,-0.529124,3.319686
kjs_0269,Jouhikkosävelmiä,instrumental,0.386364,7,0,2.351347,-0.634035,1.717312,3.051303,-0.529124,2.522179
kjs_0270,Kantelesävelmiä,instrumental,0,7,0,-0.369657,-0.634035,-1.003693,0.339781,-0.529124,-0.189343
kjs_0271,Kantelesävelmiä,instrumental,0.0967742,7,0,0.311885,-0.634035,-0.322151,1.018948,-0.529124,0.489824
kjs_0272,Kantelesävelmiä,instrumental,0.349206,7,0,2.089663,-0.634035,1.455628,2.790531,-0.529124,2.261407
kjs_0273,Kantelesävelmiä,instrumental,0.132075,7,0,0.560498,-0.634035,-0.073538,1.266694,-0.529124,0.737570
kjs_0274,Kantelesävelmiä,instrumental,0.106383,7,0,0.379556,-0.634035,-0.254480,1.086383,-0.529124,0.557259
kjs_0275,Kantelesävelmiä,instrumental,0.181818,7,0,0.910816,-0.634035,0.276780,1.615791,-0.529124,1.086667
kjs_0276,Kantelesävelmiä,instrumental,0.258065,7,0,1.447788,-0.634035,0.813753,2.150893,-0.529124,1.621769
kjs_0277,Kantelesävelmiä,instrumental,0.285714,7,0,1.642514,-0.634035,1.008479,2.344940,-0.529124,1.815816
kjs_0278,Kantelesävelmiä,instrumental,0.139535,7,0,0.613031,-0.634035,-0.021004,1.319045,-0.529124,0.789921
kjs_0279,Kantelesävelmiä,instrumental,0,7,0,-0.369657,-0.634035,-1.003693,0.339781,-0.529124,-0.189343
kjs_0280,Kantelesävelmiä,instrumental,0.365854,7,0,2.206904,-0.634035,1.572868,2.907363,-0.529124,2.378239
kt1_0001,KT1,instrumental,0.0615385,24,0,-4.450450,-0.634035,-5.084485,-3.229316,-0.529124,-3.758441
kt1_0002,KT1,instrumental,0.10628,21,0,-3.338731,-0.634035,-3.972767,-2.209261,-0.529124,-2.738386
kt1_0003,KT1,instrumental,0.132013,26,0,-4.485205,-0.634035,-5.119240,-3.205424,-0.529124,-3.734548
kt1_0004,KT1,instrumental,0.0956522,21,0,-3.413580,-0.634035,-4.047615,-2.283850,-0.529124,-2.812974
kt1_0005,KT1,instrumental,0.0840336,24,0,-4.292025,-0.634035,-4.926061,-3.071444,-0.529124,-3.600568
kt1_0006,KT1,instrumental,0.0483092,21,0,-3.746998,-0.634035,-4.381033,-2.616105,-0.529124,-3.145229
kt1_0007,KT1,instrumental,0.155102,19,0,-2.463818,-0.634035,-3.097853,-1.395924,-0.529124,-1.925048
kt1_0008,KT1,instrumental,0.14346,22,0,-3.342429,-0.634035,-3.976465,-2.183684,-0.529124,-2.712808
kt1_0009,KT1,instrumental,0.11985,26,0,-4.570864,-0.634035,-5.204899,-3.290785,-0.529124,-3.819909
kt1_0010,KT1,instrumental,0.140704,24,0,-3.892922,-0.634035,-4.526957,-2.673732,-0.529124,-3.202856
kt1_0011,KT1,instrumental,0.142395,26,0,-4.412091,-0.634035,-5.046127,-3.132565,-0.529124,-3.661689
kt1_0012,KT1,instrumental,0.112798,21,0,-3.292827,-0.634035,-3.926862,-2.163517,-0.529124,-2.692641
kt1_0013,KT1,instrumental,0.0622407,26,0,-4.976585,-0.634035,-5.610620,-3.695092,-0.529124,-4.224216
kt1_0014,KT1,instrumental,0.0468085,26,0.00851064,-5.085267,-0.340182,-5.425449,-3.803395,-0.244176,-4.047571
kt1_0015,KT1,instrumental,0.144,21,0,-3.073086,-0.634035,-3.707121,-1.944542,-0.529124,-2.473666
kt1_0016,KT1,instrumental,0.207254,24,0,-3.424234,-0.634035,-4.058270,-2.206677,-0.529124,-2.735801
kt1_0017,KT1,instrumental,0.113475,21,0,-3.288060,-0.634035,-3.922095,-2.158767,-0.529124,-2.687891
kt1_0018,KT1,instrumental,0.139623,21,0,-3.103914,-0.634035,-3.737949,-1.975262,-0.529124,-2.504386
kt1_0019,KT1,instrumental,0.122449,21,0,-3.224861,-0.634035,-3.858896,-2.095788,-0.529124,-2.624912
kt1_0020,KT1,instrumental,0.119601,26,0,-4.572617,-0.634035,-5.206652,-3.292531,-0.529124,-3.821655
kt1_0021,KT1,instrumental,0.078853,26,0,-4.859590,-0.634035,-5.493626,-3.578505,-0.529124,-4.107629
kt1_0022,KT1,instrumental,0.176991,16,0,-1.513041,-0.634035,-2.147077,-0.536250,-0.529124,-1.065374
kt1_0023,KT1,instrumental,0.0620155,28,0,-5.509251,-0.634035,-6.143286,-4.167375,-0.529124,-4.696499
kt1_0024,KT1,instrumental,0.133333,21,0,-3.148207,-0.634035,-3.782242,-2.019401,-0.529124,-2.548525
kt1_0025,KT1,instrumental,0.172662,19,0,-2.340151,-0.634035,-2.974187,-1.272688,-0.529124,-1.801812
kt1_0026,KT1,instrumental,0.244275,10,0,0.554052,-0.634035,-0.079983,1.348061,-0.529124,0.818937
kt1_0027,KT1,instrumental,0.0813743,22,0,-3.779673,-0.634035,-4.413709,-2.619404,-0.529124,-3.148528
kt1_0028,KT1,instrumental,0.135747,19,0,-2.600131,-0.634035,-3.234166,-1.531761,-0.529124,-2.060885
kt1_0029,KT1,instrumental,0.213523,24,0,-3.380083,-0.634035,-4.014118,-2.162679,-0.529124,-2.691803
kt1_0030a,KT1,instrumental,0.0826446,28,0,-5.363968,-0.634035,-5.998004,-4.022599,-0.529124,-4.551723
kt1_0030b,KT1,instrumental,0.0462428,26,0,-5.089252,-0.634035,-5.723287,-3.807366,-0.529124,-4.336490
kt1_0030c,KT1,instrumental,0.141593,24,0,-3.886658,-0.634035,-4.520694,-2.667490,-0.529124,-3.196614
kt1_0030d,KT1,instrumental,0.118343,24,0,-4.050397,-0.634035,-4.684432,-2.830658,-0.529124,-3.359782
kt1_0031,KT1,instrumental,0.229665,27,0,-4.063022,-0.634035,-4.697057,-2.755449,-0.529124,-3.284573
kt1_0032,KT1,instrumental,0.156098,24,0,-3.784508,-0.634035,-4.418543,-2.565695,-0.529124,-3.094819
kt1_0033,KT1,instrumental,0.116981,19,0,-2.732288,-0.634035,-3.366324,-1.663458,-0.529124,-2.192582
kt1_0034,KT1,instrumental,0.248175,19,0,-1.808341,-0.634035,-2.442376,-0.742731,-0.529124,-1.271855
kt1_0035,KT1,instrumental,0.044843,17,0,-2.709248,-0.634035,-3.343283,-1.699024,-0.529124,-2.228148
kt1_0036,KT1,instrumental,0.0900901,21,0,-3.452752,-0.634035,-4.086787,-2.322885,-0.529124,-2.852009
kt1_0037,KT1,instrumental,0.189573,19,0,-2.221050,-0.634035,-2.855085,-1.154001,-0.529124,-1.683125
kt1_0038,KT1,instrumental,0.157729,26,0,-4.304101,-0.634035,-4.938136,-3.024951,-0.529124,-3.554075
kt1_0039,KT1,instrumental,0.151815,26,0.0132013,-4.345747,-0.178223,-4.523970,-3.066453,-0.087125,-3.153578
kt1_0040,KT1,instrumental,0.131737,17,0,-2.097292,-0.634035,-2.731327,-1.089201,-0.529124,-1.618325
kt1_0041,KT1,instrumental,0.137143,13,0,-0.997056,-0.634035,-1.631092,-0.109852,-0.529124,-0.638976
kt1_0042,KT1,instrumental,0.170213,22,0,-3.154020,-0.634035,-3.788055,-1.995931,-0.529124,-2.525055
kt1_0043,KT1,instrumental,0.0634921,21,0,-3.640071,-0.634035,-4.274106,-2.509551,-0.529124,-3.038675
kt1_0044,KT1,instrumental,0.207612,26,0,-3.952789,-0.634035,-4.586825,-2.674864,-0.529124,-3.203988
kt1_0045,KT1,instrumental,0.226891,21,0,-2.489319,-0.634035,-3.123355,-1.362810,-0.529124,-1.891934
kt1_0046,KT1,instrumental,0.0578035,18,0,-2.883513,-0.634035,-3.517548,-1.843419,-0.529124,-2.372543
kt1_0047,KT1,instrumental,0.129176,21,0,-3.177485,-0.634035,-3.811521,-2.048578,-0.529124,-2.577702
kt1_0048,KT1,instrumental,0.179775,8,0,0.630888,-0.634035,-0.003147,1.366103,-0.529124,0.836979
kt1_0049,KT1,instrumental,0.134328,17,0,-2.079038,-0.634035,-2.713074,-1.071011,-0.529124,-1.600135
kt1_0050,KT1,instrumental,0.275304,19,0,-1.617286,-0.634035,-2.251322,-0.552342,-0.529124,-1.081466
kt1_0051,KT1,instrumental,0.112994,20,0,-3.025906,-0.634035,-3.659941,-1.926789,-0.529124,-2.455914
kt1_0052,KT1,instrumental,0.130802,19,0,-2.634956,-0.634035,-3.268991,-1.566465,-0.529124,-2.095589
kt1_0053,KT1,instrumental,0.177515,21,0,-2.837054,-0.634035,-3.471090,-1.709333,-0.529124,-2.238457
kt1_0054,KT1,instrumental,0.169935,17,0,-1.828277,-0.634035,-2.462313,-0.821124,-0.529124,-1.350248
kt1_0055,KT1,instrumental,0.118081,24,0,-4.052242,-0.634035,-4.686277,-2.832496,-0.529124,-3.361620
kt1_0056,KT1,instrumental,0.157495,16,0,-1.650343,-0.634035,-2.284378,-0.673073,-0.529124,-1.202197
kt1_0057,KT1,instrumental,0.155525,29,0,-5.116239,-0.634035,-5.750275,-3.746470,-0.529124,-4.275594
kt1_0058,KT1,instrumental,0.13289,28,0,-5.010108,-0.634035,-5.644143,-3.669971,-0.529124,-4.199095
kt1_0059,KT1,instrumental,0.154589,21,0,-2.998509,-0.634035,-3.632544,-1.870225,-0.529124,-2.399349
kt1_0060,KT1,instrumental,0.157746,20,0,-2.710734,-0.634035,-3.344770,-1.612716,-0.529124,-2.141841
kt1_0061,KT1,instrumental,0.142132,26,0,-4.413942,-0.634035,-5.047978,-3.134410,-0.529124,-3.663534
kt1_0062,KT1,instrumental,0.114286,28,0,-5.141133,-0.634035,-5.775168,-3.800540,-0.529124,-4.329664
kt1_0063,KT1,instrumental,0.175365,24,0.00417537,-3.648813,-0.489869,-4.138682,-2.430473,-0.389327,-2.819800
kt1_0064,KT1,instrumental,0.144681,19,0,-2.537210,-0.634035,-3.171246,-1.469060,-0.529124,-1.998184
kt1_0065,KT1,instrumental,0.13198,19,0,-2.626659,-0.634035,-3.260695,-1.558198,-0.529124,-2.087322
kt1_0066,KT1,instrumental,0.20339,26,0,-3.982528,-0.634035,-4.616563,-2.704499,-0.529124,-3.233623
kt1_0067,KT1,instrumental,0.12766,22,0,-3.453705,-0.634035,-4.087740,-2.294571,-0.529124,-2.823695
kt1_0068,KT1,instrumental,0.0346821,17,0,-2.780807,-0.634035,-3.414843,-1.770335,-0.529124,-2.299459
kt1_0069,KT1,instrumental,0.2249,20,0,-2.237802,-0.634035,-2.871837,-1.141432,-0.529124,-1.670556
kt1_0070,KT1,instrumental,0.159509,24,0.00408998,-3.760481,-0.492817,-4.253298,-2.541752,-0.392186,-2.933938
kt1_0071,KT1,instrumental,0.062069,28,0,-5.508874,-0.634035,-6.142910,-4.167000,-0.529124,-4.696124
kt1_0072,KT1,instrumental,0.135593,21,0,-3.132291,-0.634035,-3.766327,-2.003541,-0.529124,-2.532665
kt1_0073,KT1,instrumental,0.12844,24,0,-3.979286,-0.634035,-4.613322,-2.759795,-0.529124,-3.288919
kt1_0074,KT1,instrumental,0.0745342,28,0,-5.421087,-0.634035,-6.055122,-4.079518,-0.529124,-4.608643
kt1_0075,KT1,instrumental,0.0414508,24,0,-4.591919,-0.634035,-5.225955,-3.370293,-0.529124,-3.899417
kt1_0076,KT1,instrumental,0.0890756,28,0.010084,-5.318677,-0.285856,-5.604533,-3.977466,-0.191497,-4.168962
kt1_0077,KT1,instrumental,0.221818,19,0.0145455,-1.993963,-0.131812,-2.125775,-0.927706,-0.042122,-0.969828
kt1_0078,KT1,instrumental,0.0718563,21,0,-3.581165,-0.634035,-4.215200,-2.450850,-0.529124,-2.979974
kt1_0079,KT1,instrumental,0.0982456,22,0,-3.660856,-0.634035,-4.294891,-2.501000,-0.529124,-3.030124
kt1_0080,KT1,instrumental,0.104408,20,0,-3.086374,-0.634035,-3.720409,-1.987047,-0.529124,-2.516171
kt1_0081,KT1,instrumental,0.0812183,25,0,-4.577393,-0.634035,-5.211428,-3.326554,-0.529124,-3.855678
kt1_0082,KT1,instrumental,0.0740741,26,0,-4.893247,-0.634035,-5.527282,-3.612044,-0.529124,-4.141168
kt1_0083,KT1,instrumental,0.151815,14,0,-1.159265,-0.634035,-1.793300,-0.242233,-0.529124,-0.771357
kt1_0084,KT1,instrumental,0.0501672,21,0,-3.733912,-0.634035,-4.367948,-2.603066,-0.529124,-3.132190
kt1_0085,KT1,instrumental,0.0846682,26,0,-4.818637,-0.634035,-5.452672,-3.537694,-0.529124,-4.066818
kt1_0086,KT1,instrumental,0.220472,19,0,-2.003440,-0.634035,-2.637476,-0.937150,-0.529124,-1.466275
kt1_0087,KT1,instrumental,0.131687,24,0,-3.956420,-0.634035,-4.590455,-2.737008,-0.529124,-3.266132
kt1_0088,KT1,instrumental,0.0382514,27,0,-5.411072,-0.634035,-6.045108,-4.098802,-0.529124,-4.627926
kt1_0089,KT1,instrumental,0.0792079,26,0,-4.857091,-0.634035,-5.491127,-3.576014,-0.529124,-4.105139
kt1_0090,KT1,instrumental,0.121019,21,0.00636943,-3.234931,-0.414113,-3.649044,-2.105823,-0.315867,-2.421690
kt1_0091,KT1,instrumental,0.0902613,28,0,-5.310327,-0.634035,-5.944363,-3.969145,-0.529124,-4.498269
kt1_0092,KT1,instrumental,0.202186,28,0,-4.522088,-0.634035,-5.156123,-3.183652,-0.529124,-3.712776
kt1_0093,KT1,instrumental,0.042328,24,0,-4.585741,-0.634035,-5.219777,-3.364136,-0.529124,-3.893260
kt1_0094,KT1,instrumental,0.0902256,19,0,-2.920717,-0.634035,-3.554752,-1.851230,-0.529124,-2.380355
kt1_0095,KT1,instrumental,0.0290698,12,0,-1.492631,-0.634035,-2.126667,-0.632964,-0.529124,-1.162088
kt1_0096,KT1,instrumental,0.035503,17,0,-2.775026,-0.634035,-3.409061,-1.764574,-0.529124,-2.293698
kt1_0097,KT1,instrumental,0.0364465,29,0.0113895,-5.954864,-0.240780,-6.195644,-4.582172,-0.147787,-4.729959
kt1_0098,KT1,instrumental,0.0324826,21,0.00928074,-3.858458,-0.313592,-4.172050,-2.727177,-0.218392,-2.945569
kt1_0099,KT1,instrumental,0.0461894,17,0.00923788,-2.699766,-0.315072,-3.014838,-1.689576,-0.219827,-1.909403
kt1_0100,KT1,instrumental,0.022409,14,0.00560224,-2.070621,-0.440602,-2.511223,-1.150413,-0.341553,-1.491966
kt1_0101,KT1,instrumental,0.0610932,22,0.0203644,-3.922505,0.069104,-3.853401,-2.761738,0.152705,-2.609033
kt1_0102,KT1,instrumental,0.209192,29,0.00792393,-4.738288,-0.360439,-5.098727,-3.369835,-0.263820,-3.633655
kt1_0103,KT1,instrumental,0.163209,18,0.00968188,-2.141185,-0.299741,-2.440926,-1.103678,-0.204961,-1.308639
kt1_0104,KT1,instrumental,0.0508806,17,0.0176125,-2.666727,-0.025913,-2.692640,-1.656652,0.060568,-1.596084
kt1_0105,KT1,instrumental,0.0731183,14,0.00430108,-1.713496,-0.485529,-2.199024,-0.794532,-0.385118,-1.179650
kt1_0106,KT1,instrumental,0.104854,22,0.0194175,-3.614313,0.036408,-3.577905,-2.454620,0.121000,-2.333619
kt1_0107a,KT1,instrumental,0.182796,18,0.0150538,-2.003242,-0.114262,-2.117504,-0.966216,-0.025103,-0.991319
kt1_0107b,KT1,instrumental,0.0380952,17,0.0285714,-2.756770,0.352474,-2.404296,-1.746381,0.427487,-1.318893
kt1_0107c,KT1,instrumental,0.18705,20,0.00719424,-2.504359,-0.385634,-2.889993,-1.407060,-0.288251,-1.695311
kt1_0107d,KT1,instrumental,0.205298,17,0.013245,-1.579227,-0.176713,-1.755941,-0.572942,-0.085662,-0.658604
kt1_0107e,KT1,instrumental,0.107527,25,0.00358423,-4.392112,-0.510280,-4.902392,-3.141919,-0.409119,-3.551038
kt1_0107f,KT1,instrumental,0.206287,21,0.00785855,-2.634424,-0.362697,-2.997121,-1.507409,-0.266009,-1.773418
kt1_0108,KT1,instrumental,0.111742,27,0.00757576,-4.893504,-0.372461,-5.265965,-3.583037,-0.275477,-3.858514
kt1_0109,KT1,instrumental,0.0218978,21,0.0218978,-3.933002,0.122048,-3.810954,-2.801462,0.204045,-2.597417
kt1_0110,KT1,instrumental,0.115839,19,0.0118203,-2.740330,-0.225905,-2.966235,-1.671472,-0.133363,-1.804835
kt1_0111,KT1,instrumental,0.143646,20,0.0092081,-2.810036,-0.316100,-3.126135,-1.711672,-0.220824,-1.932495
kt1_0112,KT1,instrumental,0.121495,13,0.00934579,-1.107255,-0.311345,-1.418601,-0.219668,-0.216214,-0.435881
kt1_0113,KT1,instrumental,0.110236,14,0.015748,-1.452089,-0.090290,-1.542379,-0.534036,-0.001858,-0.535894
kt1_0114,KT1,instrumental,0.0218978,22,0.00729927,-4.198543,-0.382007,-4.580550,-3.036814,-0.284734,-3.321548
kt1_0115,KT1,instrumental,0.0774194,15,0,-1.948745,-0.634035,-2.582781,-0.999699,-0.529124,-1.528823
kt1_0116,KT1,instrumental,0.0697674,14,0,-1.737094,-0.634035,-2.371130,-0.818049,-0.529124,-1.347173
kt1_0117,KT1,instrumental,0.0571429,17,0.047619,-2.622625,1.010147,-1.612478,-1.612704,1.065228,-0.547475
kt1_0118,KT1,instrumental,0.114754,15,0,-1.685812,-0.634035,-2.319847,-0.737681,-0.529124,-1.266805
kt1_0119,KT1,instrumental,0.163462,17,0,-1.873865,-0.634035,-2.507900,-0.866553,-0.529124,-1.395677
kt1_0120,KT1,instrumental,0.150376,19,0,-2.497102,-0.634035,-3.131137,-1.429092,-0.529124,-1.958216
kt1_0121,KT1,instrumental,0.104972,19,0.0165746,-2.816861,-0.061751,-2.878612,-1.747737,0.025816,-1.721920
kt1_0122,KT1,instrumental,0.219251,14,0,-0.684339,-0.634035,-1.318375,0.231038,-0.529124,-0.298086
kt1_0123,KT1,instrumental,0.252874,12,0,0.083529,-0.634035,-0.550506,0.937704,-0.529124,0.408580
kt1_0124,KT1,instrumental,0.039039,29,0.036036,-5.936605,0.610211,-5.326395,-4.563977,0.677413,-3.886564
kt1_0125,KT1,instrumental,0.00325733,29,0.0358306,-6.188601,0.603118,-5.585483,-4.815095,0.670535,-4.144560
kt1_0126,KT1,instrumental,0.136054,17,0.0272109,-2.066882,0.305497,-1.761385,-1.058898,0.381934,-0.676963
kt1_0127,KT1,instrumental,0.157407,17,0,-1.916502,-0.634035,-2.550537,-0.909041,-0.529124,-1.438165
kt1_0128,KT1,instrumental,0.0628571,21,0,-3.644542,-0.634035,-4.278578,-2.514007,-0.529124,-3.043131
kt1_0129,KT1,instrumental,0.271845,14,0,-0.313945,-0.634035,-0.947981,0.600141,-0.529124,0.071017
kt1_0130,KT1,instrumental,0.0941176,10,0,-0.503445,-0.634035,-1.137480,0.294249,-0.529124,-0.234875
kt1_0131,KT1,instrumental,0.1,17,0.1,-2.320799,2.818748,0.497948,-1.311930,2.819016,1.507086
kt1_0132,KT1,instrumental,0.117647,17,0,-2.196518,-0.634035,-2.830553,-1.188082,-0.529124,-1.717206
kt1_0133,KT1,instrumental,0.117188,22,0.015625,-3.527455,-0.094538,-3.621994,-2.368065,-0.005977,-2.374042
kt1_0134,KT1,instrumental,0.283784,17,0.0135135,-1.026483,-0.167443,-1.193927,-0.022125,-0.076673,-0.098797
kt1_0135,KT1,instrumental,0.0842105,9,0.0315789,-0.307677,0.456317,0.148641,0.460072,0.528183,0.988255
kt1_0136,KT1,instrumental,0.122995,19,0.0374332,-2.689937,0.658450,-2.031487,-1.621255,0.724190,-0.897065
kt1_0137,KT1,instrumental,0.2,20,0,-2.413160,-0.634035,-3.047195,-1.316179,-0.529124,-1.845303
kt1_0138,KT1,instrumental,0.0603448,17,0.00862069,-2.600075,-0.336382,-2.936456,-1.590232,-0.240491,-1.830723
kt1_0139,KT1,instrumental,0.0751445,17,0.017341,-2.495846,-0.035287,-2.531133,-1.486367,0.051478,-1.434889
kt1_0140,KT1,instrumental,0.262069,13,0.0482759,-0.117251,1.032825,0.915574,0.766886,1.087219,1.854106
kt1_0141,KT1,instrumental,0.0765306,19,0.0255102,-3.017165,0.246777,-2.770389,-1.947342,0.324993,-1.622349
kt1_0142,KT1,instrumental,0.198675,13,0.0331126,-0.563706,0.509270,-0.054436,0.321987,0.579532,0.901519
kt1_0143,KT1,instrumental,0.0894309,17,0.0325203,-2.395233,0.488821,-1.906412,-1.386104,0.559702,-0.826402
kt1_0144,KT1,instrumental,0.272727,21,0,-2.166511,-0.634035,-2.800546,-1.041126,-0.529124,-1.570250
kt1_0145,KT1,instrumental,0.0650888,19,0.0414201,-3.097746,0.796111,-2.301634,-2.027642,0.857679,-1.169963
kt1_0146,KT1,instrumental,0.30303,15,0,-0.359858,-0.634035,-0.993893,0.583652,-0.529124,0.054528
kt1_0147,KT1,instrumental,0.0353982,12,0,-1.448063,-0.634035,-2.082098,-0.588550,-0.529124,-1.117674
kt1_0148,KT1,instrumental,0.0353982,12,0,-1.448063,-0.634035,-2.082098,-0.588550,-0.529124,-1.117674
kt1_0149,KT1,instrumental,0.0958904,12,0,-1.022040,-0.634035,-1.656076,-0.164013,-0.529124,-0.693137
kt1_0150,KT1,instrumental,0.163265,12,0,-0.547546,-0.634035,-1.181581,0.308828,-0.529124,-0.220296
kt1_0151,KT1,instrumental,0.128205,12,0,-0.794461,-0.634035,-1.428496,0.062774,-0.529124,-0.466350
kt1_0152,KT1,instrumental,0.131148,14,0,-1.304819,-0.634035,-1.938854,-0.387279,-0.529124,-0.916404
kt1_0153,KT1,instrumental,0.271186,12,0.0508475,0.212499,1.121617,1.334116,1.066225,1.173320,2.239545
kt1_0154,KT1,instrumental,0.133501,22,0.0327456,-3.412564,0.496599,-2.915965,-2.253574,0.567244,-1.686330
kt1_0155,KT1,instrumental,0.0514096,24,0,-4.521783,-0.634035,-5.155819,-3.300401,-0.529124,-3.829525
kt1_0156,KT1,instrumental,0.137931,13,0.0137931,-0.991505,-0.157790,-1.149295,-0.104321,-0.067312,-0.171633
kt1_0157,KT1,instrumental,0.112994,14,0,-1.432665,-0.634035,-2.066700,-0.514680,-0.529124,-1.043804
kt1_0158,KT1,instrumental,0.0408163,21,0,-3.799767,-0.634035,-4.433802,-2.668691,-0.529124,-3.197815
kt1_0159,KT1,instrumental,0.0689655,22,0.0172414,-3.867064,-0.038728,-3.905792,-2.706490,0.048141,-2.658348
kt1_0160,KT1,instrumental,0.12,14,0.024,-1.383327,0.194632,-1.188694,-0.465514,0.274430,-0.191084
kt1_0161,KT1,instrumental,0.0176991,17,0,-2.900411,-0.634035,-3.534447,-1.889522,-0.529124,-2.418646
kt1_0162,KT1,instrumental,0.147059,16,0.0147059,-1.723843,-0.126273,-1.850116,-0.746316,-0.036751,-0.783067
kt1_0163,KT1,instrumental,0.210526,17,0.0263158,-1.542407,0.274592,-1.267815,-0.536250,0.351965,-0.184284
kt1_0164,KT1,instrumental,0.028169,16,0.0140845,-2.561136,-0.147728,-2.708864,-1.580692,-0.057555,-1.638247
kt1_0165,KT1,instrumental,0,17,0.02,-3.025059,0.056521,-2.968538,-2.013735,0.140504,-1.873231
kt1_0166,KT1,instrumental,0.0147059,20,0.0147059,-3.718112,-0.126273,-3.844385,-2.616584,-0.036751,-2.653334
kt1_0167,KT1,instrumental,0.0578035,17,0.0289017,-2.617972,0.363879,-2.254094,-1.608067,0.438546,-1.169521
kt1_0168,KT1,instrumental,0.0869565,15,0.0108696,-1.881579,-0.258733,-2.140312,-0.932766,-0.165196,-1.097962
kt1_0169,KT1,instrumental,0.0333333,17,0.0166667,-2.790306,-0.058572,-2.848877,-1.779800,0.028899,-1.750901
kt1_0170,KT1,instrumental,0.116279,17,0.0116279,-2.206152,-0.232549,-2.438701,-1.197682,-0.139805,-1.337488
kt1_0171,KT1,instrumental,0.015873,12,0.015873,-1.585571,-0.085975,-1.671546,-0.725579,0.002327,-0.723253
kt1_0172,KT1,instrumental,0.0758621,12,0.00689655,-1.163092,-0.395912,-1.559004,-0.304573,-0.298218,-0.602791
kt1_0173,KT1,instrumental,0,14,0.0144928,-2.228439,-0.133632,-2.362071,-1.307680,-0.043886,-1.351567
kt1_0174,KT1,instrumental,0,12,0,-1.697358,-0.634035,-2.331394,-0.836977,-0.529124,-1.366101
kt1_0175,KT1,instrumental,0.0851064,12,0.0212766,-1.097988,0.100599,-0.997389,-0.239696,0.183246,-0.056450
kt1_0176,KT1,instrumental,0,14,0.0120482,-2.228439,-0.218037,-2.446476,-1.307680,-0.125734,-1.433414
kt1_0177,KT1,instrumental,0.0869565,17,0.0217391,-2.412659,0.116570,-2.296090,-1.403470,0.198732,-1.204737
kt1_0178,KT1,instrumental,0,14,0.294118,-2.228439,9.521209,7.292770,-1.307680,9.318346,8.010666
kt1_0179,KT1,instrumental,0.177215,13,0,-0.714843,-0.634035,-1.348878,0.171378,-0.529124,-0.357747
kt1_0180,KT1,instrumental,0.06,14,0.02,-1.805883,0.056521,-1.749361,-0.886597,0.140504,-0.746093
kt1_0181,KT1,instrumental,0.545455,16,0.0247934,1.081899,0.222026,1.303926,2.049648,0.300993,2.350641
kt1_0182,KT1,instrumental,0,17,0.00980392,-3.025059,-0.295527,-3.320587,-2.013735,-0.200875,-2.214610
kt1_0183,KT1,instrumental,0.0555556,17,0.0222222,-2.633804,0.133250,-2.500554,-1.623843,0.214907,-1.408936
kt1_0184,KT1,instrumental,0,17,0.0493827,-3.025059,1.071043,-1.954017,-2.013735,1.124278,-0.889457
kt1_0185,KT1,instrumental,0.0833333,14,0,-1.641555,-0.634035,-2.275591,-0.722842,-0.529124,-1.251966
kt1_0186,KT1,instrumental,0.128342,17,0,-2.121196,-0.634035,-2.755232,-1.113022,-0.529124,-1.642146
kt1_0187,KT1,instrumental,0.0875912,16,0.0218978,-2.142649,0.122048,-2.020600,-1.163663,0.204045,-0.959618
kt1_0188,KT1,instrumental,0,17,0.0251256,-3.025059,0.233498,-2.791561,-2.013735,0.312117,-1.701618
kt1_0189,KT1,instrumental,0.355932,14,0.0169492,0.278250,-0.048818,0.229432,1.190272,0.038357,1.228629
kt1_0190,KT1,instrumental,0.0519481,19,0.025974,-3.190290,0.262791,-2.927499,-2.119864,0.340523,-1.779342
kt1_0191,KT1,instrumental,0.125,16,0.0357143,-1.879194,0.599101,-1.280093,-0.901127,0.666640,-0.234486
kt1_0192,KT1,instrumental,0.19898,18,0.0153061,-1.889266,-0.105548,-1.994814,-0.852637,-0.016654,-0.869291
kt1_0193,KT1,instrumental,0.0287356,26,0,-5.212547,-0.634035,-5.846583,-3.930232,-0.529124,-4.459356
kt1_0194,KT1,instrumental,0.144928,29,0.0318841,-5.190875,0.466852,-4.724023,-3.820845,0.538399,-3.282447
kt1_0195,KT1,instrumental,0.228426,15,0.0152284,-0.885263,-0.108231,-0.993494,0.060077,-0.019255,0.040822
kt1_0196,KT1,instrumental,0.13354,15,0.015528,-1.553507,-0.097889,-1.651396,-0.605838,-0.009227,-0.615065
kt1_0197,KT1,instrumental,0.0480769,20,0.0240385,-3.483093,0.195960,-3.287133,-2.382384,0.275717,-2.106666
kt1_0198,KT1,instrumental,0.11399,20,0.015544,-3.018896,-0.097333,-3.116230,-1.919805,-0.008688,-1.928492
kt1_0199,KT1,instrumental,0,17,0.0182927,-3.025059,-0.002429,-3.027488,-2.013735,0.083341,-1.930395
kt1_0200,KT1,instrumental,0.0793651,17,0.015873,-2.466123,-0.085975,-2.552097,-1.456747,0.002327,-1.454420
kt1_0201,KT1,instrumental,0.136646,22,0,-3.390417,-0.634035,-4.024453,-2.231504,-0.529124,-2.760628
kt1_0202,KT1,instrumental,0.0253165,17,0,-2.846766,-0.634035,-3.480801,-1.836063,-0.529124,-2.365187
kt1_0203,KT1,instrumental,0.652174,8,0,3.957803,-0.634035,3.323767,4.681423,-0.529124,4.152299
kt1_0204,KT1,instrumental,0,15,0,-2.493979,-0.634035,-3.128014,-1.543032,-0.529124,-2.072156
kt1_0205,KT1,instrumental,0,14,0.0192308,-2.228439,0.029961,-2.198477,-1.307680,0.114749,-1.192931
kt1_0206,KT1,instrumental,0.333333,16,0.0392157,-0.411986,0.719997,0.308011,0.560969,0.783872,1.344841
kt1_0207,KT1,instrumental,0.203125,14,0.015625,-0.797910,-0.094538,-0.892449,0.117862,-0.005977,0.111885
kt1_0208,KT1,instrumental,0.248447,19,0.0310559,-1.806425,0.438257,-1.368168,-0.740822,0.510671,-0.230151
kt1_0209,KT1,instrumental,0.031746,17,0.015873,-2.801485,-0.085975,-2.887459,-1.790940,0.002327,-1.788613
kt1_0210,KT1,instrumental,0.438356,17,0.0136986,0.062108,-0.161051,-0.098943,1.062673,-0.070475,0.992199
kt1_0211,KT1,instrumental,0.438356,17,0.0136986,0.062108,-0.161051,-0.098943,1.062673,-0.070475,0.992199
kt1_0212,KT1,instrumental,0.0848485,17,0.0181818,-2.427505,-0.006257,-2.433762,-1.418264,0.079629,-1.338635
kt1_0213,KT1,instrumental,0.151685,17,0.00561798,-1.956800,-0.440059,-2.396858,-0.949199,-0.341026,-1.290225
kt1_0214,KT1,instrumental,0.19697,17,0.0151515,-1.637880,-0.110886,-1.748767,-0.631391,-0.021830,-0.653221
kt1_0215,KT1,instrumental,0,22,0.00787402,-4.352760,-0.362163,-4.714923,-3.190494,-0.265491,-3.455985
kt1_0216,KT1,instrumental,0.0366972,26,0.00917431,-5.156477,-0.317266,-5.473743,-3.874357,-0.221955,-4.096312
kt1_0217,KT1,instrumental,0.019802,14,0.029703,-2.088981,0.391544,-1.697438,-1.168709,0.465373,-0.703336
kt1_0218,KT1,instrumental,0.0833333,17,0.0208333,-2.438176,0.085294,-2.352882,-1.428897,0.168405,-1.260492
kt1_0219,KT1,instrumental,0.162602,16,0.0162602,-1.614381,-0.072607,-1.686988,-0.637236,0.015289,-0.621947
kt1_0220,KT1,instrumental,0.037037,14,0.037037,-1.967602,0.644773,-1.322828,-1.047752,0.710928,-0.336825
kt1_0221,KT1,instrumental,0.302158,20,0.0143885,-1.693700,-0.137232,-1.830932,-0.599226,-0.047377,-0.646604
kt1_0222,KT1,instrumental,0.027972,24,0.020979,-4.686845,0.090325,-4.596520,-3.464888,0.173283,-3.291605
kt1_0223,KT1,instrumental,0.3,13,0.0285714,0.149882,0.352474,0.502356,1.033088,0.427487,1.460576
kt1_0224,KT1,instrumental,0.100559,17,0.0167598,-2.316865,-0.055357,-2.372221,-1.308009,0.032017,-1.275992
kt1_0225,KT1,instrumental,0.176471,17,0.0196078,-1.782247,0.042981,-1.739267,-0.775255,0.127374,-0.647881
kt1_0226,KT1,instrumental,0.134146,24,0,-3.939102,-0.634035,-4.573137,-2.719750,-0.529124,-3.248874
kt1_0227,KT1,instrumental,0.12093,17,0.0186047,-2.173396,0.008343,-2.165053,-1.165040,0.093786,-1.071254
kt1_0228,KT1,instrumental,0.0629921,15,0.00787402,-2.050350,-0.362163,-2.412513,-1.100950,-0.265491,-1.366441
kt1_0229,KT1,instrumental,0.157895,12,0.0105263,-0.585369,-0.270585,-0.855953,0.271137,-0.176688,0.094449
kt1_0230,KT1,instrumental,0.0559441,13,0.00699301,-1.568907,-0.392582,-1.961489,-0.679710,-0.294988,-0.974699
kt1_0231,KT1,instrumental,0,17,0,-3.025059,-0.634035,-3.659095,-2.013735,-0.529124,-2.542859
kt1_0232,KT1,instrumental,0.105263,17,0.0105263,-2.283733,-0.270585,-2.554317,-1.274993,-0.176688,-1.451681
kt1_0233,KT1,instrumental,0.368932,14,0,0.369802,-0.634035,-0.264233,1.281506,-0.529124,0.752382
kt1_0234,KT1,instrumental,0.196721,24,0,-3.498411,-0.634035,-4.132446,-2.280595,-0.529124,-2.809720
kt1_0235,KT1,instrumental,0.0379747,14,0.0253165,-1.960998,0.240087,-1.720911,-1.041172,0.318506,-0.722666
kt1_0236,KT1,instrumental,0.0549451,15,0,-2.107023,-0.634035,-2.741058,-1.157425,-0.529124,-1.686549
kt1_0237,KT1,instrumental,0.176471,17,0.0196078,-1.782247,0.042981,-1.739267,-0.775255,0.127374,-0.647881
kt1_0238,KT1,instrumental,0.3,10,0,0.946502,-0.634035,0.312467,1.739143,-0.529124,1.210019
kt1_0239,KT1,instrumental,0.205479,17,0.0136986,-1.577950,-0.161051,-1.739001,-0.571669,-0.070475,-0.642144
kt1_0240,KT1,instrumental,0,21,0,-4.087220,-0.634035,-4.721255,-2.955142,-0.529124,-3.484266
kt1_0241,KT1,instrumental,0.175573,20,0.0152672,-2.585193,-0.106893,-2.692086,-1.487612,-0.017958,-1.505570
kt1_0242,KT1,instrumental,0.206897,13,0,-0.505809,-0.634035,-1.139844,0.379683,-0.529124,-0.149441
kt1_0243,KT1,instrumental,0.0808081,12,0.030303,-1.128259,0.412262,-0.715997,-0.269861,0.485464,0.215602
kt1_0244,KT1,instrumental,0.168421,19,0.00701754,-2.370017,-0.391735,-2.761752,-1.302450,-0.294167,-1.596617
kt1_0245,KT1,instrumental,0.12848,19,0,-2.651309,-0.634035,-3.285344,-1.582761,-0.529124,-2.111885
kt1_0246,KT1,instrumental,0.0781759,20,0.0228013,-3.271118,0.153244,-3.117874,-2.171147,0.234295,-1.936852
kt1_0247,KT1,instrumental,0.170316,19,0,-2.356670,-0.634035,-2.990705,-1.289149,-0.529124,-1.818273
kt1_0248,KT1,instrumental,0.0885781,24,0.00699301,-4.260021,-0.392582,-4.652603,-3.039551,-0.294988,-3.334539
kt1_0249,KT1,instrumental,0.104218,20,0.00496278,-3.087712,-0.462681,-3.550393,-1.988380,-0.362963,-2.351343
kt1_0250,KT1,instrumental,0.176991,17,0,-1.778581,-0.634035,-2.412617,-0.771601,-0.529124,-1.300725
kt1_0251,KT1,instrumental,0.0821918,12,0,-1.118514,-0.634035,-1.752550,-0.260151,-0.529124,-0.789275
kt1_0252,KT1,instrumental,0.0807018,15,0.00350877,-1.925629,-0.512885,-2.438514,-0.976663,-0.411645,-1.388308
kt1_0253,KT1,instrumental,0.277228,16,0.0049505,-0.807115,-0.463106,-1.270221,0.167216,-0.363375,-0.196158
kt1_0254,KT1,instrumental,0.363184,12,0,0.860402,-0.634035,0.226367,1.711870,-0.529124,1.182745
kt1_0255,KT1,instrumental,0.017316,15,0,-2.372029,-0.634035,-3.006064,-1.421507,-0.529124,-1.950631
kt1_0256,KT1,instrumental,0.112,20,0,-3.032909,-0.634035,-3.666944,-1.933768,-0.529124,-2.462892
kt1_0257,KT1,instrumental,0.108434,17,0,-2.261404,-0.634035,-2.895439,-1.252741,-0.529124,-1.781865
kt1_0258,KT1,instrumental,0.12987,17,0,-2.110436,-0.634035,-2.744471,-1.102299,-0.529124,-1.631423
kt1_0259,KT1,instrumental,0.141243,14,0.0225989,-1.233721,0.146255,-1.087467,-0.316429,0.227518,-0.088912
kt1_0260,KT1,instrumental,0.134831,20,0.0337079,-2.872116,0.529824,-2.342292,-1.773535,0.599462,-1.174073
kt1_0261,KT1,instrumental,0.133333,14,0.04,-1.289425,0.747078,-0.542348,-0.371939,0.810132,0.438192
kt1_0262,KT1,instrumental,0.0674157,26,0.0337079,-4.940139,0.529824,-4.410315,-3.658773,0.599462,-3.059310
kt1_0263,KT1,instrumental,0.0631579,26,0.0315789,-4.970125,0.456317,-4.513808,-3.688654,0.528183,-3.160471
kt1_0264,KT1,instrumental,0.0879121,19,0.021978,-2.937010,0.124818,-2.812192,-1.867467,0.206731,-1.660736
kt1_0265,KT1,instrumental,0.16092,12,0.0344828,-0.564066,0.556579,-0.007487,0.292365,0.625407,0.917772
kt1_0266,KT1,instrumental,0.0618557,19,0.0309278,-3.120515,0.433836,-2.686679,-2.050332,0.506383,-1.543949
kt1_0267,KT1,instrumental,0.101266,26,0.0379747,-4.701746,0.677148,-4.024598,-3.421211,0.742321,-2.678889
kt1_0268,KT1,instrumental,0.0373832,17,0.0280374,-2.761784,0.334035,-2.427750,-1.751378,0.409607,-1.341771
kt1_0269,KT1,instrumental,0.237762,26,0.020979,-3.740457,0.090325,-3.650132,-2.463271,0.173283,-2.289988
kt1_0270,KT1,instrumental,0.035461,17,0.0212766,-2.775322,0.100599,-2.674722,-1.764868,0.183246,-1.581622
kt1_0271,KT1,instrumental,0.0714286,24,0,-4.380798,-0.634035,-5.014833,-3.159907,-0.529124,-3.689031
kt1_0272,KT1,instrumental,0.121212,19,0.010101,-2.702491,-0.285269,-2.987761,-1.633765,-0.190928,-1.824693
kt1_0273,KT1,instrumental,0,17,0,-3.025059,-0.634035,-3.659095,-2.013735,-0.529124,-2.542859
kt1_0274,KT1,instrumental,0.0557491,26,0.0174216,-5.022302,-0.032505,-5.054807,-3.740650,0.054176,-3.686474
kt1_0275,KT1,instrumental,0.0185185,21,0,-3.956801,-0.634035,-4.590837,-2.825178,-0.529124,-3.354302
kt1_0276,KT1,instrumental,0.0918367,15,0,-1.847209,-0.634035,-2.481245,-0.898517,-0.529124,-1.427641
kt1_0277,KT1,instrumental,0.11236,17,0.0337079,-2.233756,0.529824,-1.703932,-1.225190,0.599462,-0.625727
kt1_0278,KT1,instrumental,0.0591133,19,0.00492611,-3.139828,-0.463948,-3.603776,-2.069578,-0.364191,-2.433769
kt1_0279,KT1,instrumental,0.0266667,16,0,-2.571716,-0.634035,-3.205752,-1.591236,-0.529124,-2.120360
kt1_0280,KT1,instrumental,0,12,0,-1.697358,-0.634035,-2.331394,-0.836977,-0.529124,-1.366101
kt1_0281,KT1,instrumental,0.0263158,12,0,-1.512027,-0.634035,-2.146062,-0.652291,-0.529124,-1.181416
kt1_0282,KT1,instrumental,0.0243902,10,0,-0.994507,-0.634035,-1.628543,-0.195102,-0.529124,-0.724226
kt1_0283,KT1,instrumental,0.179104,17,0,-1.763698,-0.634035,-2.397733,-0.756770,-0.529124,-1.285894
kt1_0284,KT1,instrumental,0.169935,19,0,-2.359358,-0.634035,-2.993393,-1.291828,-0.529124,-1.820952
kt1_0285,KT1,instrumental,0.0186916,13,0,-1.831261,-0.634035,-2.465296,-0.941150,-0.529124,-1.470274
kt1_0286,KT1,instrumental,0.136364,17,0,-2.064705,-0.634035,-2.698740,-1.056728,-0.529124,-1.585852
kt1_0287,KT1,instrumental,0.0963855,17,0,-2.346254,-0.634035,-2.980290,-1.337296,-0.529124,-1.866420
kt1_0288,KT1,instrumental,0.171429,13,0,-0.755596,-0.634035,-1.389631,0.130767,-0.529124,-0.398357
kt1_0289,KT1,instrumental,0.0777778,17,0,-2.477301,-0.634035,-3.111337,-1.467886,-0.529124,-1.997011
kt1_0290,KT1,instrumental,0.107527,14,0,-1.471170,-0.634035,-2.105205,-0.553051,-0.529124,-1.082175
kt1_0291,KT1,instrumental,0.23913,23,0,-2.934200,-0.634035,-3.568236,-1.747614,-0.529124,-2.276738
kt1_0292,KT1,instrumental,0.0900901,14,0.027027,-1.593970,0.299149,-1.294821,-0.675423,0.375779,-0.299644
kt1_0293,KT1,instrumental,0.114035,16,0,-1.956415,-0.634035,-2.590451,-0.978079,-0.529124,-1.507203
kt1_0294,KT1,instrumental,0.0353982,12,0,-1.448063,-0.634035,-2.082098,-0.588550,-0.529124,-1.117674
kt1_0295,KT1,instrumental,0.192893,19,0,-2.197668,-0.634035,-2.831704,-1.130702,-0.529124,-1.659826
kt1_0296,KT1,instrumental,0.151899,9,0,0.169024,-0.634035,-0.465011,0.935112,-0.529124,0.405988
kt1_0297,KT1,instrumental,0,16,0.0379747,-2.759519,0.677148,-2.082371,-1.778384,0.742321,-1.036062
kt1_0298,KT1,instrumental,0.107143,12,0,-0.942794,-0.634035,-1.576829,-0.085042,-0.529124,-0.614167
kt1_0299,KT1,instrumental,0,19,0,-3.556140,-0.634035,-4.190175,-2.484439,-0.529124,-3.013563
kt1_0300,KT1,instrumental,0,12,0,-1.697358,-0.634035,-2.331394,-0.836977,-0.529124,-1.366101
kt1_0301,KT1,instrumental,0.169492,12,0.0169492,-0.503697,-0.048818,-0.552515,0.352524,0.038357,0.390881
kt1_0302,KT1,instrumental,0.107143,14,0.0178571,-1.473874,-0.017467,-1.491341,-0.555746,0.068758,-0.486988
kt1_0303,KT1,instrumental,0.253968,10,0,0.622319,-0.634035,-0.011716,1.416090,-0.529124,0.886966
kt1_0304,KT1,instrumental,0.0266667,16,0,-2.571716,-0.634035,-3.205752,-1.591236,-0.529124,-2.120360
kt1_0305,KT1,instrumental,0.0493827,12,0,-1.349575,-0.634035,-1.983611,-0.490406,-0.529124,-1.019531
kt1_0306,KT1,instrumental,0,17,0,-3.025059,-0.634035,-3.659095,-2.013735,-0.529124,-2.542859
kt1_0307,KT1,instrumental,0.0659341,16,0,-2.295172,-0.634035,-2.929207,-1.315655,-0.529124,-1.844779
kt1_0308,KT1,instrumental,0.0892857,14,0,-1.599635,-0.634035,-2.233670,-0.681068,-0.529124,-1.210192
kt1_0309,KT1,instrumental,0.202532,12,0,-0.271009,-0.634035,-0.905044,0.584402,-0.529124,0.055277
kt1_0310,KT1,instrumental,0.111111,19,0,-2.773628,-0.634035,-3.407664,-1.704655,-0.529124,-2.233779
kt1_0311,KT1,instrumental,0.0769231,12,0,-1.155620,-0.634035,-1.789655,-0.297127,-0.529124,-0.826251
kt1_0312,KT1,instrumental,0.057971,14,0,-1.820172,-0.634035,-2.454207,-0.900837,-0.529124,-1.429961
kt1_0313,KT1,instrumental,0.19685,8,0,0.751141,-0.634035,0.117106,1.485937,-0.529124,0.956813
kt1_0314,KT1,instrumental,0,13,0,-1.962898,-0.634035,-2.596934,-1.072329,-0.529124,-1.601453
kt1_0315,KT1,instrumental,0.0777778,17,0,-2.477301,-0.634035,-3.111337,-1.467886,-0.529124,-1.997011
kt1_0316,KT1,instrumental,0.08,14,0,-1.665031,-0.634035,-2.299066,-0.746236,-0.529124,-1.275360
kt1_0317,KT1,instrumental,0.0721649,13,0,-1.454670,-0.634035,-2.088705,-0.565871,-0.529124,-1.094995
kt1_0318a,KT1,instrumental,0.0487805,19,0,-3.212598,-0.634035,-3.846634,-2.142094,-0.529124,-2.671218
kt1_0318b,KT1,instrumental,0.0212766,17,0,-2.875217,-0.634035,-3.509252,-1.864415,-0.529124,-2.393539
kt1_0318c,KT1,instrumental,0.0277778,7,0,-0.174029,-0.634035,-0.808065,0.534727,-0.529124,0.005603
kt1_0318d,KT1,instrumental,0.121212,13,0,-1.109250,-0.634035,-1.743285,-0.221655,-0.529124,-0.750779
kt1_0318e,KT1,instrumental,0.0526316,9,0,-0.530074,-0.634035,-1.164110,0.238449,-0.529124,-0.290675
kt1_0319a,KT1,instrumental,0.0606061,17,0,-2.598235,-0.634035,-3.232270,-1.588399,-0.529124,-2.117523
kt1_0319b,KT1,instrumental,0.0363636,17,0,-2.768965,-0.634035,-3.403000,-1.758533,-0.529124,-2.287657
kt1_0319c,KT1,instrumental,0,9,0,-0.900738,-0.634035,-1.534773,-0.130922,-0.529124,-0.660046
kt1_0319d,KT1,instrumental,0.444444,19,0.0123457,-0.426095,-0.207766,-0.633861,0.634698,-0.115773,0.518924
kt1_0320,KT1,instrumental,0.144144,15,0.00900901,-1.478829,-0.322974,-1.801803,-0.531420,-0.227490,-0.758910
kt1_0321,KT1,instrumental,0.163462,18,0.0192308,-2.139405,0.029961,-2.109444,-1.101905,0.114749,-0.987156
kt1_0322,KT1,instrumental,0.103093,9,0,-0.174696,-0.634035,-0.808732,0.592589,-0.529124,0.063465
kt1_0323,KT1,instrumental,0.0879121,14,0,-1.609309,-0.634035,-2.243344,-0.690708,-0.529124,-1.219832
kt1_0324a,KT1,instrumental,0.107527,14,0,-1.471170,-0.634035,-2.105205,-0.553051,-0.529124,-1.082175
kt1_0324b,KT1,instrumental,0.277778,10,0,0.790000,-0.634035,0.155965,1.583187,-0.529124,1.054062
kt1_0324c,KT1,instrumental,0.473684,14,0,1.107530,-0.634035,0.473494,2.016663,-0.529124,1.487538
kt1_0324d,KT1,instrumental,0.18,14,0.02,-0.960771,0.056521,-0.904249,-0.044430,0.140504,0.096074
kt1_0324e,KT1,instrumental,0.266667,17,0,-1.147032,-0.634035,-1.781068,-0.142253,-0.529124,-0.671377
kt1_0325a,KT1,instrumental,0.214286,8,0,0.873931,-0.634035,0.239896,1.608299,-0.529124,1.079175
kt1_0325b,KT1,instrumental,0.302521,16,0.0168067,-0.628985,-0.053736,-0.682720,0.344726,0.033589,0.378315
kt1_0325c,KT1,instrumental,0.357143,14,0,0.286776,-0.634035,-0.347260,1.198769,-0.529124,0.669645
kt1_0325d,KT1,instrumental,0.243478,14,0.0173913,-0.513719,-0.033551,-0.547270,0.401064,0.053161,0.454225
kt1_0325e,KT1,instrumental,0.25,14,0,-0.467789,-0.634035,-1.101824,0.446834,-0.529124,-0.082290
kt1_0325f,KT1,instrumental,0.163934,11,0,-0.277293,-0.634035,-0.911329,0.548876,-0.529124,0.019752
kt1_0326,KT1,instrumental,0.177215,8,0,0.612858,-0.634035,-0.021177,1.348136,-0.529124,0.819012
kt1_0327,KT1,instrumental,0.321678,17,0,-0.759607,-0.634035,-1.393643,0.243822,-0.529124,-0.285303
kt1_0328,KT1,instrumental,0.0769231,16,0.123077,-2.217781,3.615544,1.397763,-1.238533,3.591664,2.353130
kt1_0329,KT1,instrumental,0.106195,17,0,-2.277172,-0.634035,-2.911208,-1.268455,-0.529124,-1.797579
kt1_0330,KT1,instrumental,0.215686,17,0.0392157,-1.506067,0.719997,-0.786070,-0.500037,0.783872,0.283835
kt1_0331,KT1,instrumental,0.173913,15,0.0289855,-1.269179,0.366771,-0.902408,-0.322500,0.441351,0.118851
kt1_0332,KT1,instrumental,0.20438,12,0.00729927,-0.257995,-0.382007,-0.640002,0.597370,-0.284734,0.312636
kt1_0333,KT1,instrumental,0.0307692,12,0,-1.480663,-0.634035,-2.114698,-0.621037,-0.529124,-1.150161
kt1_0334,KT1,instrumental,0.0294118,12,0,-1.490223,-0.634035,-2.124258,-0.630564,-0.529124,-1.159688
kt1_0335,KT1,instrumental,0.0434783,8,0,-0.328997,-0.634035,-0.963033,0.409562,-0.529124,-0.119562
kt1_0336,KT1,instrumental,0.0708661,12,0,-1.198276,-0.634035,-1.832312,-0.339635,-0.529124,-0.868759
kt1_0337,KT1,instrumental,0.0645161,7,0,0.084704,-0.634035,-0.549331,0.792559,-0.529124,0.263435
kt1_0338,KT1,instrumental,0.0888889,7,0,0.256352,-0.634035,-0.377684,0.963608,-0.529124,0.434484
kt1_0339,KT1,instrumental,0.0754717,12,0,-1.165841,-0.634035,-1.799877,-0.307312,-0.529124,-0.836437
kt1_0340,KT1,instrumental,0.206186,14,0.0206186,-0.776356,0.077879,-0.698478,0.139342,0.161214,0.300556
kt1_0341,KT1,instrumental,0.113208,19,0,-2.758864,-0.634035,-3.392900,-1.689942,-0.529124,-2.219066
kt1_0342,KT1,instrumental,0.113208,12,0,-0.900083,-0.634035,-1.534118,-0.042480,-0.529124,-0.571604
kt1_0343,KT1,instrumental,0.107143,13,0.0357143,-1.208334,0.599101,-0.609233,-0.320394,0.666640,0.346246
kt1_0344,KT1,instrumental,0.0377358,14,0,-1.962680,-0.634035,-2.596716,-1.042848,-0.529124,-1.571972
kt1_0345,KT1,instrumental,0.338028,12,0,0.683239,-0.634035,0.049204,1.535324,-0.529124,1.006200
kt1_0346,KT1,instrumental,0.25,9,0,0.859912,-0.634035,0.225877,1.623592,-0.529124,1.094468
kt1_0347,KT1,instrumental,0.097561,14,0,-1.541356,-0.634035,-2.175391,-0.622992,-0.529124,-1.152116
kt1_0348,KT1,instrumental,0.0704225,14,0.0140845,-1.732481,-0.147728,-1.880209,-0.813451,-0.057555,-0.871006
kt1_0349,KT1,instrumental,0.222222,16,0.0222222,-1.194497,0.133250,-1.061247,-0.218815,0.214907,-0.003908
kt1_0350,KT1,instrumental,0.218182,9,0,0.635830,-0.634035,0.001794,1.400290,-0.529124,0.871166
kt1_0351,KT1,instrumental,0.136364,12,0,-0.737004,-0.634035,-1.371039,0.120031,-0.529124,-0.409093
kt1_0352,KT1,instrumental,0.238095,10,0,0.510532,-0.634035,-0.123504,1.304692,-0.529124,0.775568
kt1_0353,KT1,instrumental,0,12,0.015873,-1.697358,-0.085975,-1.783333,-0.836977,0.002327,-0.834650
kt1_0354,KT1,instrumental,0,7,0,-0.369657,-0.634035,-1.003693,0.339781,-0.529124,-0.189343
kt1_0355,KT1,instrumental,0.342105,16,0,-0.350208,-0.634035,-0.984244,0.622531,-0.529124,0.093407
kt1_0356,KT1,instrumental,0.539683,16,0,1.041249,-0.634035,0.407214,2.009139,-0.529124,1.480015
kt1_0357,KT1,instrumental,0.466667,14,0,1.058108,-0.634035,0.424073,1.967413,-0.529124,1.438289
kt1_0358,KT1,instrumental,0.233766,12,0.025974,-0.051036,0.262791,0.211755,0.803608,0.340523,1.144130
kt1_0359,KT1,instrumental,0.111111,13,0,-1.180387,-0.634035,-1.814423,-0.292545,-0.529124,-0.821669
kt1_0360,KT1,instrumental,0.12987,12,0.012987,-0.782735,-0.185622,-0.968357,0.074459,-0.094301,-0.019842
kt1_0361,KT1,instrumental,0.0930233,12,0,-1.042233,-0.634035,-1.676268,-0.184135,-0.529124,-0.713259
kt1_0362,KT1,instrumental,0.186813,17,0.032967,-1.709409,0.504245,-1.205164,-0.702670,0.574658,-0.128011
kt1_0363,KT1,instrumental,0.0571429,12,0,-1.294924,-0.634035,-1.928959,-0.435945,-0.529124,-0.965069
kt1_0364,KT1,instrumental,0.0526316,12,0,-1.326695,-0.634035,-1.960730,-0.467606,-0.529124,-0.996730
kt1_0365,KT1,instrumental,0.246377,13,0,-0.227765,-0.634035,-0.861800,0.656758,-0.529124,0.127634
kt1_0366,KT1,instrumental,0.4,14,0,0.588601,-0.634035,-0.045434,1.499543,-0.529124,0.970418
kt1_0367,KT1,instrumental,0.123457,15,0,-1.624522,-0.634035,-2.258557,-0.676605,-0.529124,-1.205729
kt1_0368,KT1,instrumental,0.0210526,12,0,-1.549093,-0.634035,-2.183128,-0.689229,-0.529124,-1.218353
kt1_0369,KT1,instrumental,0.40625,15,0,0.367078,-0.634035,-0.266958,1.308054,-0.529124,0.778930
kt1_0370,KT1,instrumental,0.357143,11,0,1.083396,-0.634035,0.449361,1.904824,-0.529124,1.375699
kt1_0371,KT1,instrumental,0,12,0.010989,-1.697358,-0.254609,-1.951967,-0.836977,-0.161197,-0.998174
kt1_0372,KT1,instrumental,0.125,12,0,-0.817033,-0.634035,-1.451069,0.040280,-0.529124,-0.488844
kt1_0373,KT1,instrumental,0.121212,17,0,-2.171411,-0.634035,-2.805446,-1.163062,-0.529124,-1.692186
kt1_0374,KT1,instrumental,0.0350877,21,0,-3.840111,-0.634035,-4.474147,-2.708894,-0.529124,-3.238018
kt1_0375,KT1,instrumental,0.268657,17,0.0447761,-1.133017,0.911987,-0.221031,-0.128287,0.970043,0.841756
kt1_0376,KT1,instrumental,0,8,0.030303,-0.635197,0.412262,-0.222935,0.104429,0.485464,0.589893
kt1_0377,KT1,instrumental,0.26087,12,0,0.139842,-0.634035,-0.494194,0.993820,-0.529124,0.464696
kt1_0378,KT1,instrumental,0.119403,16,0,-1.918612,-0.634035,-2.552647,-0.940407,-0.529124,-1.469531
kt1_0379,KT1,instrumental,0,12,0,-1.697358,-0.634035,-2.331394,-0.836977,-0.529124,-1.366101
kt1_0380,KT1,instrumental,0.118644,12,0,-0.861795,-0.634035,-1.495831,-0.004326,-0.529124,-0.533450
kt1_0381,KT1,instrumental,0.102362,17,0,-2.304163,-0.634035,-2.938199,-1.295352,-0.529124,-1.824476
kt1_0382,KT1,instrumental,0.0689655,10,0,-0.680581,-0.634035,-1.314617,0.117730,-0.529124,-0.411394
kt1_0383,KT1,instrumental,0.113475,13,0,-1.163738,-0.634035,-1.797774,-0.275954,-0.529124,-0.805078
kt1_0384,KT1,instrumental,0.112676,14,0,-1.434906,-0.634035,-2.068942,-0.516913,-0.529124,-1.046038
kt1_0385,KT1,instrumental,0.0993789,14,0.0186335,-1.528553,0.009340,-1.519213,-0.610234,0.094753,-0.515481
kt1_0386,KT1,instrumental,0.031746,14,0.015873,-2.004864,-0.085975,-2.090839,-1.084885,0.002327,-1.082558
kt1_0387,KT1,instrumental,0.163043,19,0.0108696,-2.407890,-0.258733,-2.666623,-1.340190,-0.165196,-1.505386
kt1_0388,KT1,instrumental,0.136364,13,0,-1.002544,-0.634035,-1.636579,-0.115321,-0.529124,-0.644445
kt1_0389,KT1,instrumental,0.295082,14,0,-0.150294,-0.634035,-0.784330,0.763222,-0.529124,0.234098
kt1_0390,KT1,instrumental,0.144928,19,0.0724638,-2.535473,1.867981,-0.667492,-1.467329,1.897064,0.429735
kt1_0391,KT1,instrumental,0.343284,14,0,0.189170,-0.634035,-0.444865,1.101503,-0.529124,0.572379
kt1_0392,KT1,instrumental,0.237288,14,0,-0.557313,-0.634035,-1.191349,0.357621,-0.529124,-0.171503
kt1_0393,KT1,instrumental,0.122807,8,0.0350877,0.229683,0.577467,0.807151,0.966296,0.645662,1.611958
kt1_0394,KT1,instrumental,0.253731,16,0,-0.972591,-0.634035,-1.606626,0.002317,-0.529124,-0.526807
kt1_0395,KT1,instrumental,0.0327869,12,0,-1.466453,-0.634035,-2.100489,-0.606877,-0.529124,-1.136001
kt1_0396,KT1,instrumental,0.366197,14,0.0422535,0.350542,0.824887,1.175429,1.262312,0.885583,2.147895
kt1_0397,KT1,instrumental,0.192771,12,0,-0.339749,-0.634035,-0.973784,0.515901,-0.529124,-0.013223
kt1_0398,KT1,instrumental,0.0465116,20,0,-3.494117,-0.634035,-4.128152,-2.393369,-0.529124,-2.922493
kt1_0399,KT1,instrumental,0.138462,12,0,-0.722229,-0.634035,-1.356264,0.134754,-0.529124,-0.394370
kt1_0400,KT1,instrumental,0.322034,12,0,0.570598,-0.634035,-0.063438,1.423075,-0.529124,0.893951
kt1_0401,KT1,instrumental,0.150685,9,0,0.160476,-0.634035,-0.473559,0.926593,-0.529124,0.397469
kt1_0402,KT1,instrumental,0.115942,12,0,-0.880825,-0.634035,-1.514860,-0.023289,-0.529124,-0.552413
kt1_0403,KT1,instrumental,0.057971,14,0,-1.820172,-0.634035,-2.454207,-0.900837,-0.529124,-1.429961
kt1_0404,KT1,instrumental,0.0545455,11,0,-1.047676,-0.634035,-1.681712,-0.218822,-0.529124,-0.747946
kt1_0405,KT1,instrumental,0.238806,12,0.0447761,-0.015543,0.911987,0.896444,0.838977,0.970043,1.809020
kt1_0406,KT1,instrumental,0.21519,14,0,-0.712942,-0.634035,-1.346978,0.202534,-0.529124,-0.326590
kt1_0407,KT1,instrumental,0.0206186,17,0,-2.879851,-0.634035,-3.513886,-1.869033,-0.529124,-2.398157
kt1_0408,KT1,instrumental,0.0461538,14,0,-1.903396,-0.634035,-2.537431,-0.983770,-0.529124,-1.512894
kt1_0409,KT1,instrumental,0.273973,12,0,0.232121,-0.634035,-0.401914,1.085778,-0.529124,0.556654
kt1_0410,KT1,instrumental,0.10989,15,0.0549451,-1.720067,1.263098,-0.456969,-0.771817,1.310513,0.538696
kt1_0411,KT1,instrumental,0.0634921,14,0,-1.781289,-0.634035,-2.415325,-0.862090,-0.529124,-1.391214
kt1_0412,KT1,instrumental,0.289855,12,0,0.343975,-0.634035,-0.290060,1.197242,-0.529124,0.668118
kt1_0413,KT1,instrumental,0.157143,13,0,-0.856204,-0.634035,-1.490240,0.030509,-0.529124,-0.498615
kt1_0414,KT1,instrumental,0.0534759,13,0.0213904,-1.586289,0.104528,-1.481761,-0.697032,0.187056,-0.509976
kt1_0415,KT1,instrumental,0.220339,12,0.0169492,-0.145599,-0.048818,-0.194417,0.709374,0.038357,0.747732
kt1_0416,KT1,instrumental,0.245902,13,0,-0.231111,-0.634035,-0.865147,0.653423,-0.529124,0.124299
kt1_0417,KT1,instrumental,0.184615,14,0,-0.928266,-0.634035,-1.562302,-0.012039,-0.529124,-0.541163
kt1_0418,KT1,instrumental,0.491803,12,0,1.766216,-0.634035,1.132180,2.614526,-0.529124,2.085402
kt1_0419,KT1,instrumental,0.133333,19,0,-2.617126,-0.634035,-3.251162,-1.548698,-0.529124,-2.077822
kt1_0420,KT1,instrumental,0.0327869,17,0,-2.794154,-0.634035,-3.428190,-1.783635,-0.529124,-2.312759
kt1_0421,KT1,instrumental,0,15,0,-2.493979,-0.634035,-3.128014,-1.543032,-0.529124,-2.072156
kt1_0422,KT1,instrumental,0.0952381,21,0,-3.416496,-0.634035,-4.050532,-2.286756,-0.529124,-2.815880
kt1_0423,KT1,instrumental,0,14,0,-2.228439,-0.634035,-2.862474,-1.307680,-0.529124,-1.836805
kt1_0424,KT1,instrumental,0.117647,14,0,-1.399897,-0.634035,-2.033933,-0.482027,-0.529124,-1.011151
kt1_0425,KT1,instrumental,0.0344828,10,0,-0.923430,-0.634035,-1.557465,-0.124272,-0.529124,-0.653396
kt1_0426,KT1,instrumental,0.0491803,17,0,-2.678702,-0.634035,-3.312737,-1.668585,-0.529124,-2.197709
kt1_0427,KT1,instrumental,0,14,0,-2.228439,-0.634035,-2.862474,-1.307680,-0.529124,-1.836805
kt1_0428,KT1,instrumental,0.184615,10,0,0.133895,-0.634035,-0.500141,0.929367,-0.529124,0.400243
kt1_0429,KT1,instrumental,0.214286,15,0,-0.984850,-0.634035,-1.618886,-0.039163,-0.529124,-0.568287
kt1_0430,KT1,instrumental,0.0280374,14,0,-2.030983,-0.634035,-2.665018,-1.110913,-0.529124,-1.640037
kt1_0431,KT1,instrumental,0.168421,14,0,-1.042316,-0.634035,-1.676352,-0.125692,-0.529124,-0.654816
kt1_0432,KT1,instrumental,0.0813953,14,0,-1.655204,-0.634035,-2.289239,-0.736443,-0.529124,-1.265567
kt1_0433,KT1,instrumental,0.0434783,24,0.0144928,-4.577641,-0.133632,-4.711273,-3.356064,-0.043886,-3.399950
kt1_0434,KT1,instrumental,0.15625,14,0.0208333,-1.128032,0.085294,-1.042738,-0.211109,0.168405,-0.042704
kt1_0435,KT1,instrumental,0.05,14,0,-1.876309,-0.634035,-2.510344,-0.956778,-0.529124,-1.485902
kt1_0436,KT1,instrumental,0.156863,12,0,-0.592637,-0.634035,-1.226672,0.263895,-0.529124,-0.265229
kt1_0437,KT1,instrumental,0.1875,12,0,-0.376871,-0.634035,-1.010906,0.478909,-0.529124,-0.050215
kt1_0438,KT1,instrumental,0.141304,12,0,-0.702208,-0.634035,-1.336244,0.154705,-0.529124,-0.374419
kt1_0439,KT1,instrumental,0.271186,12,0,0.212499,-0.634035,-0.421536,1.066225,-0.529124,0.537101
kt1_0440,KT1,instrumental,0.242424,12,0,0.009939,-0.634035,-0.624097,0.864370,-0.529124,0.335246
kt1_0441,KT1,instrumental,0.293333,19,0,-1.490310,-0.634035,-2.124346,-0.425809,-0.529124,-0.954933
kt1_0442,KT1,instrumental,0.283333,14,0,-0.233035,-0.634035,-0.867071,0.680769,-0.529124,0.151645
kt1_0443,KT1,instrumental,0.149254,7,0,0.681477,-0.634035,0.047442,1.387252,-0.529124,0.858128
kt1_0444,KT1,instrumental,0.207921,7,0.019802,1.094646,0.049684,1.144330,1.798981,0.133874,1.932855
kt1_0445,KT1,instrumental,0.4,15,0.0111111,0.323061,-0.250393,0.072668,1.264191,-0.157109,1.107082
kt1_0446,KT1,instrumental,0.172414,12,0,-0.483117,-0.634035,-1.117152,0.373033,-0.529124,-0.156091
kt1_0447,KT1,instrumental,0.1875,12,0,-0.376871,-0.634035,-1.010906,0.478909,-0.529124,-0.050215
kt1_0448,KT1,instrumental,0.243902,12,0,0.020349,-0.634035,-0.613686,0.874744,-0.529124,0.345620
kt1_0449,KT1,instrumental,0.152174,12,0,-0.625658,-0.634035,-1.259694,0.230988,-0.529124,-0.298136
kt1_0450,KT1,instrumental,0.111111,14,0,-1.445927,-0.634035,-2.079963,-0.527896,-0.529124,-1.057020
kt1_0451,KT1,instrumental,0.115385,8,0,0.177410,-0.634035,-0.456625,0.914205,-0.529124,0.385081
kt1_0452,KT1,instrumental,0.16092,12,0.0114943,-0.564066,-0.237164,-0.801230,0.292365,-0.144280,0.148085
kt1_0453,KT1,instrumental,0.057971,13,0,-1.554632,-0.634035,-2.188667,-0.665485,-0.529124,-1.194609
kt1_0454,KT1,instrumental,0.141176,12,0.0117647,-0.703109,-0.227826,-0.930934,0.153807,-0.135225,0.018582
kt1_0455,KT1,instrumental,0.188235,16,0,-1.433853,-0.634035,-2.067889,-0.457338,-0.529124,-0.986462
kt1_0456,KT1,instrumental,0.0909091,10,0.038961,-0.526041,0.711205,0.185163,0.271731,0.775346,1.047077
kt1_0457,KT1,instrumental,0,10,0,-1.166278,-0.634035,-1.800313,-0.366274,-0.529124,-0.895398
kt1_0458,KT1,instrumental,0.0283019,21,0,-3.887901,-0.634035,-4.521937,-2.756518,-0.529124,-3.285642
kt1_0459,KT1,instrumental,0.282051,12,0,0.289016,-0.634035,-0.345019,1.142475,-0.529124,0.613351
kt1_0460,KT1,instrumental,0,17,0,-3.025059,-0.634035,-3.659095,-2.013735,-0.529124,-2.542859
kt1_0461,KT1,instrumental,0,17,0,-3.025059,-0.634035,-3.659095,-2.013735,-0.529124,-2.542859
kt1_0462,KT1,instrumental,0.145161,17,0,-2.002746,-0.634035,-2.636782,-0.994985,-0.529124,-1.524109
kt1_0463,KT1,instrumental,0.104651,17,0,-2.288043,-0.634035,-2.922078,-1.279288,-0.529124,-1.808412
kt1_0464,KT1,instrumental,0.0328638,19,0,-3.324693,-0.634035,-3.958728,-2.253798,-0.529124,-2.782922
kt1_0465,KT1,instrumental,0.0337079,19,0,-3.318749,-0.634035,-3.952784,-2.247875,-0.529124,-2.776999
kt1_0466,KT1,instrumental,0.138889,17,0,-2.046920,-0.634035,-2.680956,-1.039005,-0.529124,-1.568129
kt1_0467,KT1,instrumental,0.0421053,14,0,-1.931908,-0.634035,-2.565944,-1.012183,-0.529124,-1.541307
kt1_0468,KT1,instrumental,0.0759494,17,0,-2.490178,-0.634035,-3.124214,-1.480718,-0.529124,-2.009842
kt1_0469,KT1,instrumental,0.062069,19,0,-3.119013,-0.634035,-3.753048,-2.048835,-0.529124,-2.577959
kt1_0470,KT1,instrumental,0.0674157,12,0,-1.222576,-0.634035,-1.856612,-0.363850,-0.529124,-0.892974
kt1_0471,KT1,instrumental,0.0894309,13,0,-1.333072,-0.634035,-1.967108,-0.444698,-0.529124,-0.973822
kt1_0472,KT1,instrumental,0.115044,21,0,-3.277009,-0.634035,-3.911045,-2.147755,-0.529124,-2.676879
kt1_0473,KT1,instrumental,0.0963855,13,0.0060241,-1.284094,-0.426036,-1.710130,-0.395890,-0.327429,-0.723318
kt1_0474,KT1,instrumental,0.320988,12,0,0.563229,-0.634035,-0.070806,1.415733,-0.529124,0.886609
kt1_0475,KT1,instrumental,0.0689655,20,0.0344828,-3.335983,0.556579,-2.779404,-2.235786,0.625407,-1.610379
kt1_0476,KT1,instrumental,0.0617284,17,0,-2.590331,-0.634035,-3.224366,-1.580522,-0.529124,-2.109646
kt1_0477,KT1,instrumental,0.12963,12,0.0277778,-0.784429,0.325071,-0.459358,0.072771,0.400915,0.473686
kt1_0478,KT1,instrumental,0.253165,14,0,-0.445502,-0.634035,-1.079537,0.469043,-0.529124,-0.060081
kt1_0479,KT1,instrumental,0.196721,12,0,-0.311929,-0.634035,-0.945964,0.543624,-0.529124,0.014500
kt1_0480,KT1,instrumental,0.153846,12,0,-0.613881,-0.634035,-1.247917,0.242724,-0.529124,-0.286400
kt1_0481,KT1,instrumental,0.186813,19,0.032967,-2.240489,0.504245,-1.736244,-1.173373,0.574658,-0.598715
kt1_0482,KT1,instrumental,0.133333,16,0,-1.820506,-0.634035,-2.454541,-0.842643,-0.529124,-1.371767
kt1_0483,KT1,instrumental,0.0338983,13,0,-1.724166,-0.634035,-2.358202,-0.834429,-0.529124,-1.363553
kt1_0484,KT1,instrumental,0.47541,16,0,0.588602,-0.634035,-0.045433,1.558070,-0.529124,1.028946
kt1_0485,KT1,instrumental,0.1375,19,0,-2.587782,-0.634035,-3.221818,-1.519456,-0.529124,-2.048580
kt1_0486,KT1,instrumental,0.373333,10,0,1.462960,-0.634035,0.828924,2.253801,-0.529124,1.724677
kt1_0487,KT1,instrumental,0.103448,12,0,-0.968813,-0.634035,-1.602849,-0.110971,-0.529124,-0.640095
kt1_0488,KT1,instrumental,0.027027,17,0,-2.834719,-0.634035,-3.468754,-1.824058,-0.529124,-2.353182
kt1_0489,KT1,instrumental,0.130952,12,0.0238095,-0.775113,0.188056,-0.587057,0.082054,0.268052,0.350106
kt1_0490,KT1,instrumental,0.130952,12,0.0238095,-0.775113,0.188056,-0.587057,0.082054,0.268052,0.350106
kt1_0491,KT1,instrumental,0.228916,12,0.0361446,-0.085197,0.613958,0.528762,0.769566,0.681047,1.450613
kt1_0492,KT1,instrumental,0,17,0,-3.025059,-0.634035,-3.659095,-2.013735,-0.529124,-2.542859
kt1_0493,KT1,instrumental,0.105769,17,0,-2.280169,-0.634035,-2.914204,-1.271441,-0.529124,-1.800565
kt1_0494,KT1,instrumental,0.0927835,10,0,-0.512841,-0.634035,-1.146876,0.284886,-0.529124,-0.244238
kt1_0495,KT1,instrumental,0.101562,17,0,-2.309795,-0.634035,-2.943831,-1.300964,-0.529124,-1.830088
kt1_0496,KT1,instrumental,0.30303,17,0,-0.890938,-0.634035,-1.524973,0.112949,-0.529124,-0.416175
kt1_0497,KT1,instrumental,0.00917431,17,0,-2.960448,-0.634035,-3.594484,-1.949350,-0.529124,-2.478474
kt1_0498,KT1,instrumental,0.105263,17,0,-2.283733,-0.634035,-2.917768,-1.274993,-0.529124,-1.804117
kt1_0499,KT1,instrumental,0.0449438,13,0,-1.646377,-0.634035,-2.280412,-0.756911,-0.529124,-1.286035
kt1_0500,KT1,instrumental,0.0352941,14,0,-1.979876,-0.634035,-2.613912,-1.059984,-0.529124,-1.589108
kt1_0501,KT1,instrumental,0.0632911,16,0.0506329,-2.313785,1.114209,-1.199576,-1.334203,1.166137,-0.168066
kt1_0502,KT1,instrumental,0.164557,14,0.0126582,-1.069530,-0.196974,-1.266504,-0.152810,-0.105309,-0.258119
kt1_0503,KT1,instrumental,0.08,17,0,-2.461651,-0.634035,-3.095687,-1.452291,-0.529124,-1.981415
kt1_0504,KT1,instrumental,0.246575,12,0,0.039173,-0.634035,-0.594862,0.893503,-0.529124,0.364379
kt1_0505,KT1,instrumental,0.10989,17,0,-2.251147,-0.634035,-2.885183,-1.242520,-0.529124,-1.771644
kt1_0506,KT1,instrumental,0.105882,26,0.0117647,-4.669234,-0.227826,-4.897060,-3.388812,-0.135225,-3.524037
kt1_0507,KT1,instrumental,0.136842,16,0,-1.795795,-0.634035,-2.429830,-0.818018,-0.529124,-1.347142
kt1_0508,KT1,instrumental,0.0210526,19,0,-3.407874,-0.634035,-4.041910,-2.336690,-0.529124,-2.865814
kt1_0509,KT1,instrumental,0.157303,15,0,-1.386154,-0.634035,-2.020189,-0.439068,-0.529124,-0.968192
kt1_0510,KT1,instrumental,0.198091,17,0.0429594,-1.629986,0.849260,-0.780725,-0.623524,0.909218,0.285694
kt1_0511,KT1,instrumental,0.164706,16,0,-1.599561,-0.634035,-2.233597,-0.622468,-0.529124,-1.151592
kt1_0512,KT1,instrumental,0.134831,17,0.011236,-2.075495,-0.246082,-2.321577,-1.067480,-0.152929,-1.220409
kt1_0513,KT1,instrumental,0.0263158,17,0.0131579,-2.839728,-0.179722,-3.019450,-1.829050,-0.088579,-1.917629
kt1_0514,KT1,instrumental,0.183673,17,0,-1.731520,-0.634035,-2.365556,-0.724704,-0.529124,-1.253829
kt1_0515,KT1,instrumental,0.192308,17,0,-1.670713,-0.634035,-2.304748,-0.664109,-0.529124,-1.193233
kt1_0516,KT1,instrumental,0.0744681,19,0,-3.031691,-0.634035,-3.665726,-1.961817,-0.529124,-2.490941
kt1_0517,KT1,instrumental,0.204819,17,0,-1.582599,-0.634035,-2.216634,-0.576302,-0.529124,-1.105426
kt1_0518,KT1,instrumental,0.138298,21,0.0106383,-3.113243,-0.266718,-3.379961,-1.984560,-0.172939,-2.157499
kt1_0519,KT1,instrumental,0.238095,13,0.0190476,-0.286089,0.023638,-0.262451,0.598637,0.108617,0.707254
kt1_0520,KT1,instrumental,0.127869,24,0,-3.983311,-0.634035,-4.617347,-2.763806,-0.529124,-3.292930
kt1_0521,KT1,instrumental,0.0747664,17,0,-2.498510,-0.634035,-3.132545,-1.489021,-0.529124,-2.018145
kt1_0522,KT1,instrumental,0.043956,12,0,-1.387793,-0.634035,-2.021829,-0.528491,-0.529124,-1.057615
kt1_0523,KT1,instrumental,0.0808081,12,0,-1.128259,-0.634035,-1.762295,-0.269861,-0.529124,-0.798986
kt1_0524,KT1,instrumental,0.107914,14,0.0143885,-1.468446,-0.137232,-1.605678,-0.550336,-0.047377,-0.597713
kt1_0525,KT1,instrumental,0.129252,17,0,-2.114791,-0.634035,-2.748827,-1.106640,-0.529124,-1.635764
kt1_0526,KT1,instrumental,0.379747,17,0,-0.350654,-0.634035,-0.984690,0.651350,-0.529124,0.122226
kt1_0527,KT1,instrumental,0.0806452,14,0,-1.660487,-0.634035,-2.294522,-0.741708,-0.529124,-1.270832
kt1_0528,KT1,instrumental,0.0738255,21,0,-3.567296,-0.634035,-4.201332,-2.437030,-0.529124,-2.966154
kt1_0529,KT1,instrumental,0.0795455,12,0,-1.137151,-0.634035,-1.771187,-0.278723,-0.529124,-0.807847
kt1_0530,KT1,instrumental,0.168675,13,0,-0.774990,-0.634035,-1.409025,0.111440,-0.529124,-0.417684
kt1_0531,KT1,instrumental,0.193548,14,0,-0.865355,-0.634035,-1.499390,0.050653,-0.529124,-0.478471
kt1_0532a,KT1,instrumental,0.0494505,14,0,-1.880178,-0.634035,-2.514214,-0.960634,-0.529124,-1.489758
kt1_0532b,KT1,instrumental,0.0532544,21,0,-3.712170,-0.634035,-4.346206,-2.581399,-0.529124,-3.110523
kt1_0533,KT1,instrumental,0.0662252,17,0,-2.558662,-0.634035,-3.192697,-1.548963,-0.529124,-2.078087
kt1_0534,KT1,instrumental,0.196532,19,0.00578035,-2.172045,-0.434453,-2.606497,-1.105167,-0.335590,-1.440757
kt1_0535,KT1,instrumental,0.0194175,14,0,-2.091689,-0.634035,-2.725725,-1.171408,-0.529124,-1.700532
kt1_0536,KT1,instrumental,0.185567,14,0,-0.921564,-0.634035,-1.555600,-0.005361,-0.529124,-0.534485
kt1_0537,KT1,instrumental,0.0722892,13,0,-1.453795,-0.634035,-2.087830,-0.564999,-0.529124,-1.094123
kt1_0538,KT1,instrumental,0.103896,12,0,-0.965660,-0.634035,-1.599695,-0.107828,-0.529124,-0.636952
kt1_0539,KT1,instrumental,0.0662461,21,0,-3.620675,-0.634035,-4.254711,-2.490223,-0.529124,-3.019347
kt1_0540,KT1,instrumental,0.12766,24,0,-3.984785,-0.634035,-4.618821,-2.765275,-0.529124,-3.294399
kt1_0541,KT1,instrumental,0.0222222,21,0.0133333,-3.930718,-0.173664,-4.104382,-2.799185,-0.082705,-2.881891
kt1_0542,KT1,instrumental,0.188235,14,0,-0.902773,-0.634035,-1.536808,0.013366,-0.529124,-0.515758
kt1_0543,KT1,instrumental,0.0181818,13,0,-1.834851,-0.634035,-2.468887,-0.944728,-0.529124,-1.473852
kt1_0544,KT1,instrumental,0.0465116,18,0,-2.963037,-0.634035,-3.597072,-1.922666,-0.529124,-2.451790
kt1_0545,KT1,instrumental,0.123077,12,0,-0.830577,-0.634035,-1.464612,0.026784,-0.529124,-0.502340
kt1_0546,KT1,instrumental,0.208955,12,0,-0.225770,-0.634035,-0.859806,0.629483,-0.529124,0.100359
kt1_0547,KT1,instrumental,0.254237,10,0,0.624214,-0.634035,-0.009822,1.417978,-0.529124,0.888854
kt1_0548,KT1,instrumental,0.272727,14,0,-0.307729,-0.634035,-0.941765,0.606335,-0.529124,0.077211
kt1_0549,KT1,instrumental,0.156977,14,0,-1.122914,-0.634035,-1.756950,-0.206009,-0.529124,-0.735133
kt1_0550,KT1,instrumental,0.273973,14,0,-0.298959,-0.634035,-0.932995,0.615075,-0.529124,0.085951
kt1_0551,KT1,instrumental,0.28169,14,0,-0.244608,-0.634035,-0.878643,0.669237,-0.529124,0.140113
kt1_0552,KT1,instrumental,0.246914,12,0,0.041555,-0.634035,-0.592480,0.895877,-0.529124,0.366752
kt1_0553,KT1,instrumental,0.16129,13,0,-0.826995,-0.634035,-1.461031,0.059616,-0.529124,-0.469508
kt1_0554,KT1,instrumental,0.0898876,12,0,-1.064316,-0.634035,-1.698351,-0.206141,-0.529124,-0.735265
kt1_0555,KT1,instrumental,0.0148148,14,0.0148148,-2.124104,-0.122512,-2.246616,-1.203709,-0.033103,-1.236813
kt1_0556,KT1,instrumental,0.0813953,22,0,-3.779525,-0.634035,-4.413561,-2.619256,-0.529124,-3.148380
kt1_0557,KT1,instrumental,0.0327869,24,0,-4.652936,-0.634035,-5.286971,-3.431097,-0.529124,-3.960221
kt1_0558,KT1,instrumental,0.0146341,15,0,-2.390916,-0.634035,-3.024952,-1.440329,-0.529124,-1.969453
kt1_0559,KT1,instrumental,0.147368,21,0,-3.049363,-0.634035,-3.683399,-1.920902,-0.529124,-2.450026
kt1_0560,KT1,instrumental,0.037037,17,0,-2.764222,-0.634035,-3.398258,-1.753807,-0.529124,-2.282931
kt1_0561,KT1,instrumental,0.0544218,20,0,-3.438409,-0.634035,-4.072444,-2.337855,-0.529124,-2.866979
kt1_0562,KT1,instrumental,0,20,0,-3.821680,-0.634035,-4.455715,-2.719790,-0.529124,-3.248914
kt1_0563,KT1,instrumental,0.171875,17,0,-1.814612,-0.634035,-2.448648,-0.807507,-0.529124,-1.336631
kt1_0564,KT1,instrumental,0.0804598,14,0,-1.661793,-0.634035,-2.295828,-0.743009,-0.529124,-1.272133
kt1_0565,KT1,instrumental,0.142857,17,0,-2.018973,-0.634035,-2.653009,-1.011156,-0.529124,-1.540280
kt1_0566,KT1,instrumental,0.0722892,17,0,-2.515956,-0.634035,-3.149991,-1.506406,-0.529124,-2.035530
kt1_0567,KT1,instrumental,0.0229885,17,0,-2.863160,-0.634035,-3.497196,-1.852401,-0.529124,-2.381525
kt1_0568,KT1,instrumental,0,17,0,-3.025059,-0.634035,-3.659095,-2.013735,-0.529124,-2.542859
kt1_0569,KT1,instrumental,0.319728,10,0,1.085438,-0.634035,0.451402,1.877595,-0.529124,1.348471
kt1_0570,KT1,instrumental,0.13,15,0,-1.578441,-0.634035,-2.212476,-0.630685,-0.529124,-1.159809
kt1_0571,KT1,instrumental,0.0849673,16,0,-2.161128,-0.634035,-2.795164,-1.182078,-0.529124,-1.711202
kt1_0572,KT1,instrumental,0.349206,10,0,1.293043,-0.634035,0.659007,2.084476,-0.529124,1.555352
kt1_0573,KT1,instrumental,0.0787402,17,0,-2.470524,-0.634035,-3.104559,-1.461132,-0.529124,-1.990257
kt1_0574,KT1,instrumental,0.284768,16,0.013245,-0.754010,-0.176713,-0.930724,0.220136,-0.085662,0.134474
kt1_0575,KT1,instrumental,0.44586,14,0,0.911574,-0.634035,0.277539,1.821390,-0.529124,1.292266
kt1_0576,KT1,instrumental,0.367089,14,0,0.356820,-0.634035,-0.277216,1.268568,-0.529124,0.739444
kt1_0577,KT1,instrumental,0.163934,14,0,-1.073914,-0.634035,-1.707949,-0.157179,-0.529124,-0.686303
kt1_0578,KT1,instrumental,0.261905,14,0,-0.383948,-0.634035,-1.017984,0.530382,-0.529124,0.001258
kt1_0579,KT1,instrumental,0.181818,12,0,-0.416885,-0.634035,-1.050921,0.439033,-0.529124,-0.090091
kt1_0580,KT1,instrumental,0.0416667,11,0,-1.138376,-0.634035,-1.772412,-0.309206,-0.529124,-0.838331
kt1_0581,KT1,instrumental,0.0761905,17,0,-2.488480,-0.634035,-3.122516,-1.479026,-0.529124,-2.008150
kt1_0582,KT1,instrumental,0.0935252,21,0.0143885,-3.428560,-0.137232,-3.565792,-2.298777,-0.047377,-2.346154
kt1_0583,KT1,instrumental,0.140845,16,0,-1.767603,-0.634035,-2.401639,-0.789925,-0.529124,-1.319049
kt1_0584,KT1,instrumental,0.043956,12,0,-1.387793,-0.634035,-2.021829,-0.528491,-0.529124,-1.057615
kt1_0585,KT1,instrumental,0.0365854,12,0,-1.439702,-0.634035,-2.073738,-0.580219,-0.529124,-1.109343
kt1_0586a,KT1,instrumental,0.253968,12,0,0.091239,-0.634035,-0.542797,0.945387,-0.529124,0.416263
kt1_0586b,KT1,instrumental,0.101449,17,0,-2.310593,-0.634035,-2.944628,-1.301759,-0.529124,-1.830883
kt1_0586c,KT1,instrumental,0.326733,17,0.019802,-0.724012,0.049684,-0.674328,0.279293,0.133874,0.413167
kt1_0586d,KT1,instrumental,0.538462,14,0,1.563731,-0.634035,0.929695,2.471274,-0.529124,1.942149
kt1_0586e,KT1,instrumental,0.0106952,17,0.0160428,-2.949737,-0.080113,-3.029850,-1.938676,0.008011,-1.930665
kt1_0586f,KT1,instrumental,0.166667,17,0,-1.851293,-0.634035,-2.485328,-0.844059,-0.529124,-1.373183
kt1_0587a,KT1,instrumental,0.186667,15,0,-1.179360,-0.634035,-1.813396,-0.232995,-0.529124,-0.762119
kt1_0587b,KT1,instrumental,0.106383,14,0.0212766,-1.479226,0.100599,-1.378627,-0.561079,0.183246,-0.377832
kt1_0588,KT1,instrumental,0.12987,13,0,-1.048275,-0.634035,-1.682310,-0.160893,-0.529124,-0.690017
kt1_0589,KT1,instrumental,0.116883,17,0,-2.201898,-0.634035,-2.835934,-1.193443,-0.529124,-1.722567
kt1_0590,KT1,instrumental,0.142857,17,0,-2.018973,-0.634035,-2.653009,-1.011156,-0.529124,-1.540280
kt1_0591,KT1,instrumental,0.0806452,17,0,-2.457108,-0.634035,-3.091143,-1.447763,-0.529124,-1.976887
kt1_0592,KT1,instrumental,0.176471,17,0,-1.782247,-0.634035,-2.416283,-0.775255,-0.529124,-1.304379
kt1_0593,KT1,instrumental,0.275862,15,0.0517241,-0.551193,1.151887,0.600694,0.392984,1.202672,1.595656
kt1_0594,KT1,instrumental,0.101266,13,0,-1.249724,-0.634035,-1.883759,-0.361639,-0.529124,-0.890764
kt1_0595,KT1,instrumental,0.195402,16,0,-1.383379,-0.634035,-2.017414,-0.407039,-0.529124,-0.936163
kt1_0596,KT1,instrumental,0.368421,14,0.0175439,0.366204,-0.028284,0.337920,1.277920,0.058269,1.336189
kt1_0597,KT1,instrumental,0.144928,13,0,-0.942232,-0.634035,-1.576267,-0.055219,-0.529124,-0.584343
kt1_0598a,KT1,instrumental,0.132075,14,0,-1.298284,-0.634035,-1.932319,-0.380767,-0.529124,-0.909891
kt1_0598b,KT1,instrumental,0.220339,12,0.0169492,-0.145599,-0.048818,-0.194417,0.709374,0.038357,0.747732
kt1_0598c,KT1,instrumental,0.0652174,16,0,-2.300219,-0.634035,-2.934254,-1.320684,-0.529124,-1.849808
kt1_0598d,KT1,instrumental,0.304348,13,0,0.180502,-0.634035,-0.453534,1.063602,-0.529124,0.534478
kt1_0599,KT1,instrumental,0.2,10,0,0.242242,-0.634035,-0.391793,1.037338,-0.529124,0.508214
kt1_0600,KT1,instrumental,0.262295,9,0,0.946502,-0.634035,0.312466,1.709880,-0.529124,1.180756
kt1_0601,KT1,instrumental,0.0947368,12,0.0210526,-1.030165,0.092866,-0.937298,-0.172109,0.175747,0.003639
kt1_0602,KT1,instrumental,0.104167,14,0,-1.494834,-0.634035,-2.128870,-0.576633,-0.529124,-1.105757
kt1_0603,KT1,instrumental,0.037037,17,0,-2.764222,-0.634035,-3.398258,-1.753807,-0.529124,-2.282931
kt1_0604,KT1,instrumental,0,16,0,-2.759519,-0.634035,-3.393554,-1.778384,-0.529124,-2.307508
kt1_0605,KT1,instrumental,0.101695,16,0,-2.043322,-0.634035,-2.677358,-1.064683,-0.529124,-1.593807
kt1_0606,KT1,instrumental,0,16,0.0361446,-2.759519,0.613958,-2.145561,-1.778384,0.681047,-1.097337
kt1_0607,KT1,instrumental,0.171429,16,0.0142857,-1.552216,-0.140781,-1.692997,-0.575288,-0.050818,-0.626107
kt1_0608,KT1,instrumental,0.117647,9,0,-0.072196,-0.634035,-0.706232,0.694732,-0.529124,0.165607
kt1_0609,KT1,instrumental,0.153846,9,0,0.182739,-0.634035,-0.451296,0.948779,-0.529124,0.419655
kt1_0610,KT1,instrumental,0.184549,14,0,-0.928731,-0.634035,-1.562767,-0.012502,-0.529124,-0.541627
kt1_0611,KT1,instrumental,0.106952,17,0,-2.271840,-0.634035,-2.905875,-1.263141,-0.529124,-1.792265
kt1_0612,KT1,instrumental,0.137615,10,0,-0.197113,-0.634035,-0.831148,0.599514,-0.529124,0.070390
kt1_0613,KT1,instrumental,0.202186,19,0,-2.132226,-0.634035,-2.766261,-1.065487,-0.529124,-1.594611
kt1_0614,KT1,instrumental,0.103093,14,0,-1.502397,-0.634035,-2.136433,-0.584169,-0.529124,-1.113293
kt1_0615,KT1,instrumental,0,9,0,-0.900738,-0.634035,-1.534773,-0.130922,-0.529124,-0.660046
kt1_0616,KT1,instrumental,0.184615,9,0,0.399435,-0.634035,-0.234601,1.164719,-0.529124,0.635595
kt1_0617,KT1,instrumental,0,14,0,-2.228439,-0.634035,-2.862474,-1.307680,-0.529124,-1.836805
kt1_0618,KT1,instrumental,0.0555556,14,0,-1.837183,-0.634035,-2.471218,-0.917788,-0.529124,-1.446912
kt1_0619,KT1,instrumental,0.454545,12,0,1.503824,-0.634035,0.869788,2.353049,-0.529124,1.823925
kt1_0620,KT1,instrumental,0.585714,10,0.0142857,2.958674,-0.140781,2.817893,3.744303,-0.050818,3.693484
kt1_0621,KT1,instrumental,0.075,17,0,-2.496864,-0.634035,-3.130900,-1.487381,-0.529124,-2.016505
kt1_0622,KT1,instrumental,0,13,0,-1.962898,-0.634035,-2.596934,-1.072329,-0.529124,-1.601453
kt1_0623,KT1,instrumental,0.0833333,15,0,-1.907095,-0.634035,-2.541131,-0.958194,-0.529124,-1.487318
kt1_0624,KT1,instrumental,0.0533333,21,0,-3.711615,-0.634035,-4.345650,-2.580846,-0.529124,-3.109970
kt1_0625,KT1,instrumental,0.134146,14,0,-1.283700,-0.634035,-1.917735,-0.366234,-0.529124,-0.895358
kt1_0626,KT1,instrumental,0.0483871,12,0,-1.356587,-0.634035,-1.990623,-0.497394,-0.529124,-1.026518
kt1_0627,KT1,instrumental,0.148936,14,0,-1.179541,-0.634035,-1.813576,-0.262438,-0.529124,-0.791562
kt1_0628,KT1,instrumental,0.0714286,13,0,-1.459856,-0.634035,-2.093891,-0.571039,-0.529124,-1.100163
kt1_0629,KT1,instrumental,0.218182,12,0,-0.160791,-0.634035,-0.794826,0.694235,-0.529124,0.165111
kt1_0630,KT1,instrumental,0.0454545,7,0,-0.049539,-0.634035,-0.683574,0.658784,-0.529124,0.129660
kt1_0631,KT1,instrumental,0.223404,17,0.0106383,-1.451712,-0.266718,-1.718430,-0.445872,-0.172939,-0.618810
kt1_0632,KT1,instrumental,0.0969697,12,0,-1.014439,-0.634035,-1.648475,-0.156438,-0.529124,-0.685562
kt1_0633,KT1,instrumental,0.194805,10,0,0.205657,-0.634035,-0.428378,1.000880,-0.529124,0.471756
kt1_0634,KT1,instrumental,0.0816327,12,0,-1.122452,-0.634035,-1.756488,-0.264075,-0.529124,-0.793199
kt1_0635,KT1,instrumental,0.152672,12,0,-0.622152,-0.634035,-1.256188,0.234482,-0.529124,-0.294642
kt1_0636,KT1,instrumental,0.129032,14,0.0537634,-1.319716,1.222299,-0.097417,-0.402125,1.270951,0.868826
kt1_0637,KT1,instrumental,0.207547,17,0,-1.563387,-0.634035,-2.197423,-0.557157,-0.529124,-1.086282
kt1_0638,KT1,instrumental,0.150685,14,0,-1.167225,-0.634035,-1.801260,-0.250165,-0.529124,-0.779289
kt1_0639,KT1,instrumental,0.186667,14,0,-0.913820,-0.634035,-1.547855,0.002357,-0.529124,-0.526767
kt1_0640,KT1,instrumental,0.0441176,17,0,-2.714356,-0.634035,-3.348392,-1.704115,-0.529124,-2.233239
kt1_0641,KT1,instrumental,0.121212,12,0,-0.843710,-0.634035,-1.477745,0.013696,-0.529124,-0.515428
kt1_0642,KT1,instrumental,0.22335,17,0,-1.452093,-0.634035,-2.086128,-0.446250,-0.529124,-0.975375
kt1_0643,KT1,instrumental,0.218579,17,0,-1.485693,-0.634035,-2.119728,-0.479734,-0.529124,-1.008858
kt1_0644,KT1,instrumental,0.317757,17,0,-0.787224,-0.634035,-1.421259,0.216302,-0.529124,-0.312823
kt1_0645,KT1,instrumental,0.206349,9,0,0.552497,-0.634035,-0.081538,1.317248,-0.529124,0.788124
kt1_0646,KT1,instrumental,0.166667,17,0,-1.851293,-0.634035,-2.485328,-0.844059,-0.529124,-1.373183
kt1_0647,KT1,instrumental,0.339394,14,0,0.161777,-0.634035,-0.472258,1.074206,-0.529124,0.545082
kt1_0648,KT1,instrumental,0.281818,17,0.00909091,-1.040326,-0.320146,-1.360473,-0.035919,-0.224748,-0.260667
kt1_0649,KT1,instrumental,0.383838,14,0.0606061,0.474782,1.458560,1.933342,1.386119,1.500052,2.886171
kt1_0650,KT1,instrumental,0.146341,18,0,-2.259975,-0.634035,-2.894010,-1.222054,-0.529124,-1.751178
kt1_0651,KT1,instrumental,0.293578,14,0.0183486,-0.160886,-0.000497,-0.161384,0.752667,0.085214,0.837880
kt1_0652,KT1,instrumental,0.0858896,20,0,-3.216794,-0.634035,-3.850829,-2.117012,-0.529124,-2.646136
kt1_0653,KT1,instrumental,0.235294,14,0,-0.571356,-0.634035,-1.205392,0.343627,-0.529124,-0.185497
kt1_0654,KT1,instrumental,0.187166,12,0,-0.379224,-0.634035,-1.013260,0.476563,-0.529124,-0.052561
kt1_0655,KT1,instrumental,0.0729167,12,0,-1.183835,-0.634035,-1.817871,-0.325244,-0.529124,-0.854368
kt1_0656,KT1,instrumental,0.00813008,12,0,-1.640101,-0.634035,-2.274137,-0.779920,-0.529124,-1.309044
kt1_0657,KT1,instrumental,0.181818,12,0,-0.416885,-0.634035,-1.050921,0.439033,-0.529124,-0.090091
kt1_0658,KT1,instrumental,0.0143885,15,0.00719424,-2.392646,-0.385634,-2.778280,-1.442053,-0.288251,-1.730304
kt1_0659,KT1,instrumental,0.490909,10,0,2.290999,-0.634035,1.656963,3.078954,-0.529124,2.549830
kt1_0660,KT1,instrumental,0.169492,7,0,0.824004,-0.634035,0.189968,1.529282,-0.529124,1.000158
kt1_0661,KT1,instrumental,0.179104,17,0,-1.763698,-0.634035,-2.397733,-0.756770,-0.529124,-1.285894
kt1_0662,KT1,instrumental,0.0952381,13,0,-1.292175,-0.634035,-1.926210,-0.403942,-0.529124,-0.933066
kt1_0663,KT1,instrumental,0.0333333,17,0,-2.790306,-0.634035,-3.424341,-1.779800,-0.529124,-2.308924
kt1_0664,KT1,instrumental,0.131868,14,0,-1.299744,-0.634035,-1.933780,-0.382222,-0.529124,-0.911346
kt1_0665,KT1,instrumental,0.195122,12,0,-0.323192,-0.634035,-0.957228,0.532400,-0.529124,0.003276
kt1_0666,KT1,instrumental,0.0833333,12,0,-1.110475,-0.634035,-1.744510,-0.252139,-0.529124,-0.781263
kt1_0667,KT1,instrumental,0.12,12,0,-0.852246,-0.634035,-1.486282,0.005190,-0.529124,-0.523934
kt1_0668,KT1,instrumental,0.164179,12,0,-0.541110,-0.634035,-1.175146,0.315241,-0.529124,-0.213883
hs1_0001a,HS1,vocal,0.142857,7,0.047619,0.636428,1.010147,1.646575,1.342361,1.065228,2.407589
hs1_0001b,HS1,vocal,0.047619,8,0.047619,-0.299836,1.010147,0.710311,0.438623,1.065228,1.503851
hs1_0001c,HS1,vocal,0.0344828,8,0.0344828,-0.392349,0.556579,0.164230,0.346431,0.625407,0.971838
hs1_0001d,HS1,vocal,0.0434783,7,0.0434783,-0.063457,0.867175,0.803717,0.644914,0.926589,1.571503
hs1_0001e,HS1,vocal,0.0434783,7,0.0434783,-0.063457,0.867175,0.803717,0.644914,0.926589,1.571503
hs1_0002a,HS1,vocal,0.125,12,0.09375,-0.817033,2.602949,1.785915,0.040280,2.609757,2.650037
hs1_0002b,HS1,vocal,0.0588235,13,0.117647,-1.548628,3.428062,1.879434,-0.659502,3.409864,2.750362
hs1_0002c,HS1,vocal,0.0540541,12,0.0810811,-1.316677,2.165518,0.848841,-0.457623,2.185584,1.727961
hs1_0002d,HS1,vocal,0.0714286,12,0.107143,-1.194315,3.065375,1.871060,-0.335687,3.058169,2.722481
hs1_0002e,HS1,vocal,0.09375,12,0.0625,-1.037114,1.523954,0.486839,-0.179034,1.563463,1.384429
hs1_0002f,HS1,vocal,0.118644,12,0.0847458,-0.861795,2.292052,1.430256,-0.004326,2.308283,2.303956
hs1_0002g,HS1,vocal,0.0377358,12,0.132075,-1.431600,3.926244,2.494644,-0.572145,3.892948,3.320803
hs1_0002h,HS1,vocal,0.117647,10,0.137255,-0.337737,4.105078,3.767342,0.459380,4.066362,4.525742
hs1_0002i,HS1,vocal,0.0952381,12,0.111111,-1.026634,3.202390,2.175756,-0.168591,3.191031,3.022441
hs1_0002j,HS1,vocal,0.0666667,12,0.133333,-1.227852,3.969675,2.741824,-0.369107,3.935063,3.565956
hs1_0002k,HS1,vocal,0.06,12,0.1,-1.274802,2.818748,1.543945,-0.415894,2.819016,2.403122
hs1_0003a,HS1,vocal,0,10,0.111111,-1.166278,3.202390,2.036112,-0.366274,3.191031,2.824758
hs1_0003b,HS1,vocal,0.030303,12,0.0909091,-1.483946,2.504858,1.020912,-0.624309,2.514640,1.890331
hs1_0003c,HS1,vocal,0.138889,14,0,-1.250300,-0.634035,-1.884335,-0.332950,-0.529124,-0.862074
hs1_0003d,HS1,vocal,0.0263158,12,0.0789474,-1.512027,2.091846,0.579819,-0.652291,2.114144,1.461853
hs1_0003e,HS1,vocal,0.0227273,19,0.0681818,-3.396081,1.720135,-1.675946,-2.324937,1.753699,-0.571239
hs1_0003f,HS1,vocal,0.030303,12,0.121212,-1.483946,3.551156,2.067210,-0.624309,3.529227,2.904919
hs1_0003g,HS1,vocal,0,12,0.0263158,-1.697358,0.274592,-1.422767,-0.836977,0.351965,-0.485012
hs1_0003h,HS1,vocal,0.107143,6,0.0714286,0.650447,1.832238,2.482685,1.327067,1.862404,3.189472
hs1_0004a,HS1,vocal,0.0588235,10,0,-0.752007,-0.634035,-1.386043,0.046553,-0.529124,-0.482571
hs1_0004b,HS1,vocal,0.0652174,9,0.0652174,-0.441438,1.617780,1.176342,0.326777,1.654445,1.981223
hs1_0005a,HS1,vocal,0.0952381,9,0,-0.230014,-0.634035,-0.864049,0.537464,-0.529124,0.008340
hs1_0005b,HS1,vocal,0.106383,14,0.0106383,-1.479226,-0.266718,-1.745944,-0.561079,-0.172939,-0.734018
hs1_0005c,HS1,vocal,0.0487805,9,0,-0.557196,-0.634035,-1.191232,0.211422,-0.529124,-0.317702
hs1_0006a,HS1,vocal,0.129032,14,0.0967742,-1.319716,2.707367,1.387651,-0.402125,2.711011,2.308887
hs1_0006b,HS1,vocal,0,17,0,-3.025059,-0.634035,-3.659095,-2.013735,-0.529124,-2.542859
hs1_0006c,HS1,vocal,0,17,0,-3.025059,-0.634035,-3.659095,-2.013735,-0.529124,-2.542859
hs1_0006d,HS1,vocal,0.16129,14,0.0967742,-1.092535,2.707367,1.614832,-0.175736,2.711011,2.535276
hs1_0006e,HS1,vocal,0.0714286,12,0.0238095,-1.194315,0.188056,-1.006260,-0.335687,0.268052,-0.067635
hs1_0006f,HS1,vocal,0.0714286,12,0.0238095,-1.194315,0.188056,-1.006260,-0.335687,0.268052,-0.067635
hs1_0006g,HS1,vocal,0.111111,14,0,-1.445927,-0.634035,-2.079963,-0.527896,-0.529124,-1.057020
hs1_0006h,HS1,vocal,0.0652174,14,0,-1.769139,-0.634035,-2.403174,-0.849981,-0.529124,-1.379105
hs1_0006i,HS1,vocal,0.0588235,14,0.0294118,-1.814168,0.381489,-1.432679,-0.894854,0.455623,-0.439231
hs1_0006j,HS1,vocal,0.0857143,14,0.0285714,-1.624787,0.352474,-1.272313,-0.706133,0.427487,-0.278645
hs1_0006k,HS1,vocal,0.0571429,14,0,-1.826004,-0.634035,-2.460040,-0.906649,-0.529124,-1.435773
hs1_0006l,HS1,vocal,0.121951,14,0,-1.369585,-0.634035,-2.003620,-0.451820,-0.529124,-0.980944
hs1_0006m,HS1,vocal,0.147059,14,0,-1.192762,-0.634035,-1.826798,-0.275613,-0.529124,-0.804737
hs1_0006n,HS1,vocal,0.212121,14,0.0909091,-0.734554,2.504858,1.770304,0.180998,2.514640,2.695638
hs1_0007a,HS1,vocal,0.138889,12,0,-0.719219,-0.634035,-1.353255,0.137753,-0.529124,-0.391371
hs1_0007b,HS1,vocal,0.0857143,17,0,-2.421408,-0.634035,-3.055443,-1.412188,-0.529124,-1.941312
hs1_0007c,HS1,vocal,0.142857,12,0,-0.691272,-0.634035,-1.325308,0.165602,-0.529124,-0.363522
hs1_0008,HS1,vocal,0.0909091,14,0,-1.588202,-0.634035,-2.222238,-0.669675,-0.529124,-1.198799
hs1_0009,HS1,vocal,0.08,10,0,-0.602870,-0.634035,-1.236905,0.195171,-0.529124,-0.333953
hs1_0010,HS1,vocal,0,10,0.0930233,-1.166278,2.577856,1.411578,-0.366274,2.585425,2.219151
hs1_0011a,HS1,vocal,0.111111,13,0.037037,-1.180387,0.644773,-0.535614,-0.292545,0.710928,0.418383
hs1_0011b,HS1,vocal,0.0625,13,0.0208333,-1.522736,0.085294,-1.437442,-0.633700,0.168405,-0.465295
hs1_0011c,HS1,vocal,0.0273973,12,0.0410959,-1.504410,0.784916,-0.719494,-0.644702,0.846824,0.202122
hs1_0011d,HS1,vocal,0,14,0.0566038,-2.228439,1.320370,-0.908069,-1.307680,1.366049,0.058369
hs1_0011e,HS1,vocal,0.0943396,12,0.0188679,-1.032962,0.017433,-1.015529,-0.174896,0.102600,-0.072296
hs1_0011f,HS1,vocal,0.057971,14,0.0289855,-1.820172,0.366771,-1.453401,-0.900837,0.441351,-0.459485
hs1_0011g,HS1,vocal,0.0983607,15,0,-1.801264,-0.634035,-2.435299,-0.852731,-0.529124,-1.381855
hs1_0011h,HS1,vocal,0.183333,15,0.166667,-1.202835,5.120603,3.917767,-0.256388,5.051109,4.794721
hs1_0012a,HS1,vocal,0.0769231,17,0,-2.483321,-0.634035,-3.117356,-1.473885,-0.529124,-2.003009
hs1_0012b,HS1,vocal,0.0909091,14,0.0681818,-1.588202,1.720135,0.131933,-0.669675,1.753699,1.084023
hs1_0012c,HS1,vocal,0.119403,17,0.0298507,-2.184152,0.396646,-1.787506,-1.175758,0.470321,-0.705438
hs1_0012d,HS1,vocal,0.22,15,0.06,-0.944607,1.437634,0.493028,0.000941,1.479760,1.480700
hs1_0012e,HS1,vocal,0.169492,14,0.0508475,-1.034778,1.121617,0.086839,-0.118179,1.173320,1.055141
hs1_0012f,HS1,vocal,0.181818,14,0.0545455,-0.947966,1.249301,0.301335,-0.031670,1.297134,1.265464
hs1_0012g,HS1,vocal,0.22973,14,0.0675676,-0.610544,1.698926,1.088382,0.304576,1.733133,2.037709
hs1_0012h,HS1,vocal,0.290909,12,0.0545455,0.351398,1.249301,1.600699,1.204640,1.297134,2.501774
hs1_0013a,HS1,vocal,0.170732,12,0.0243902,-0.494963,0.208107,-0.286856,0.361228,0.287495,0.648723
hs1_0013b,HS1,vocal,0.155556,13,0.0666667,-0.867383,1.667820,0.800437,0.019369,1.702969,1.722338
hs1_0013c,HS1,vocal,0.268293,12,0.0243902,0.192120,0.208107,0.400227,1.045916,0.287495,1.333412
hs1_0013d,HS1,vocal,0.313725,9,0.137255,1.308706,4.105078,5.413784,2.070821,4.066362,6.137183
hs1_0014a,HS1,vocal,0.0540541,7,0.108108,0.011024,3.098703,3.109727,0.719135,3.090487,3.809622
hs1_0014b,HS1,vocal,0.0857143,7,0,0.233994,-0.634035,-0.400041,0.941329,-0.529124,0.412205
hs1_0014c,HS1,vocal,0.0967742,14,0,-1.546897,-0.634035,-2.180932,-0.628514,-0.529124,-1.157638
hs1_0014d,HS1,vocal,0.148148,14,0,-1.185090,-0.634035,-1.819126,-0.267968,-0.529124,-0.797092
hs1_0014e,HS1,vocal,0.0512821,14,0.0769231,-1.867280,2.021951,0.154672,-0.947780,2.046368,1.098588
hs1_0014f,HS1,vocal,0.117647,12,0,-0.868817,-0.634035,-1.502852,-0.011323,-0.529124,-0.540447
hs1_0014g,HS1,vocal,0,14,0.1,-2.228439,2.818748,0.590309,-1.307680,2.819016,1.511335
hs1_0014h,HS1,vocal,0.111111,5,0.0740741,0.943934,1.923582,2.867516,1.590268,1.950980,3.541248
hs1_0014i,HS1,vocal,0.62963,5,0,4.595653,-0.634035,3.961617,5.229261,-0.529124,4.700137
hs1_0014j,HS1,vocal,0.3125,13,0,0.237914,-0.634035,-0.396121,1.120814,-0.529124,0.591690
hs1_0014k,HS1,vocal,0.272727,17,0,-1.104350,-0.634035,-1.738385,-0.099720,-0.529124,-0.628844
hs1_0014l,HS1,vocal,0.324324,7,0,1.914429,-0.634035,1.280394,2.615908,-0.529124,2.086784
hs1_0014m,HS1,vocal,0.333333,13,0,0.384635,-0.634035,-0.249400,1.267024,-0.529124,0.737900
hs1_0014n,HS1,vocal,0.413793,17,0,-0.110880,-0.634035,-0.744915,0.890288,-0.529124,0.361164
hs1_0014o,HS1,vocal,0.310345,17,0,-0.839425,-0.634035,-1.473460,0.164282,-0.529124,-0.364842
hs1_0014p,HS1,vocal,0.466667,14,0,1.058108,-0.634035,0.424073,1.967413,-0.529124,1.438289
hs1_0014q,HS1,vocal,0.390244,14,0,0.519893,-0.634035,-0.114142,1.431074,-0.529124,0.901950
hs1_0014r,HS1,vocal,0,14,0,-2.228439,-0.634035,-2.862474,-1.307680,-0.529124,-1.836805
hs1_0014s,HS1,vocal,0.173077,13,0,-0.743987,-0.634035,-1.378022,0.142335,-0.529124,-0.386789
hs1_0014t,HS1,vocal,0.166667,13,0,-0.789132,-0.634035,-1.423167,0.097347,-0.529124,-0.431777
hs1_0015a,HS1,vocal,0.03125,9,0,-0.680656,-0.634035,-1.314692,0.088392,-0.529124,-0.440732
hs1_0015b,HS1,vocal,0.0701754,12,0,-1.203141,-0.634035,-1.837176,-0.344482,-0.529124,-0.873606
hs1_0015c,HS1,vocal,0.09375,10,0.03125,-0.506034,0.444959,-0.061075,0.291669,0.517170,0.808839
hs1_0015d,HS1,vocal,0.166667,10,0,0.007489,-0.634035,-0.626547,0.803402,-0.529124,0.274278
hs1_0015e,HS1,vocal,0.114754,17,0,-2.216892,-0.634035,-2.850927,-1.208385,-0.529124,-1.737509
hs1_0015f,HS1,vocal,0.0357143,11,0,-1.180297,-0.634035,-1.814332,-0.350981,-0.529124,-0.880105
hs1_0015g,HS1,vocal,0.333333,11,0,0.915715,-0.634035,0.281680,1.737727,-0.529124,1.208603
hs1_0015h,HS1,vocal,0.233333,12,0,-0.054085,-0.634035,-0.688120,0.800570,-0.529124,0.271445
hs1_0015i,HS1,vocal,0.181818,14,0,-0.947966,-0.634035,-1.582001,-0.031670,-0.529124,-0.560794
hs1_0015j,HS1,vocal,0.176471,12,0,-0.454546,-0.634035,-1.088582,0.401504,-0.529124,-0.127621
hs1_0015k,HS1,vocal,0.310345,12,0,0.488276,-0.634035,-0.145759,1.341041,-0.529124,0.811917
hs1_0015l,HS1,vocal,0.148148,12,0,-0.654010,-0.634035,-1.288045,0.202735,-0.529124,-0.326389
hs1_0015m,HS1,vocal,0.121212,14,0,-1.374790,-0.634035,-2.008826,-0.457007,-0.529124,-0.986131
hs1_0015n,HS1,vocal,0.157895,12,0,-0.585369,-0.634035,-1.219404,0.271137,-0.529124,-0.257987
hs1_0015o,HS1,vocal,0.121951,11,0,-0.572964,-0.634035,-1.207000,0.254235,-0.529124,-0.274889
hs1_0015p,HS1,vocal,0.126984,13,0,-1.068600,-0.634035,-1.702635,-0.181147,-0.529124,-0.710271
hs1_0015q,HS1,vocal,0.176471,12,0,-0.454546,-0.634035,-1.088582,0.401504,-0.529124,-0.127621
hs1_0015r,HS1,vocal,0.15,14,0,-1.172049,-0.634035,-1.806084,-0.254972,-0.529124,-0.784096
hs1_0015s,HS1,vocal,0.282051,14,0,-0.242064,-0.634035,-0.876100,0.671772,-0.529124,0.142648
hs1_0015t,HS1,vocal,0.363636,12,0,0.863587,-0.634035,0.229552,1.715044,-0.529124,1.185920
hs1_0015u,HS1,vocal,0.377778,7,0.0222222,2.290881,0.133250,2.424130,2.991047,0.214907,3.205954
hs1_0015v,HS1,vocal,0.266667,7,0,1.508369,-0.634035,0.874334,2.211263,-0.529124,1.682139
hs1_0015x,HS1,vocal,0.333333,8,0,1.712336,-0.634035,1.078301,2.443782,-0.529124,1.914658
hs1_0016a,HS1,vocal,0.0188679,14,0,-2.095559,-0.634035,-2.729595,-1.175264,-0.529124,-1.704388
hs1_0016b,HS1,vocal,0.0222222,14,0.0222222,-2.071936,0.133250,-1.938687,-1.151724,0.214907,-0.936817
hs1_0016c,HS1,vocal,0.0943396,13,0.0188679,-1.298502,0.017433,-1.281069,-0.410248,0.102600,-0.307647
hs1_0016d,HS1,vocal,0.0512821,12,0.025641,-1.336199,0.251294,-1.084906,-0.477077,0.329373,-0.147703
hs1_0016e,HS1,vocal,0.0444444,12,0.0222222,-1.384354,0.133250,-1.251104,-0.525064,0.214907,-0.310156
hs1_0017,HS1,vocal,0.027027,14,0.0810811,-2.038098,2.165518,0.127420,-1.118003,2.185584,1.067581
hs1_0018,HS1,vocal,0.14,9,0.12,0.085226,3.509304,3.594531,0.851606,3.488644,4.340250
hs1_0019a,HS1,vocal,0.301887,9,0.0754717,1.225330,1.971839,3.197169,1.987737,1.997774,3.985511
hs1_0019b,HS1,vocal,0.133333,12,0.0222222,-0.758345,0.133250,-0.625095,0.098764,0.214907,0.313671
hs1_0020a,HS1,vocal,0.0612245,12,0.0612245,-1.266179,1.479913,0.213735,-0.407300,1.520758,1.113457
hs1_0020b,HS1,vocal,0.047619,10,0.0238095,-0.830916,0.188056,-0.642860,-0.032081,0.268052,0.235971
hs1_0020c,HS1,vocal,0.117647,10,0.0294118,-0.337737,0.381489,0.043752,0.459380,0.455623,0.915003
hs1_0021a,HS1,vocal,0.0666667,14,0.0666667,-1.758932,1.667820,-0.091112,-0.839810,1.702969,0.863159
hs1_0021b,HS1,vocal,0.115385,12,0,-0.884751,-0.634035,-1.518786,-0.027201,-0.529124,-0.556325
hs1_0022a,HS1,vocal,0.352941,9,0.0392157,1.584886,0.719997,2.304883,2.346039,0.783872,3.129911
hs1_0022b,HS1,vocal,0.240741,10,0.037037,0.529163,0.644773,1.173936,1.323258,0.710928,2.034186
hs1_0022c,HS1,vocal,0.107692,9,0.0307692,-0.142304,0.428359,0.286056,0.624869,0.501073,1.125941
hs1_0022d,HS1,vocal,0,8,0.0714286,-0.635197,1.832238,1.197041,0.104429,1.862404,1.966834
hs1_0022e,HS1,vocal,0.160714,12,0.0714286,-0.565512,1.832238,1.266726,0.290925,1.862404,2.153329
hs1_0022f,HS1,vocal,0.226415,12,0.0754717,-0.102807,1.971839,1.869031,0.752017,1.997774,2.749791
hs1_0022g,HS1,vocal,0.0689655,12,0.0862069,-1.211662,2.342502,1.130840,-0.352973,2.357203,2.004230
hs1_0022h,HS1,vocal,0.236364,13,0.0545455,-0.298284,1.249301,0.951017,0.586485,1.297134,1.883619
hs1_0022i,HS1,vocal,0.08,12,0.0933333,-1.133950,2.588562,1.454612,-0.275533,2.595807,2.320274
hs1_0022j,HS1,vocal,0.109091,12,0.0545455,-0.929075,1.249301,0.320226,-0.071371,1.297134,1.225763
hs1_0023,HS1,vocal,0.0588235,14,0.0735294,-1.814168,1.904776,0.090608,-0.894854,1.932744,1.037890
hs1_0024a,HS1,vocal,0.0555556,12,0.0555556,-1.306103,1.284177,-0.021925,-0.447085,1.330954,0.883869
hs1_0024b,HS1,vocal,0.16129,8,0.16129,0.500706,4.934969,5.435675,1.236374,4.871102,6.107476
hs1_0025,HS1,vocal,0.0740741,12,0.037037,-1.175684,0.644773,-0.530911,-0.317121,0.710928,0.393807
hs1_0026,HS1,vocal,0.0833333,10,0.0416667,-0.579394,0.804624,0.225230,0.218564,0.865934,1.084498
hs1_0027a,HS1,vocal,0,12,0,-1.697358,-0.634035,-2.331394,-0.836977,-0.529124,-1.366101
hs1_0027b,HS1,vocal,0,12,0.025,-1.697358,0.229160,-1.468198,-0.836977,0.307911,-0.529066
hs1_0028,HS1,vocal,0.228571,21,0.142857,-2.477483,4.298512,1.821029,-1.351015,4.253933,2.902918
hs1_0029a,HS1,vocal,0.1,10,0.125,-0.462018,3.681943,3.219925,0.335532,3.656051,3.991583
hs1_0029b,HS1,vocal,0.0222222,10,0.0666667,-1.009776,1.667820,0.658044,-0.210317,1.702969,1.492652
hs1_0029c,HS1,vocal,0.0181818,12,0.109091,-1.569311,3.132637,1.563326,-0.709376,3.123392,2.414016
hs1_0030a,HS1,vocal,0.111111,12,0.0222222,-0.914847,0.133250,-0.781597,-0.057193,0.214907,0.157714
hs1_0030b,HS1,vocal,0.0392157,12,0.0980392,-1.421178,2.751046,1.329868,-0.561759,2.753366,2.191607
hs1_0030c,HS1,vocal,0.170213,10,0.148936,0.032463,4.508407,4.540870,0.828289,4.457467,5.285756
hs1_0031a,HS1,vocal,0.031746,9,0.0793651,-0.677163,2.106269,1.429105,0.091873,2.128130,2.220003
hs1_0031b,HS1,vocal,0.127273,9,0.0727273,-0.004407,1.877079,1.872673,0.762285,1.905887,2.668172
hs1_0031c,HS1,vocal,0,9,0.0222222,-0.900738,0.133250,-0.767488,-0.130922,0.214907,0.083985
hs1_0031d,HS1,vocal,0.0273973,9,0.0410959,-0.707790,0.784916,0.077127,0.061353,0.846824,0.908177
hs1_0031e,HS1,vocal,0.20339,12,0.0169492,-0.264965,-0.048818,-0.313783,0.590424,0.038357,0.628782
hs1_0031f,HS1,vocal,0.0327869,14,0.0163934,-1.997534,-0.068005,-2.065539,-1.077580,0.019751,-1.057829
hs1_0031g,HS1,vocal,0.0851064,13,0.0638298,-1.363528,1.569869,0.206340,-0.475047,1.607987,1.132939
hs1_0031h,HS1,vocal,0.0851064,13,0.0212766,-1.363528,0.100599,-1.262929,-0.475047,0.183246,-0.291801
hs1_0032,HS1,vocal,0.227273,12,0.0757576,-0.096767,1.981709,1.884942,0.758036,2.007346,2.765381
hs1_0033,HS1,vocal,0.0819672,7,0.0163934,0.207605,-0.068005,0.139600,0.915032,0.019751,0.934783
hs1_0034a,HS1,vocal,0.08,15,0,-1.930571,-0.634035,-2.564606,-0.981588,-0.529124,-1.510712
hs1_0034b,HS1,vocal,0.0862069,15,0.12069,-1.886858,3.533116,1.646258,-0.938027,3.511734,2.573707
hs1_0034c,HS1,vocal,0.0363636,14,0,-1.972344,-0.634035,-2.606379,-1.052478,-0.529124,-1.581602
hs1_0034d,HS1,vocal,0.04,14,0,-1.946735,-0.634035,-2.580770,-1.026958,-0.529124,-1.556082
hs1_0035,HS1,vocal,0.0204082,10,0,-1.022551,-0.634035,-1.656587,-0.223048,-0.529124,-0.752172
hs1_0036a,HS1,vocal,0.0714286,13,0.160714,-1.459856,4.915080,3.455225,-0.571039,4.851815,4.280776
hs1_0036b,HS1,vocal,0.0535714,14,0,-1.851156,-0.634035,-2.485192,-0.931713,-0.529124,-1.460837
hs1_0036c,HS1,vocal,0.0555556,12,0.0277778,-1.306103,0.325071,-0.981032,-0.447085,0.400915,-0.046170
hs1_0037a,HS1,vocal,0.0634921,12,0.0793651,-1.250209,2.106269,0.856060,-0.391386,2.128130,1.736744
hs1_0037b,HS1,vocal,0.0689655,12,0,-1.211662,-0.634035,-1.845697,-0.352973,-0.529124,-0.882097
hs1_0037c,HS1,vocal,0.0615385,12,0.0461538,-1.263967,0.959557,-0.304411,-0.405097,1.016171,0.611075
hs1_0037d,HS1,vocal,0.15625,16,0.046875,-1.659113,0.984457,-0.674656,-0.681812,1.040317,0.358504
hs1_0038a,HS1,vocal,0.0943396,12,0,-1.032962,-0.634035,-1.666997,-0.174896,-0.529124,-0.704020
hs1_0038b,HS1,vocal,0.12766,12,0,-0.798303,-0.634035,-1.432338,0.058945,-0.529124,-0.470179
hs1_0039a,HS1,vocal,0.0192308,17,0,-2.889625,-0.634035,-3.523660,-1.878773,-0.529124,-2.407897
hs1_0039b,HS1,vocal,0.0289855,17,0,-2.820926,-0.634035,-3.454961,-1.810313,-0.529124,-2.339438
hs1_0039c,HS1,vocal,0,12,0,-1.697358,-0.634035,-2.331394,-0.836977,-0.529124,-1.366101
hs1_0039d,HS1,vocal,0.1875,17,0,-1.704572,-0.634035,-2.338607,-0.697850,-0.529124,-1.226974
hs1_0039e,HS1,vocal,0.0204082,13,0,-1.819172,-0.634035,-2.453207,-0.929103,-0.529124,-1.458227
hs1_0039f,HS1,vocal,0.0638298,12,0,-1.247831,-0.634035,-1.881866,-0.389016,-0.529124,-0.918140
hs1_0039g,HS1,vocal,0.0535714,12,0,-1.320076,-0.634035,-1.954112,-0.461010,-0.529124,-0.990134
hs1_0040a,HS1,vocal,0.0727273,12,0.0363636,-1.185169,0.621522,-0.563647,-0.326573,0.688381,0.361808
hs1_0040b,HS1,vocal,0.0943396,12,0,-1.032962,-0.634035,-1.666997,-0.174896,-0.529124,-0.704020
hs1_0041a,HS1,vocal,0.156863,12,0.0196078,-0.592637,0.042981,-0.549656,0.263895,0.127374,0.391269
hs1_0041b,HS1,vocal,0.122449,12,0.0204082,-0.834999,0.070614,-0.764385,0.022377,0.154170,0.176547
hs1_0042a,HS1,vocal,0.0181818,12,0.0545455,-1.569311,1.249301,-0.320010,-0.709376,1.297134,0.587758
hs1_0042b,HS1,vocal,0.0483871,10,0.016129,-0.825507,-0.077135,-0.902642,-0.026690,0.010898,-0.015792
hs1_0042c,HS1,vocal,0.0196078,10,0.0196078,-1.028188,0.042981,-0.985207,-0.228665,0.127374,-0.101291
hs1_0042d,HS1,vocal,0.0232558,10,0.116279,-1.002496,3.380828,2.378332,-0.203063,3.364062,3.160999
hs1_0042e,HS1,vocal,0,8,0.0697674,-0.635197,1.774883,1.139685,0.104429,1.806788,1.911217
hs1_0042f,HS1,vocal,0.0851064,8,0.0638298,-0.035827,1.569869,1.534041,0.701711,1.607987,2.309697
hs1_0042g,HS1,vocal,0.028169,13,0,-1.764515,-0.634035,-2.398551,-0.874637,-0.529124,-1.403761
hs1_0042h,HS1,vocal,0.0493827,15,0.037037,-2.146196,0.644773,-1.501423,-1.196461,0.710928,-0.485534
hs1_0042i,HS1,vocal,0.0882353,11,0.0441176,-0.810412,0.889251,0.078839,0.017615,0.947996,0.965611
hs1_0042j,HS1,vocal,0.0263158,11,0.0394737,-1.246486,0.728905,-0.517581,-0.416940,0.792510,0.375570
hs1_0042k,HS1,vocal,0.0615385,15,0.0461538,-2.060588,0.959557,-1.101031,-1.111152,1.016171,-0.094980
hs1_0042l,HS1,vocal,0.295082,12,0.0491803,0.380786,1.064055,1.444841,1.233925,1.117502,2.351427
hs1_0042m,HS1,vocal,0.0392157,10,0.0588235,-0.890097,1.397013,0.506916,-0.091056,1.440370,1.349314
hs1_0042n,HS1,vocal,0.0909091,13,0.0454545,-1.322662,0.935411,-0.387251,-0.434324,0.992758,0.558434
hs1_0042o,HS1,vocal,0.118644,11,0.0508475,-0.596255,1.121617,0.525362,0.231025,1.173320,1.404345
hs1_0042p,HS1,vocal,0.0508475,8,0.0338983,-0.277099,0.536399,0.259300,0.461280,0.605839,1.067118
hs1_0042q,HS1,vocal,0.216667,8,0,0.890699,-0.634035,0.256664,1.625009,-0.529124,1.095884
hs1_0042r,HS1,vocal,0.148148,14,0.0740741,-1.185090,1.923582,0.738491,-0.267968,1.950980,1.683011
hs1_0042s,HS1,vocal,0.106061,12,0.0454545,-0.950416,0.935411,-0.015004,-0.092638,0.992758,0.900120
hs1_0042t,HS1,vocal,0.151899,7,0.0379747,0.700105,0.677148,1.377253,1.405815,0.742321,2.148137
hs1_0042u,HS1,vocal,0.225806,7,0,1.220607,-0.634035,0.586572,1.924504,-0.529124,1.395380
hs1_0042v,HS1,vocal,0.1,7,0.0333333,0.334603,0.516892,0.851495,1.041587,0.586923,1.628509
hs1_0042x,HS1,vocal,0.103448,9,0.0344828,-0.172193,0.556579,0.384387,0.595084,0.625407,1.220491
hs1_0042y,HS1,vocal,0.104478,14,0.0895522,-1.492645,2.458009,0.965364,-0.574451,2.469210,1.894760
hs1_0042z,HS1,vocal,0.046875,14,0,-1.898317,-0.634035,-2.532352,-0.978709,-0.529124,-1.507833
hs1_0043a,HS1,vocal,0.0740741,12,0,-1.175684,-0.634035,-1.809720,-0.317121,-0.529124,-0.846245
hs1_0043b,HS1,vocal,0.0816327,12,0,-1.122452,-0.634035,-1.756488,-0.264075,-0.529124,-0.793199
hs1_0043c,HS1,vocal,0.136364,12,0,-0.737004,-0.634035,-1.371039,0.120031,-0.529124,-0.409093
hs1_0043d,HS1,vocal,0.0877193,14,0,-1.610667,-0.634035,-2.244702,-0.692061,-0.529124,-1.221185
hs1_0043e,HS1,vocal,0.218182,14,0,-0.691871,-0.634035,-1.325907,0.223532,-0.529124,-0.305592
hs1_0043f,HS1,vocal,0.15,14,0,-1.172049,-0.634035,-1.806084,-0.254972,-0.529124,-0.784096
hs1_0043g,HS1,vocal,0.0576923,14,0,-1.822135,-0.634035,-2.456170,-0.902793,-0.529124,-1.431917
hs1_0043h,HS1,vocal,0.0740741,20,0,-3.300006,-0.634035,-3.934041,-2.199934,-0.529124,-2.729058
hs1_0044a,HS1,vocal,0.0980392,12,0,-1.006907,-0.634035,-1.640943,-0.148932,-0.529124,-0.678056
hs1_0044b,HS1,vocal,0.0769231,12,0,-1.155620,-0.634035,-1.789655,-0.297127,-0.529124,-0.826251
hs1_0044c,HS1,vocal,0.0461538,8,0,-0.310154,-0.634035,-0.944190,0.428340,-0.529124,-0.100784
hs1_0044d,HS1,vocal,0.109091,12,0.0181818,-0.929075,-0.006257,-0.935331,-0.071371,0.079629,0.008258
hs1_0044e,HS1,vocal,0.0877193,14,0.00584795,-1.610667,-0.432118,-2.042785,-0.692061,-0.333326,-1.025388
hs1_0044f,HS1,vocal,0.162393,8,0.025641,0.508473,0.251294,0.759766,1.244114,0.329373,1.573487
hs1_0045a,HS1,vocal,0.169492,12,0,-0.503697,-0.634035,-1.137733,0.352524,-0.529124,-0.176600
hs1_0045b,HS1,vocal,0.108696,12,0,-0.931858,-0.634035,-1.565894,-0.074145,-0.529124,-0.603269
hs1_0045c,HS1,vocal,0.111111,19,0.037037,-2.773628,0.644773,-2.128855,-1.704655,0.710928,-0.993727
hs1_0045d,HS1,vocal,0.113636,14,0.0454545,-1.428143,0.935411,-0.492732,-0.510174,0.992758,0.482584
hs1_0045e,HS1,vocal,0.177419,13,0,-0.713405,-0.634035,-1.347440,0.172810,-0.529124,-0.356314
hs1_0045f,HS1,vocal,0.230769,9,0.0461538,0.724478,0.959557,1.684034,1.488629,1.016171,2.504801
hs1_0045g,HS1,vocal,0.133333,14,0.04,-1.289425,0.747078,-0.542348,-0.371939,0.810132,0.438192
hs1_0045h,HS1,vocal,0.152941,14,0.0117647,-1.151335,-0.227826,-1.379161,-0.234331,-0.135225,-0.369556
hs1_0045i,HS1,vocal,0.0869565,14,0,-1.616039,-0.634035,-2.250074,-0.697415,-0.529124,-1.226539
hs1_0045j,HS1,vocal,0.117647,12,0.0588235,-0.868817,1.397013,0.528196,-0.011323,1.440370,1.429047
hs1_0045k,HS1,vocal,0.154762,12,0,-0.607432,-0.634035,-1.241467,0.249151,-0.529124,-0.279973
hs1_0045l,HS1,vocal,0.09375,14,0.046875,-1.568195,0.984457,-0.583738,-0.649738,1.040317,0.390579
hs1_0045m,HS1,vocal,0.142857,12,0.102041,-0.691272,2.889212,2.197940,0.165602,2.887345,3.052948
hs1_0045n,HS1,vocal,0.207547,12,0.132075,-0.235686,3.926244,3.690557,0.619601,3.892948,4.512548
hs1_0045o,HS1,vocal,0.0816327,12,0.142857,-1.122452,4.298512,3.176060,-0.264075,4.253933,3.989858
hs1_0045p,HS1,vocal,0.0444444,12,0.2,-1.384354,6.271531,4.887177,-0.525064,6.167156,5.642092
hs1_0045q,HS1,vocal,0.230769,12,0.0769231,-0.072143,2.021951,1.949809,0.782575,2.046368,2.828943
hs1_0045r,HS1,vocal,0.0677966,12,0.0847458,-1.219894,2.292052,1.072158,-0.361177,2.308283,1.947106
hs1_0045s,HS1,vocal,0.196078,12,0.0980392,-0.316456,2.751046,2.434590,0.539113,2.753366,3.292479
hs1_0045t,HS1,vocal,0.255319,9,0.106383,0.897373,3.039138,3.936511,1.660922,3.032727,4.693649
hs1_0045u,HS1,vocal,0.0566038,17,0.0943396,-2.626421,2.623307,-0.003114,-1.616487,2.629499,1.013012
hs1_0045v,HS1,vocal,0.104167,13,0.145833,-1.229294,4.401273,3.171979,-0.341281,4.353580,4.012299
hs1_0046,HS1,vocal,0.0289855,15,0.0144928,-2.289845,-0.133632,-2.423478,-1.339610,-0.043886,-1.383497
hs1_0047,HS1,vocal,0.206897,7,0.0344828,1.087432,0.556579,1.644012,1.791793,0.625407,2.417200
hs1_0048,HS1,vocal,0.266667,9,0.0333333,0.977289,0.516892,1.494181,1.740560,0.586923,2.327482
hs1_0049a,HS1,vocal,0.170213,12,0.12766,-0.498618,3.773773,3.275155,0.357586,3.745097,4.102683
hs1_0049b,HS1,vocal,0.0754717,10,0.113208,-0.634761,3.274775,2.640015,0.163391,3.261223,3.424614
hs1_0049c,HS1,vocal,0.130435,12,0.0652174,-0.778758,1.617780,0.839021,0.078422,1.654445,1.732867
hs1_0050a,HS1,vocal,0.0862069,10,0.103448,-0.559157,2.937809,2.378652,0.238731,2.934469,3.173200
hs1_0050b,HS1,vocal,0.111111,12,0.133333,-0.914847,3.969675,3.054828,-0.057193,3.935063,3.877869
hs1_0050c,HS1,vocal,0.0454545,10,0.0454545,-0.846160,0.935411,0.089252,-0.047271,0.992758,0.945486
hs1_0050d,HS1,vocal,0.0784314,10,0.0588235,-0.613917,1.397013,0.783096,0.184162,1.440370,1.624532
hs1_0051a,HS1,vocal,0.15873,9,0.174603,0.217135,5.394633,5.611769,0.983055,5.316835,6.299890
hs1_0051b,HS1,vocal,0.157895,9,0.0701754,0.211252,1.788970,2.000222,0.977192,1.820448,2.797640
hs1_0051c,HS1,vocal,0.0784314,10,0.0392157,-0.613917,0.719997,0.106080,0.184162,0.783872,0.968034
hs1_0052,HS1,vocal,0.129032,14,0.016129,-1.319716,-0.077135,-1.396851,-0.402125,0.010898,-0.391226
hs1_0053a,HS1,vocal,0.207547,12,0.0377358,-0.235686,0.668902,0.433215,0.619601,0.734325,1.353926
hs1_0053b,HS1,vocal,0.181818,12,0.113636,-0.416885,3.289582,2.872696,0.439033,3.275580,3.714614
hs1_0053c,HS1,vocal,0.25,12,0.0384615,0.063292,0.693958,0.757250,0.917537,0.758622,1.676159
hs1_0053d,HS1,vocal,0.0681818,12,0.0454545,-1.217181,0.935411,-0.281770,-0.358473,0.992758,0.634284
hs1_0053e,HS1,vocal,0.237288,13,0.0508475,-0.291773,1.121617,0.829844,0.592973,1.173320,1.766293
hs1_0053f,HS1,vocal,0.157895,17,0.0526316,-1.913070,1.183219,-0.729851,-0.905621,1.233055,0.327434
hs1_0053g,HS1,vocal,0.123077,12,0.0461538,-0.830577,0.959557,0.128980,0.026784,1.016171,1.042955
hs1_0053h,HS1,vocal,0.127273,13,0.0545455,-1.066567,1.249301,0.182733,-0.179122,1.297134,1.118013
hs1_0053i,HS1,vocal,0.0545455,10,0.0545455,-0.782136,1.249301,0.467165,0.016529,1.297134,1.313663
hs1_0053j,HS1,vocal,0.0877193,10,0,-0.548506,-0.634035,-1.182541,0.249345,-0.529124,-0.279779
hs1_0053k,HS1,vocal,0.0588235,12,0,-1.283088,-0.634035,-1.917123,-0.424150,-0.529124,-0.953274
hs1_0053l,HS1,vocal,0.0819672,14,0.114754,-1.651176,3.328175,1.676998,-0.732430,3.313004,2.580574
hs1_0053m,HS1,vocal,0.156863,8,0.0588235,0.469524,1.397013,1.866538,1.205301,1.440370,2.645671
hs1_0053n,HS1,vocal,0.166667,11,0.0555556,-0.258051,1.284177,1.026126,0.568051,1.330954,1.899004
hs1_0053o,HS1,vocal,0.153846,11,0.0461538,-0.348341,0.959557,0.611216,0.478076,1.016171,1.494247
hs1_0053p,HS1,vocal,0.027027,12,0.027027,-1.507018,0.299149,-1.207869,-0.647300,0.375779,-0.271521
hs1_0054a,HS1,vocal,0.0740741,13,0.037037,-1.441224,0.644773,-0.796451,-0.552473,0.710928,0.158455
hs1_0054b,HS1,vocal,0.135593,12,0,-0.742429,-0.634035,-1.376465,0.114624,-0.529124,-0.414500
hs1_0055a,HS1,vocal,0.0131579,9,0.105263,-0.808072,3.000473,2.192401,-0.038579,2.995234,2.956654
hs1_0055b,HS1,vocal,0.151899,12,0.0759494,-0.627596,1.988331,1.360735,0.229057,2.013767,2.242824
hs1_0055c,HS1,vocal,0.1,9,0.0285714,-0.196478,0.352474,0.155996,0.570883,0.427487,0.998371
hs1_0055d,HS1,vocal,0.0114943,12,0.0229885,-1.616409,0.159708,-1.456701,-0.756310,0.240563,-0.515747
hs1_0055e,HS1,vocal,0.0634921,10,0.031746,-0.719129,0.462086,-0.257042,0.079317,0.533777,0.613095
hs1_0055f,HS1,vocal,0.0967742,9,0.0483871,-0.219196,1.036666,0.817470,0.548245,1.090944,1.639188
hs1_0055g,HS1,vocal,0.0945946,9,0,-0.234546,-0.634035,-0.868581,0.532948,-0.529124,0.003824
hs1_0055h,HS1,vocal,0.117647,9,0,-0.072196,-0.634035,-0.706232,0.694732,-0.529124,0.165607
hs1_0055i,HS1,vocal,0.0666667,9,0.0222222,-0.431231,0.133250,-0.297981,0.336948,0.214907,0.551855
hs1_0055j,HS1,vocal,0.0508475,9,0.0338983,-0.542639,0.536399,-0.006240,0.225928,0.605839,0.831767
hs1_0055k,HS1,vocal,0.217949,10,0,0.368648,-0.634035,-0.265388,1.163303,-0.529124,0.634179
hs1_0056,HS1,vocal,0.152542,12,0,-0.623063,-0.634035,-1.257099,0.233574,-0.529124,-0.295550
hs1_0057a,HS1,vocal,0.0181818,12,0,-1.569311,-0.634035,-2.203346,-0.709376,-0.529124,-1.238500
hs1_0057b,HS1,vocal,0.19697,10,0.0909091,0.220901,2.504858,2.725759,1.016071,2.514640,3.530710
hs1_0057c,HS1,vocal,0.138889,10,0.138889,-0.188139,4.161496,3.973358,0.608456,4.121070,4.729527
hs1_0057d,HS1,vocal,0.0689655,10,0.0344828,-0.680581,0.556579,-0.124002,0.117730,0.625407,0.743137
hs1_0057e,HS1,vocal,0.147541,8,0.0327869,0.403875,0.498025,0.901899,1.139880,0.568627,1.708507
hs1_0057f,HS1,vocal,0.127273,8,0.0363636,0.261133,0.621522,0.882656,0.997637,0.688381,1.686018
hs1_0058a,HS1,vocal,0.0327869,12,0.0327869,-1.466453,0.498025,-0.968429,-0.606877,0.568627,-0.038250
hs1_0058b,HS1,vocal,0.173913,10,0.0724638,0.058522,1.867981,1.926503,0.854258,1.897064,2.751322
hs1_0058c,HS1,vocal,0.115385,10,0.0384615,-0.353670,0.693958,0.340288,0.443502,0.758622,1.202124
hs1_0058d,HS1,vocal,0.0327869,12,0.0327869,-1.466453,0.498025,-0.968429,-0.606877,0.568627,-0.038250
hs1_0058e,HS1,vocal,0.0555556,12,0.037037,-1.306103,0.644773,-0.661330,-0.447085,0.710928,0.263843
hs1_0059a,HS1,vocal,0.0769231,14,0.107692,-1.686700,3.084346,1.397646,-0.767830,3.076565,2.308735
hs1_0059b,HS1,vocal,0.125,14,0.0833333,-1.348114,2.243284,0.895170,-0.430423,2.260993,1.830569
hs1_0060a,HS1,vocal,0.0307692,12,0.0307692,-1.480663,0.428359,-1.052304,-0.621037,0.501073,-0.119964
hs1_0060b,HS1,vocal,0.0232558,12,0.0465116,-1.533577,0.971910,-0.561667,-0.673767,1.028150,0.354384
hs1_0060c,HS1,vocal,0.0481928,12,0.0361446,-1.357956,0.613958,-0.743997,-0.498758,0.681047,0.182289
hs1_0060d,HS1,vocal,0.0597015,12,0.0149254,-1.276904,-0.118695,-1.395599,-0.417989,-0.029402,-0.447390
hs1_0060e,HS1,vocal,0.0555556,9,0.0555556,-0.509482,1.284177,0.774695,0.258970,1.330954,1.589924
hs1_0061a,HS1,vocal,0.107143,12,0.0238095,-0.942794,0.188056,-0.754738,-0.085042,0.268052,0.183010
hs1_0061b,HS1,vocal,0.287129,12,0.029703,0.324775,0.391544,0.716318,1.178109,0.465373,1.643482
hs1_0061c,HS1,vocal,0.0508475,13,0,-1.604800,-0.634035,-2.238836,-0.715478,-0.529124,-1.244603
hs1_0061d,HS1,vocal,0.183673,12,0.0306122,-0.403819,0.422939,0.019120,0.452054,0.495817,0.947871
hs1_0062,HS1,vocal,0.12069,12,0,-0.847389,-0.634035,-1.481425,0.010030,-0.529124,-0.519094
hs1_0063a,HS1,vocal,0.109589,10,0.0273973,-0.394486,0.311933,-0.082554,0.402828,0.388175,0.791003
hs1_0063b,HS1,vocal,0.103896,10,0.0779221,-0.434579,2.056445,1.621866,0.362875,2.079816,2.442691
hs1_0063c,HS1,vocal,0.0649351,10,0.025974,-0.708966,0.262791,-0.446175,0.089444,0.340523,0.429967
hs1_0063d,HS1,vocal,0,12,0.0705882,-1.697358,1.803223,0.105865,-0.836977,1.834269,0.997292
hs1_0063e,HS1,vocal,0.190476,13,0.0238095,-0.621451,0.188056,-0.433395,0.264444,0.268052,0.532496
hs1_0063f,HS1,vocal,0.134146,12,0.0365854,-0.752619,0.629178,-0.123441,0.104470,0.695805,0.800275
hs1_0063g,HS1,vocal,0.130435,15,0,-1.575379,-0.634035,-2.209414,-0.627633,-0.529124,-1.156757
hs1_0064a,HS1,vocal,0.235955,12,0.0224719,-0.035621,0.141871,0.106250,0.818969,0.223267,1.042236
hs1_0064b,HS1,vocal,0.133333,10,0.04,-0.227264,0.747078,0.519813,0.569467,0.810132,1.379599
hs1_0064c,HS1,vocal,0.15873,12,0.031746,-0.579485,0.462086,-0.117399,0.277000,0.533777,0.810778
hs1_0064d,HS1,vocal,0.173333,12,0.0266667,-0.476641,0.286707,-0.189934,0.379486,0.363713,0.743199
hs1_0064e,HS1,vocal,0.0909091,8,0.030303,0.005039,0.412262,0.417301,0.742435,0.485464,1.227898
hs1_0064f,HS1,vocal,0.0547945,8,0.0821918,-0.249302,2.203868,1.954567,0.488980,2.222772,2.711752
hs1_0064g,HS1,vocal,0.0289855,12,0.0869565,-1.493225,2.368385,0.875160,-0.633555,2.382302,1.748747
hs1_0064h,HS1,vocal,0.0857143,9,0,-0.297086,-0.634035,-0.931122,0.470626,-0.529124,-0.058499
hs1_0064i,HS1,vocal,0.0273973,12,0.0273973,-1.504410,0.311933,-1.192478,-0.644702,0.388175,-0.256527
hs1_0064j,HS1,vocal,0.115385,10,0.115385,-0.353670,3.349945,2.996275,0.443502,3.334114,3.777616
hs1_0064k,HS1,vocal,0.0576923,12,0,-1.291054,-0.634035,-1.925090,-0.432089,-0.529124,-0.961213
hs1_0064l,HS1,vocal,0.0666667,12,0,-1.227852,-0.634035,-1.861887,-0.369107,-0.529124,-0.898231
hs1_0064m,HS1,vocal,0.185185,8,0.0185185,0.668988,0.005369,0.674357,1.404070,0.090902,1.494972
hs1_0064n,HS1,vocal,0.140351,12,0.0701754,-0.708923,1.788970,1.080047,0.148013,1.820448,1.968461
hs1_0064o,HS1,vocal,0.140625,15,0.03125,-1.503613,0.444959,-1.058654,-0.556118,0.517170,-0.038948
hs1_0064p,HS1,vocal,0,12,0.04,-1.697358,0.747078,-0.950280,-0.836977,0.810132,-0.026845
hs1_0064q,HS1,vocal,0.185185,8,0.037037,0.668988,0.644773,1.313761,1.404070,0.710928,2.114997
hs1_0064r,HS1,vocal,0.145455,8,0.0363636,0.389181,0.621522,1.010703,1.125238,0.688381,1.813619
hs1_0064s,HS1,vocal,0.0273973,12,0.0136986,-1.504410,-0.161051,-1.665462,-0.644702,-0.070475,-0.715176
hs1_0064t,HS1,vocal,0.156863,7,0,0.735064,-0.634035,0.101029,1.440653,-0.529124,0.911529
hs1_0064u,HS1,vocal,0.114286,12,0.0428571,-0.892490,0.845729,-0.046761,-0.034913,0.905793,0.870880
hs1_0064v,HS1,vocal,0.149254,12,0,-0.646224,-0.634035,-1.280259,0.210494,-0.529124,-0.318630
hs1_0065a,HS1,vocal,0.0416667,15,0.0833333,-2.200537,2.243284,0.042747,-1.250613,2.260993,1.010379
hs1_0065b,HS1,vocal,0.047619,10,0.031746,-0.830916,0.462086,-0.368830,-0.032081,0.533777,0.501697
hs1_0065c,HS1,vocal,0.0307692,11,0,-1.215123,-0.634035,-1.849158,-0.385685,-0.529124,-0.914809
hs1_0066,HS1,vocal,0.137931,12,0.0172414,-0.725965,-0.038728,-0.764693,0.131031,0.048141,0.179172
hs1_0067a,HS1,vocal,0.0519481,12,0.0779221,-1.331509,2.056445,0.724936,-0.472403,2.079816,1.607413
hs1_0067b,HS1,vocal,0.0172414,12,0.0344828,-1.575934,0.556579,-1.019355,-0.715976,0.625407,-0.090569
hs1_0068a,HS1,vocal,0.0512821,9,0.025641,-0.539579,0.251294,-0.288285,0.228978,0.329373,0.558351
hs1_0068b,HS1,vocal,0.084507,10,0.084507,-0.571129,2.283809,1.712681,0.226801,2.300290,2.527091
hs1_0068c,HS1,vocal,0.056338,9,0.028169,-0.503971,0.338579,-0.165392,0.264461,0.414014,0.678475
hs1_0068d,HS1,vocal,0.207317,11,0.0487805,0.028233,1.050249,1.078482,0.853338,1.104115,1.957453
hs1_0069a,HS1,vocal,0.189655,12,0.103448,-0.361693,2.937809,2.576116,0.494034,2.934469,3.428503
hs1_0069b,HS1,vocal,0.2,13,0.0363636,-0.554378,0.621522,0.067144,0.331283,0.688381,1.019664
hs1_0070,HS1,vocal,0.12069,12,0,-0.847389,-0.634035,-1.481425,0.010030,-0.529124,-0.519094
hs1_0071,HS1,vocal,0.0697674,14,0,-1.737094,-0.634035,-2.371130,-0.818049,-0.529124,-1.347173
hs1_0072a,HS1,vocal,0.0816327,9,0.122449,-0.325831,3.593862,3.268031,0.441980,3.570639,4.012620
hs1_0072b,HS1,vocal,0.22807,9,0.105263,0.705469,3.000473,3.705942,1.469687,2.995234,4.464921
hs1_0073,HS1,vocal,0,12,0.0434783,-1.697358,0.867175,-0.830184,-0.836977,0.926589,0.089612
hs1_0074,HS1,vocal,0.078125,9,0.0625,-0.350534,1.523954,1.173419,0.417363,1.563463,1.980827
hs1_0075,HS1,vocal,0.294118,9,0.137255,1.170615,4.105078,5.275694,1.933212,4.066362,5.999574
hs1_0076a,HS1,vocal,0.0333333,12,0.116667,-1.462605,3.394211,1.931606,-0.603042,3.377039,2.773997
hs1_0076b,HS1,vocal,0.02,12,0.14,-1.556506,4.199861,2.643355,-0.696616,4.158272,3.461656
hs1_0077a,HS1,vocal,0.104478,12,0.149254,-0.961564,4.519372,3.557808,-0.103747,4.468100,4.364352
hs1_0077b,HS1,vocal,0.271429,12,0.0428571,0.214205,0.845729,1.059933,1.067924,0.905793,1.973717
hs1_0077c,HS1,vocal,0.0625,10,0.0875,-0.726115,2.387150,1.661034,0.072355,2.400498,2.472853
hs1_0077d,HS1,vocal,0.15,11,0.0625,-0.375428,1.523954,1.148526,0.451083,1.563463,2.014546
hs1_0077e,HS1,vocal,0.0208333,10,0.104167,-1.019557,2.962613,1.943057,-0.220064,2.958522,2.738457
hs1_0077f,HS1,vocal,0.0754717,13,0.0943396,-1.431381,2.623307,1.191926,-0.542664,2.629499,2.086834
hs1_0077g,HS1,vocal,0.195652,10,0.130435,0.211622,3.869595,4.081217,1.006824,3.838015,4.844839
hs1_0077h,HS1,vocal,0.0120482,10,0.0481928,-1.081427,1.029956,-0.051471,-0.281719,1.084437,0.802718
hs1_0078,HS1,vocal,0.0677966,15,0.118644,-2.016514,3.462487,1.445972,-1.067232,3.443245,2.376014
hs1_0079a,HS1,vocal,0.101695,12,0.118644,-0.981162,3.462487,2.481325,-0.123276,3.443245,3.319969
hs1_0079b,HS1,vocal,0.0147059,12,0.132353,-1.593791,3.935824,2.342034,-0.733770,3.902238,3.168467
hs1_0079c,HS1,vocal,0.0806452,12,0.112903,-1.129407,3.264268,2.134861,-0.271005,3.251034,2.980029
hs1_0079d,HS1,vocal,0.105263,12,0.122807,-0.956032,3.606224,2.650192,-0.098234,3.582627,3.484392
hs1_0080a,HS1,vocal,0.0727273,14,0.254545,-1.716250,8.154867,6.438617,-0.797276,7.993414,7.196138
hs1_0080b,HS1,vocal,0.0952381,12,0.111111,-1.026634,3.202390,2.175756,-0.168591,3.191031,3.022441
hs1_0080c,HS1,vocal,0.0793651,14,0.031746,-1.669502,0.462086,-1.207416,-0.750692,0.533777,-0.216914
hs1_0080d,HS1,vocal,0.156863,14,0.137255,-1.123717,4.105078,2.981361,-0.206809,4.066362,3.859553
hs1_0080e,HS1,vocal,0.0338983,14,0.118644,-1.989706,3.462487,1.472780,-1.069780,3.443245,2.373465
hs1_0080f,HS1,vocal,0.191781,17,0.0958904,-1.674424,2.676852,1.002429,-0.667807,2.681421,2.013615
hs1_0080g,HS1,vocal,0.0481928,19,0.060241,-3.216737,1.445954,-1.770783,-2.146219,1.487828,-0.658391
hs1_0080h,HS1,vocal,0.0277778,17,0.0833333,-2.829431,2.243284,-0.586148,-1.818789,2.260993,0.442203
hs1_0081a,HS1,vocal,0.0394737,10,0.0921053,-0.888280,2.546159,1.657879,-0.089245,2.554689,2.465444
hs1_0081b,HS1,vocal,0.0634921,10,0.031746,-0.719129,0.462086,-0.257042,0.079317,0.533777,0.613095
hs1_0081c,HS1,vocal,0.0273973,10,0.0547945,-0.973330,1.257900,0.284571,-0.173998,1.305473,1.131475
hs1_0082,HS1,vocal,0.0517241,14,0.0689655,-1.864166,1.747194,-0.116972,-0.944677,1.779938,0.835260
hs1_0083a,HS1,vocal,0,10,0.0508475,-1.166278,1.121617,-0.044661,-0.366274,1.173320,0.807046
hs1_0083b,HS1,vocal,0.0163934,10,0.229508,-1.050825,7.290384,6.239559,-0.251224,7.155132,6.903908
hs1_0083c,HS1,vocal,0.0714286,15,0.107143,-1.990936,3.065375,1.074439,-1.041742,3.058169,2.016426
hs1_0083d,HS1,vocal,0.0526316,8,0.0350877,-0.264534,0.577467,0.312933,0.473801,0.645662,1.119463
hs1_0083e,HS1,vocal,0.0634921,12,0.031746,-1.250209,0.462086,-0.788123,-0.391386,0.533777,0.142391
hs1_0083f,HS1,vocal,0.160494,14,0.0493827,-1.098145,1.071043,-0.027102,-0.181326,1.124278,0.942953
hs1_0083g,HS1,vocal,0.0315789,13,0.0421053,-1.740501,0.819768,-0.920733,-0.850706,0.880619,0.029913
hs1_0083h,HS1,vocal,0.108696,13,0.0326087,-1.197398,0.491872,-0.705526,-0.309496,0.562661,0.253164
hs1_0083i,HS1,vocal,0.0485437,12,0.0776699,-1.355484,2.047738,0.692253,-0.496295,2.071373,1.575078
hs1_0084,HS1,vocal,0.123077,14,0.0307692,-1.361657,0.428359,-0.933298,-0.443920,0.501073,0.057153
hs1_0085a,HS1,vocal,0.155844,14,0.038961,-1.130891,0.711205,-0.419686,-0.213957,0.775346,0.561389
hs1_0085b,HS1,vocal,0.142857,16,0.0285714,-1.753433,0.352474,-1.400959,-0.775804,0.427487,-0.348317
hs1_0086a,HS1,vocal,0.0149254,12,0.149254,-1.592245,4.519372,2.927127,-0.732230,4.468100,3.735870
hs1_0086b,HS1,vocal,0.0793651,12,0.047619,-1.138422,1.010147,-0.128275,-0.279988,1.065228,0.785240
hs1_0086c,HS1,vocal,0.0405405,12,0.0945946,-1.411847,2.632111,1.220263,-0.552461,2.638035,2.085574
hs1_0086d,HS1,vocal,0.0819672,12,0.0491803,-1.120096,1.064055,-0.056041,-0.261727,1.117502,0.855776
hs1_0086e,HS1,vocal,0.12,12,0.0266667,-0.852246,0.286707,-0.565540,0.005190,0.363713,0.368903
hs1_0086f,HS1,vocal,0.05,13,0.05,-1.610768,1.092356,-0.518412,-0.721426,1.144946,0.423520
hs1_0086g,HS1,vocal,0.140625,12,0.046875,-0.706993,0.984457,0.277464,0.149937,1.040317,1.190254
hs1_0086h,HS1,vocal,0.0892857,12,0.0178571,-1.068555,-0.017467,-1.086022,-0.210365,0.068758,-0.141607
hs1_0086i,HS1,vocal,0.101449,12,0,-0.982892,-0.634035,-1.616927,-0.125000,-0.529124,-0.654124
hs1_0086j,HS1,vocal,0.0526316,12,0,-1.326695,-0.634035,-1.960730,-0.467606,-0.529124,-0.996730
hs1_0087a,HS1,vocal,0.168539,12,0.0337079,-0.510403,0.529824,0.019421,0.345841,0.599462,0.945304
hs1_0087b,HS1,vocal,0.117021,10,0.0425532,-0.342144,0.835234,0.493090,0.454988,0.895616,1.350604
hs1_0087c,HS1,vocal,0.264368,10,0.0344828,0.695559,0.556579,1.252138,1.489075,0.625407,2.114482
hs1_0087d,HS1,vocal,0.0631579,12,0.0947368,-1.252562,2.637022,1.384460,-0.393731,2.642798,2.249067
hs1_0087e,HS1,vocal,0.126761,10,0.0985915,-0.273554,2.770117,2.496563,0.523339,2.771859,3.295198
hs1_0087f,HS1,vocal,0.245283,10,0.0377358,0.561152,0.668902,1.230054,1.355136,0.734325,2.089461
hs1_0088a,HS1,vocal,0.084507,14,0.0985915,-1.633289,2.770117,1.136827,-0.714605,2.771859,2.057254
hs1_0088b,HS1,vocal,0.101449,12,0.0434783,-0.982892,0.867175,-0.115717,-0.125000,0.926589,0.801589
hs1_0089a,HS1,vocal,0.0540541,14,0.0405405,-1.847758,0.765741,-1.082016,-0.928326,0.828230,-0.100096
hs1_0089b,HS1,vocal,0.25,12,0.05,0.063292,1.092356,1.155648,0.917537,1.144946,2.062483
hs1_0089c,HS1,vocal,0.2,14,0.05,-0.819919,1.092356,0.272437,0.095931,1.144946,1.240877
hs1_0089d,HS1,vocal,0.0588235,14,0.0941176,-1.814168,2.615643,0.801475,-0.894854,2.622066,1.727213
hs1_0089e,HS1,vocal,0.118644,9,0.0677966,-0.065175,1.706834,1.641659,0.701729,1.740801,2.442530
hs1_0089f,HS1,vocal,0.0547945,9,0.0547945,-0.514842,1.257900,0.743059,0.253629,1.305473,1.559102
hs1_0089g,HS1,vocal,0.111111,12,0,-0.914847,-0.634035,-1.548883,-0.057193,-0.529124,-0.586317
hs1_0089h,HS1,vocal,0.315789,12,0.105263,0.526621,3.000473,3.527094,1.379251,2.995234,4.374485
hs1_0089i,HS1,vocal,0.1,14,0.0666667,-1.524179,1.667820,0.143641,-0.605875,1.702969,1.097094
hs1_0089j,HS1,vocal,0.047619,9,0.047619,-0.565376,1.010147,0.444771,0.203271,1.065228,1.268499
hs1_0089k,HS1,vocal,0.118644,15,0.0338983,-1.658416,0.536399,-1.122017,-0.710381,0.605839,-0.104543
hs1_0089l,HS1,vocal,0.0923077,12,0.0461538,-1.047272,0.959557,-0.087715,-0.189156,1.016171,0.827015
hs1_0089m,HS1,vocal,0.222222,12,0.0740741,-0.132336,1.923582,1.791246,0.722591,1.950980,2.673571
hs1_0090a,HS1,vocal,0.116279,12,0.0813953,-0.878451,2.176369,1.297918,-0.020924,2.196106,2.175182
hs1_0090b,HS1,vocal,0.175439,12,0.0350877,-0.461814,0.577467,0.115653,0.394261,0.645662,1.039923
hs1_0091a,HS1,vocal,0.142857,12,0,-0.691272,-0.634035,-1.325308,0.165602,-0.529124,-0.363522
hs1_0091b,HS1,vocal,0.137255,12,0,-0.730727,-0.634035,-1.364762,0.126286,-0.529124,-0.402838
hs1_0091c,HS1,vocal,0.107143,11,0,-0.677254,-0.634035,-1.311289,0.150309,-0.529124,-0.378815
hs1_0091d,HS1,vocal,0.215686,9,0,0.618255,-0.634035,-0.015781,1.382776,-0.529124,0.853652
hs1_0091e,HS1,vocal,0.285714,12,0.0793651,0.314813,2.106269,2.421082,1.168182,2.128130,3.296312
hs1_0091f,HS1,vocal,0,8,0,-0.635197,-0.634035,-1.269233,0.104429,-0.529124,-0.424695
hs1_0091g,HS1,vocal,0,12,0,-1.697358,-0.634035,-2.331394,-0.836977,-0.529124,-1.366101
hs1_0091h,HS1,vocal,0.113208,12,0,-0.900083,-0.634035,-1.534118,-0.042480,-0.529124,-0.571604
hs1_0091i,HS1,vocal,0.156863,12,0,-0.592637,-0.634035,-1.226672,0.263895,-0.529124,-0.265229
hs1_0091j,HS1,vocal,0.0784314,15,0,-1.941618,-0.634035,-2.575653,-0.992596,-0.529124,-1.521720
hs1_0091k,HS1,vocal,0.169811,11,0,-0.235905,-0.634035,-0.869940,0.590120,-0.529124,0.060996
hs1_0091l,HS1,vocal,0,8,0,-0.635197,-0.634035,-1.269233,0.104429,-0.529124,-0.424695
hs1_0091m,HS1,vocal,0.1,12,0,-0.993098,-0.634035,-1.627134,-0.135171,-0.529124,-0.664296
hs1_0091n,HS1,vocal,0.311111,11,0,0.759213,-0.634035,0.125178,1.581770,-0.529124,1.052646
hs1_0091o,HS1,vocal,0.0512821,10,0,-0.805119,-0.634035,-1.439154,-0.006374,-0.529124,-0.535498
hs1_0091p,HS1,vocal,0.103448,12,0.0344828,-0.968813,0.556579,-0.412234,-0.110971,0.625407,0.514436
hs1_0091q,HS1,vocal,0.333333,7,0,1.977876,-0.634035,1.343841,2.679134,-0.529124,2.150009
hs1_0091r,HS1,vocal,0.240741,15,0.0555556,-0.798538,1.284177,0.485639,0.146500,1.330954,1.477454
hs1_0092a,HS1,vocal,0.0405405,14,0.0135135,-1.942928,-0.167443,-2.110371,-1.023165,-0.076673,-1.099837
hs1_0092b,HS1,vocal,0.0133333,14,0,-2.134537,-0.634035,-2.768573,-1.214106,-0.529124,-1.743230
hs1_0092c,HS1,vocal,0.031746,14,0.015873,-2.004864,-0.085975,-2.090839,-1.084885,0.002327,-1.082558
hs1_0092d,HS1,vocal,0.0465116,14,0,-1.900876,-0.634035,-2.534911,-0.981259,-0.529124,-1.510383
hs1_0092e,HS1,vocal,0.011236,17,0,-2.945929,-0.634035,-3.579964,-1.934881,-0.529124,-2.464005
hs1_0092f,HS1,vocal,0.0126582,10,0,-1.077131,-0.634035,-1.711166,-0.277438,-0.529124,-0.806562
hs1_0092g,HS1,vocal,0.232877,14,0.0273973,-0.588381,0.311933,-0.276449,0.326662,0.388175,0.714836
hs1_0092h,HS1,vocal,0.0294118,12,0.0294118,-1.490223,0.381489,-1.108734,-0.630564,0.455623,-0.174941
hs1_0092i,HS1,vocal,0.101266,10,0.0253165,-0.453103,0.240087,-0.213016,0.344415,0.318506,0.662922
hs1_0092j,HS1,vocal,0.0227273,12,0.0227273,-1.537299,0.150688,-1.386611,-0.677476,0.231817,-0.445659
hs1_0093,HS1,vocal,0.0714286,9,0.1,-0.397695,2.818748,2.421053,0.370368,2.819016,3.189383
hs1_0094a,HS1,vocal,0.0759494,11,0,-0.896937,-0.634035,-1.530972,-0.068609,-0.529124,-0.597733
hs1_0094b,HS1,vocal,0.078125,10,0,-0.616075,-0.634035,-1.250110,0.182012,-0.529124,-0.347112
hs1_0094c,HS1,vocal,0.0338983,11,0,-1.193086,-0.634035,-1.827121,-0.363725,-0.529124,-0.892849
hs1_0094d,HS1,vocal,0.122222,9,0,-0.039975,-0.634035,-0.674011,0.726840,-0.529124,0.197716
hs1_0094e,HS1,vocal,0.05,19,0,-3.204010,-0.634035,-3.838045,-2.133536,-0.529124,-2.662660
hs1_0094f,HS1,vocal,0.232558,11,0,0.205996,-0.634035,-0.428039,1.030481,-0.529124,0.501357
hs1_0094g,HS1,vocal,0.0961538,12,0,-1.020185,-0.634035,-1.654221,-0.162164,-0.529124,-0.691288
hs1_0094h,HS1,vocal,0.146341,15,0,-1.463354,-0.634035,-2.097390,-0.515999,-0.529124,-1.045123
hs1_0094i,HS1,vocal,0.233766,8,0.0519481,1.011125,1.159618,2.170743,1.745014,1.210169,2.955184
hs1_0094j,HS1,vocal,0.372093,8,0.0232558,1.985305,0.168937,2.154242,2.715800,0.249513,2.965313
hs1_0094k,HS1,vocal,0.105263,10,0.0175439,-0.424951,-0.028284,-0.453236,0.372469,0.058269,0.430738
hs1_0094l,HS1,vocal,0.0470588,10,0,-0.834861,-0.634035,-1.468897,-0.036012,-0.529124,-0.565136
hs1_0094m,HS1,vocal,0.0588235,9,0.0352941,-0.486467,0.584594,0.098127,0.281905,0.652572,0.934477
hs1_0094n,HS1,vocal,0.172043,14,0.0322581,-1.016808,0.479766,-0.537043,-0.100273,0.550921,0.450648
hs1_0094o,HS1,vocal,0.463768,7,0.0434783,2.896476,0.867175,3.763651,3.594532,0.926589,4.521121
hs1_0094p,HS1,vocal,0.391304,10,0.0217391,1.589522,0.116570,1.706092,2.379922,0.198732,2.578655
hs1_0094q,HS1,vocal,0.111111,10,0.0185185,-0.383767,0.005369,-0.378398,0.413510,0.090902,0.504412
hs1_0094r,HS1,vocal,0.208333,9,0,0.566471,-0.634035,-0.067565,1.331173,-0.529124,0.802049
hs1_0094s,HS1,vocal,0.1375,9,0.025,0.067620,0.229160,0.296780,0.834061,0.307911,1.141972
hs1_0094t,HS1,vocal,0.172414,12,0,-0.483117,-0.634035,-1.117152,0.373033,-0.529124,-0.156091
hs1_0094u,HS1,vocal,0.183673,12,0.0204082,-0.403819,0.070614,-0.333205,0.452054,0.154170,0.606224
hs1_0094v,HS1,vocal,0.0963855,8,0,0.043607,-0.634035,-0.590428,0.780869,-0.529124,0.251745
hs1_0094x,HS1,vocal,0.247059,7,0.0352941,1.370279,0.584594,1.954873,2.073654,0.652572,2.726226
hs1_0094y,HS1,vocal,0.230769,7,0.0384615,1.255558,0.693958,1.949516,1.959333,0.758622,2.717955
hs1_0094z,HS1,vocal,0.26087,12,0,0.139842,-0.634035,-0.494194,0.993820,-0.529124,0.464696
hs1_0094aa,HS1,vocal,0.125,10,0,-0.285953,-0.634035,-0.919988,0.510983,-0.529124,-0.018141
hs1_0094bb,HS1,vocal,0.174603,10,0,0.063383,-0.634035,-0.570653,0.859101,-0.529124,0.329977
hs1_0094cc,HS1,vocal,0.109375,8,0.0625,0.135087,1.523954,1.659041,0.872029,1.563463,2.435493
hs1_0094dd,HS1,vocal,0.361702,9,0.0212766,1.646586,0.100599,1.747185,2.407524,0.183246,2.590770
hs1_0095,HS1,vocal,0.0123457,12,0.037037,-1.610413,0.644773,-0.965639,-0.750334,0.710928,-0.039407
hs1_0096a,HS1,vocal,0.112676,12,0,-0.903826,-0.634035,-1.537861,-0.046210,-0.529124,-0.575334
hs1_0096b,HS1,vocal,0.0697674,15,0.0348837,-2.002635,0.570424,-1.432211,-1.053400,0.638832,-0.414568
hs1_0096c,HS1,vocal,0.192982,15,0,-1.134881,-0.634035,-1.768916,-0.188670,-0.529124,-0.717794
hs1_0097,HS1,vocal,0.09375,8,0.03125,0.025046,0.444959,0.470006,0.762372,0.517170,1.279542
hs1_0098a,HS1,vocal,0.181818,9,0.0151515,0.379735,-0.110886,0.268849,1.145088,-0.021830,1.123258
hs1_0098b,HS1,vocal,0.141844,14,0.0496454,-1.229488,1.080112,-0.149376,-0.312211,1.133073,0.820862
hs1_0098c,HS1,vocal,0.264,12,0.072,0.161888,1.851968,2.013857,1.015790,1.881537,2.897327
hs1_0098d,HS1,vocal,0.217054,12,0.131783,-0.168732,3.916144,3.747412,0.686322,3.883153,4.569475
hs1_0098e,HS1,vocal,0.158273,12,0.0215827,-0.582702,0.111170,-0.471533,0.273795,0.193496,0.467291
hs1_0099a,HS1,vocal,0.0909091,14,0.0727273,-1.588202,1.877079,0.288877,-0.669675,1.905887,1.236212
hs1_0099b,HS1,vocal,0.140351,14,0.122807,-1.240004,3.606224,2.366221,-0.322690,3.582627,3.259937
hs1_0099c,HS1,vocal,0.133333,14,0.0166667,-1.289425,-0.058572,-1.347997,-0.371939,0.028899,-0.343040
hs1_0099d,HS1,vocal,0.150943,11,0,-0.368784,-0.634035,-1.002819,0.457704,-0.529124,-0.071420
hs1_0099e,HS1,vocal,0.181818,11,0.0727273,-0.151345,1.877079,1.725734,0.674385,1.905887,2.580272
hs1_0099f,HS1,vocal,0.173913,15,0,-1.269179,-0.634035,-1.903214,-0.322500,-0.529124,-0.851624
hs1_0099g,HS1,vocal,0.235294,12,0.0784314,-0.040276,2.074030,2.033754,0.814330,2.096868,2.911198
hs1_0099h,HS1,vocal,0.333333,11,0,0.915715,-0.634035,0.281680,1.737727,-0.529124,1.208603
hs1_0099i,HS1,vocal,0.176471,15,0,-1.251167,-0.634035,-1.885202,-0.304551,-0.529124,-0.833675
hs1_0099j,HS1,vocal,0.16129,8,0.0645161,0.500706,1.593566,2.094272,1.236374,1.630966,2.867340
hs1_0099k,HS1,vocal,0.389831,15,0.118644,0.251442,3.462487,3.713928,1.192821,3.443245,4.636066
hs1_0099l,HS1,vocal,0.0952381,9,0,-0.230014,-0.634035,-0.864049,0.537464,-0.529124,0.008340
hs1_0099m,HS1,vocal,0.214286,12,0.107143,-0.188230,3.065375,2.877145,0.666892,3.058169,3.725061
hs1_0099n,HS1,vocal,0.0789474,12,0,-1.141363,-0.634035,-1.775399,-0.282920,-0.529124,-0.812044
hs1_0099o,HS1,vocal,0.097561,7,0,0.317426,-0.634035,-0.316610,1.024470,-0.529124,0.495345
hs1_0100,HS1,vocal,0.0652174,14,0.0652174,-1.769139,1.617780,-0.151359,-0.849981,1.654445,0.804464
hs1_0101,HS1,vocal,0.136364,12,0.106061,-0.737004,3.028007,2.291003,0.120031,3.021933,3.141964
hs1_0102a,HS1,vocal,0.0985915,14,0.056338,-1.534098,1.311194,-0.222903,-0.615759,1.357152,0.741393
hs1_0102b,HS1,vocal,0.0657895,12,0.0526316,-1.234029,1.183219,-0.050811,-0.375263,1.233055,0.857792
hs1_0103,HS1,vocal,0.2,14,0.0266667,-0.819919,0.286707,-0.533212,0.095931,0.363713,0.459644
hs1_0104,HS1,vocal,0.189474,12,0.0842105,-0.362971,2.273571,1.910600,0.492760,2.290362,2.783122
hs1_0105,HS1,vocal,0.103896,13,0.0519481,-1.231200,1.159618,-0.071582,-0.343180,1.210169,0.866989
hs1_0106a,HS1,vocal,0.0740741,15,0.0555556,-1.972305,1.284177,-0.688127,-1.023176,1.330954,0.307778
hs1_0106b,HS1,vocal,0.0819672,15,0.0327869,-1.916717,0.498025,-1.418692,-0.967782,0.568627,-0.399155
hs1_0106c,HS1,vocal,0.277778,10,0.0555556,0.790000,1.284177,2.074177,1.583187,1.330954,2.914140
hs1_0106d,HS1,vocal,0.296296,9,0.037037,1.185959,0.644773,1.830732,1.948502,0.710928,2.659430
hs1_0106e,HS1,vocal,0.210526,12,0.0263158,-0.214706,0.274592,0.059886,0.640509,0.351965,0.992474
hs1_0107a,HS1,vocal,0.128205,12,0.0641026,-0.794461,1.579287,0.784826,0.062774,1.617119,1.679893
hs1_0107b,HS1,vocal,0.0581395,12,0.0581395,-1.287905,1.373397,0.085492,-0.428951,1.417469,0.988518
hs1_0107c,HS1,vocal,0.164384,12,0.0273973,-0.539671,0.311933,-0.227738,0.316676,0.388175,0.704851
hs1_0107d,HS1,vocal,0.0704225,12,0.028169,-1.201400,0.338579,-0.862821,-0.342748,0.414014,0.071266
hs1_0108a,HS1,vocal,0.0879121,12,0.0659341,-1.078229,1.642525,0.564296,-0.220005,1.678441,1.458436
hs1_0108b,HS1,vocal,0.130435,12,0.0108696,-0.778758,-0.258733,-1.037491,0.078422,-0.165196,-0.086774
hs1_0108c,HS1,vocal,0.129412,14,0.0352941,-1.317043,0.584594,-0.732449,-0.399461,0.652572,0.253111
hs1_0109a,HS1,vocal,0.135593,5,0.0169492,1.116352,-0.048818,1.067534,1.762085,0.038357,1.800443
hs1_0109b,HS1,vocal,0.0666667,7,0,0.099849,-0.634035,-0.534186,0.807652,-0.529124,0.278527
hs1_0110a,HS1,vocal,0.100917,14,0.0275229,-1.517717,0.316272,-1.201446,-0.599436,0.392382,-0.207054
hs1_0110b,HS1,vocal,0.105769,15,0.0384615,-1.749088,0.693958,-1.055130,-0.800738,0.758622,-0.042116
hs1_0110c,HS1,vocal,0.0854701,15,0.0769231,-1.892047,2.021951,0.129904,-0.943198,2.046368,1.103170
hs1_0110d,HS1,vocal,0.184,16,0.072,-1.463681,1.851968,0.388288,-0.487061,1.881537,1.394475
hs1_0110e,HS1,vocal,0.217822,14,0.0891089,-0.694407,2.442702,1.748295,0.221005,2.454367,2.675372
hs1_0110f,HS1,vocal,0.108108,14,0.027027,-1.467076,0.299149,-1.167927,-0.548972,0.375779,-0.173193
hs1_0110g,HS1,vocal,0,14,0.0495868,-2.228439,1.078088,-1.150350,-1.307680,1.131111,-0.176570
hs1_0110h,HS1,vocal,0.0526316,14,0.0614035,-1.857775,1.486094,-0.371681,-0.938309,1.526751,0.588442
hs1_0110i,HS1,vocal,0.0852713,12,0.0697674,-1.096826,1.774883,0.678056,-0.238538,1.806788,1.568249
hs1_0110j,HS1,vocal,0.0555556,14,0.037037,-1.837183,0.644773,-1.192410,-0.917788,0.710928,-0.206861
hs1_0110k,HS1,vocal,0.08,12,0.04,-1.133950,0.747078,-0.386872,-0.275533,0.810132,0.534599
hs1_0111a,HS1,vocal,0.046729,11,0.0280374,-1.102725,0.334035,-0.768690,-0.273679,0.409607,0.135928
hs1_0111b,HS1,vocal,0.139785,10,0.0537634,-0.181828,1.222299,1.040471,0.614745,1.270951,1.885696
hs1_0112a,HS1,vocal,0.0980392,14,0.0588235,-1.537988,1.397013,-0.140974,-0.619636,1.440370,0.820734
hs1_0112b,HS1,vocal,0.1,14,0,-1.524179,-0.634035,-2.158214,-0.605875,-0.529124,-1.134999
hs1_0112c,HS1,vocal,0.162791,10,0,-0.019808,-0.634035,-0.653843,0.776201,-0.529124,0.247077
hs1_0112d,HS1,vocal,0.136364,14,0,-1.268084,-0.634035,-1.902119,-0.350673,-0.529124,-0.879797
hs1_0112e,HS1,vocal,0.263158,14,0.0350877,-0.375123,0.577467,0.202345,0.539177,0.645662,1.184839
hs1_0112f,HS1,vocal,0.222222,9,0,0.664285,-0.634035,0.030249,1.428646,-0.529124,0.899522
hs1_0112g,HS1,vocal,0.0909091,10,0.0454545,-0.526041,0.935411,0.409370,0.271731,0.992758,1.264489
hs1_0112h,HS1,vocal,0.116279,13,0,-1.143991,-0.634035,-1.778027,-0.256276,-0.529124,-0.785400
hs1_0112i,HS1,vocal,0.297872,10,0,0.931518,-0.634035,0.297483,1.724211,-0.529124,1.195087
hs1_0112j,HS1,vocal,0.205128,14,0.025641,-0.783803,0.251294,-0.532509,0.131921,0.329373,0.461294
hs1_0112k,HS1,vocal,0.162162,14,0.027027,-1.086395,0.299149,-0.787246,-0.169617,0.375779,0.206162
hs1_0112l,HS1,vocal,0.121495,14,0.0560748,-1.372796,1.302105,-0.070691,-0.455019,1.348338,0.893318
hs1_0112m,HS1,vocal,0.226415,14,0.0377358,-0.633888,0.668902,0.035014,0.281314,0.734325,1.015639
hs1_0113,HS1,vocal,0.0638298,14,0.0638298,-1.778911,1.569869,-0.209042,-0.859719,1.607987,0.748267
hs1_0114a,HS1,vocal,0.272727,9,0.0454545,1.019972,0.935411,1.955383,1.783093,0.992758,2.775851
hs1_0114b,HS1,vocal,0.423077,7,0,2.609904,-0.634035,1.975869,3.308959,-0.529124,2.779835
hs1_0115a,HS1,vocal,0.150538,12,0.107527,-0.637182,3.078634,2.441453,0.219505,3.071026,3.290531
hs1_0115b,HS1,vocal,0.118812,12,0.0792079,-0.860614,2.100842,1.240229,-0.003149,2.122868,2.119719
hs1_0115c,HS1,vocal,0.0588235,12,0.0882353,-1.283088,2.412538,1.129450,-0.424150,2.425117,2.000967
hs1_0115d,HS1,vocal,0.106383,13,0.0780142,-1.213686,2.059625,0.845939,-0.325727,2.082900,1.757173
hs1_0115e,HS1,vocal,0.0393701,14,0.0629921,-1.951171,1.540946,-0.410225,-1.031379,1.579940,0.548561
hs1_0115f,HS1,vocal,0.0454545,13,0.0454545,-1.642780,0.935411,-0.707369,-0.753326,0.992758,0.239432
hs1_0115g,HS1,vocal,0.0504202,13,0.0252101,-1.607809,0.236414,-1.371395,-0.718477,0.314945,-0.403532
hs1_0115h,HS1,vocal,0.181818,14,0.0727273,-0.947966,1.877079,0.929114,-0.031670,1.905887,1.874217
hs1_0115i,HS1,vocal,0.224299,14,0.0747664,-0.648790,1.947485,1.298695,0.266463,1.974158,2.240621
hs1_0115j,HS1,vocal,0.296,14,0.04,-0.143829,0.747078,0.603249,0.769665,0.810132,1.579796
hs1_0115k,HS1,vocal,0.0578512,13,0.0247934,-1.555475,0.222026,-1.333449,-0.666326,0.300993,-0.365332
hs1_0115l,HS1,vocal,0.0196078,13,0.0588235,-1.824808,1.397013,-0.427795,-0.934720,1.440370,0.505650
hs1_0115m,HS1,vocal,0,13,0.116279,-1.962898,3.380828,1.417930,-1.072329,3.364062,2.291733
hs1_0115n,HS1,vocal,0.139535,12,0.0232558,-0.714670,0.168937,-0.545732,0.142287,0.249513,0.391800
hs1_0115o,HS1,vocal,0,12,0.0666667,-1.697358,1.667820,-0.029538,-0.836977,1.702969,0.865992
hs1_0115p,HS1,vocal,0,8,0.0232558,-0.635197,0.168937,-0.466260,0.104429,0.249513,0.353943
hs1_0115q,HS1,vocal,0,12,0.0612245,-1.697358,1.479913,-0.217445,-0.836977,1.520758,0.683780
hs1_0115r,HS1,vocal,0.152542,14,0.0169492,-1.154144,-0.048818,-1.202962,-0.237129,0.038357,-0.198772
hs1_0115s,HS1,vocal,0.166667,14,0,-1.054672,-0.634035,-1.688707,-0.138004,-0.529124,-0.667128
hs1_0115t,HS1,vocal,0.05,12,0.05,-1.345228,1.092356,-0.252872,-0.486074,1.144946,0.658872
hs1_0116a,HS1,vocal,0.0952381,13,0.015873,-1.292175,-0.085975,-1.378149,-0.403942,0.002327,-0.401616
hs1_0116b,HS1,vocal,0.123288,9,0.0547945,-0.032472,1.257900,1.225429,0.734318,1.305473,2.039791
hs1_0116c,HS1,vocal,0.0921053,12,0.131579,-1.048698,3.909100,2.860402,-0.190577,3.876323,3.685746
hs1_0116d,HS1,vocal,0.0735294,11,0.147059,-0.913980,4.443587,3.529607,-0.085592,4.394611,4.309019
hs1_0117a,HS1,vocal,0.106383,10,0.117021,-0.417065,3.406455,2.989390,0.380328,3.388912,3.769240
hs1_0117b,HS1,vocal,0.0454545,10,0.0818182,-0.846160,2.190969,1.344809,-0.047271,2.210263,2.162992
hs1_0117c,HS1,vocal,0.0210526,10,0.0947368,-1.018013,2.637022,1.619010,-0.218525,2.642798,2.424273
hs1_0118,HS1,vocal,0.147368,14,0.115789,-1.190582,3.363924,2.173342,-0.273440,3.347670,3.074229
hs1_0119a,HS1,vocal,0.0824742,16,0.0618557,-2.178686,1.501707,-0.676979,-1.199575,1.541890,0.342315
hs1_0119b,HS1,vocal,0.0964912,21,0.0526316,-3.407671,1.183219,-2.224452,-2.277961,1.233055,-1.044906
hs1_0119c,HS1,vocal,0.21,12,0.08,-0.218412,2.128191,1.909779,0.636815,2.149388,2.786203
hs1_0119d,HS1,vocal,0.196078,12,0,-0.316456,-0.634035,-0.950492,0.539113,-0.529124,0.009988
hs1_0119e,HS1,vocal,0.147059,12,0,-0.661682,-0.634035,-1.295717,0.195090,-0.529124,-0.334034
hs1_0119f,HS1,vocal,0.0833333,12,0.0208333,-1.110475,0.085294,-1.025181,-0.252139,0.168405,-0.083734
hs1_0119g,HS1,vocal,0.2,12,0,-0.288838,-0.634035,-0.922874,0.566634,-0.529124,0.037510
hs1_0119h,HS1,vocal,0.139535,12,0,-0.714670,-0.634035,-1.348705,0.142287,-0.529124,-0.386837
hs1_0119i,HS1,vocal,0.116279,12,0,-0.878451,-0.634035,-1.512487,-0.020924,-0.529124,-0.550048
hs1_0119j,HS1,vocal,0.146341,12,0.0243902,-0.666734,0.208107,-0.458627,0.190056,0.287495,0.477551
hs1_0119k,HS1,vocal,0.170732,12,0.0243902,-0.494963,0.208107,-0.286856,0.361228,0.287495,0.648723
hs1_0119l,HS1,vocal,0.216216,12,0.027027,-0.174634,0.299149,0.124515,0.680441,0.375779,1.056219
hs1_0119m,HS1,vocal,0.131579,12,0,-0.770700,-0.634035,-1.404736,0.086451,-0.529124,-0.442673
hs1_0119n,HS1,vocal,0.12766,8,0.0638298,0.263858,1.569869,1.833726,1.000352,1.607987,2.608338
hs1_0119o,HS1,vocal,0.0566038,12,0,-1.298720,-0.634035,-1.932756,-0.439729,-0.529124,-0.968853
hs1_0119p,HS1,vocal,0.0638298,8,0,-0.185670,-0.634035,-0.819705,0.552391,-0.529124,0.023266
hs1_0119q,HS1,vocal,0.05,12,0,-1.345228,-0.634035,-1.979264,-0.486074,-0.529124,-1.015198
hs1_0119r,HS1,vocal,0.11236,12,0,-0.906055,-0.634035,-1.540090,-0.048431,-0.529124,-0.577555
hs1_0119s,HS1,vocal,0.136364,12,0.121212,-0.737004,3.551156,2.814152,0.120031,3.529227,3.649258
hs1_0120,HS1,vocal,0.0503597,17,0.0143885,-2.670396,-0.137232,-2.807628,-1.660308,-0.047377,-1.707685
hs1_0121a,HS1,vocal,0.0661157,13,0.0991736,-1.497272,2.790212,1.292940,-0.608325,2.791345,2.183020
hs1_0121b,HS1,vocal,0.0925926,14,0.037037,-1.576346,0.644773,-0.931573,-0.657860,0.710928,0.053067
hs1_0122a,HS1,vocal,0.08,17,0.096,-2.461651,2.680636,0.218985,-1.452291,2.685090,1.232799
hs1_0122b,HS1,vocal,0.0862069,13,0.112069,-1.355778,3.235463,1.879685,-0.467324,3.223102,2.755778
hs1_0122c,HS1,vocal,0.135593,13,0.144068,-1.007970,4.340313,3.332343,-0.120728,4.294467,4.173740
hs1_0122d,HS1,vocal,0.018018,13,0.018018,-1.836005,-0.011912,-1.847917,-0.945877,0.074144,-0.871733
hs1_0122e,HS1,vocal,0.025,10,0.0333333,-0.990213,0.516892,-0.473321,-0.190822,0.586923,0.396100
hs1_0122f,HS1,vocal,0.125,12,0.0288462,-0.817033,0.361960,-0.455074,0.040280,0.436686,0.476966
hs1_0123,HS1,vocal,0.0787402,14,0.102362,-1.673903,2.900309,1.226406,-0.755078,2.898106,2.143028
hs1_0124,HS1,vocal,0.0967742,14,0,-1.546897,-0.634035,-2.180932,-0.628514,-0.529124,-1.157638
hs1_0125,HS1,vocal,0.372093,15,0,0.126524,-0.634035,-0.507512,1.068338,-0.529124,0.539214
hs1_0126,HS1,vocal,0.196721,8,0.0491803,0.750232,1.064055,1.814287,1.485031,1.117502,2.602533
hs1_0127a,HS1,vocal,0.214286,12,0.0357143,-0.188230,0.599101,0.410872,0.666892,0.666640,1.333532
hs1_0127b,HS1,vocal,0.0357143,14,0.0357143,-1.976917,0.599101,-1.377816,-1.057036,0.666640,-0.390395
hs1_0128a,HS1,vocal,0.16129,14,0.0967742,-1.092535,2.707367,1.614832,-0.175736,2.711011,2.535276
hs1_0128b,HS1,vocal,0.129032,14,0.0967742,-1.319716,2.707367,1.387651,-0.402125,2.711011,2.308887
hs1_0129a,HS1,vocal,0.145455,12,0,-0.672980,-0.634035,-1.307015,0.183831,-0.529124,-0.345293
hs1_0129b,HS1,vocal,0,13,0.0243902,-1.962898,0.208107,-1.754792,-1.072329,0.287495,-0.784833
hs1_0129c,HS1,vocal,0,12,0,-1.697358,-0.634035,-2.331394,-0.836977,-0.529124,-1.366101
hs1_0129d,HS1,vocal,0.0571429,10,0.0285714,-0.763844,0.352474,-0.411370,0.034758,0.427487,0.462245
hs1_0129e,HS1,vocal,0,13,0,-1.962898,-0.634035,-2.596934,-1.072329,-0.529124,-1.601453
hs1_0129f,HS1,vocal,0.138462,12,0,-0.722229,-0.634035,-1.356264,0.134754,-0.529124,-0.394370
hs1_0130a,HS1,vocal,0.037037,13,0.0123457,-1.702061,-0.207766,-1.909827,-0.812401,-0.115773,-0.928174
hs1_0130b,HS1,vocal,0.233766,12,0.012987,-0.051036,-0.185622,-0.236658,0.803608,-0.094301,0.709307
hs1_0131,HS1,vocal,0.0508475,9,0,-0.542639,-0.634035,-1.176675,0.225928,-0.529124,-0.303196
hs1_0132,HS1,vocal,0.0714286,14,0.0357143,-1.725396,0.599101,-1.126294,-0.806391,0.666640,-0.139750
hs1_0133,HS1,vocal,0.105263,9,0,-0.159411,-0.634035,-0.793447,0.607821,-0.529124,0.078697
hs1_0134a,HS1,vocal,0.136364,17,0.0454545,-2.064705,0.935411,-1.129293,-1.056728,0.992758,-0.063970
hs1_0134b,HS1,vocal,0.101124,17,0.0337079,-2.312886,0.529824,-1.783062,-1.304044,0.599462,-0.704582
hs1_0134c,HS1,vocal,0.146667,12,0,-0.664444,-0.634035,-1.298479,0.192338,-0.529124,-0.336786
hs1_0135a,HS1,vocal,0.358333,10,0.00833333,1.357321,-0.346304,1.011017,2.148530,-0.250112,1.898418
hs1_0135b,HS1,vocal,0.101852,10,0.00925926,-0.448976,-0.314333,-0.763309,0.348528,-0.219111,0.129417
hs1_0135c,HS1,vocal,0.0181818,8,0,-0.507150,-0.634035,-1.141186,0.232030,-0.529124,-0.297094
hs1_0135d,HS1,vocal,0.118519,8,0,0.199481,-0.634035,-0.434554,0.936199,-0.529124,0.407075
hs1_0135e,HS1,vocal,0,10,0.0512821,-1.166278,1.136622,-0.029655,-0.366274,1.187871,0.821597
hs1_0135f,HS1,vocal,0.097561,12,0,-1.010275,-0.634035,-1.644311,-0.152289,-0.529124,-0.681413
hs1_0136a,HS1,vocal,0.117647,12,0.0392157,-0.868817,0.719997,-0.148820,-0.011323,0.783872,0.772549
hs1_0136b,HS1,vocal,0.0847458,12,0.0338983,-1.100528,0.536399,-0.564128,-0.242227,0.605839,0.363612
hs1_0136c,HS1,vocal,0.25,12,0.0384615,0.063292,0.693958,0.757250,0.917537,0.758622,1.676159
hs1_0136d,HS1,vocal,0.111111,12,0,-0.914847,-0.634035,-1.548883,-0.057193,-0.529124,-0.586317
hs1_0136e,HS1,vocal,0.150943,14,0.113208,-1.165405,3.274775,2.109371,-0.248351,3.261223,3.012872
hs1_0136f,HS1,vocal,0.188679,14,0.0943396,-0.899646,2.623307,1.723661,0.016481,2.629499,2.645980
hs1_0136g,HS1,vocal,0.130435,14,0.0869565,-1.309839,2.368385,1.058546,-0.392282,2.382302,1.990020
hs1_0136h,HS1,vocal,0.261905,14,0.0238095,-0.383948,0.188056,-0.195892,0.530382,0.268052,0.798434
hs1_0136i,HS1,vocal,0.0882353,14,0.0147059,-1.607033,-0.126273,-1.733306,-0.688440,-0.036751,-0.725191
hs1_0136j,HS1,vocal,0.25,14,0.0277778,-0.467789,0.325071,-0.142718,0.446834,0.400915,0.847749
hs1_0136k,HS1,vocal,0.333333,14,0,0.119095,-0.634035,-0.514941,1.031672,-0.529124,0.502548
hs1_0136l,HS1,vocal,0.182796,14,0.0107527,-0.941082,-0.262768,-1.203850,-0.024810,-0.169109,-0.193919
hs1_0136m,HS1,vocal,0.103448,17,0.0862069,-2.296514,2.342502,0.045987,-1.287729,2.357203,1.069474
hs1_0137,HS1,vocal,0.1875,12,0,-0.376871,-0.634035,-1.010906,0.478909,-0.529124,-0.050215
hs1_0138,HS1,vocal,0.05,12,0,-1.345228,-0.634035,-1.979264,-0.486074,-0.529124,-1.015198
hs1_0139,HS1,vocal,0.26087,7,0,1.467543,-0.634035,0.833507,2.170579,-0.529124,1.641455
hs1_0140a,HS1,vocal,0.318841,17,0.0434783,-0.779592,0.867175,0.087582,0.223906,0.926589,1.150495
hs1_0140b,HS1,vocal,0.148148,13,0.037037,-0.919550,0.644773,-0.274777,-0.032617,0.710928,0.678311
hs1_0140c,HS1,vocal,0.0769231,8,0.025641,-0.093459,0.251294,0.157835,0.644280,0.329373,0.973653
hs1_0141,HS1,vocal,0.310345,14,0.0344828,-0.042804,0.556579,0.513775,0.870337,0.625407,1.495744
hs1_0142a,HS1,vocal,0.027027,16,0.027027,-2.569178,0.299149,-2.270029,-1.588707,0.375779,-1.212928
hs1_0142b,HS1,vocal,0.0983607,14,0.0491803,-1.535724,1.064055,-0.471669,-0.617380,1.117502,0.500122
hs1_0142c,HS1,vocal,0.285714,12,0,0.314813,-0.634035,-0.319222,1.168182,-0.529124,0.639058
hs1_0142d,HS1,vocal,0.16129,14,0.0322581,-1.092535,0.479766,-0.612770,-0.175736,0.550921,0.375185
hs1_0143a,HS1,vocal,0.166667,14,0.025641,-1.054672,0.251294,-0.803378,-0.138004,0.329373,0.191369
hs1_0143b,HS1,vocal,0.0882353,12,0.0294118,-1.075952,0.381489,-0.694463,-0.217737,0.455623,0.237886
hs1_0143c,HS1,vocal,0.0869565,11,0.0434783,-0.819418,0.867175,0.047757,0.008640,0.926589,0.935229
hs1_0143d,HS1,vocal,0.0571429,12,0.0285714,-1.294924,0.352474,-0.942450,-0.435945,0.427487,-0.008458
hs1_0143e,HS1,vocal,0.138889,13,0,-0.984760,-0.634035,-1.618795,-0.097599,-0.529124,-0.626723
hs1_0143f,HS1,vocal,0.0810811,12,0,-1.126337,-0.634035,-1.760372,-0.267945,-0.529124,-0.797070
hs1_0143g,HS1,vocal,0.285714,8,0,1.376974,-0.634035,0.742939,2.109589,-0.529124,1.580465
hs1_0143h,HS1,vocal,0.25,11,0,0.328832,-0.634035,-0.305203,1.152889,-0.529124,0.623765
hs1_0143i,HS1,vocal,0.0769231,10,0.025641,-0.624539,0.251294,-0.373246,0.173577,0.329373,0.502950
hs1_0144a,HS1,vocal,0.0384615,14,0,-1.957569,-0.634035,-2.591605,-1.037755,-0.529124,-1.566879
hs1_0144b,HS1,vocal,0.210526,14,0,-0.745786,-0.634035,-1.379821,0.169805,-0.529124,-0.359319
hs1_0145,HS1,vocal,0.1,9,0,-0.196478,-0.634035,-0.830513,0.570883,-0.529124,0.041759
hs1_0146a,HS1,vocal,0.0967742,12,0.0322581,-1.015816,0.479766,-0.536051,-0.157810,0.550921,0.393111
hs1_0146b,HS1,vocal,0.0322581,11,0.0322581,-1.204637,0.479766,-0.724872,-0.375237,0.550921,0.175684
hs1_0147a,HS1,vocal,0.177778,14,0,-0.976421,-0.634035,-1.610456,-0.060026,-0.529124,-0.589150
hs1_0147b,HS1,vocal,0.186047,14,0,-0.918187,-0.634035,-1.552223,-0.001995,-0.529124,-0.531119
hs1_0148a,HS1,vocal,0.369565,12,0,0.905342,-0.634035,0.271306,1.756653,-0.529124,1.227529
hs1_0148b,HS1,vocal,0.465116,12,0,1.578270,-0.634035,0.944234,2.427236,-0.529124,1.898112
hs1_0148c,HS1,vocal,0.169811,12,0,-0.501445,-0.634035,-1.135480,0.354768,-0.529124,-0.174356
hs1_0148d,HS1,vocal,0.126984,14,0,-1.334140,-0.634035,-1.968176,-0.416499,-0.529124,-0.945623
hs1_0148e,HS1,vocal,0.130435,12,0,-0.778758,-0.634035,-1.412794,0.078422,-0.529124,-0.450702
hs1_0148f,HS1,vocal,0.235294,14,0.117647,-0.571356,3.428062,2.856706,0.343627,3.409864,3.753491
hs1_0148g,HS1,vocal,0.103896,14,0.012987,-1.496740,-0.185622,-1.682362,-0.578532,-0.094301,-0.672832
hs1_0148h,HS1,vocal,0,14,0.0144928,-2.228439,-0.133632,-2.362071,-1.307680,-0.043886,-1.351567
hs1_0148i,HS1,vocal,0.0470588,14,0.0117647,-1.897022,-0.227826,-2.124848,-0.977419,-0.135225,-1.112644
hs1_0148j,HS1,vocal,0.0689655,12,0,-1.211662,-0.634035,-1.845697,-0.352973,-0.529124,-0.882097
hs1_0148k,HS1,vocal,0.106667,12,0.0133333,-0.946148,-0.173664,-1.119812,-0.088384,-0.082705,-0.171090
hs1_0148l,HS1,vocal,0.103896,14,0.012987,-1.496740,-0.185622,-1.682362,-0.578532,-0.094301,-0.672832
hs1_0149a,HS1,vocal,0.0298507,21,0.0149254,-3.876993,-0.118695,-3.995688,-2.745648,-0.029402,-2.775049
hs1_0149b,HS1,vocal,0.0886076,16,0.0126582,-2.135491,-0.196974,-2.332465,-1.156531,-0.105309,-1.261839
hs1_0149c,HS1,vocal,0.0821918,14,0.0136986,-1.649595,-0.161051,-1.810646,-0.730854,-0.070475,-0.801329
hs1_0149d,HS1,vocal,0.0537634,16,0,-2.380885,-0.634035,-3.014920,-1.401069,-0.529124,-1.930193
hs1_0149e,HS1,vocal,0.298701,14,0,-0.124805,-0.634035,-0.758840,0.788622,-0.529124,0.259498
hs1_0149f,HS1,vocal,0.1875,14,0,-0.907951,-0.634035,-1.541987,0.008205,-0.529124,-0.520919
hs1_0149g,HS1,vocal,0.0425532,14,0.0212766,-1.928754,0.100599,-1.828154,-1.009040,0.183246,-0.825794
hs1_0149h,HS1,vocal,0.06,14,0.02,-1.805883,0.056521,-1.749361,-0.886597,0.140504,-0.746093
hs1_0149i,HS1,vocal,0.1875,14,0,-0.907951,-0.634035,-1.541987,0.008205,-0.529124,-0.520919
hs1_0149j,HS1,vocal,0.0909091,9,0,-0.260501,-0.634035,-0.894537,0.507083,-0.529124,-0.022041
hs1_0149k,HS1,vocal,0,14,0,-2.228439,-0.634035,-2.862474,-1.307680,-0.529124,-1.836805
hs1_0150a,HS1,vocal,0.208333,14,0,-0.761230,-0.634035,-1.395266,0.154415,-0.529124,-0.374709
hs1_0150b,HS1,vocal,0.184615,14,0,-0.928266,-0.634035,-1.562302,-0.012039,-0.529124,-0.541163
hs1_0150c,HS1,vocal,0.277778,14,0,-0.272161,-0.634035,-0.906196,0.641780,-0.529124,0.112656
hs1_0150d,HS1,vocal,0.179487,9,0,0.363319,-0.634035,-0.270717,1.128729,-0.529124,0.599605
hs1_0150e,HS1,vocal,0.297297,10,0,0.927468,-0.634035,0.293433,1.720176,-0.529124,1.191052
hs1_0150f,HS1,vocal,0.263158,14,0,-0.375123,-0.634035,-1.009158,0.539177,-0.529124,0.010053
hs1_0150g,HS1,vocal,0.172414,12,0,-0.483117,-0.634035,-1.117152,0.373033,-0.529124,-0.156091
hs1_0150h,HS1,vocal,0.116279,17,0,-2.206152,-0.634035,-2.840188,-1.197682,-0.529124,-1.726806
hs1_0150i,HS1,vocal,0.141414,17,0,-2.029136,-0.634035,-2.663171,-1.021283,-0.529124,-1.550407
hs1_0150j,HS1,vocal,0.31746,9,0,1.335008,-0.634035,0.700973,2.097032,-0.529124,1.567908
hs1_0150k,HS1,vocal,0.236641,10,0,0.500292,-0.634035,-0.133744,1.294488,-0.529124,0.765364
hs1_0150l,HS1,vocal,0.169231,14,0,-1.036614,-0.634035,-1.670649,-0.120009,-0.529124,-0.649133
hs1_0150m,HS1,vocal,0.118881,10,0,-0.329046,-0.634035,-0.963081,0.468041,-0.529124,-0.061083
hs1_0150n,HS1,vocal,0.112245,10,0.0204082,-0.375782,0.070614,-0.305168,0.421467,0.154170,0.575637
hs1_0151a,HS1,vocal,0.0810811,12,0,-1.126337,-0.634035,-1.760372,-0.267945,-0.529124,-0.797070
hs1_0151b,HS1,vocal,0.21875,12,0,-0.156789,-0.634035,-0.790825,0.698223,-0.529124,0.169099
hs1_0151c,HS1,vocal,0.0253165,17,0.0126582,-2.846766,-0.196974,-3.043740,-1.836063,-0.105309,-1.941372
hs1_0151d,HS1,vocal,0.136986,19,0.0136986,-2.591400,-0.161051,-2.752451,-1.523061,-0.070475,-1.593536
hs1_0151e,HS1,vocal,0.11236,15,0.011236,-1.702675,-0.246082,-1.948758,-0.754486,-0.152929,-0.907415
hs1_0151f,HS1,vocal,0.156627,14,0.0120482,-1.125381,-0.218037,-1.343418,-0.208467,-0.125734,-0.334200
hs1_0151g,HS1,vocal,0.060241,17,0,-2.600806,-0.634035,-3.234842,-1.590961,-0.529124,-2.120085
hs1_0151h,HS1,vocal,0.239437,19,0,-1.869883,-0.634035,-2.503919,-0.804059,-0.529124,-1.333183
hs1_0151i,HS1,vocal,0.037037,17,0,-2.764222,-0.634035,-3.398258,-1.753807,-0.529124,-2.282931
hs1_0151j,HS1,vocal,0.269231,13,0,-0.066814,-0.634035,-0.700849,0.817148,-0.529124,0.288024
hs1_0151k,HS1,vocal,0.075,13,0,-1.434703,-0.634035,-2.068739,-0.545975,-0.529124,-1.075099
hs1_0151l,HS1,vocal,0.166667,13,0,-0.789132,-0.634035,-1.423167,0.097347,-0.529124,-0.431777
hs1_0151m,HS1,vocal,0.108844,14,0.0136054,-1.461897,-0.164269,-1.626166,-0.543810,-0.073595,-0.617405
hs1_0151n,HS1,vocal,0.2,12,0,-0.288838,-0.634035,-0.922874,0.566634,-0.529124,0.037510
hs1_0151o,HS1,vocal,0.174603,12,0,-0.467698,-0.634035,-1.101733,0.388398,-0.529124,-0.140726
hs1_0152a,HS1,vocal,0.117647,9,0,-0.072196,-0.634035,-0.706232,0.694732,-0.529124,0.165607
hs1_0152b,HS1,vocal,0.333333,5,0,2.508957,-0.634035,1.874921,3.149837,-0.529124,2.620713
hs1_0153a,HS1,vocal,0.218182,12,0.0545455,-0.160791,1.249301,1.088510,0.694235,1.297134,1.991369
hs1_0153b,HS1,vocal,0,14,0.0361446,-2.228439,0.613958,-1.614480,-1.307680,0.681047,-0.626633
hs1_0153c,HS1,vocal,0.0555556,14,0,-1.837183,-0.634035,-2.471218,-0.917788,-0.529124,-1.446912
hs1_0153d,HS1,vocal,0.114754,16,0.0491803,-1.951352,1.064055,-0.887297,-0.973033,1.117502,0.144469
hs1_0153e,HS1,vocal,0,12,0.0116279,-1.697358,-0.232549,-1.929907,-0.836977,-0.139805,-0.976783
hs1_0153f,HS1,vocal,0.137931,12,0.0689655,-0.725965,1.747194,1.021229,0.131031,1.779938,1.910969
hs1_0154a,HS1,vocal,0.0851064,14,0.0212766,-1.629068,0.100599,-1.528469,-0.710399,0.183246,-0.527153
hs1_0154b,HS1,vocal,0.212766,14,0,-0.730013,-0.634035,-1.364048,0.185523,-0.529124,-0.343601
hs1_0154c,HS1,vocal,0.0851064,10,0.0212766,-0.566908,0.100599,-0.466308,0.231008,0.183246,0.414254
hs1_0154d,HS1,vocal,0.0833333,10,0,-0.579394,-0.634035,-1.213430,0.218564,-0.529124,-0.310560
hs1_0154e,HS1,vocal,0.131579,12,0,-0.770700,-0.634035,-1.404736,0.086451,-0.529124,-0.442673
hs1_0154f,HS1,vocal,0.285714,9,0,1.111434,-0.634035,0.477398,1.874237,-0.529124,1.345113
hs1_0154g,HS1,vocal,0,10,0.0571429,-1.166278,1.338983,0.172706,-0.366274,1.384099,1.017825
hs1_0154h,HS1,vocal,0.0357143,8,0,-0.383676,-0.634035,-1.017711,0.355074,-0.529124,-0.174050
hs1_0154i,HS1,vocal,0,15,0.1,-2.493979,2.818748,0.324769,-1.543032,2.819016,1.275984
hs1_0154j,HS1,vocal,0.12766,12,0,-0.798303,-0.634035,-1.432338,0.058945,-0.529124,-0.470179
hs1_0154k,HS1,vocal,0.0769231,6,0,0.437621,-0.634035,-0.196414,1.114983,-0.529124,0.585859
hs1_0154l,HS1,vocal,0.258065,9,0.0322581,0.916708,0.479766,1.396473,1.680189,0.550921,2.231110
hs1_0154m,HS1,vocal,0,12,0.030303,-1.697358,0.412262,-1.285096,-0.836977,0.485464,-0.351513
hs1_0154n,HS1,vocal,0.0425532,12,0.0638298,-1.397673,1.569869,0.172195,-0.538336,1.607987,1.069650
hs1_0155,HS1,vocal,0.30303,12,0,0.436763,-0.634035,-0.197272,1.289707,-0.529124,0.760583
hs1_0156,HS1,vocal,0.210526,10,0,0.316375,-0.634035,-0.317661,1.111212,-0.529124,0.582088
hs1_0157,HS1,vocal,0.0769231,8,0.0153846,-0.093459,-0.102838,-0.196297,0.644280,-0.014026,0.630254
hs1_0158a,HS1,vocal,0.410256,7,0,2.519615,-0.634035,1.885579,3.218984,-0.529124,2.689860
hs1_0158b,HS1,vocal,0.230769,8,0,0.990018,-0.634035,0.355983,1.723981,-0.529124,1.194857
hs1_0159a,HS1,vocal,0.326531,12,0,0.602266,-0.634035,-0.031769,1.454633,-0.529124,0.925509
hs1_0159b,HS1,vocal,0.160714,10,0,-0.034431,-0.634035,-0.668467,0.761628,-0.529124,0.232504
hs1_0159c,HS1,vocal,0.147541,12,0,-0.658286,-0.634035,-1.292321,0.198474,-0.529124,-0.330650
hs1_0160a,HS1,vocal,0.08,14,0,-1.665031,-0.634035,-2.299066,-0.746236,-0.529124,-1.275360
hs1_0160b,HS1,vocal,0.134328,14,0,-1.282418,-0.634035,-1.916453,-0.364956,-0.529124,-0.894080
hs1_0160c,HS1,vocal,0.0704225,17,0,-2.529101,-0.634035,-3.163137,-1.519506,-0.529124,-2.048630
hs1_0160d,HS1,vocal,0.481481,7,0,3.021224,-0.634035,2.387189,3.718846,-0.529124,3.189722
hs1_0161a,HS1,vocal,0,8,0.0958904,-0.635197,2.676852,2.041655,0.104429,2.681421,2.785850
hs1_0161b,HS1,vocal,0.0754717,8,0.0566038,-0.103680,1.320370,1.216690,0.634094,1.366049,2.000144
hs1_0161c,HS1,vocal,0,8,0.0588235,-0.635197,1.397013,0.761816,0.104429,1.440370,1.544799
hs1_0161d,HS1,vocal,0,12,0.030303,-1.697358,0.412262,-1.285096,-0.836977,0.485464,-0.351513
hs1_0161e,HS1,vocal,0,8,0.0793651,-0.635197,2.106269,1.471071,0.104429,2.128130,2.232559
hs1_0161f,HS1,vocal,0.0967742,12,0.0322581,-1.015816,0.479766,-0.536051,-0.157810,0.550921,0.393111
hs1_0161g,HS1,vocal,0.115385,12,0.0384615,-0.884751,0.693958,-0.190792,-0.027201,0.758622,0.731421
hs1_0161h,HS1,vocal,0.0869565,12,0.0144928,-1.084958,-0.133632,-1.218590,-0.226711,-0.043886,-0.270598
hs1_0161i,HS1,vocal,0.0246914,14,0.037037,-2.054547,0.644773,-1.409774,-1.134395,0.710928,-0.423467
hs1_0161j,HS1,vocal,0.0298507,15,0.0149254,-2.283752,-0.118695,-2.402447,-1.333538,-0.029402,-1.362940
hs1_0162a,HS1,vocal,0.177778,14,0,-0.976421,-0.634035,-1.610456,-0.060026,-0.529124,-0.589150
hs1_0162b,HS1,vocal,0.0517241,14,0,-1.864166,-0.634035,-2.498202,-0.944677,-0.529124,-1.473802
hs1_0162c,HS1,vocal,0.275,12,0,0.239357,-0.634035,-0.394679,1.092989,-0.529124,0.563865
hs1_0162d,HS1,vocal,0.1,12,0,-0.993098,-0.634035,-1.627134,-0.135171,-0.529124,-0.664296
hs1_0162e,HS1,vocal,0.28125,14,0,-0.247707,-0.634035,-0.881743,0.666148,-0.529124,0.137024
hs1_0162f,HS1,vocal,0.0645161,10,0,-0.711917,-0.634035,-1.345952,0.086504,-0.529124,-0.442620
hs1_0162g,HS1,vocal,0.179104,10,0,0.095083,-0.634035,-0.538952,0.890692,-0.529124,0.361568
hs1_0162h,HS1,vocal,0.338983,10,0,1.221044,-0.634035,0.587009,2.012729,-0.529124,1.483605
hs1_0162i,HS1,vocal,0.129032,12,0,-0.788636,-0.634035,-1.422671,0.068579,-0.529124,-0.460545
hs1_0162j,HS1,vocal,0.15493,10,0,-0.075171,-0.634035,-0.709206,0.721031,-0.529124,0.191907
hs1_0162k,HS1,vocal,0.148148,10,0.0246914,-0.122930,0.218504,0.095574,0.673438,0.297577,0.971015
hs1_0162l,HS1,vocal,0.140845,10,0,-0.174362,-0.634035,-0.808398,0.622185,-0.529124,0.093061
hs1_0162m,HS1,vocal,0.242857,12,0,0.012988,-0.634035,-0.621048,0.867408,-0.529124,0.338284
hs1_0162n,HS1,vocal,0.136986,13,0.0273973,-0.998159,0.311933,-0.686226,-0.110951,0.388175,0.277223
hs1_0162o,HS1,vocal,0.0769231,13,0,-1.421160,-0.634035,-2.055195,-0.532478,-0.529124,-1.061602
hs1_0162p,HS1,vocal,0.171875,13,0,-0.752452,-0.634035,-1.386487,0.133900,-0.529124,-0.395224
hs1_0162q,HS1,vocal,0.15493,13,0,-0.871791,-0.634035,-1.505827,0.014976,-0.529124,-0.514148
hs1_0162r,HS1,vocal,0.0923077,10,0,-0.516192,-0.634035,-1.150227,0.281547,-0.529124,-0.247577
hs1_0163a,HS1,vocal,0.145161,12,0,-0.675045,-0.634035,-1.309081,0.181773,-0.529124,-0.347351
hs1_0163b,HS1,vocal,0.15873,14,0.031746,-1.110566,0.462086,-0.648479,-0.193703,0.533777,0.340074
hs1_0164a,HS1,vocal,0.0240964,10,0.0361446,-0.996577,0.613958,-0.382618,-0.197164,0.681047,0.483883
hs1_0164b,HS1,vocal,0.0392157,14,0.0196078,-1.952258,0.042981,-1.909277,-1.032463,0.127374,-0.905089
hs1_0164c,HS1,vocal,0.0853659,12,0.0609756,-1.096161,1.471320,0.375159,-0.237875,1.512425,1.274550
hs1_0165a,HS1,vocal,0.136364,14,0,-1.268084,-0.634035,-1.902119,-0.350673,-0.529124,-0.879797
hs1_0165b,HS1,vocal,0.0813953,14,0.0465116,-1.655204,0.971910,-0.683294,-0.736443,1.028150,0.291707
hs1_0165c,HS1,vocal,0.0746269,14,0.0597015,-1.702871,1.427328,-0.275544,-0.783945,1.469765,0.685821
hs1_0165d,HS1,vocal,0.0606061,14,0.0454545,-1.801614,0.935411,-0.866203,-0.882344,0.992758,0.110414
hs1_0165e,HS1,vocal,0.047619,14,0.047619,-1.893077,1.010147,-0.882930,-0.973487,1.065228,0.091741
hs1_0165f,HS1,vocal,0.205882,15,0.0735294,-1.044032,1.904776,0.860744,-0.098138,1.932744,1.834606
hs1_0165g,HS1,vocal,0.144578,15,0.0361446,-1.475772,0.613958,-0.861813,-0.528373,0.681047,0.152674
hs1_0165h,HS1,vocal,0.2625,12,0.0625,0.151324,1.523954,1.675278,1.005263,1.563463,2.568726
hs1_0165i,HS1,vocal,0.0454545,14,0.030303,-1.908320,0.412262,-1.496058,-0.988678,0.485464,-0.503214
hs1_0165j,HS1,vocal,0.3,10,0.04,0.946502,0.747078,1.693580,1.739143,0.810132,2.549275
hs1_0165k,HS1,vocal,0.146067,12,0.0337079,-0.668664,0.529824,-0.138840,0.188132,0.599462,0.787595
hs1_0165l,HS1,vocal,0.244898,10,0.0204082,0.558441,0.070614,0.629055,1.352434,0.154170,1.506604
hs1_0165m,HS1,vocal,0.117647,14,0.0196078,-1.399897,0.042981,-1.356917,-0.482027,0.127374,-0.354653
hs1_0165n,HS1,vocal,0.45098,12,0.0588235,1.478716,1.397013,2.875730,2.328029,1.440370,3.768399
hs1_0165o,HS1,vocal,0.404255,9,0,1.946271,-0.634035,1.312236,2.706165,-0.529124,2.177041
hs1_0166,HS1,vocal,0.131988,14,0.0015528,-1.298903,-0.580421,-1.879324,-0.381384,-0.477134,-0.858518
hs1_0167a,HS1,vocal,0,12,0.0769231,-1.697358,2.021951,0.324593,-0.836977,2.046368,1.209391
hs1_0167b,HS1,vocal,0.128205,10,0,-0.263380,-0.634035,-0.897416,0.533477,-0.529124,0.004353
hs1_0167c,HS1,vocal,0.170213,14,0.0212766,-1.029698,0.100599,-0.929099,-0.113117,0.183246,0.070129
hs1_0168a,HS1,vocal,0.175,7,0,0.862798,-0.634035,0.228762,1.567941,-0.529124,1.038817
hs1_0168b,HS1,vocal,0.210526,8,0.131579,0.847455,3.909100,4.756555,1.581915,3.876323,5.458238
hs1_0169,HS1,vocal,0.152174,7,0.0434783,0.702043,0.867175,1.569217,1.407746,0.926589,2.334335
hs1_0170a,HS1,vocal,0.154762,14,0,-1.138512,-0.634035,-1.772548,-0.221553,-0.529124,-0.750677
hs1_0170b,HS1,vocal,0.147541,12,0,-0.658286,-0.634035,-1.292321,0.198474,-0.529124,-0.330650
hs1_0170c,HS1,vocal,0.155844,14,0,-1.130891,-0.634035,-1.764926,-0.213957,-0.529124,-0.743081
hs1_0170d,HS1,vocal,0.126984,14,0,-1.334140,-0.634035,-1.968176,-0.416499,-0.529124,-0.945623
hs1_0170e,HS1,vocal,0.205882,12,0.0294118,-0.247411,0.381489,0.134078,0.607917,0.455623,1.063540
hs1_0170f,HS1,vocal,0.172414,12,0,-0.483117,-0.634035,-1.117152,0.373033,-0.529124,-0.156091
hs1_0171a,HS1,vocal,0.156863,12,0.0196078,-0.592637,0.042981,-0.549656,0.263895,0.127374,0.391269
hs1_0171b,HS1,vocal,0.12069,12,0.0172414,-0.847389,-0.038728,-0.886117,0.010030,0.048141,0.058171
hs1_0172a,HS1,vocal,0.0649351,14,0,-1.771127,-0.634035,-2.405162,-0.851962,-0.529124,-1.381087
hs1_0172b,HS1,vocal,0.030303,12,0,-1.483946,-0.634035,-2.117982,-0.624309,-0.529124,-1.153433
hs1_0172c,HS1,vocal,0.027027,12,0.0810811,-1.507018,2.165518,0.658501,-0.647300,2.185584,1.538284
hs1_0172d,HS1,vocal,0.127273,12,0,-0.801027,-0.634035,-1.435063,0.056230,-0.529124,-0.472894
hs1_0172e,HS1,vocal,0.0285714,12,0.0857143,-1.496141,2.325493,0.829352,-0.636461,2.340710,1.704249
hs1_0173,HS1,vocal,0.30303,12,0,0.436763,-0.634035,-0.197272,1.289707,-0.529124,0.760583
hs1_0174a,HS1,vocal,0.102564,14,0.0641026,-1.506121,1.579287,0.073166,-0.587880,1.617119,1.029240
hs1_0174b,HS1,vocal,0.0824742,17,0.0206186,-2.444226,0.077879,-2.366348,-1.434927,0.161214,-1.273712
hs1_0174c,HS1,vocal,0.144444,12,0.0222222,-0.680094,0.133250,-0.546844,0.176742,0.214907,0.391649
hs1_0174d,HS1,vocal,0.0925926,13,0.0277778,-1.310806,0.325071,-0.985735,-0.422509,0.400915,-0.021594
hs1_0174e,HS1,vocal,0.0116279,11,0.0116279,-1.349927,-0.232549,-1.582476,-0.520020,-0.139805,-0.659826
hs1_0174f,HS1,vocal,0.0309278,13,0.0206186,-1.745086,0.077879,-1.667207,-0.855276,0.161214,-0.694061
hs1_0174g,HS1,vocal,0.197531,13,0.037037,-0.571768,0.644773,0.073006,0.313954,0.710928,1.024882
hs1_0174h,HS1,vocal,0.0133333,14,0.133333,-2.134537,3.969675,1.835138,-1.214106,3.935063,2.720956
hs1_0174i,HS1,vocal,0.0263158,14,0.118421,-2.043107,3.454787,1.411679,-1.122995,3.435778,2.312784
hs1_0174j,HS1,vocal,0.142857,9,0,0.105348,-0.634035,-0.528687,0.871657,-0.529124,0.342533
hs1_0174k,HS1,vocal,0.142857,7,0,0.636428,-0.634035,0.002393,1.342361,-0.529124,0.813237
hs1_0174l,HS1,vocal,0.136364,7,0,0.590697,-0.634035,-0.043338,1.296789,-0.529124,0.767665
hs1_0175a,HS1,vocal,0.238095,12,0.015873,-0.020549,-0.085975,-0.106523,0.833989,0.002327,0.836316
hs1_0175b,HS1,vocal,0.0519481,14,0.012987,-1.862589,-0.185622,-2.048211,-0.943106,-0.094301,-1.037407
hs1_0175c,HS1,vocal,0.206897,14,0.0172414,-0.771349,-0.038728,-0.810077,0.144331,0.048141,0.192473
hs1_0175d,HS1,vocal,0.126582,14,0.0126582,-1.336970,-0.196974,-1.533945,-0.419319,-0.105309,-0.524628
hs1_0175e,HS1,vocal,0.0327869,13,0.0163934,-1.731993,-0.068005,-1.799999,-0.842229,0.019751,-0.822477
hs1_0175f,HS1,vocal,0.0952381,14,0,-1.557715,-0.634035,-2.191750,-0.639294,-0.529124,-1.168418
hs1_0175g,HS1,vocal,0,12,0,-1.697358,-0.634035,-2.331394,-0.836977,-0.529124,-1.366101
hs1_0175h,HS1,vocal,0,12,0,-1.697358,-0.634035,-2.331394,-0.836977,-0.529124,-1.366101
hs1_0175i,HS1,vocal,0.0357143,12,0,-1.445837,-0.634035,-2.079872,-0.586332,-0.529124,-1.115456
hs1_0175j,HS1,vocal,0.142857,10,0,-0.160192,-0.634035,-0.794228,0.636306,-0.529124,0.107182
hs1_0175k,HS1,vocal,0.173913,10,0,0.058522,-0.634035,-0.575513,0.854258,-0.529124,0.325134
hs1_0175l,HS1,vocal,0.111111,12,0,-0.914847,-0.634035,-1.548883,-0.057193,-0.529124,-0.586317
hs1_0175m,HS1,vocal,0.137931,15,0.0114943,-1.522586,-0.237164,-1.759750,-0.575024,-0.144280,-0.719305
hs1_0176a,HS1,vocal,0.280702,12,0,0.279512,-0.634035,-0.354523,1.133004,-0.529124,0.603880
hs1_0176b,HS1,vocal,0.189655,12,0.0172414,-0.361693,-0.038728,-0.400421,0.494034,0.048141,0.542175
hs1_0176c,HS1,vocal,0.208333,12,0.0694444,-0.230150,1.763731,1.533581,0.625118,1.795973,2.421091
hs1_0176d,HS1,vocal,0.192982,12,0.0175439,-0.338260,-0.028284,-0.366544,0.517385,0.058269,0.575654
hs1_0176e,HS1,vocal,0.225806,12,0.016129,-0.107094,-0.077135,-0.184229,0.747745,0.010898,0.758644
hs1_0176f,HS1,vocal,0.183333,14,0.0833333,-0.937295,2.243284,1.305988,-0.021037,2.260993,2.239956
hs1_0176g,HS1,vocal,0.280702,12,0.0175439,0.279512,-0.028284,0.251228,1.133004,0.058269,1.191273
hs1_0176h,HS1,vocal,0.255814,12,0.0465116,0.104237,0.971910,1.076147,0.958340,1.028150,1.986490
hs1_0177a,HS1,vocal,0.0645161,11,0.0645161,-0.977457,1.593566,0.616110,-0.148848,1.630966,1.482119
hs1_0177b,HS1,vocal,0.0842105,13,0.0842105,-1.369837,2.273571,0.903734,-0.481335,2.290362,1.809028
hs1_0177c,HS1,vocal,0.0288462,11,0.0576923,-1.228666,1.357955,0.129289,-0.399182,1.402495,1.003314
hs1_0177d,HS1,vocal,0.0285714,11,0.0285714,-1.230601,0.352474,-0.878127,-0.401110,0.427487,0.026378
hs1_0177e,HS1,vocal,0.358491,12,0.0754717,0.827348,1.971839,2.799186,1.678930,1.997774,3.676704
hs1_0177f,HS1,vocal,0.106195,11,0.0176991,-0.683931,-0.022923,-0.706855,0.143655,0.063467,0.207122
hs1_0177g,HS1,vocal,0.0357143,11,0.0178571,-1.180297,-0.017467,-1.197764,-0.350981,0.068758,-0.282223
hs1_0177h,HS1,vocal,0.0294118,11,0.0147059,-1.224683,-0.126273,-1.350956,-0.395212,-0.036751,-0.431963
hs1_0177i,HS1,vocal,0.10687,13,0.0229008,-1.210254,0.156678,-1.053576,-0.322307,0.237626,-0.084682
hs1_0178,HS1,vocal,0.237288,14,0.118644,-0.557313,3.462487,2.905174,0.357621,3.443245,3.800867
hs1_0179a,HS1,vocal,0.0491803,14,0.0409836,-1.882081,0.781040,-1.101042,-0.962530,0.843064,-0.119466
hs1_0179b,HS1,vocal,0.0653595,16,0.0326797,-2.299218,0.494325,-1.804893,-1.319687,0.565039,-0.754648
hs1_0179c,HS1,vocal,0.132231,9,0.0413223,0.030515,0.792734,0.823250,0.797085,0.854405,1.651490
hs1_0179d,HS1,vocal,0.188811,9,0.0699301,0.428984,1.780498,2.209482,1.194166,1.812233,3.006398
hs1_0179e,HS1,vocal,0.194245,9,0.057554,0.467249,1.353178,1.820427,1.232298,1.397863,2.630160
hs1_0179f,HS1,vocal,0.162602,14,0.0406504,-1.083300,0.769535,-0.313765,-0.166533,0.831908,0.665376
hs1_0179g,HS1,vocal,0.277778,9,0.015873,1.055540,-0.085975,0.969566,1.818538,0.002327,1.820865
hs1_0180a,HS1,vocal,0.176056,12,0.028169,-0.457464,0.338579,-0.118884,0.398596,0.414014,0.812610
hs1_0180b,HS1,vocal,0.164474,14,0.0986842,-1.070116,2.773316,1.703200,-0.153395,2.774961,2.621567
hs1_0180c,HS1,vocal,0.12844,12,0.0275229,-0.792804,0.316272,-0.476532,0.064425,0.392382,0.456807
hs1_0180d,HS1,vocal,0.00854701,14,0.025641,-2.168245,0.251294,-1.916952,-1.247697,0.329373,-0.918324
hs1_0180e,HS1,vocal,0.149123,12,0.0175439,-0.647146,-0.028284,-0.675430,0.209575,0.058269,0.267844
hs1_0180f,HS1,vocal,0.124031,12,0.124031,-0.823857,3.648486,2.824629,0.033480,3.623608,3.657087
hs1_0180g,HS1,vocal,0.372549,12,0.0130719,0.926356,-0.182691,0.743664,1.777593,-0.091459,1.686135
hs1_0180h,HS1,vocal,0.210884,12,0.0136054,-0.212184,-0.164269,-0.376453,0.643021,-0.073595,0.569426
hs1_0180i,HS1,vocal,0.213333,12,0.0133333,-0.194937,-0.173664,-0.368601,0.660208,-0.082705,0.577503
hs1_0180j,HS1,vocal,0.137681,14,0.0217391,-1.258805,0.116570,-1.142236,-0.341426,0.198732,-0.142694
hs1_0180k,HS1,vocal,0.156716,14,0.0373134,-1.124748,0.654316,-0.470431,-0.207836,0.720182,0.512346
hs1_0180l,HS1,vocal,0.153439,14,0.010582,-1.147828,-0.268662,-1.416490,-0.230836,-0.174824,-0.405659
hs1_0180m,HS1,vocal,0.155556,14,0.0111111,-1.132923,-0.250393,-1.383316,-0.215983,-0.157109,-0.373091
hs1_0180n,HS1,vocal,0.116438,11,0.0136986,-0.611789,-0.161051,-0.772841,0.215546,-0.070475,0.145071
hs1_0180o,HS1,vocal,0.15493,9,0,0.190369,-0.634035,-0.443666,0.956382,-0.529124,0.427258
hs1_0181a,HS1,vocal,0.232143,12,0.0714286,-0.062469,1.832238,1.769769,0.792215,1.862404,2.654619
hs1_0181b,HS1,vocal,0.175258,17,0.0618557,-1.790789,1.501707,-0.289082,-0.783767,1.541890,0.758124
hs1_0181c,HS1,vocal,0.150943,13,0.0566038,-0.899864,1.320370,0.420506,-0.012999,1.366049,1.353050
hs1_0181d,HS1,vocal,0.145455,14,0.0363636,-1.204060,0.621522,-0.582538,-0.286872,0.688381,0.401509
hs1_0181e,HS1,vocal,0.175824,13,0.0989011,-0.724639,2.780805,2.056166,0.161615,2.782223,2.943838
hs1_0181f,HS1,vocal,0.0606061,15,0.0606061,-2.067155,1.458560,-0.608594,-1.117695,1.500052,0.382356
hs1_0181g,HS1,vocal,0.197674,13,0.0697674,-0.570757,1.774883,1.204126,0.314962,1.806788,2.121749
hs1_0181h,HS1,vocal,0.202247,13,0.0674157,-0.538552,1.693683,1.155131,0.347054,1.728049,2.075103
hs1_0181i,HS1,vocal,0.188119,13,0.0693069,-0.638053,1.758982,1.120930,0.247900,1.791369,2.039269
hs1_0181j,HS1,vocal,0.166667,13,0.0784314,-0.789132,2.074030,1.284898,0.097347,2.096868,2.194215
hs1_0182a,HS1,vocal,0.00892857,12,0.0446429,-1.634478,0.907386,-0.727092,-0.774316,0.965581,0.191265
hs1_0182b,HS1,vocal,0.0373832,12,0.0747664,-1.434083,1.947485,0.513401,-0.574620,1.974158,1.399538
hs1_0182c,HS1,vocal,0.0148148,10,0.0740741,-1.061943,1.923582,0.861639,-0.262303,1.950980,1.688677
hs1_0182d,HS1,vocal,0.12963,12,0.101852,-0.784429,2.882688,2.098259,0.072771,2.881018,2.953789
hs1_0182e,HS1,vocal,0.018018,12,0.108108,-1.570465,3.098703,1.528238,-0.710526,3.090487,2.379961
hs1_0182f,HS1,vocal,0.018018,12,0.0990991,-1.570465,2.787641,1.217177,-0.710526,2.788852,2.078327
hs1_0182g,HS1,vocal,0.057377,12,0.0409836,-1.293275,0.781040,-0.512235,-0.434302,0.843064,0.408763
hs1_0182h,HS1,vocal,0.180952,12,0.047619,-0.422983,1.010147,0.587164,0.432957,1.065228,1.498185
hs1_0182i,HS1,vocal,0.201923,8,0.0480769,0.786866,1.025956,1.812822,1.521537,1.080559,2.602096
hs1_0183,HS1,vocal,0,17,0.0465116,-3.025059,0.971910,-2.053149,-2.013735,1.028150,-0.985585
hs1_0184,HS1,vocal,0.280992,13,0.0247934,0.016014,0.222026,0.238040,0.899687,0.300993,1.200681
hs1_0185a,HS1,vocal,0.439024,8,0,2.456676,-0.634035,1.822640,3.185528,-0.529124,2.656404
hs1_0185b,HS1,vocal,0.0833333,13,0.104167,-1.376015,2.962613,1.586598,-0.487491,2.958522,2.471031
hs1_0185c,HS1,vocal,0.0681818,10,0,-0.686101,-0.634035,-1.320136,0.112230,-0.529124,-0.416894
hs1_0186a,HS1,vocal,0.132075,15,0,-1.563824,-0.634035,-2.197860,-0.616119,-0.529124,-1.145243
hs1_0186b,HS1,vocal,0.0877193,9,0,-0.282966,-0.634035,-0.917001,0.484697,-0.529124,-0.044427
hs1_0186c,HS1,vocal,0.135593,14,0,-1.273510,-0.634035,-1.907545,-0.356079,-0.529124,-0.885204
hs1_0187a,HS1,vocal,0.214286,9,0.125,0.608391,3.681943,4.290334,1.372947,3.656051,5.028998
hs1_0187b,HS1,vocal,0.160714,9,0.196429,0.231109,6.148217,6.379326,0.996980,6.047579,7.044559
hs1_0187c,HS1,vocal,0.313725,9,0.0196078,1.308706,0.042981,1.351686,2.070821,0.127374,2.198195
hs1_0187d,HS1,vocal,0.358491,12,0.0566038,0.827348,1.320370,2.147718,1.678930,1.366049,3.044980
hs1_0187e,HS1,vocal,0.0701754,14,0.105263,-1.734221,3.000473,1.266252,-0.815185,2.995234,2.180049
hs1_0187f,HS1,vocal,0.169231,14,0.0153846,-1.036614,-0.102838,-1.139452,-0.120009,-0.014026,-0.134035
hs1_0187g,HS1,vocal,0.0606061,14,0.0454545,-1.801614,0.935411,-0.866203,-0.882344,0.992758,0.110414
hs1_0187h,HS1,vocal,0.126984,12,0.015873,-0.803060,-0.085975,-0.889034,0.054205,0.002327,0.056531
hs1_0187i,HS1,vocal,0.150943,10,0.0943396,-0.103244,2.623307,2.520063,0.693056,2.629499,3.322554
hs1_0187j,HS1,vocal,0.2,12,0.0909091,-0.288838,2.504858,2.216020,0.566634,2.514640,3.081274
hs1_0188a,HS1,vocal,0.0222222,8,0.2,-0.478695,6.271531,5.792835,0.260386,6.167156,6.427542
hs1_0188b,HS1,vocal,0.0243902,10,0.170732,-0.994507,5.260960,4.266453,-0.195102,5.187212,4.992111
hs1_0189a,HS1,vocal,0.274194,12,0.0645161,0.233677,1.593566,1.827244,1.087329,1.630966,2.718295
hs1_0189b,HS1,vocal,0.238806,9,0.0597015,0.781077,1.427328,2.208405,1.545032,1.469765,3.014797
hs1_0190a,HS1,vocal,0.247312,14,0.107527,-0.486720,3.078634,2.591914,0.427968,3.071026,3.498995
hs1_0190b,HS1,vocal,0.0813953,14,0.151163,-1.655204,4.585288,2.930084,-0.736443,4.532018,3.795574
hs1_0190c,HS1,vocal,0.145833,7,0.125,0.657389,3.681943,4.339332,1.363248,3.656051,5.019299
hs1_0191a,HS1,vocal,0.375,5,0.0625,2.802398,1.523954,4.326352,3.442256,1.563463,5.005719
hs1_0191b,HS1,vocal,0.0980392,10,0.0196078,-0.475827,0.042981,-0.432846,0.321771,0.127374,0.449145
hs1_0192,HS1,vocal,0.0454545,7,0.0454545,-0.049539,0.935411,0.885872,0.658784,0.992758,1.651541
hs1_0193,HS1,vocal,0.212121,12,0.0909091,-0.203473,2.504858,2.301385,0.651702,2.514640,3.166341
hs1_0194a,HS1,vocal,0.028169,12,0.0985915,-1.498975,2.770117,1.271142,-0.639285,2.771859,2.132574
hs1_0194b,HS1,vocal,0.224138,8,0.0344828,0.943316,0.556579,1.499896,1.677442,0.625407,2.302849
hs1_0195,HS1,vocal,0.0810811,14,0,-1.657417,-0.634035,-2.291452,-0.738649,-0.529124,-1.267773
hs1_0196,HS1,vocal,0.0833333,12,0,-1.110475,-0.634035,-1.744510,-0.252139,-0.529124,-0.781263
hs1_0197a,HS1,vocal,0,12,0.075,-1.697358,1.955552,0.258194,-0.836977,1.981981,1.145004
hs1_0197b,HS1,vocal,0.0263158,12,0,-1.512027,-0.634035,-2.146062,-0.652291,-0.529124,-1.181416
hs1_0197c,HS1,vocal,0,12,0,-1.697358,-0.634035,-2.331394,-0.836977,-0.529124,-1.366101
hs1_0197d,HS1,vocal,0,8,0.0285714,-0.635197,0.352474,-0.282723,0.104429,0.427487,0.531917
hs1_0197e,HS1,vocal,0.0655738,12,0,-1.235548,-0.634035,-1.869584,-0.376777,-0.529124,-0.905901
hs1_0198,HS1,vocal,0.0606061,10,0,-0.739454,-0.634035,-1.373489,0.059063,-0.529124,-0.470061
hs1_0199,HS1,vocal,0.0882353,12,0,-1.075952,-0.634035,-1.709988,-0.217737,-0.529124,-0.746861
hs1_0200,HS1,vocal,0.142857,12,0,-0.691272,-0.634035,-1.325308,0.165602,-0.529124,-0.363522
hs1_0201,HS1,vocal,0.0294118,12,0,-1.490223,-0.634035,-2.124258,-0.630564,-0.529124,-1.159688
hs1_0202a,HS1,vocal,0.333333,5,0,2.508957,-0.634035,1.874921,3.149837,-0.529124,2.620713
hs1_0202b,HS1,vocal,0.133333,9,0.0666667,0.038276,1.667820,1.706096,0.804819,1.702969,2.507788
hs1_0202c,HS1,vocal,0.105263,9,0.0526316,-0.159411,1.183219,1.023807,0.607821,1.233055,1.840875
hs1_0202d,HS1,vocal,0.390244,17,0.0487805,-0.276727,1.050249,0.773522,0.725019,1.104115,1.829134
hs1_0202e,HS1,vocal,0.333333,17,0.0222222,-0.677526,0.133250,-0.544276,0.325617,0.214907,0.540524
hs1_0203,HS1,vocal,0.0588235,9,0,-0.486467,-0.634035,-1.120502,0.281905,-0.529124,-0.247219
hs1_0204,HS1,vocal,0.0625,13,0,-1.522736,-0.634035,-2.156771,-0.633700,-0.529124,-1.162824
hs1_0205,HS1,vocal,0.24,8,0.04,1.055027,0.747078,1.802104,1.788763,0.810132,2.598895
hs1_0206,HS1,vocal,0.116279,10,0.0697674,-0.347371,1.774883,1.427512,0.449779,1.806788,2.256567
hs1_0207,HS1,vocal,0.128205,9,0.025641,0.002160,0.251294,0.253453,0.768829,0.329373,1.098202
hs1_0208,HS1,vocal,0.205128,9,0,0.543898,-0.634035,-0.090137,1.308679,-0.529124,0.779555
hs1_0209a,HS1,vocal,0.177778,10,0.0222222,0.085740,0.133250,0.218990,0.881381,0.214907,1.096288
hs1_0209b,HS1,vocal,0.078125,12,0.03125,-1.147155,0.444959,-0.702196,-0.288691,0.517170,0.228478
hs1_0209c,HS1,vocal,0.181818,8,0.0606061,0.645275,1.458560,2.103836,1.380440,1.500052,2.880491
hs1_0210,HS1,vocal,0.282051,9,0.025641,1.085637,0.251294,1.336930,1.848530,0.329373,2.177903
hs1_0211,HS1,vocal,0.0925926,8,0.037037,0.016895,0.644773,0.661668,0.754250,0.710928,1.465177
hs1_0212,HS1,vocal,0.0652174,10,0,-0.706978,-0.634035,-1.341013,0.091426,-0.529124,-0.437699
hs1_0213,HS1,vocal,0.0930233,10,0,-0.511152,-0.634035,-1.145188,0.286569,-0.529124,-0.242555
hs1_0214,HS1,vocal,0.189655,12,0.0172414,-0.361693,-0.038728,-0.400421,0.494034,0.048141,0.542175
hs1_0215a,HS1,vocal,0.148936,14,0,-1.179541,-0.634035,-1.813576,-0.262438,-0.529124,-0.791562
hs1_0215b,HS1,vocal,0.097561,14,0,-1.541356,-0.634035,-2.175391,-0.622992,-0.529124,-1.152116
hs1_0216,HS1,vocal,0.3,7,0.0777778,1.743123,2.051462,3.794585,2.445198,2.074985,4.520183
hs1_0217,HS1,vocal,0.105263,14,0.131579,-1.487112,3.909100,2.421988,-0.568938,3.876323,3.307386
hs1_0218,HS1,vocal,0.142857,10,0.142857,-0.160192,4.298512,4.138320,0.636306,4.253933,4.890239
hs1_0219,HS1,vocal,0,7,0.0886076,-0.369657,2.425393,2.055735,0.339781,2.437582,2.777363
hs1_0220a,HS1,vocal,0.19403,9,0,0.465737,-0.634035,-0.168298,1.230790,-0.529124,0.701666
hs1_0220b,HS1,vocal,0.153846,9,0.0192308,0.182739,0.029961,0.212701,0.948779,0.114749,1.063528
hs1_0221,HS1,vocal,0.227273,15,0.0681818,-0.893388,1.720135,0.826747,0.051981,1.753699,1.805680
hs1_0222,HS1,vocal,0.12766,14,0.106383,-1.329383,3.039138,1.709755,-0.411758,3.032727,2.620969
hs1_0223,HS1,vocal,0.111111,14,0.047619,-1.445927,1.010147,-0.435781,-0.527896,1.065228,0.537332
hs1_0224,HS1,vocal,0.269231,12,0.0384615,0.198726,0.693958,0.892684,1.052500,0.758622,1.811122
hs1_0225,HS1,vocal,0,15,0,-2.493979,-0.634035,-3.128014,-1.543032,-0.529124,-2.072156
hs1_0226,HS1,vocal,0.0671642,13,0.0298507,-1.489888,0.396646,-1.093242,-0.600967,0.470321,-0.130646
hs1_0227a,HS1,vocal,0.164179,12,0.0298507,-0.541110,0.396646,-0.144464,0.315241,0.470321,0.785562
hs1_0227b,HS1,vocal,0.0638298,14,0.0212766,-1.778911,0.100599,-1.678312,-0.859719,0.183246,-0.676473
hs1_0228,HS1,vocal,0.3125,9,0,1.300075,-0.634035,0.666039,2.062221,-0.529124,1.533097
hs1_0229,HS1,vocal,0,17,0.0322581,-3.025059,0.479766,-2.545294,-2.013735,0.550921,-1.462814
hs1_0230,HS1,vocal,0.173077,14,0.00961538,-1.009527,-0.302037,-1.311564,-0.093017,-0.207188,-0.300204
hs1_0231,HS1,vocal,0.337349,12,0.0843373,0.678459,2.277950,2.956409,1.530560,2.294608,3.825169
hs1_0232,HS1,vocal,0.0645161,14,0,-1.774077,-0.634035,-2.408113,-0.854903,-0.529124,-1.384027
hs1_0233,HS1,vocal,0.0677966,12,0.0508475,-1.219894,1.121617,-0.098277,-0.361177,1.173320,0.812143
hs1_0234a,HS1,vocal,0.0729927,12,0.0291971,-1.183300,0.374076,-0.809223,-0.324710,0.448435,0.123725
hs1_0234b,HS1,vocal,0.233083,12,0.0225564,-0.055850,0.144788,0.088938,0.798811,0.226095,1.024906
hs1_0235,HS1,vocal,0.237288,14,0.101695,-0.557313,2.877269,2.319956,0.357621,2.875764,3.233385
hs1_0236,HS1,vocal,0.0232558,12,0,-1.533577,-0.634035,-2.167612,-0.673767,-0.529124,-1.202891
hs1_0237,HS1,vocal,0.108696,10,0,-0.400778,-0.634035,-1.034813,0.396558,-0.529124,-0.132566
