file,form,group,n,rep,rng,gap,zrep,zrng,zgap,core,aug
acem--ilahi--duyek--aldanma_dunya--zekai_dede.txt,ilahi,vocal,266,0.12830188679245283,14.037735849056604,0.026415094339622643,-0.34076705229607585,-0.57728203710474,-0.21968584121185686,0.23651498480866417,0.016829143596807317
acem--ilahi--nimevsat--calabim_bir--haci_bayram_veli.txt,ilahi,vocal,266,0.2,16.07547169811321,0.011320754716981131,0.563018810428838,-0.23493541799859222,-0.7284574939352095,0.7979542284274301,0.0694967344922206
acem--selam--devrikebir--asik-i_ger--huseyin_fahreddin_dede.txt,selam,vocal,1123,0.1746880570409982,18.79245283018868,0.0338680926916221,0.2439507738931543,0.22152674080960472,0.03152583045368436,0.022424033083549594,0.05394986353723395
acem--turku--duyek--ordunun_dereleri--ordu.txt,turku,vocal,492,0.31771894093686354,9.962264150943396,0.02240325865580448,2.0469171981828844,-1.2619752753170357,-0.35490926418618995,3.3088924734999203,2.9539832093137304
acemasiran--aranagme--agiraksak--1--.txt,aranagme,flagged,148,0.034013605442176874,24.0,0.02040816326530612,-1.5293117976554054,1.0964125451919824,-0.42215619280584415,-2.6257243428473878,-3.047880535653232
acemasiran--aranagme--aksak--1--.txt,aranagme,flagged,65,0.03125,16.9811320754717,0.0,-1.564148244767464,-0.08278136506252656,-1.1100362334777238,-1.4813668797049373,-2.591403113182661
acemasiran--aranagme--curcuna--1--.txt,aranagme,flagged,124,0.11382113821138211,17.88679245283019,0.024390243902439025,-0.5233031786145009,0.06937268787353908,-0.2879356970649895,-0.59267586648804,-0.8806115635530296
acemasiran--aranagme--semai--1--.txt,aranagme,flagged,101,0.25,21.056603773584907,0.0,1.1932905304870014,0.6019118731497691,-1.1100362334777238,0.5913786573372323,-0.5186575761404916
acemasiran--aranagme--senginsemai--1--.txt,aranagme,flagged,162,0.07453416149068323,21.962264150943398,0.018633540372670808,-1.0185325864872992,0.7540659260858348,-0.48197184851644237,-1.772598512573134,-2.254570361089576
acemasiran--aranagme--sofyan--1--.txt,aranagme,flagged,74,0.2602739726027397,12.90566037735849,0.0958904109589041,1.3227984181701855,-0.7674746032748223,2.1220576562545324,2.090273021445008,4.212330677699541
acemasiran--aranagme--yuruksemai--1--.txt,aranagme,flagged,82,0.1111111111111111,16.07547169811321,0.06172839506172839,-0.5574642474523418,-0.23493541799859222,0.9705885809001839,-0.3225288294537496,0.6480597514464342
acemasiran--beste--devrikebir--ber_kusa-yi--basmaci_abdi_efendi.txt,beste,vocal,550,0.18214936247723132,21.962264150943398,0.061930783242258654,0.33800377011663363,0.7540659260858348,0.9774103016030624,-0.41606215596920115,0.5613481456338613
acemasiran--beste--zencir--hayatin_cumleye--dellalzade_haci_ismail_efendi.txt,beste,vocal,603,0.19435215946843853,21.962264150943398,0.07973421926910298,0.4918253271000087,0.7540659260858348,1.577495088217062,-0.2622405989858261,1.315254489231236
acemasiran--fantezi--yuruksemai_ii--ey_benim--resat_erer.txt,fantezi,vocal,490,0.09815950920245399,26.943396226415093,0.006134969325153374,-0.7207248157019001,1.5909132172341955,-0.9032502089812693,-2.3116380329360955,-3.2148882419173646
acemasiran--ilahi--muhammes--ta_dil--calakzade_mustafa_efendi.txt,ilahi,vocal,371,0.12972972972972974,24.0,0.0,-0.3227684718150675,1.0964125451919824,-1.1100362334777238,-1.41918101700705,-2.529217250484774
acemasiran--mars--nimsofyan--korkma_sonmez--ali_rifat_cagatay.txt,mars,flagged,140,0.02877697841726619,16.9811320754717,0.04316546762589928,-1.595321756101276,-0.08278136506252656,0.3449042842023672,-1.5125403910387494,-1.1676361068363823
acemasiran--nakis--yuruksemai--ne_hevayi--dede_efendi.txt,nakis,vocal,742,0.203778677462888,24.0,0.05128205128205128,0.6106506813104265,1.0964125451919824,0.6184828430823841,-0.48576186388155584,0.13272097920082826
acemasiran--pesrev--devrikebir----dede_salih_efendi.txt,pesrev,instrumental,322,0.10903426791277258,26.037735849056602,0.08722741433021806,-0.5836437581505001,1.4387591642981299,1.8300616350637682,-2.02240292244863,-0.19234128738486178
acemasiran--pesrev--duyek--son_pesrev--huseyin_fahreddin_dede.txt,pesrev,instrumental,235,0.06837606837606838,26.037735849056602,0.02564102564102564,-1.0961580252798317,1.4387591642981299,-0.24577669519766987,-2.5349171895779614,-2.7806938847756313
acemasiran--pesrev--frenkcin----nuri_halil_poyraz.txt,pesrev,instrumental,618,0.04376012965964344,21.962264150943398,0.011345218800648298,-1.4064526259927816,0.7540659260858348,-0.7276329045466788,-2.1605185520786163,-2.888151456625295
acemasiran--pesrev--muhammes----gazi_giray_han.txt,pesrev,instrumental,270,0.10780669144981413,26.037735849056602,0.0,-0.599117892726735,1.4387591642981299,-1.1100362334777238,-2.0378770570248648,-3.1479132905025886
acemasiran--sarki--agiraksak--bir_haber--bimen_sen.txt,sarki,vocal,557,0.11151079136690648,24.0,0.01618705035971223,-0.5524261042064731,1.0964125451919824,-0.5644335393476898,-1.6488386493984555,-2.2132721887461453
acemasiran--sarki--agiraksak--bir_teselli--serif_icli.txt,sarki,vocal,479,0.11506276150627615,19.92452830188679,0.01882845188284519,-0.5076519776197579,0.4117193069796866,-0.47540213737667997,-0.9193712845994445,-1.3947734219761245
acemasiran--sarki--agiraksak--goncasindan_gulsenin--emin_ongan.txt,sarki,vocal,375,0.09358288770053476,24.0,0.0374331550802139,-0.7784151178232962,1.0964125451919824,0.1516902582359378,-1.8748276630152785,-1.7231374047793406
acemasiran--sarki--agiraksak--mahveder_her--neyzen_riza_bey.txt,sarki,vocal,357,0.17415730337078653,21.962264150943398,0.028089887640449437,0.23726039332012425,0.7540659260858348,-0.1632350539012602,-0.5168055327657105,-0.6800405866669708
acemasiran--sarki--agiraksak--ne_kadar--artaki_candan.txt,sarki,vocal,303,0.2152317880794702,18.79245283018868,0.056291390728476824,0.75502211587702,0.22152674080960472,0.7873282495675604,0.5334953750674152,1.3208236246349756
acemasiran--sarki--agirduyek--kime_halim--faize_ergin.txt,sarki,vocal,443,0.11538461538461539,21.962264150943398,0.04751131221719457,-0.5035948696695925,0.7540659260858348,0.4913858521588467,-1.2576607957554273,-0.7662749435965805
acemasiran--sarki--aksak--acildi_nevbahar--sadullah_aga.txt,sarki,vocal,370,0.08401084010840108,19.92452830188679,0.024390243902439025,-0.89907493583075,0.4117193069796866,-0.2879356970649895,-1.3107942428104367,-1.5987299398754262
acemasiran--sarki--aksak--dinle_sozum--iii_selim.txt,sarki,vocal,399,0.12814070351758794,19.92452830188679,0.007537688442211055,-0.3427988374939499,0.4117193069796866,-0.8559699872999191,-0.7545181444736365,-1.6104881317735558
acemasiran--sarki--aksak--dustum_bir--ali_riza_avni_tinaz.txt,sarki,vocal,309,0.02922077922077922,19.92452830188679,0.05519480519480519,-1.5897274541854087,0.4117193069796866,0.7503666037939508,-2.0014467611650955,-1.2510801573711445
acemasiran--sarki--aksak--gonlum_dusuyor--ismail_baha_surelsan.txt,sarki,vocal,265,0.0946969696969697,19.0188679245283,0.05303030303030303,-0.7643716302997186,0.25956525404362096,0.677409629783297,-1.0239368843433394,-0.3465272545600424
acemasiran--sarki--aksak--gordum_seni--irfan_dogrusoz.txt,sarki,vocal,433,0.09953703703703703,16.9811320754717,0.046296296296296294,-0.7033604789472869,-0.08278136506252656,0.4504323773057069,-0.6205791138847604,-0.1701467365790535
acemasiran--sarki--aksak--lutfeyle_meded--dede_efendi.txt,sarki,vocal,228,0.07488986784140969,21.962264150943398,0.03524229074889868,-1.0140487534171394,0.7540659260858348,0.0778447178146853,-1.768114679502974,-1.6902699616882888
acemasiran--sarki--aksak--o_tebessum--ismail_baha_surelsan.txt,sarki,vocal,270,0.12267657992565056,19.92452830188679,0.09293680297397769,-0.4116764889919651,0.4117193069796866,2.022502985195334,-0.8233957959716517,1.1991071892236822
acemasiran--sarki--aksak--oldu_gonul--dede_efendi.txt,sarki,vocal,199,0.06565656565656566,19.92452830188679,0.020202020202020204,-1.1304385384143083,0.4117193069796866,-0.42910447604495394,-1.5421578453939948,-1.9712623214389486
acemasiran--sarki--curcuna--ates-i_askinla--emin_ongan.txt,sarki,vocal,388,0.06976744186046512,17.88679245283019,0.002583979328165375,-1.0786191580947508,0.06937268787353908,-1.022940311015393,-1.1479918459682898,-2.1709321569836826
acemasiran--sarki--curcuna--neden_kalbim--nasibin_mehmet_yuru.txt,sarki,vocal,309,0.11038961038961038,17.88679245283019,0.11038961038961038,-0.566559077467611,0.06937268787353908,2.6107694410656257,-0.6359317653411501,1.9748376757244754
acemasiran--sarki--devrihindi--ey_gul-i_rana--neveser_kokdes.txt,sarki,vocal,302,0.10299003322259136,28.9811320754717,0.016611295681063124,-0.659833962042815,1.9332598363403437,-0.55013387479131,-2.593093798383159,-3.1432276731744686
acemasiran--sarki--devrihindi--neseyab_ol--ahmet_mukerrem_akinci.txt,sarki,vocal,462,0.14533622559652928,19.92452830188679,0.03253796095444685,-0.1260418119341001,0.4117193069796866,-0.013307752146202013,-0.5377611189137868,-0.5510688710599888
acemasiran--sarki--devrihindi--ruy-i_alemdir--dellalzade_haci_ismail_efendi.txt,sarki,vocal,296,0.15593220338983052,19.92452830188679,0.0,0.007525091055541368,0.4117193069796866,-1.1100362334777238,-0.40419421592414523,-1.514230449401869
acemasiran--sarki--duyek--bu_hal--sadettin_kaynak.txt,sarki,vocal,406,0.11604938271604938,19.92452830188679,0.056790123456790124,-0.4952151886811651,0.4117193069796866,0.8041385957499514,-0.9069344956608517,-0.10279589991090032
acemasiran--sarki--duyek--bulutlar_kokunu--sadettin_kaynak.txt,sarki,vocal,265,0.10606060606060606,16.9811320754717,0.1590909090909091,-0.6211280575592268,-0.08278136506252656,4.252301356305338,-0.5383466924967003,3.713954663808638
acemasiran--sarki--duyek--gonul_seni--sadettin_kaynak.txt,sarki,vocal,293,0.1095890410958904,21.962264150943398,0.08561643835616438,-0.5766506011831839,0.7540659260858348,1.7757618823546482,-1.3307165272690187,0.4450453550856295
acemasiran--sarki--duyek--pence-i_gamdan--misirli_udi_ibrahim_efendi.txt,sarki,vocal,359,0.0335195530726257,21.962264150943398,0.027932960893854747,-1.5355395423905223,0.7540659260858348,-0.16852444596593322,-2.289605468476357,-2.4581299144422903
acemasiran--sarki--duyek--ruhumda_derin--kemal_gurses.txt,sarki,vocal,456,0.1934065934065934,17.88679245283019,0.041758241758241756,0.47990605613545373,0.06937268787353908,0.29747215743550687,0.41053336826191467,0.7080055256974216
acemasiran--sarki--duyek--sim-ten_gonca--sakir_aga.txt,sarki,vocal,385,0.125,21.056603773584907,0.0390625,-0.3823887696584074,0.6019118731497691,0.20660915687079595,-0.9843006428081765,-0.7776914859373806
acemasiran--sarki--kapali_curcuna--gam_cekme--arif_sami_toker.txt,sarki,vocal,607,0.13036303630363036,17.88679245283019,0.02145214521452145,-0.31478536734193774,0.06937268787353908,-0.38696760986718365,-0.3841580552154768,-0.7711256650826604
acemasiran--sarki--raksaksagi--bana_tavr-i--sakir_aga.txt,sarki,vocal,272,0.03690036900369004,17.88679245283019,0.007380073800738007,-1.4929228889490829,0.06937268787353908,-0.8612825656332802,-1.5622955768226219,-2.423578142455902
acemasiran--sarki--semai--bitmesin_icimdeki--omer_dilek.txt,sarki,vocal,378,0.09283819628647215,17.88679245283019,0.029177718832891247,-0.7878022765923719,0.06937268787353908,-0.12656848302111065,-0.857174964465911,-0.9837434474870217
acemasiran--sarki--semai--ey_cesm-i--nikogos_aga.txt,sarki,vocal,252,0.16334661354581673,21.962264150943398,0.0,0.10098695190014421,0.7540659260858348,-1.1100362334777238,-0.6530789741856906,-1.7631152076634145
acemasiran--sarki--senginsemai--canan_okuyor--ali_riza_avni_tinaz.txt,sarki,vocal,488,0.08213552361396304,24.0,0.022587268993839837,-0.9227141148828084,1.0964125451919824,-0.34870698928441135,-2.019126660074791,-2.367833649359202
acemasiran--sarki--sofyan--bakma_sakin--sakir_aga.txt,sarki,vocal,469,0.004273504273504274,24.0,0.021367521367521368,-1.904198692021067,1.0964125451919824,-0.38981995157767885,-3.0006112372130493,-3.3904311887907284
acemasiran--sarki--sofyan--gonul_sana--sadettin_kaynak.txt,sarki,vocal,1060,0.16241737488196412,24.0,0.03871576959395656,0.08927349487992553,1.0964125451919824,0.19492221950604038,-1.0071390503120567,-0.8122168308060164
acemasiran--sarki--yuruksemai_ii--gel_ey--aleko_bacanos.txt,sarki,vocal,366,0.1589041095890411,24.0,0.0684931506849315,0.04498725969610091,1.0964125451919824,1.1986022591881738,-1.0514252854958814,0.14717697369229232
acemasiran--sazsemaisi--aksaksemai----gazi_giray_han.txt,sazsemaisi,instrumental,583,0.037800687285223365,24.0,0.05326460481099656,-1.4815739859110464,1.0964125451919824,0.685307034186512,-2.5779865311030288,-1.8926794969165168
acemasiran--sazsemaisi--aksaksemai----misirli_udi_ibrahim_efendi.txt,sazsemaisi,instrumental,584,0.06174957118353345,28.9811320754717,0.02058319039451115,-1.1796879009498236,1.9332598363403437,-0.4162567070367885,-3.1129477372901673,-3.5292044443269557
acemasiran--sazsemaisi--aksaksemai----serafettin_seref_cakar.txt,sazsemaisi,instrumental,700,0.008583690987124463,21.962264150943398,0.04291845493562232,-1.8498669161457622,0.7540659260858348,0.3365784443300919,-2.603932842231597,-2.2673543979015047
acemasiran--selam--agirduyek--her_ruz--huseyin_fahreddin_dede.txt,selam,vocal,677,0.23372781065088757,17.88679245283019,0.04142011834319527,0.988172515083457,0.06937268787353908,0.2860753283592866,0.9187998272099179,1.2048751555692045
acemasiran--selam--mevlevievferi--bi_dil--huseyin_fahreddin_dede.txt,selam,vocal,371,0.0945945945945946,18.79245283018868,0.062162162162162166,-0.7656621129370202,0.22152674080960472,0.9852091877039207,-0.9871888537466249,-0.0019796660427041646
acemasiran--selam--mevlevievferi--sultan-i_meni--huseyin_fahreddin_dede.txt,selam,vocal,204,0.06896551724137931,17.88679245283019,0.054187192118226604,-1.0887277662753148,0.06937268787353908,0.7164038745131294,-1.1581004541488538,-0.4416965796357244
acemasiran--yuruksemai--yuruksemai--bileydi_dil--itri.txt,yuruksemai,vocal,857,0.16355140186915887,19.0188679245283,0.037383177570093455,0.1035683976761578,0.25956525404362096,0.15000571018291556,-0.15599685636746316,-0.005991146184547602
acemasiran--yuruksemai--yuruksemai_ii----huseyin_fahreddin_dede.txt,yuruksemai,vocal,162,0.14906832298136646,16.07547169811321,0.0,-0.07899710317078205,-0.23493541799859222,-1.1100362334777238,0.15593831482781018,-0.9540979186499137
acemasiran--zeybek--agiraksak--su_izmirin--tahsin_karakus.txt,zeybek,flagged,604,0.11276948590381426,19.92452830188679,0.0,-0.5365597127903794,0.4117193069796866,-1.1100362334777238,-0.948279019770066,-2.0583152532477897
acembuselik--sarki--aksak--coktan_idim--kemenceci_usta_yani.txt,sarki,vocal,203,0.1188118811881188,19.0188679245283,0.04455445544554455,-0.4603926954081802,0.25956525404362096,0.39172167709801353,-0.7199579494518011,-0.3282362723537876
acemkurdi--agirsemai--agir_aksaksemai--dur_etme--osep_aga.txt,agirsemai,vocal,606,0.16859504132231404,16.07547169811321,0.05619834710743802,0.16714566394602426,-0.23493541799859222,0.7841921099261633,0.40208108194461645,1.1862731918707796
acemkurdi--aranagme--aksak--1--.txt,aranagme,flagged,74,0.0273972602739726,14.037735849056604,0.1232876712328767,-1.612713702648658,-0.57728203710474,3.0455130533208914,-1.035431665543918,2.0100813877769736
acemkurdi--aranagme--curcuna--1--.txt,aranagme,flagged,102,0.15841584158415842,9.962264150943396,0.06930693069306931,0.03883242939036527,-1.2619752753170357,1.226031627417868,1.300807704707401,2.526839332125269
acemkurdi--aranagme--duyek--1--.txt,aranagme,flagged,58,0.10526315789473684,9.962264150943396,0.08771929824561403,-0.6311802381024193,-1.2619752753170357,1.8466411343224607,0.6307950372146164,2.477436171537077
acemkurdi--aranagme--senginsemai--1--.txt,aranagme,flagged,128,0.14960629921259844,14.943396226415095,0.015748031496062992,-0.07221567907860237,-0.4251279841686744,-0.579231162723045,0.35291230509007204,-0.22631885763297294
acemkurdi--fantezi--nimsofyan--askin_kanununu--sadettin_oktenay.txt,fantezi,vocal,254,0.16600790513833993,16.9811320754717,0.08695652173913043,0.13453368849206285,-0.08278136506252656,1.8209308963415898,0.2173150535545894,2.0382459498961794
acemkurdi--fantezi--semai--son_verelim--sekip_ayhan_ozisik.txt,fantezi,vocal,256,0.1607843137254902,12.0,0.0,0.06868804959890584,-0.9196286562108879,-1.1100362334777238,0.9883167058097937,-0.12171952766793015
acemkurdi--fantezi--sofyan--sana_oyle--alaaddin_pakyuz.txt,fantezi,vocal,496,0.18383838383838383,16.9811320754717,0.07474747474747474,0.3592946180868051,-0.08278136506252656,1.4094112690235243,0.4420759831493316,1.851487252172856
acemkurdi--nefes--bektasiraksani--sah_merdanin--.txt,nefes,vocal,264,0.22053231939163498,16.9811320754717,0.0,0.8218376156238251,-0.08278136506252656,-1.1100362334777238,0.9046189806863516,-0.20541725279137224
acemkurdi--pesrev--fahte----muallim_ismail_hakki_bey.txt,pesrev,instrumental,582,0.10154905335628227,25.132075471698112,0.025817555938037865,-0.6779981392209712,1.2866051113620642,-0.23982654347112903,-1.9646032505830355,-2.2044297940541644
acemkurdi--sarki--agiraksak--sevdi_gonlum--nikogos_aga.txt,sarki,vocal,539,0.09107806691449814,16.9811320754717,0.04275092936802974,-0.809989471928351,-0.08278136506252656,0.3309318071118829,-0.7272081068658245,-0.3962762997539416
acemkurdi--sarki--aksak--altin_tasta--nimet_hanim.txt,sarki,vocal,506,0.10297029702970296,12.0,0.009900990099009901,-0.6600827453275983,-0.9196286562108879,-0.7763122533497822,0.2595459108832896,-0.5167663424664926
acemkurdi--sarki--aksak--beyhude_yere--ercument_berker.txt,sarki,vocal,210,0.28708133971291866,14.943396226415095,0.03349282296650718,1.660716925745448,-0.4251279841686744,0.018876943318710385,2.0858449099141225,2.104721853232833
acemkurdi--sarki--aksak--hatay--cevdet_cagla.txt,sarki,vocal,385,0.109375,19.0188679245283,0.033854166666666664,-0.5793486821765834,0.25956525404362096,0.03105643815765989,-0.8389139362202044,-0.8078574980625445
acemkurdi--sarki--aksak--kir_atima--nasibin_mehmet_yuru.txt,sarki,vocal,498,0.10462776659959759,14.943396226415095,0.004024144869215292,-0.6391896213923672,-0.4251279841686744,-0.9743979155987617,-0.2140616372236928,-1.1884595528224544
acemkurdi--sarki--aksak--ruhum_su--alaeddin_yavasca.txt,sarki,vocal,474,0.08879492600422834,16.9811320754717,0.014799154334038054,-0.8387694549013692,-0.08278136506252656,-0.6112141321025553,-0.7559880898388427,-1.367202221941398
acemkurdi--sarki--devrihindi--bir_vefasiz--selanikli_ahmed_bey.txt,sarki,vocal,367,0.2814207650273224,16.9811320754717,0.00546448087431694,1.5893629228732786,-0.08278136506252656,-0.9258497745000075,1.6721442879358053,0.7462945134357978
acemkurdi--sarki--duyek--artik_gelecek--arif_sami_toker.txt,sarki,vocal,477,0.09873949579831932,14.943396226415095,0.04201680672268908,-0.7134138327141656,-0.4251279841686744,0.30618737967026394,-0.28828584854549116,0.017901531124772774
acemkurdi--sarki--duyek--baharla_hazan--avni_anil.txt,sarki,vocal,317,0.22784810126582278,19.0188679245283,0.0949367088607595,0.9140562241321187,0.25956525404362096,2.089912056989565,0.6544909700884978,2.7444030270780626
acemkurdi--sarki--kapali_curcuna--canan_bilirim--ekrem_guyer.txt,sarki,vocal,342,0.17888563049853373,16.9811320754717,0.07038123167155426,0.2968630107561824,-0.08278136506252656,1.2622421472557972,0.3796443758187089,1.641886523074506
acemkurdi--sarki--kapali_curcuna--sana_eller--faruk_kayacikli.txt,sarki,vocal,412,0.18248175182481752,16.9811320754717,0.0681265206812652,0.3421936822332769,-0.08278136506252656,1.1862445835583322,0.4249750472958035,1.6112196308541358
acemkurdi--sarki--kapali_curcuna--yukselen_nagmenle--muzaffer_ilkar.txt,sarki,vocal,313,0.1762820512820513,14.943396226415095,0.08653846153846154,0.26404376373458094,-0.4251279841686744,1.8068397082174583,0.6891717479032553,2.496011456120714
acemkurdi--sarki--kapali_curcuna--zehretme_hayati--zeki_muren.txt,sarki,vocal,346,0.12753623188405797,16.9811320754717,0.06086956521739131,-0.35041846501777596,-0.08278136506252656,0.9416407573957958,-0.2676370999552494,0.6740036574405464
acemkurdi--sarki--semai--asikim_ben--necdet_tokatlioglu.txt,sarki,vocal,336,0.01791044776119403,12.0,0.011940298507462687,-1.7322990954546233,-0.9196286562108879,-0.7075750753532808,-0.8126704392437355,-1.5202455145970162
acemkurdi--sarki--semai--bak_yine--izzet_altinbas.txt,sarki,vocal,469,0.09615384615384616,9.962264150943396,0.004273504273504274,-0.7460070696919632,-1.2619752753170357,-0.9659929770977149,0.5159682056250725,-0.4500247714726424
acemkurdi--sarki--semai--yillar_sonra--yildirim_gurses.txt,sarki,vocal,417,0.15144230769230768,14.943396226415095,0.019230769230769232,-0.049071994627647976,-0.4251279841686744,-0.4618415797676833,0.3760559895410264,-0.08578559022665688
acemkurdi--sarki--senginsemai--askin_ile--sadi_hosses.txt,sarki,vocal,317,0.28164556962025317,16.9811320754717,0.022151898734177215,1.592196682422548,-0.08278136506252656,-0.36338163236868987,1.6749780474850746,1.3115964151163848
acemkurdi--sarki--senginsemai--ruzgar_uyumus--refik_fersan.txt,sarki,vocal,271,0.17777777777777778,19.0188679245283,0.05555555555555555,0.28289804595854307,0.25956525404362096,0.7625260994623931,0.023332791914922102,0.7858588913773152
acemkurdi--sarki--sofyan--yar_pesinde--zeki_duygulu.txt,sarki,vocal,456,0.15824175824175823,14.943396226415095,0.06813186813186813,0.03663803323740452,-0.4251279841686744,1.1864248253807053,0.4617660174060789,1.6481908427867842
acemkurdi--sarki--yuruksemai--bari_felek--nikogos_aga.txt,sarki,vocal,328,0.2599388379204893,19.0188679245283,0.024464831804281346,1.318573899917523,0.25956525404362096,-0.2854216281462962,1.0590086458739019,0.7735870177276056
acemkurdi--sarki--yuruksemai_ii--fikrimin_ince--muallim_ismail_hakki_bey.txt,sarki,vocal,280,0.1863799283154122,14.943396226415095,0.053763440860215055,0.391331890269625,-0.4251279841686744,0.7021208629159378,0.8164598744382994,1.5185807373542373
acemkurdi--sazsemaisi--aksaksemai----muallim_ismail_hakki_bey.txt,sazsemaisi,instrumental,733,0.03278688524590164,19.0188679245283,0.015027322404371584,-1.544775138618135,0.25956525404362096,-0.6035234712890037,-1.8043403926617558,-2.4078638639507597
acemkurdi--turku--duyek--ankaranin_yollari--.txt,turku,vocal,228,0.4801762114537445,12.0,0.048458149779735685,4.094761664675463,-0.9196286562108879,0.5233000745493387,5.014390320886351,5.53769039543569
acemkurdi--turku--duyek--ham_meyveyi--.txt,turku,vocal,474,0.25792811839323465,12.0,0.07399577167019028,1.2932279068175767,-0.9196286562108879,1.3840742733981193,2.2128565630284647,3.596930836426584
acemtarab--pesrev--havi----kantemiroglu.txt,pesrev,instrumental,777,0.04768041237113402,24.0,0.041237113402061855,-1.3570357594390725,1.0964125451919824,0.2799069414881362,-2.453448304631055,-2.1735413631429186
arazbarbuselik--sazsemaisi--aksaksemai----refik_fersan.txt,sazsemaisi,instrumental,1449,0.09116022099447514,29.88679245283019,0.031077348066298343,-0.808953884062413,2.0854138892764094,-0.06253934833856997,-2.8943677733388222,-2.9569071216773923
asiranzemzeme--pesrev--sofyan----.txt,pesrev,instrumental,189,0.0851063829787234,21.056603773584907,0.02127659574468085,-0.88526514204524,0.6019118731497691,-0.3928847017134237,-1.4871770151950092,-1.880061716908433
askefza--pesrev--ayindevrirevani----huseyin_sadettin_arel.txt,pesrev,instrumental,523,0.06321839080459771,26.037735849056602,0.0,-1.1611727915693564,1.4387591642981299,-1.1100362334777238,-2.5999319558674863,-3.70996818934521
askefza--sarki--sofyan--kimbilir_belki--murat_demirhan.txt,sarki,vocal,437,0.09403669724770643,23.09433962264151,0.14220183486238533,-0.7726946513458022,0.9442584922559166,3.6830361600112,-1.7169531436017187,1.9660830164094811
besteisfahan--yuruksemai--yuruksemai--bir_elif--ebubekir_aga.txt,yuruksemai,vocal,432,0.13225058004640372,17.88679245283019,0.04640371229698376,-0.29099205851308196,0.06937268787353908,0.45405295412887037,-0.360364746386621,0.09368820774224934
bestenigar--pesrev--fahte----tatyos_efendi.txt,pesrev,instrumental,615,0.12866449511400652,19.92452830188679,0.026058631921824105,-0.3361962168854149,0.4117193069796866,-0.23170080695206632,-0.7479155238651015,-0.9796163308171678
bestenigar--sarki--agiraksak--gayridan_bulmaz--kazasker_mustafa_izzet_efendi.txt,sarki,vocal,469,0.09401709401709402,19.0188679245283,0.02564102564102564,-0.7729417585833378,0.25956525404362096,-0.24577669519766987,-1.0325070126269589,-1.2782837078246287
bestenigar--sarki--agiraksak--kacma_mecburundan--hasim_bey.txt,sarki,vocal,430,0.17016317016317017,16.07547169811321,0.030303030303030304,0.1869126091820085,-0.23493541799859222,-0.08863859732856907,0.4218480271806007,0.3332094298520316
bestenigar--sarki--aksak--perisan_halin--emin_ongan.txt,sarki,vocal,234,0.15879828326180256,21.056603773584907,0.0,0.04365327287017939,0.6019118731497691,-1.1100362334777238,-0.5582586002795897,-1.6682948337573136
bestenigar--sarki--aksak--sana_gul--omer_sami_gupgup.txt,sarki,vocal,207,0.08737864077669903,21.056603773584907,0.04854368932038835,-0.8566223454303264,0.6019118731497691,0.5261832807417959,-1.4585342185800956,-0.9323509378382997
bestenigar--sarki--duyek--yakti_cihani--ismet_aga.txt,sarki,vocal,272,0.12546125461254612,15.169811320754716,0.055350553505535055,-0.3765744548977233,-0.3870894709346582,0.755616275355603,0.010515016036934888,0.766131291392538
bestenigar--sarki--kapali_curcuna--ben_seni--dede_efendi.txt,sarki,vocal,345,0.18604651162790697,15.169811320754716,0.014534883720930232,0.38712902808702476,-0.3870894709346582,-0.6201216696271119,0.7742184990216829,0.15409682939457103
bestenigar--sarki--kapali_curcuna--cok_surmedi--enderunlu_hafiz_husnu_efendi.txt,sarki,vocal,612,0.18821603927986907,18.11320754716981,0.0032733224222585926,0.4144768665853428,0.10741120110755534,-0.9997052285909085,0.30706566547778746,-0.692639563113121
bestenigar--sazsemaisi--aksaksemai----tanburi_cemil_bey.txt,sazsemaisi,instrumental,550,0.13296903460837886,21.962264150943398,0.0,-0.2819356266618878,0.7540659260858348,-1.1100362334777238,-1.0360015527477227,-2.1460377862254463
beyati--agirsemai--agir_aksaksemai--soylen_ol--bolahenk_nuri_bey.txt,agirsemai,vocal,371,0.14864864864864866,16.9811320754717,0.043243243243243246,-0.08428728044170833,-0.08278136506252656,0.3475257986486376,-0.0015059153791817659,0.3460198832694558
beyati--agirsemai--aksaksemai--cikmaz_derun_u--tabi_mustafa_efendi.txt,agirsemai,vocal,447,0.21076233183856502,16.9811320754717,0.042600896860986545,0.6986826784234201,-0.08278136506252656,0.3258747931265811,0.7814640434859467,1.1073388366125276
beyati--agirsemai--aksaksemai--didi_ci--yahya_nazim_celebi.txt,agirsemai,vocal,490,0.15337423312883436,15.169811320754716,0.03885480572597137,-0.02471923526957224,-0.3870894709346582,0.19960858833315562,0.3623702356650859,0.5619788239982415
beyati--aranagme--agiraksak--1--.txt,aranagme,flagged,186,0.08648648648648649,14.943396226415095,0.0,-0.867868337811317,-0.4251279841686744,-1.1100362334777238,-0.4427403536426426,-1.5527765871203665
beyati--aranagme--curcuna--1--.txt,aranagme,flagged,106,0.11428571428571428,16.9811320754717,0.02857142857142857,-0.5174469953851567,-0.08278136506252656,-0.14700417653709227,-0.43466563032263017,-0.5816698068597225
beyati--beste--hafif--bir_gonca_femin--dede_efendi.txt,beste,vocal,882,0.12031782065834279,23.09433962264151,0.029511918274687854,-0.44140967420414917,0.9442584922559166,-0.11530391586594775,-1.3856681664600659,-1.5009720823260135
beyati--beste--nimdevir--degil_cam-i_mey--yahya_nazim_celebi.txt,beste,vocal,893,0.15022421524663676,22.41509433962264,0.06502242152466367,-0.06442657904610531,0.8301429525538673,1.0816174387077941,-0.8945695315999725,0.1870479071078216
beyati--ilahi--durakevferi--bulbul-i_surideyim--nalizade_ibrahim_efendi.txt,ilahi,vocal,350,0.09169054441260745,16.9811320754717,0.045845272206303724,-0.8022689270037455,-0.08278136506252656,0.4352301043066707,-0.719487561941219,-0.2842574576345483
beyati--ilahi--duyek--kapisi_yok--.txt,ilahi,vocal,252,0.19123505976095617,12.0,0.027888446215139442,0.45253293121545457,-0.9196286562108879,-0.17002486315718704,1.3721615874263424,1.2021367242691554
beyati--kanto--sofyan--karga_da_seni--.txt,kanto,vocal,346,0.22318840579710145,24.0,0.005797101449275362,0.8553187385717542,1.0964125451919824,-0.914638424823103,-0.24109380662022817,-1.1557322314433311
beyati--mehter--yuruksemai_ii----zurnazen_dagi_ahmet_celebi.txt,mehter,flagged,860,0.08963911525029103,16.9811320754717,0.0,-0.8281280827379585,-0.08278136506252656,-1.1100362334777238,-0.7453467176754319,-1.8553829511531559
beyati--pesrev--darbifetih----tanburi_isak.txt,pesrev,instrumental,1156,0.07705627705627706,26.037735849056602,0.05627705627705628,-0.9867402241730533,1.4387591642981299,0.7868450907992779,-2.425499388471183,-1.6386542976719052
beyati--pesrev--hafif----seyfettin_osmanoglu.txt,pesrev,instrumental,911,0.0956043956043956,16.9811320754717,0.04285714285714286,-0.7529331325497454,-0.08278136506252656,0.3345118519332236,-0.6701517674872188,-0.33563991555399525
beyati--sarki--agiraksak--bir_katre--sevki_bey.txt,sarki,vocal,506,0.13465346534653466,21.962264150943398,0.061386138613861385,-0.2607026454887618,0.7540659260858348,0.9590524433155143,-1.0147685715745967,-0.05571612825908234
beyati--sarki--agiraksak--bulbul-u_seydaya--serif_icli.txt,sarki,vocal,656,0.15572519083969466,14.943396226415095,0.0030534351145038168,0.004915607934586262,-0.4251279841686744,-1.007116777010786,0.4300435921032607,-0.5770731849075253
beyati--sarki--agiraksak--gecti_sevdalarla--nuri_halil_poyraz.txt,sarki,vocal,402,0.04987531172069826,19.0188679245283,0.03740648379052369,-1.3293680996709847,0.25956525404362096,0.15079127249193106,-1.5889333537146055,-1.4381420812226744
beyati--sarki--agiraksak--gul_hazin--rahmi_bey.txt,sarki,vocal,591,0.16440677966101694,16.9811320754717,0.015254237288135594,0.1143508063196366,-0.08278136506252656,-0.5958750505348441,0.19713217138216316,-0.398742879152681
beyati--sarki--agiraksak--muptelayim--dede_efendi.txt,sarki,vocal,313,0.13141025641025642,14.943396226415095,0.04487179487179487,-0.3015847029842838,-0.4251279841686744,0.40241795851237067,0.12354328118439062,0.5259612396967612
beyati--sarki--agiraksak--ne_bahar--rakim_elkutlu.txt,sarki,vocal,511,0.16470588235294117,16.9811320754717,0.021568627450980392,0.11812112568189889,-0.08278136506252656,-0.38304144539509016,0.20090249074442545,-0.1821389546506647
beyati--sarki--agirduyek--her_dem--dede_efendi.txt,sarki,vocal,430,0.1048951048951049,16.9811320754717,0.037296037296037296,-0.6358197060454311,-0.08278136506252656,0.147068549475082,-0.5530383409829046,-0.40596979150782264
beyati--sarki--aksak--benzemez_kimse--fehmi_tokay.txt,sarki,vocal,448,0.21029082774049218,15.622641509433961,0.008948545861297539,0.6927391644452833,-0.31101244446662535,-0.8084154550175707,1.0037516089119087,0.195336153894338
beyati--sarki--aksak--delisin_deli--selahattin_pinar.txt,sarki,vocal,429,0.14719626168224298,19.0188679245283,0.018691588785046728,-0.10259524907183962,0.25956525404362096,-0.48001526164740416,-0.36216050311546055,-0.8421757647628647
beyati--sarki--aksak--gonlum_geri--kasim_inaltekin.txt,sarki,vocal,320,0.21003134796238246,14.943396226415095,0.0,0.6894683091238928,-0.4251279841686744,-1.1100362334777238,1.1145962932925673,0.00456005981484342
beyati--sarki--aksak--karsidan_yar--dede_efendi.txt,sarki,vocal,387,0.20466321243523317,16.9811320754717,0.0,0.6218006288798583,-0.08278136506252656,-1.1100362334777238,0.7045819939423849,-0.405454239535339
beyati--sarki--aksak--meclise_gel--tanburi_mustafa_cavus.txt,sarki,vocal,245,0.12704918032786885,19.0188679245283,0.09836065573770492,-0.3565579614593023,0.25956525404362096,2.2053200281211716,-0.6161232155029233,1.5891968126182483
beyati--sarki--aksak--ne_semtden--kemani_riza_efendi.txt,sarki,vocal,564,0.10301953818827708,14.943396226415095,0.008880994671403197,-0.659462039133355,-0.4251279841686744,-0.8106923436649165,-0.23433405496468057,-1.0450263986295971
beyati--sarki--aksak--sebep_ne--markar_aga.txt,sarki,vocal,445,0.12162162162162163,16.9811320754717,0.0022522522522522522,-0.4249746966893643,-0.08278136506252656,-1.0341215443044758,-0.34219333162683774,-1.3763148759313135
beyati--sarki--aksaksemai--aglatma_beni--dede_efendi.txt,sarki,vocal,362,0.11080332409972299,14.943396226415095,0.013850415512465374,-0.5613440364339247,-0.4251279841686744,-0.6431924385619052,-0.1362160522652503,-0.7794084908271555
beyati--sarki--ciftesofyan--cikalim_sayd_u--tanburi_mustafa_cavus.txt,sarki,vocal,680,0.1561119293078056,14.037735849056604,0.020618556701030927,0.009790614324765046,-0.57728203710474,-0.4150646459947938,0.587072651429505,0.17200800543471123
beyati--sarki--curcuna--gel_nazli_gulum--alaeddin_yavasca.txt,sarki,vocal,503,0.16533864541832669,16.07547169811321,0.027888446215139442,0.12609737899409493,-0.23493541799859222,-0.17002486315718704,0.36103279699268714,0.1910079338355001
beyati--sarki--curcuna--kalbim_yine--selahattin_pinar.txt,sarki,vocal,545,0.18382352941176472,16.9811320754717,0.027573529411764705,0.359107371586491,-0.08278136506252656,-0.18063948734935698,0.4418887366490175,0.26124924929966054
beyati--sarki--devrihindi--nar-i_firkat--mahmud_celaleddin_pasa.txt,sarki,vocal,516,0.11650485436893204,16.9811320754717,0.0,-0.48947377063916325,-0.08278136506252656,-1.1100362334777238,-0.40669240557663666,-1.5167286390543606
beyati--sarki--duyek--askn_fecri--sadettin_kaynak.txt,sarki,vocal,339,0.13313609467455623,18.339622641509433,0.05325443786982249,-0.27982976195663506,0.1454497143415716,0.6849643460270037,-0.42527947629820667,0.25968486972879706
beyati--sarki--duyek--bende_oldum--rifat_bey.txt,sarki,vocal,241,0.10416666666666667,14.943396226415095,0.016666666666666666,-0.6450019863493087,-0.4251279841686744,-0.5482675335956888,-0.2198740021806343,-0.768141535776323
beyati--sarki--duyek--dilbera_sazin--tanburi_isak.txt,sarki,vocal,243,0.04132231404958678,14.037735849056604,0.004132231404958678,-1.4371823507474826,-0.57728203710474,-0.9707547376392027,-0.8599003136427426,-1.8306550512819453
beyati--sarki--duyek--emel-i_meyl-i--sevki_bey.txt,sarki,vocal,455,0.16519823788546256,16.9811320754717,0.004405286343612335,0.12432748104914705,-0.08278136506252656,-0.9615511145661727,0.20710884611167363,-0.7544422684544991
beyati--sarki--duyek--gonul_telim--erdinc_celikkol.txt,sarki,vocal,290,0.11418685121107267,14.943396226415095,0.07612456747404844,-0.518693207387249,-0.4251279841686744,1.4558277244609832,-0.09356522321857458,1.3622625012424086
beyati--sarki--duyek--hayli_demdir--suphi_ziya_ozbekkan.txt,sarki,vocal,386,0.22857142857142856,21.962264150943398,0.05714285714285714,0.9231740790335026,0.7540659260858348,0.8160278804035394,0.1691081529476678,0.9851360333512071
beyati--sarki--duyek--ruhuma_sundugun--sadettin_kaynak.txt,sarki,vocal,240,0.17154811715481172,14.943396226415095,0.0794979079497908,0.20437046763423442,-0.4251279841686744,1.5695299500600168,0.6294984518029089,2.199028401862926
beyati--sarki--duyek--seni_ne_cok--erol_sayan.txt,sarki,vocal,543,0.046125461254612546,18.11320754716981,0.023985239852398525,-1.3766365937353995,0.10741120110755534,-0.30158681298328216,-1.484047794842955,-1.785634607826237
beyati--sarki--duyek--zaman_icinde--semahat_ozdenses.txt,sarki,vocal,316,0.19682539682539682,14.943396226415095,0.10158730158730159,0.5230015583616527,-0.4251279841686744,2.3140777467556326,0.9481295425303271,3.2622072892859597
beyati--sarki--evfer--bulunmaz_derdime--ama_hasadur.txt,sarki,vocal,123,0.1721311475409836,14.943396226415095,0.01639344262295082,0.21171981892100897,-0.4251279841686744,-0.5574768565445746,0.6368478030896834,0.07937094654510879
beyati--sarki--kapali_curcuna--bilmezsin_dusundugum--rakim_elkutlu.txt,sarki,vocal,296,0.24067796610169492,15.622641509433961,0.03389830508474576,1.0757822436964963,-0.31101244446662535,0.032544173062008575,1.3867946881631217,1.4193388612251303
beyati--sarki--sarkidevrirevani--meyleyledi_gonlum--tanburi_isak.txt,sarki,vocal,295,0.047619047619047616,19.0188679245283,0.017006802721088437,-1.3578092887960413,0.25956525404362096,-0.5368028662511574,-1.6173745428396624,-2.1541774090908197
beyati--sarki--senginsemai--bir_boyle--fehmi_tokay.txt,sarki,vocal,228,0.2422907488986784,14.943396226415095,0.030837004405286344,1.0961120714471964,-0.4251279841686744,-0.07064040109686592,1.5212400556158707,1.4505996545190047
beyati--sarki--sofyan--acilan_bir--ertugrul_yalcinkaya.txt,sarki,vocal,481,0.13333333333333333,16.9811320754717,0.058333333333333334,-0.2773434829820468,-0.08278136506252656,0.8561542161093991,-0.19456211791952024,0.6615920981898789
beyati--sarki--turkaksagi--askinla_harab--serif_icli.txt,sarki,vocal,419,0.1339712918660287,14.943396226415095,0.0,-0.2693017385474928,-0.4251279841686744,-1.1100362334777238,0.15582624562118164,-0.9542099878565422
beyati--sarki--yuruksemai_ii--uzulme_bir--omer_sami_gupgup.txt,sarki,vocal,238,0.29957805907172996,14.943396226415095,0.0,1.818243501852691,-0.4251279841686744,-1.1100362334777238,2.2433714860213656,1.1333352525436418
beyati--sazsemaisi--aksaksemai----kanuni_omer_efendi.txt,sazsemaisi,instrumental,648,0.02627511591962906,16.9811320754717,0.03245749613601236,-1.6268588196959712,-0.08278136506252656,-0.01601990913249323,-1.5440774546334446,-1.5600973637659379
beyati--sazsemaisi--aksaksemai----nayi_osman_dede.txt,sazsemaisi,instrumental,619,0.038834951456310676,16.9811320754717,0.042071197411003236,-1.4685366367489319,-0.08278136506252656,0.30802067884585993,-1.3857552716864052,-1.0777345928405453
beyati--sazsemaisi--aksaksemai--arap--misirli_udi_ibrahim_efendi.txt,sazsemaisi,instrumental,782,0.15620998719590268,15.622641509433961,0.0,0.011026676600689404,-0.31101244446662535,-1.1100362334777238,0.32203912106731475,-0.787997112410409
beyati--sazsemaisi--aksaksemai--beyatiye_bir_damla--necmi_kiran.txt,sazsemaisi,instrumental,1334,0.03375843960990248,28.9811320754717,0.0,-1.5325282738155586,1.9332598363403437,-1.1100362334777238,-3.465788110155902,-4.5758243436336254
beyati--turku--3334--kirmizi_gul--erzurum.txt,turku,vocal,397,0.18686868686868688,14.037735849056604,0.0025252525252525255,0.39749290415093647,-0.57728203710474,-1.0249197637986276,0.9747749412556765,-0.05014482254295105
beyati--turku--devrihindi--bir_cift--yozgat.txt,turku,vocal,306,0.4,12.0,0.0,3.084105690661492,-0.9196286562108879,-1.1100362334777238,4.00373434687238,2.8936981133946564
beyati--turku--kapali_curcuna--aksam_olur--urfa.txt,turku,vocal,708,0.24893917963224893,14.037735849056604,0.0,1.1799184289298974,-0.57728203710474,-1.1100362334777238,1.7572004660346374,0.6471642325569136
beyati--turku--nimsofyan--gesi_baglarinda--kayseri.txt,turku,vocal,454,0.18101545253863136,12.0,0.037527593818984545,0.3237103427687847,-0.9196286562108879,0.15487342188579883,1.2433389989796726,1.3982124208654714
beyati--yuruksemai--senginsemai--gelse_nesim-i--iv_murad.txt,yuruksemai,vocal,213,0.4669811320754717,9.056603773584905,0.0,3.9284319571545034,-1.4141293282531013,-1.1100362334777238,5.342561285407605,4.232525051929882
beyati--yuruksemai--yuruksemai--gul_yuzlulerin--tabi_mustafa_efendi.txt,yuruksemai,vocal,424,0.1702127659574468,16.9811320754717,0.009456264775413711,0.18753778571333615,-0.08278136506252656,-0.7913022193602571,0.2703191507758627,-0.5209830685843944
beyati_araban--ilahi--duyek--gonul_mazhardir--enderunlu_hafiz_husnu_efendi.txt,ilahi,vocal,516,0.11650485436893204,16.9811320754717,0.005825242718446602,-0.48947377063916325,-0.08278136506252656,-0.9136898917713815,-0.40669240557663666,-1.3203822973480182
beyati_araban--sarki--aksak--baga_girdim--sadi_hosses.txt,sarki,vocal,320,0.2884012539184953,16.9811320754717,0.003134796238244514,1.6773550176790077,-0.08278136506252656,-1.004374409048501,1.7601363827415344,0.7557619736930334
beyati_araban--sarki--aksak--bana_noldu--rahmi_bey.txt,sarki,vocal,376,0.16,16.9811320754717,0.010666666666666666,0.0588014343823071,-0.08278136506252656,-0.7505042655532215,0.14158279944483365,-0.6089214661083878
beyati_araban--sazsemaisi--aksaksemai----rauf_yekta.txt,sazsemaisi,instrumental,380,0.055408970976253295,16.9811320754717,0.036939313984168866,-1.2596139209266954,-0.08278136506252656,0.13504479000752548,-1.1768325558641688,-1.0417877658566432
buselik--agirsemai--agir_aksaksemai--soyle_ey_nalem--ahmed_irsoy.txt,agirsemai,vocal,461,0.27391304347826084,19.0188679245283,0.02608695652173913,1.4947248313843835,0.25956525404362096,-0.23074609453192982,1.2351595773407626,1.004413482808833
buselik--agirsemai--aksaksemai--niyaz-i_nagme-i--comlekcizade_recep_celebi.txt,agirsemai,vocal,258,0.06614785992217899,14.037735849056604,0.027237354085603113,-1.124245560777452,-0.57728203710474,-0.19197065390396997,-0.546963523672712,-0.7389341775766819
buselik--aranagme--agiraksak--1--.txt,aranagme,flagged,191,0.042105263157894736,16.9811320754717,0.0,-1.4273129371232574,-0.08278136506252656,-1.1100362334777238,-1.3445315720607307,-2.4545678055384546
buselik--aranagme--duyek--1--.txt,aranagme,flagged,104,0.23300970873786409,13.132075471698114,0.02912621359223301,0.9791205285254896,-0.7294360900408057,-0.12830452494601197,1.7085566185662953,1.5802520936202833
buselik--aranagme--musemmen--1--.txt,aranagme,flagged,110,0.01834862385321101,21.056603773584907,0.045871559633027525,-1.726775695470545,0.6019118731497691,0.43611615151870314,-2.3286875686203143,-1.8925714171016113
buselik--aranagme--semai--1--.txt,aranagme,flagged,80,0.10126582278481013,13.132075471698114,0.0379746835443038,-0.6815683836100673,-0.7294360900408057,0.16994308270919162,0.047867706430738344,0.21781078913992996
buselik--aranagme--yuruksemai_ii--1--.txt,aranagme,flagged,80,0.02531645569620253,16.07547169811321,0.0759493670886076,-1.638943148255379,-0.23493541799859222,1.4499223988961072,-1.4040077302567866,0.04591466863932059
buselik--beste--hafif--her_gordugu--itri.txt,beste,vocal,93,0.07608695652173914,17.88679245283019,0.05434782608695652,-0.9989589305848716,0.06937268787353908,0.7218182226593471,-1.0683316184584106,-0.3465133957990635
buselik--fantezi--devrituran--bir_ak_duvak--fethi_karamahmutoglu.txt,fantezi,vocal,194,0.20207253886010362,13.132075471698114,0.025906735751295335,0.5891440630737358,-0.7294360900408057,-0.23682063780616674,1.3185801531145414,1.0817595153083746
buselik--ilahi--sofyan--bizi_insan--cinucen_tanrikorur.txt,ilahi,vocal,384,0.1122715404699739,19.0188679245283,0.057441253263707574,-0.5428365312920129,0.25956525404362096,0.8260856564551388,-0.8024017853356339,0.023683871119504873
buselik--karce--muhammes--sunbuli_sunbuli--sestari_murat_aga.txt,karce,vocal,585,0.17465753424657535,16.07547169811321,0.0410958904109589,0.24356602081031667,-0.23493541799859222,0.2751468621218147,0.4785014388089089,0.7536483009307235
buselik--mehter--yuruksemai_ii----zurnazen_ibrahim_aga.txt,mehter,flagged,253,0.0873015873015873,16.9811320754717,0.0,-0.8575936379562291,-0.08278136506252656,-1.1100362334777238,-0.7748122728937026,-1.8848485063714264
buselik--murabba--zencir--gonul_o_turra--yahya_nazim_celebi.txt,murabba,vocal,349,0.13793103448275862,18.11320754716981,0.07471264367816093,-0.2193874627468134,0.10741120110755534,1.4082372487520889,-0.32679866385436873,1.0814385848977202
buselik--nakis--yuruksemai--cefasi_asika--dellalzade_haci_ismail_efendi.txt,nakis,vocal,463,0.11038961038961038,21.962264150943398,0.04112554112554113,-0.566559077467611,0.7540659260858348,0.27614627272470055,-1.3206250035534457,-1.044478730828745
buselik--pesrev--devrikebir----bolahenk_nuri_bey.txt,pesrev,instrumental,1337,0.19161676646706588,26.037735849056602,0.04790419161676647,0.4573445100598046,1.4387591642981299,0.5046282931293232,-0.9814146542383253,-0.4767863611090021
buselik--pesrev--muhammes----nikolaki.txt,pesrev,instrumental,502,0.03792415169660679,23.09433962264151,0.023952095808383235,-1.4800176633724744,0.9442584922559166,-0.3027039701742003,-2.424276155628391,-2.726980125802591
buselik--sarki--agiraksak--bir_peri-ruyin--hamparsum.txt,sarki,vocal,385,0.125,15.169811320754716,0.046875,-0.3823887696584074,-0.3870894709346582,0.4699382349404999,0.004700701276250774,0.4746389362167507
buselik--sarki--agiraksak--dun_gece--serif_icli.txt,sarki,vocal,629,0.1464968152866242,15.39622641509434,0.011146496815286623,-0.11141207472894225,-0.3490509577006416,-0.7343310520279552,0.23763888297169933,-0.4966921690562559
buselik--sarki--agiraksak--kalbimin_derdiyle--feridun_darbaz.txt,sarki,vocal,629,0.09554140127388536,16.9811320754717,0.03821656050955414,-0.7537272034506374,-0.08278136506252656,0.17809581720719736,-0.6709458383881108,-0.4928500211809135
buselik--sarki--aksak--bir_misli--sakir_aga.txt,sarki,vocal,258,0.07003891050583658,14.037735849056604,0.027237354085603113,-1.075197177893548,-0.57728203710474,-0.19197065390396997,-0.49791514078880805,-0.689885794692778
buselik--sarki--aksak--cehrendeki_tilsimda--yilmaz_karakoyunlu.txt,sarki,vocal,375,0.21390374331550802,16.9811320754717,0.0106951871657754,0.7382815347230864,-0.08278136506252656,-0.7495429501309633,0.821062899785613,0.0715199496546497
buselik--sarki--aksak--dil_sana--tanburi_isak.txt,sarki,vocal,394,0.04580152671755725,19.92452830188679,0.03307888040712468,-1.3807199292925214,0.4117193069796866,0.004924544914101467,-1.792439236272208,-1.7875146913581064
buselik--sarki--aksak--eda_ile--dede_efendi.txt,sarki,vocal,283,0.08865248226950355,16.9811320754717,0.05319148936170213,-0.8405650200552992,-0.08278136506252656,0.6828425959330265,-0.7577836549927727,-0.07494105905974613
buselik--sarki--aksak--inanmaz_vad_i--latif_aga.txt,sarki,vocal,350,0.10888252148997135,19.0188679245283,0.014326647564469915,-0.5855565877287322,0.25956525404362096,-0.6271405029201006,-0.8451218417723532,-1.4722623446924539
buselik--sarki--curcuna--aman_cana--fehmi_tokay.txt,sarki,vocal,162,0.17391304347826086,11.09433962264151,0.10559006211180125,0.23418139126805684,-1.0717827091469536,2.4489952813028713,1.3059641004150104,3.7549593817178817
buselik--sarki--curcuna--benim_gonlum--osman_nuri_ozpekel.txt,sarki,vocal,396,0.1189873417721519,21.056603773584907,0.05569620253164557,-0.45818093852616126,0.6019118731497691,0.7672667635964188,-1.0600928116759305,-0.29282604807951174
buselik--sarki--devrihindi--bahara_indi--selahattin_icli.txt,sarki,vocal,506,0.31683168316831684,19.0188679245283,0.027722772277227723,2.0357329285845465,0.25956525404362096,-0.17560908911948722,1.7761676745409254,1.6005585854214381
buselik--sarki--duyek--askin_once--amir_ates.txt,sarki,vocal,393,0.16326530612244897,16.9811320754717,0.11734693877551021,0.0999620365085543,-0.08278136506252656,2.845274000385585,0.18274340157108088,3.028017401956666
buselik--sarki--duyek--bir_sitemin--durri_turan.txt,sarki,vocal,430,0.09557109557109557,16.9811320754717,0.04195804195804196,-0.7533528939350654,-0.08278136506252656,0.3042066473441828,-0.6705715288725389,-0.3663648815283561
buselik--sarki--duyek--denizlerin_otesinden--ismail_baha_surelsan.txt,sarki,vocal,339,0.09171597633136094,21.056603773584907,0.03550295857988166,-0.8019483466202026,0.6019118731497691,0.0866308195254279,-1.4038602197699719,-1.317229400244544
buselik--sarki--duyek--keremkani_efendim--tanburi_mustafa_cavus.txt,sarki,vocal,428,0.09836065573770492,21.962264150943398,0.04918032786885246,-0.7181892762467732,0.7540659260858348,0.547641897321724,-1.472255202332608,-0.9246133050108841
buselik--sarki--duyek--sevgim_bitti_mi--arif_sami_toker.txt,sarki,vocal,871,0.135632183908046,18.11320754716981,0.07701149425287357,-0.24836547286442995,0.10741120110755534,1.4857225866668524,-0.3557766739719853,1.129945912694867
buselik--sarki--duyek--sunbulistan_etmis--sakir_aga.txt,sarki,vocal,651,0.13846153846153847,16.9811320754717,0.018461538461538463,-0.21270022964274787,-0.08278136506252656,-0.4877693659160849,-0.1299188645802213,-0.6176882304963062
buselik--sarki--duyek--yalandir_dogustan--munir_nurettin_selcuk.txt,sarki,vocal,558,0.12208258527827648,16.9811320754717,0.10771992818671454,-0.4191640495540812,-0.08278136506252656,2.520784807052485,-0.3363826844915546,2.1844021225609307
buselik--sarki--duyek--zaman_olur--selahattin_icli.txt,sarki,vocal,357,0.12078651685393259,16.9811320754717,0.08426966292134831,-0.4355015550565672,-0.08278136506252656,1.730367305251667,-0.35272018999404064,1.3776471152576264
buselik--sarki--evfer--bir_pur--iii_selim.txt,sarki,vocal,548,0.07678244972577697,14.037735849056604,0.007312614259597806,-0.9901919366249178,-0.57728203710474,-0.8635563651565384,-0.41290989952017776,-1.2764662646767162
buselik--sarki--semai--dil_bestenim--vecdi_seyhun.txt,sarki,vocal,394,0.05597964376590331,14.037735849056604,0.06870229007633588,-1.2524203425122336,-0.57728203710474,1.2056515370283751,-0.6751383054074935,0.5305132316208816
buselik--sarki--senginsemai--bir_tek--ali_ulvi_baradan.txt,sarki,vocal,530,0.1285444234404537,15.169811320754716,0.001890359168241966,-0.3377097724898229,-0.3870894709346582,-1.0463195567425214,0.04937969844483525,-0.9969398582976862
buselik--sarki--sofyan--aldin_aklim--rifat_bey.txt,sarki,vocal,632,0.09350237717908082,19.0188679245283,0.02694136291600634,-0.7794299879200873,0.25956525404362096,-0.2019473683752265,-1.0389952419637083,-1.2409426103389347
buselik--sarki--sofyan--ol_meh--medeni_aziz_efendi.txt,sarki,vocal,571,0.08771929824561403,19.92452830188679,0.04736842105263158,-0.8523282100526521,0.4117193069796866,0.486569545134376,-1.2640475170323389,-0.7774779718979629
buselik--sarki--turkaksagi--dun_gece_sende--sakir_aga.txt,sarki,vocal,620,0.1421647819063005,19.0188679245283,0.030694668820678513,-0.16601923732826224,0.25956525404362096,-0.07543798167559138,-0.4255844913718832,-0.5010224730474746
buselik--sarki--yuruksemai--suzis-i_sinem--haci_arif_bey.txt,sarki,vocal,440,0.1548974943052392,14.037735849056604,0.04328018223234624,-0.005517866434562323,-0.57728203710474,0.3487708687216383,0.5717641706701777,0.920535039391816
buselik--sarki--yuruksemai_ii--gule_sor--ismail_baha_surelsan.txt,sarki,vocal,428,0.10772833723653395,21.056603773584907,0.03278688524590164,-0.600105581622293,0.6019118731497691,-0.004917479611425216,-1.2020174547720621,-1.2069349343834874
buselik--sazsemaisi--aksaksemai----mutlu_torun.txt,sazsemaisi,instrumental,631,0.015873015873015872,24.0,0.0,-1.7579818094678912,1.0964125451919824,-1.1100362334777238,-2.8543943546598736,-3.9644305881375974
buselik--sazsemaisi--aksaksemai----nefiri_behram_aga.txt,sazsemaisi,instrumental,675,0.03115727002967359,18.11320754716981,0.03857566765578635,-1.5653171463254354,0.10741120110755534,0.1901999264866304,-1.6727283474329908,-1.4825284209463605
buselik--turku--azeriyuruksemai--daglara_cen--.txt,turku,vocal,501,0.296,11.09433962264151,0.076,1.7731405129405116,-1.0717827091469536,1.4516290379843562,2.8449232220874654,4.296552260071822
buselik--turku--semai--fikrimden_geceler--.txt,turku,vocal,705,0.18607954545454544,19.92452830188679,0.02556818181818182,0.38754543382173534,0.4117193069796866,-0.2482319779768745,-0.024173873157951276,-0.27240585113482574
buselik--turku--yuruksemai_ii--igdirin_al--igdir.txt,turku,vocal,372,0.16711590296495957,9.056603773584905,0.026954177897574125,0.1485004824121481,-1.4141293282531013,-0.20151542504316566,1.5626298106652494,1.3611143856220838
buselik--yuruksemai--yuruksemai--dehr_olmada--dede_efendi.txt,yuruksemai,vocal,420,0.1431980906921241,15.169811320754716,0.011933174224343675,-0.15299393121241706,-0.3870894709346582,-0.7078152073092023,0.23409553972224112,-0.4737196675869612
cargah--ilahi--devrikebir--kudumun_rahmeti--aziz_mahmud_hudai.txt,ilahi,vocal,440,0.04783599088838269,14.037735849056604,0.03644646924829157,-1.3550746246456642,-0.57728203710474,0.11843290521647588,-0.7777925875409242,-0.6593596823244483
dilkeshaveran--agirsemai--agir_aksaksemai--hal-i_ruhsarina--kucuk_mehmet_aga.txt,agirsemai,vocal,636,0.1921259842519685,17.88679245283019,0.05196850393700787,0.46376342144330024,0.06937268787353908,0.6416205000127163,0.3943907335697612,1.0360112335824776
dilkusa--sazsemaisi--aksaksemai----arif_mehmet_aga.txt,sazsemaisi,instrumental,422,0.05938242280285035,21.962264150943398,0.057007125890736345,-1.209526834580344,0.7540659260858348,0.8114529062613037,-1.9635927606661787,-1.1521398544048749
dugah--ilahi--agircenber--gel_ey_salik--dede_efendi.txt,ilahi,vocal,288,0.0975609756097561,16.07547169811321,0.04878048780487805,-0.7282695916415458,-0.23493541799859222,0.5341648393477448,-0.4933341736429536,0.040830665704791214
dugah--kar--hafif--pek_sevdim--haci_faik_bey.txt,kar,vocal,693,0.18352601156069365,16.9811320754717,0.0476878612716763,0.3553570298316395,-0.08278136506252656,0.497336636126943,0.43813839489416606,0.9354750310211091
dugah--turku--evfer--aksarayda_cevirdiler--.txt,turku,vocal,240,0.19665271966527198,8.150943396226415,0.1799163179916318,0.52082488774712,-1.566283381189167,4.954245129265583,2.087108268936287,7.041353398201871
dugah--yuruksemai--yuruksemai--der_yemeni--seyhulislam_esad_efendi.txt,yuruksemai,vocal,448,0.14317673378076062,15.849056603773585,0.06935123042505593,-0.15326314435762092,-0.27297393123260877,1.2275247995884628,0.11971078687498785,1.3472355864634507
eski_sipihr--pesrev--muhammes----dilhayat_kalfa.txt,pesrev,instrumental,152,0.052980132450331126,16.9811320754717,0.026490066225165563,-1.2902304856362257,-0.08278136506252656,-0.21715882969170777,-1.207449120573699,-1.4246079502654068
evcara--sarki--aksak--gel_ey--dede_efendi.txt,sarki,vocal,376,0.08533333333333333,16.9811320754717,0.04,-0.8824043342378838,-0.08278136506252656,0.23820864623916044,-0.7996229691753572,-0.5614143229361968
evcara--sarki--aksak--sen_hangi--ozgen_gurbuz.txt,sarki,vocal,525,0.0916030534351145,19.0188679245283,0.003816793893129771,-0.8033717887812265,0.25956525404362096,-0.9813869128940517,-1.0629370428248475,-2.044323955718899
evcara--sarki--aksaksemai--husnune_mail--dede_efendi.txt,sarki,vocal,603,0.12624584717607973,19.0188679245283,0.02159468438538206,-0.36668432480645985,0.25956525404362096,-0.382163167185386,-0.6262495788500808,-1.0084127460354668
evcara--sazsemaisi--aksaksemai----dilhayat_kalfa.txt,sazsemaisi,instrumental,629,0.09394904458598727,16.07547169811321,0.05573248407643312,-0.7737995512231903,-0.23493541799859222,0.7684896737711198,-0.5388641332245981,0.22962554054652162
evcara--yuruksemai--senginsemai--saki_cekemem--kucuk_mehmet_aga.txt,yuruksemai,vocal,452,0.09534368070953436,19.0188679245283,0.04434589800443459,-0.7562195570543249,0.25956525404362096,0.38469201454542956,-1.0157848110979457,-0.6310927965525162
evchuzi--turku--aksak--ben_havada--.txt,turku,vocal,420,0.27684964200477324,14.943396226415095,0.011933174224343675,1.5317419314728884,-0.4251279841686744,-0.7078152073092023,1.9568699156415628,1.2490547083323604
evic--agirsemai--aksaksemai--ben_aglar_idim--tanburi_ali_efendi.txt,agirsemai,vocal,1103,0.07894736842105263,19.245283018867923,0.013611615245009074,-0.9629021960277685,0.29760376727763727,-0.6512414695087296,-1.2605059633054059,-1.9117474328141355
evic--aranagme--senginsemai--1--.txt,aranagme,flagged,110,0.03669724770642202,16.30188679245283,0.009174311926605505,-1.495483321137274,-0.19689690476457594,-0.8008057564784384,-1.2985864163726981,-2.0993921728511364
evic--aranagme--sofyan--1--.txt,aranagme,flagged,86,0.09411764705882353,16.07547169811321,0.011764705882352941,-0.7716742438119789,-0.23493541799859222,-0.7134936217962873,-0.5367388258133867,-1.250232447609674
evic--aranagme--turkaksagi--1--.txt,aranagme,flagged,82,0.1728395061728395,15.169811320754716,0.06172839506172839,0.2206489871873662,-0.3870894709346582,0.9705885809001839,0.6077384581220244,1.5783270390222084
evic--karce--nimhafif--geldi_cevher--ebubekir_aga.txt,karce,vocal,330,0.22188449848024316,18.11320754716981,0.04559270516717325,0.8388824204239003,0.10741120110755534,0.42671704887434786,0.731471219316345,1.1581882681906928
evic--karsilama--yuruksemai_ii--on_kerre--.txt,karsilama,flagged,172,0.15789473684210525,16.07547169811321,0.0,0.03226367774827901,-0.23493541799859222,-1.1100362334777238,0.26719909574687123,-0.8428371377308526
evic--pesrev--devrikebir----tanburi_kucuk_osman_bey.txt,pesrev,instrumental,481,0.09583333333333334,23.32075471698113,0.052083333333333336,-0.7500472730256693,0.9822970054899329,0.645490953653636,-1.7323442785156022,-1.0868533248619663
evic--rumeliturkusu--aksak--atladim_bahcene--rumeli.txt,rumeliturkusu,vocal,371,0.15945945945945947,16.9811320754717,0.0,0.05198768605735405,-0.08278136506252656,-1.1100362334777238,0.1347690511198806,-0.9752671823578433
evic--rumeliturkusu--aksak--elveda_dost--rumeli.txt,rumeliturkusu,vocal,586,0.22905982905982905,19.245283018867923,0.02905982905982906,0.9293305793515311,0.29760376727763727,-0.1305420900936626,0.6317268120738938,0.5011847219802312
evic--rumeliturkusu--aksak--sabah_oldu--rumeli.txt,rumeliturkusu,vocal,288,0.20905923344947736,19.0188679245283,0.024390243902439025,0.6772143834010487,0.25956525404362096,-0.2879356970649895,0.4176491293574277,0.1297134322924382
evic--rumeliturkusu--curcuna--calin_davullari--rumeli.txt,rumeliturkusu,vocal,888,0.1939120631341601,20.150943396226417,0.002254791431792559,0.4862777216280694,0.4497578202137035,-1.0340359584091283,0.03651990141436595,-0.9975160569947623
evic--rumeliturkusu--sofyan--sahane_gozler--.txt,rumeliturkusu,vocal,425,0.15566037735849056,18.11320754716981,0.018867924528301886,0.004098605848956935,0.10741120110755534,-0.4740716675735332,-0.1033125952585984,-0.5773842628321316
evic--sarki--agiraksak--bir_goren--ali_icinger.txt,sarki,vocal,523,0.11302681992337164,21.056603773584907,0.02490421455938697,-0.5333159056876612,0.6019118731497691,-0.2706117394011197,-1.1352277788374303,-1.4058395182385501
evic--sarki--agiraksak--bir_sebeple--kazasker_mustafa_izzet_efendi.txt,sarki,vocal,627,0.1182108626198083,22.18867924528302,0.007987220447284345,-0.4679687955448993,0.7921044393198511,-0.8408180066971959,-1.2600732348647503,-2.1008912415619463
evic--sarki--agiraksak--bulbul_asa--dellalzade_haci_ismail_efendi.txt,sarki,vocal,494,0.09330628803245436,24.0,0.014198782961460446,-0.7819017767946672,1.0964125451919824,-0.6314503228277142,-1.8783143219866496,-2.509764644814364
evic--sarki--aksak--sen_boyle--omer_sami_gupgup.txt,sarki,vocal,584,0.16123499142367068,18.11320754716981,0.030874785591766724,0.074369037759387,0.10741120110755534,-0.06936694381632089,-0.03304216334816834,-0.10240910716448923
evic--sarki--aksak--sevdim_bir_gonca-i_rana--dede_efendi.txt,sarki,vocal,431,0.14186046511627906,19.245283018867923,0.011627906976744186,-0.16985528266205005,0.29760376727763727,-0.7181045823972343,-0.46745904993968734,-1.1855636323369216
evic--sarki--aksaksemai--nazirin_yok--tanburi_cemil_bey.txt,sarki,vocal,415,0.06280193236714976,20.150943396226417,0.0,-1.1664224310834175,0.4497578202137035,-1.1100362334777238,-1.6161802512971208,-2.7262164847748447
evic--sarki--aydin--kakulleri_lule--tanburi_mustafa_cavus.txt,sarki,vocal,476,0.16,19.0188679245283,0.04631578947368421,0.0588014343823071,0.25956525404362096,0.4510894167207738,-0.20076381966131385,0.25032559705945995
evic--sarki--ciftesofyan--ey_suh-i--suyolcuzade_salih_efendi.txt,sarki,vocal,450,0.08463251670378619,19.245283018867923,0.004454342984409799,-0.8912384322888847,0.29760376727763727,-0.9598976054468904,-1.188842199566522,-2.1487398050134123
evic--sarki--devrihindi_ii--otme_ey--rifat_bey.txt,sarki,vocal,423,0.14454976303317535,18.11320754716981,0.0,-0.13595551418542884,0.10741120110755534,-1.1100362334777238,-0.24336671529298418,-1.353402948770708
evic--sarki--turkaksagi--kalbimde_acilmis--isak_varon.txt,sarki,vocal,536,0.1308411214953271,16.9811320754717,0.018691588785046728,-0.30875889581983706,-0.08278136506252656,-0.48001526164740416,-0.2259775307573105,-0.7059927924047147
evic--sazsemaisi--aksaksemai----muallim_ismail_hakki_bey.txt,sazsemaisi,instrumental,794,0.03656998738965952,21.056603773584907,0.05674653215636822,-1.497087492712095,0.6019118731497691,0.8026693020601006,-2.098999365861864,-1.2963300638017634
evic--sazsemaisi--aksaksemai----sedat_oztoprak.txt,sazsemaisi,instrumental,677,0.06656804733727811,26.943396226415093,0.03106508875739645,-1.1189489158802255,1.5909132172341955,-0.06295256209996614,-2.709862133114421,-2.7728146952143873
evic--turku--agiraksak--karanfilin_moruna--canakkale.txt,turku,vocal,478,0.25157232704402516,15.169811320754716,0.0,1.2131103958976355,-0.3870894709346582,-1.1100362334777238,1.6001998668322936,0.4901636333545698
evic--turku--aksak--ayagina_giymis--.txt,turku,vocal,720,0.11404728789986092,16.07547169811321,0.015299026425591099,-0.5204524635515377,-0.23493541799859222,-0.5943653824038113,-0.28551704555294555,-0.8798824279567569
evic--turku--aksak--ey_benim--.txt,turku,vocal,344,0.12244897959183673,15.169811320754716,0.04081632653061224,-0.4145454900695382,-0.3870894709346582,0.2657238478660355,-0.02745601913488005,0.23826782873115543
evic--turku--aksak--havada_turna--istanbul.txt,turku,vocal,540,0.2560296846011132,13.132075471698114,0.04823747680890538,1.269297324186038,-0.7294360900408057,0.5158620444739919,1.9987334142268436,2.5145954587008355
evic--turku--sofyan--guvercin_ucuverdi--.txt,turku,vocal,689,0.1744186046511628,24.0,0.011627906976744186,0.24055420946884729,1.0964125451919824,-0.7181045823972343,-0.8558583357231351,-1.5739629181203694
ferahfeza--agirsemai--senginsemai--bir_dilber-i--dede_efendi.txt,agirsemai,vocal,542,0.12199630314232902,23.09433962264151,0.0166358595194085,-0.4202516733587591,0.9442584922559166,-0.5493059230594264,-1.3645101656146759,-1.9138160886741022
ferahfeza--beste--firengifer--ey_kasi--dede_efendi.txt,beste,vocal,753,0.10505319148936171,23.09433962264151,0.031914893617021274,-0.6338269558518236,0.9442584922559166,-0.03430893583127372,-1.5780854481077402,-1.612394383939014
ferahfeza--pesrev--devrikebir----dede_efendi.txt,pesrev,instrumental,487,0.09876543209876543,24.22641509433962,0.059670781893004114,-0.7130868943802834,1.1344510584259986,0.9012344204209204,-1.8475379528062819,-0.9463035323853615
ferahfeza--pesrev--hafif--son_pesrev--zeki_mehmet_aga.txt,pesrev,instrumental,246,0.11428571428571428,23.09433962264151,0.044897959183673466,-0.5174469953851567,0.9442584922559166,0.40329985600041146,-1.4617054876410733,-1.0584056316406618
ferahfeza--pesrev--muhammes----tanburi_cemil_bey.txt,pesrev,instrumental,653,0.07208588957055215,27.169811320754718,0.02147239263803681,-1.0493941175727215,1.6289517304682124,-0.38628514774013256,-2.6783458480409337,-3.0646309957810662
ferahfeza--sarki--aydin--mehtapta_guzel--muallim_ismail_hakki_bey.txt,sarki,vocal,348,0.11527377521613832,21.056603773584907,0.04899135446685879,-0.5049920581423442,0.6019118731497691,0.5412723367807079,-1.1069039312921132,-0.5656315945114053
ferahfeza--sarki--semai--bulbul-i_hos_neva--dede_efendi.txt,sarki,vocal,302,0.132890365448505,23.09433962264151,0.0,-0.2829272855960725,0.9442584922559166,-1.1100362334777238,-1.227185777851989,-2.337222011329713
ferahfeza--sarki--yuruksemai_ii--dinlendi_basim--lemi_atli.txt,sarki,vocal,872,0.22502870264064295,20.150943396226417,0.009184845005740528,0.8785164797116845,0.4497578202137035,-0.8004507272281522,0.428758659497981,-0.37169206773017127
ferahfeza--sazsemaisi--aksaksemai----serif_muhittin_targan.txt,sazsemaisi,instrumental,854,0.09964830011723329,20.150943396226417,0.01992966002344666,-0.7019579594886017,0.4497578202137035,-0.4382846814499679,-1.1517157797023052,-1.5900004611522731
ferahfeza--sazsemaisi--aksaksemai----tanburi_cemil_bey.txt,sazsemaisi,instrumental,950,0.0779768177028451,27.169811320754718,0.008429926238145416,-0.9751364094391354,1.6289517304682124,-0.8258961113034595,-2.604088139907348,-3.4299842512108074
ferahfeza--yuruksemai--yuruksemai_ii--bu_gece--dede_efendi.txt,yuruksemai,vocal,673,0.15625,25.132075471698112,0.04017857142857143,0.011531055377944799,1.2866051113620642,0.24422759659503945,-1.2750740559841194,-1.03084645938908
ferahfeza--yuruksemai--yuruksemai_ii--son_yuruksemai--zeki_mehmet_aga.txt,yuruksemai,vocal,138,0.051094890510948905,9.056603773584905,0.058394160583941604,-1.31399477923343,-1.4141293282531013,0.8582044668388955,0.10013454901967123,0.9583390158585667
ferahnak--sarki--aksak--ben_muptela--dede_efendi.txt,sarki,vocal,452,0.03991130820399113,19.92452830188679,0.050997782705099776,-1.4549686923737963,0.4117193069796866,0.6089012517489023,-1.8666879993534828,-1.2577867476045805
ferahnak--sarki--aksak--bir_nigahin--tanburi_cemil_bey.txt,sarki,vocal,498,0.12877263581488935,19.245283018867923,0.03822937625754527,-0.3348330563743406,0.29760376727763727,0.17852778637241706,-0.6324368236519778,-0.4539090372795608
ferahnak--sarki--aksak--gozlerinden_dokulen--gulen_ertek.txt,sarki,vocal,338,0.11869436201780416,19.0188679245283,0.026706231454005934,-0.46187407560046057,0.25956525404362096,-0.2098727381177863,-0.7214393296440815,-0.9313120677618678
ferahnak--sarki--duyek--sinede_yarem--hamparsum.txt,sarki,vocal,196,0.22564102564102564,17.20754716981132,0.015384615384615385,0.886235077125332,-0.0447428518285103,-0.5914805105096914,0.9309779289538423,0.33949741844415093
ferahnak--sarki--semai--ruhumda_bahar--artaki_candan.txt,sarki,vocal,341,0.21470588235294116,18.11320754716981,0.026470588235294117,0.7483928457400623,0.10741120110755534,-0.21781535719449163,0.640981644632507,0.4231662874380153
ferahnak--sazsemaisi--aksaksemai----leon_hanciyan.txt,sazsemaisi,instrumental,408,0.09582309582309582,24.0,0.04668304668304668,-0.7501763212893996,1.0964125451919824,0.46346823302232526,-1.8465888664813819,-1.3831206334590567
ferahnak--turku--duyek--mapusane_icinde--bartin.txt,turku,vocal,366,0.18904109589041096,12.0,0.06301369863013699,0.4248770635667746,-0.9196286562108879,1.0139111797749023,1.3445057197776624,2.358416899552565
ferahnak--yuruksemai--yuruksemai--bir_dilbere--sakir_aga.txt,yuruksemai,vocal,375,0.10160427807486631,24.0,0.0,-0.6773020076535373,1.0964125451919824,-1.1100362334777238,-1.7737145528455196,-2.8837507863232434
ferahnakasiran--pesrev--devrikebir----cuneyd_kosal.txt,pesrev,instrumental,315,0.1305732484076433,22.867924528301888,0.041401273885350316,-0.312135552454472,0.9062199790219004,0.28544015476427415,-1.2183555314763725,-0.9329153767120983
ferahnuma--sarki--curcuna--guzel_kiz--huseyin_sadettin_arel.txt,sarki,vocal,180,0.2849162011173184,19.0188679245283,0.05027932960893855,1.6334244132091822,0.25956525404362096,0.5846849840434994,1.3738591591655611,1.9585441432090605
ferahnuma--turku--aksak--kiz_bahcende--kastamonu.txt,turku,vocal,680,0.16642120765832105,19.0188679245283,0.0,0.1397435462955203,0.25956525404362096,-1.1100362334777238,-0.11982170774810066,-1.2298579412258246
ferahnuma--turku--sofyan--fidayda--ankara.txt,turku,vocal,986,0.19593908629441625,24.0,0.1319796954314721,0.511829229104317,1.0964125451919824,3.3384874813241785,-0.5845833160876653,2.7539041652365133
gerdaniye--oyunhavasi--devrituran--bulut_gelir--.txt,oyunhavasi,instrumental,332,0.44108761329305135,14.037735849056604,0.0,3.6020329047274147,-0.57728203710474,-1.1100362334777238,4.179314941832155,3.0692787083544313
gerdaniye--rumeliturkusu--dolap--kirimdan_gelirim--rumeli.txt,rumeliturkusu,vocal,301,0.21666666666666667,14.943396226415095,0.03,0.7731093837815591,-0.4251279841686744,-0.09885257369006069,1.1982373679502336,1.0993847942601729
gerdaniye--turku--aksak--antalyanin_mor--antalya.txt,turku,vocal,121,0.25,9.962264150943396,0.0,1.1932905304870014,-1.2619752753170357,-1.1100362334777238,2.455265805804037,1.3452295723263132
gerdaniye--turku--aksak--asagidan_gelen--bilecik.txt,turku,vocal,318,0.21451104100946372,12.0,0.05362776025236593,0.7459367859662228,-0.9196286562108879,0.6975475957957015,1.6655654421771107,2.3631130379728122
gerdaniye--turku--aksak--cemilemin_gezdigi--.txt,turku,vocal,574,0.4432809773123909,14.037735849056604,0.0,3.629681210991071,-0.57728203710474,-1.1100362334777238,4.206963248095811,3.0969270146180867
gerdaniye--turku--aksak--salina_salina--denizli.txt,turku,vocal,416,0.18795180722891566,14.037735849056604,0.04578313253012048,0.41114610680036473,-0.57728203710474,0.43313561680063756,0.9884281439051048,1.4215637607057423
gerdaniye--turku--kapali_curcuna--celik_pazari--erzurum.txt,turku,vocal,696,0.20431654676258992,12.0,0.02158273381294964,0.6174307574842188,-0.9196286562108879,-0.38256597463767833,1.5370594136951068,1.1544934390574284
gerdaniye--turku--kapali_curcuna--daglar_basi--kerkuk.txt,turku,vocal,570,0.1687170474516696,12.0,0.0492091388400703,0.16868360420615564,-0.9196286562108879,0.5486130034323271,1.0883122604170434,1.6369252638493705
gerdaniye--turku--kapali_curcuna--kirklar_daginin--diyarbakir.txt,turku,vocal,428,0.15690866510538642,12.0,0.01639344262295082,0.019833815156228663,-0.9196286562108879,-0.5574768565445746,0.9394624713671165,0.3819856148225419
gerdaniye--turku--kapali_curcuna--sirali_daglarin--salih_turhan.txt,turku,vocal,310,0.2912621359223301,12.0,0.061488673139158574,1.7134176781078156,-0.9196286562108879,0.9625084845336678,2.6330463343187036,3.5955548188523716
gerdaniye--turku--musemmen_ii--dost_eline--malatya.txt,turku,vocal,398,0.4433249370277078,13.358490566037736,0.042821158690176324,3.6302353422987923,-0.6913975768067895,0.33329896521163593,4.321632919105582,4.654931884317218
gerdaniye--turku--nimsofyan--al_almanin--malatya.txt,turku,vocal,252,0.3665338645418327,9.962264150943396,0.027888446215139442,2.6622505154831195,-1.2619752753170357,-0.17002486315718704,3.924225790800155,3.7542009276429678
gerdaniye--turku--nimsofyan--cezayirin_harmanlari--bursa.txt,turku,vocal,486,0.23917525773195877,16.30188679245283,0.020618556701030927,1.0568399519177083,-0.19689690476457594,-0.4150646459947938,1.2537368566822842,0.8386722106874904
gerdaniye--turku--raksaksagi--penceresi_yesil--konya.txt,turku,vocal,294,0.21843003412969283,16.9811320754717,0.04436860068259386,0.7953373966618811,-0.08278136506252656,0.38545723378503177,0.8781187617244076,1.2635759955094394
gerdaniye--turku--sofyan--benusene_gideyim--.txt,turku,vocal,336,0.2507462686567164,14.037735849056604,0.011940298507462687,1.2026975710848842,-0.57728203710474,-0.7075750753532808,1.7799796081896242,1.0724045328363434
gerdaniye--turku--sofyan--bin_derdim--maras.txt,turku,vocal,692,0.22286541244573083,16.9811320754717,0.004341534008683068,0.85124726706904,-0.08278136506252656,-0.9636999585446322,0.9340286321315665,-0.02967132641306569
gerdaniye--turku--sofyan--cabur_dagdan--urfa.txt,turku,vocal,506,0.38811881188118813,12.0,0.005940594059405941,2.9343381532219284,-0.9196286562108879,-0.9098018454009589,3.853966809432816,2.9441649640318572
gerdaniye--turku--sofyan--evlerinin_onu--urfa.txt,turku,vocal,510,0.18467583497053044,9.962264150943396,0.05108055009823183,0.36985105339725916,-1.2619752753170357,0.6116910195988474,1.631826328714295,2.2435173483131425
gerdaniye--turku--sofyan--kaleden_kaleye--adiyaman.txt,turku,vocal,302,0.31893687707641194,9.962264150943396,0.036544850498338874,2.062269812294768,-1.2619752753170357,0.12174895563238647,3.3242450876118035,3.44599404324419
gerdaniye--turku--sofyan--odasina_girdim--.txt,turku,vocal,300,0.1939799331103679,14.037735849056604,0.013377926421404682,0.4871332521609654,-0.57728203710474,-0.6591182135055218,1.0644152892657055,0.4052970757601837
gerdaniye--turku--sofyan--su_daglari--fahri_kayahan.txt,turku,vocal,566,0.27256637168141595,9.962264150943396,0.03716814159292035,1.4777494483893585,-1.2619752753170357,0.1427576813034518,2.739724723706394,2.882482405009846
gerdaniye--turku--turkaksagi--benden_selam--kastamonu.txt,turku,vocal,438,0.35697940503432496,14.037735849056604,0.04805491990846682,2.5418124029226603,-0.57728203710474,0.50970875931716,3.1190944400274003,3.6288031993445604
gerdaniye--turku--turkaksagi--uca_daglarin--erzurum.txt,turku,vocal,213,0.2358490566037736,14.037735849056604,0.0,1.0149117417912947,-0.57728203710474,-1.1100362334777238,1.5921937788960348,0.4821575454183109
gevest--sazsemaisi--aksaksemai----.txt,sazsemaisi,instrumental,427,0.09154929577464789,14.037735849056604,0.0539906103286385,-0.8040494274437984,-0.57728203710474,0.7097778647316857,-0.22676739033905835,0.48301047439262734
guldeste--sazsemaisi--aksaksemai----dede_salih_efendi.txt,sazsemaisi,instrumental,404,0.05955334987593052,21.962264150943398,0.03722084367245657,-1.207372224573249,0.7540659260858348,0.14453406402558028,-1.9614381506590837,-1.8169040866335033
gulizar--kocekce--aksak--nazli_nazli--dede_efendi.txt,kocekce,flagged,398,0.181360201511335,16.9811320754717,0.04534005037783375,0.32805605332906895,-0.08278136506252656,0.41820103572277456,0.4108374183915955,0.82903845411437
gulizar--sarki--senginsemai--sormadi_hal-i--nikogos_aga.txt,sarki,vocal,273,0.16911764705882354,16.9811320754717,0.014705882352941176,0.1737333362752664,-0.08278136506252656,-0.6143579688759282,0.25651470133779297,-0.3578432675381352
gulizar--sazsemaisi--aksaksemai----tanburi_isak.txt,sazsemaisi,instrumental,566,0.07610619469026549,26.037735849056602,0.04424778761061947,-0.9987164251135141,1.4387591642981299,0.3813850936427233,-2.437475589411644,-2.056090495768921
gulizar--turku--sofyan--dertli--erol_sayan.txt,turku,vocal,719,0.19498607242339833,16.9811320754717,0.03203342618384401,0.49981607526980193,-0.08278136506252656,-0.03031366267381229,0.5825974403323285,0.5522837776585162
gulsen_ivefa--sazsemaisi--aksaksemai----feraizcizade_ibrahim_efendi.txt,sazsemaisi,instrumental,370,0.14634146341463414,21.962264150943398,0.056910569105691054,-0.11337035256041088,0.7540659260858348,0.8081983514853228,-0.8674362786462456,-0.0592379271609228
gulzar--sazsemaisi--aksaksemai----ismet_burkay.txt,sazsemaisi,instrumental,1006,0.12736318407960198,23.09433962264151,0.0,-0.3525998077651112,0.9442584922559166,-1.1100362334777238,-1.2968583000210279,-2.4068945334987517
hicaz--agirsemai--agirsenginsemai--guller_kizarir--ibrahim_aga.txt,agirsemai,vocal,598,0.1457286432160804,24.0,0.05025125628140704,-0.12109521737298794,1.0964125451919824,0.583738741040975,-1.2175077625649704,-0.6337690215239954
hicaz--aranagme--agiraksak--1--.txt,aranagme,flagged,193,0.08333333333333333,14.037735849056604,0.0,-0.9076152030402104,-0.57728203710474,-1.1100362334777238,-0.33033316593547035,-1.440369399413194
hicaz--aranagme--aydin--1--.txt,aranagme,flagged,64,0.20634920634920634,9.056603773584905,0.12698412698412698,0.6430533145632077,-1.4141293282531013,3.1701062418139716,2.057182642816309,5.227288884630281
hicaz--aranagme--curcuna--1--.txt,aranagme,flagged,86,0.21176470588235294,12.0,0.12941176470588237,0.7113180386778174,-0.9196286562108879,3.2519324950180786,1.6309466948887053,4.882879189906784
hicaz--aranagme--evfer--1--.txt,aranagme,flagged,58,0.21052631578947367,12.0,0.0,0.6957075935989774,-0.9196286562108879,-1.1100362334777238,1.6153362498098653,0.5053000163321415
hicaz--beste--agirduyek--ey_cesm-i--dede_efendi.txt,beste,vocal,764,0.1782437745740498,24.0,0.05897771952817824,0.2887721380051022,1.0964125451919824,0.8778739758033964,-0.8076404071868801,0.0702335686165163
hicaz--beste--lenkfahte--baktikca_husn_u--suphi_ezgi.txt,beste,vocal,399,0.1306532663316583,16.07547169811321,0.05778894472361809,-0.31112689176238373,-0.23493541799859222,0.8378049872187798,-0.07619147376379151,0.7616135134549883
hicaz--durak--durakevferi--allah_emrin--.txt,durak,vocal,198,0.2182741116751269,14.037735849056604,0.005076142131979695,0.7933719263891817,-0.57728203710474,-0.9389391675238045,1.3706539634939219,0.4317147959701174
hicaz--fantezi--duyek--sevemez_kimse--suat_sayin.txt,fantezi,vocal,402,0.06483790523690773,15.169811320754716,0.0,-1.1407581086311354,-0.3870894709346582,-1.1100362334777238,-0.7536686376964772,-1.863704871174201
hicaz--fantezi--nimsofyan--ayni_cati--turhan_tasan.txt,fantezi,vocal,298,0.1414141414141414,14.037735849056604,0.08754208754208755,-0.17548138681103054,-0.57728203710474,1.8406680487309455,0.4018006502937095,2.2424686990246547
hicaz--fantezi--yuruksemai_ii--gamze_gamze--sezen_aksu.txt,fantezi,vocal,499,0.09437751004016064,20.150943396226417,0.0,-0.7683985580474433,0.4497578202137035,-1.1100362334777238,-1.2181563782611469,-2.3281926117388707
hicaz--ilahi--duyek--icimde_bir--amir_ates.txt,ilahi,vocal,320,0.14420062695924765,19.0188679245283,0.07210031347962383,-0.14035652606240412,0.25956525404362096,1.320185728394403,-0.3999217801060251,0.9202639482883779
hicaz--ilahi--sofyan--daglar_ile--kutbi_dede.txt,ilahi,vocal,268,0.14606741573033707,13.132075471698114,0.0449438202247191,-0.1168248426676082,-0.7294360900408057,0.40484565384461796,0.6126112473731975,1.0174569012178154
hicaz--kalenderi--aksak--ebrulerinin_zahmi--ii_mahmud.txt,kalenderi,vocal,544,0.11049723756906077,18.11320754716981,0.0,-0.565202390117267,0.10741120110755534,-1.1100362334777238,-0.6726135912248223,-1.7826498247025462
hicaz--kanto--sofyan--ada_sahillerinde--.txt,kanto,vocal,478,0.11740041928721175,83.09433962264151,0.0041928721174004195,-0.47818478580980533,11.024464499270268,-0.9687107743879037,-11.502649285080073,-12.471360059467976
hicaz--kocekce--aksak--baharin_zamani--dede_efendi.txt,kocekce,flagged,566,0.10265486725663717,14.943396226415095,0.0,-0.664058874640153,-0.4251279841686744,-1.1100362334777238,-0.23893089047147859,-1.3489671239492025
hicaz--kosma--nimsofyan--yuru_dilber--ankara.txt,kosma,vocal,662,0.3177004538577912,14.037735849056604,0.009077155824508321,2.0466841605203694,-0.57728203710474,-0.804080511908083,2.6239661976251094,1.8198856857170265
hicaz--mandra--devrituran_ii----lavtaci_andon.txt,mandra,instrumental,366,0.21643835616438356,16.07547169811321,0.0,0.7702314307219327,-0.23493541799859222,-1.1100362334777238,1.005166848720525,-0.10486938475719887
hicaz--ninni--sofyan--dagda_tavsanlar--tanburi_cemil_bey.txt,ninni,vocal,140,0.12949640287769784,14.037735849056604,0.04316546762589928,-0.3257096581423855,-0.57728203710474,0.3449042842023672,0.2515723789623545,0.5964766631647217
hicaz--ninni--yuruksofyan--dere_dibi--.txt,ninni,vocal,126,0.224,9.056603773584905,0.056,0.8655492360567564,-1.4141293282531013,0.7775065981259142,2.2796785643098576,3.057185162435772
hicaz--pesrev--fahte----neyzen_salim_bey.txt,pesrev,instrumental,541,0.040740740740740744,21.962264150943398,0.014814814814814815,-1.4445133349416088,0.7540659260858348,-0.6106862780270259,-2.1985792610274437,-2.8092655390544694
hicaz--popsarkisi--sofyan--basin_one--kerem_guney.txt,popsarkisi,vocal,531,0.330188679245283,12.0,0.0830188679245283,2.2041036664293387,-0.9196286562108879,1.688207856500715,3.1237323226402265,4.811940179140942
hicaz--rumeliturkusu--aksak--yine_de--rumeli.txt,rumeliturkusu,vocal,371,0.22162162162162163,19.92452830188679,0.03513513513513514,0.8355687434269627,0.4117193069796866,0.07423291762494483,0.42384943644727613,0.49808235407222096
hicaz--rumeliturkusu--sofyan--gemi_kalkar--rumeli.txt,rumeliturkusu,vocal,370,0.18699186991869918,9.962264150943396,0.0027100271002710027,0.3990456800072017,-1.2619752753170357,-1.0186917294318645,1.6610209553242374,0.642329225892373
hicaz--rumeliturkusu--sofyan--kirmizi_gulun--rumeli.txt,rumeliturkusu,vocal,458,0.175054704595186,12.0,0.0,0.24857252558581527,-0.9196286562108879,-1.1100362334777238,1.168201181796703,0.058164948318979226
hicaz--sarki--agir_aksaksemai--hasret_odu--tanburi_ali_efendi.txt,sarki,vocal,397,0.10353535353535354,18.79245283018868,0.03535353535353535,-0.6529599626126694,0.22152674080960472,0.0815943420296233,-0.8744867034222741,-0.7928923613926507
hicaz--sarki--agiraksak--bak_ne--haci_arif_bey.txt,sarki,vocal,538,0.1340782122905028,19.0188679245283,0.01675977653631285,-0.2679539601506403,0.25956525404362096,-0.5451291609706495,-0.5275192141942613,-1.0726483751649107
hicaz--sarki--agiraksak--bir_nigah--sekerci_cemil_bey.txt,sarki,vocal,451,0.10666666666666667,21.056603773584907,0.0044444444444444444,-0.6134884003464006,0.6019118731497691,-0.9602312468425145,-1.2154002734961697,-2.1756315203386842
hicaz--sarki--agiraksak--cevr-i_hicrin--bulbuli_salih_efendi.txt,sarki,vocal,656,0.11297709923664122,17.88679245283019,0.013740458015267175,-0.5339426565426223,0.06937268787353908,-0.6468986793765041,-0.6033153444161614,-1.2502140237926656
hicaz--sarki--agiraksak--derdimi_ummana--serif_icli.txt,sarki,vocal,777,0.12242268041237113,19.0188679245283,0.006443298969072165,-0.4148770026510963,0.25956525404362096,-0.8928576123893083,-0.6744422566947172,-1.5672998690840254
hicaz--sarki--agiraksak--firkatin_aldi--bimen_sen.txt,sarki,vocal,567,0.11130742049469965,14.943396226415095,0.026501766784452298,-0.5549896823951836,-0.4251279841686744,-0.21676444921300367,-0.12986169822650923,-0.3466261474395129
hicaz--sarki--agiraksak--hali_nezimde--sevki_bey.txt,sarki,vocal,336,0.15223880597014924,18.11320754716981,0.029850746268656716,-0.03903178783567665,0.10741120110755534,-0.10388333816661621,-0.146442988943232,-0.2503263271098482
hicaz--sarki--agiraksak--omrum_artar--bimen_sen.txt,sarki,vocal,633,0.10284810126582279,15.169811320754716,0.012658227848101266,-0.6616230760132898,-0.3870894709346582,-0.6833764614154187,-0.27453360507863167,-0.9579100664940504
hicaz--sarki--agiraksak--seni_sevda--leyla_saz.txt,sarki,vocal,529,0.08901515151515152,16.07547169811321,0.005681818181818182,-0.8359934166699644,-0.23493541799859222,-0.9185241766997573,-0.6010579986713722,-1.5195821753711294
hicaz--sarki--agiraksak--severim_can_u--sevki_bey.txt,sarki,vocal,432,0.1531322505800464,16.9811320754717,0.002320185614849188,-0.027769530414545173,-0.08278136506252656,-1.0318317740973941,0.055011834647981386,-0.9768199394494127
hicaz--sarki--agiraksak--soylemez_miydim--ii_mahmud.txt,sarki,vocal,203,0.16831683168316833,14.943396226415095,0.04455445544554455,0.1636387105900017,-0.4251279841686744,0.39172167709801353,0.5887666947586762,0.9804883718566897
hicaz--sarki--aksak--ben_gamli_hazan--melahat_pars.txt,sarki,vocal,339,0.07692307692307693,12.0,0.03550295857988166,-0.9884192697143338,-0.9196286562108879,0.0866308195254279,-0.06879061350344595,0.01784020602198194
hicaz--sarki--aksak--beni_sev--misirli_udi_ibrahim_efendi.txt,sarki,vocal,300,0.20066889632107024,16.9811320754717,0.0,0.5714505391252682,-0.08278136506252656,-1.1100362334777238,0.6542319041877948,-0.4558043292899291
hicaz--sarki--aksak--bilmiyorum--sevki_bey.txt,sarki,vocal,325,0.15432098765432098,20.150943396226417,0.06172839506172839,-0.012784983204546185,0.4497578202137035,0.9705885809001839,-0.46254280341824966,0.5080457774819342
hicaz--sarki--aksak--bir_an--omer_sami_gupgup.txt,sarki,vocal,314,0.18849840255591055,19.0188679245283,0.04472843450479233,0.41803617833878115,0.25956525404362096,0.3975858364932329,0.1584709242951602,0.5560567607883931
hicaz--sarki--aksak--bir_bahar--selahattin_pinar.txt,sarki,vocal,310,0.21359223300970873,15.849056603773585,0.07766990291262135,0.7343548119980472,-0.27297393123260877,1.5079149892735075,1.007328743230656,2.5152437325041634
hicaz--sarki--aksak--dil_yaresini--sevki_bey.txt,sarki,vocal,495,0.12955465587044535,16.9811320754717,0.004048582995951417,-0.3249753538636354,-0.08278136506252656,-0.9735742011177153,-0.24219398880110884,-1.2157681899188242
hicaz--sarki--aksak--gormedim_omrumun--kadri_sencalar.txt,sarki,vocal,522,0.22840690978886757,15.622641509433961,0.0,0.9211002483121707,-0.31101244446662535,-1.1100362334777238,1.232112692778796,0.12207645930107214
hicaz--sarki--aksak--gulsen-i_husnune--rifat_bey.txt,sarki,vocal,329,0.19207317073170732,16.9811320754717,0.03353658536585366,0.46309768407815344,-0.08278136506252656,0.02035200408978589,0.54587904914068,0.5662310532304659
hicaz--sarki--aksak--hastayim_yasiyorum--udi_hrant.txt,sarki,vocal,406,0.1925925925925926,16.9811320754717,0.0,0.4696452222720729,-0.08278136506252656,-1.1100362334777238,0.5524265873345995,-0.5576096461431244
hicaz--sarki--aksak--kis_geldi--sevki_bey.txt,sarki,vocal,477,0.13865546218487396,20.830188679245282,0.029411764705882353,-0.21025573686941307,0.5638733599157523,-0.11867970427413249,-0.7741290967851653,-0.8928088010592978
hicaz--sarki--aksak--matemzedeyim--tanburi_cemil_bey.txt,sarki,vocal,407,0.14532019704433496,19.0188679245283,0.0049261083743842365,-0.12624385879733122,0.25956525404362096,-0.9439962236603735,-0.3858091128409522,-1.3298053365013258
hicaz--sarki--aksak--ne_gunah--alaeddin_yavasca.txt,sarki,vocal,539,0.15985130111524162,18.339622641509433,0.031598513011152414,0.0569270203449592,0.1454497143415716,-0.04497289912888413,-0.08852269399661242,-0.13349559312549655
hicaz--sarki--aksak--pencerenin_perdesini--muhlis_sabahaddin_ezgi.txt,sarki,vocal,354,0.04815864022662889,14.037735849056604,0.0453257790368272,-1.351007489577823,-0.57728203710474,0.41772000416180516,-0.773725452473083,-0.35600544831127784
hicaz--sarki--aksak--sazlar_calinir--yesari_asim_arsoy.txt,sarki,vocal,597,0.11577181208053691,19.0188679245283,0.02181208053691275,-0.49871408711880666,0.25956525404362096,-0.3748355859811007,-0.7582793411624276,-1.1331149271435283
hicaz--sarki--aksak--sen_bu_yerden--sevki_bey.txt,sarki,vocal,458,0.1575492341356674,21.056603773584907,0.028446389496717725,0.02790846604685232,0.6019118731497691,-0.15121875884317812,-0.5740034071029168,-0.7252221659460949
hicaz--sarki--aksak--su_karsiki--dede_efendi.txt,sarki,vocal,255,0.12598425196850394,14.037735849056604,0.007874015748031496,-0.3699818460352152,-0.57728203710474,-0.8446336981003845,0.2073001910695248,-0.6373335070308597
hicaz--sarki--aksaksemai--sezdim_dargin--rifat_ayaydin.txt,sarki,vocal,610,0.12315270935960591,18.339622641509433,0.0016420361247947454,-0.40567467064577795,0.1454497143415716,-1.054689563538607,-0.5511243849873495,-1.6058139485259566
hicaz--sarki--curcuna--acaba_sen_misin--bimen_sen.txt,sarki,vocal,259,0.22093023255813954,16.07547169811321,0.1124031007751938,0.8268534839415574,-0.23493541799859222,2.678636393633676,1.0617889019401496,3.7404252955738255
hicaz--sarki--curcuna--aksam_erdi--rahmi_bey.txt,sarki,vocal,422,0.16389548693586697,15.169811320754716,0.040380047505938245,0.10790573941296672,-0.3870894709346582,0.2510185738374207,0.4949952103476249,0.7460137841850456
hicaz--sarki--curcuna--bahar_olsa--fahri_kopuz.txt,sarki,vocal,414,0.13559322033898305,16.9811320754717,0.03389830508474576,-0.248856625578288,-0.08278136506252656,0.032544173062008575,-0.16607526051576144,-0.13353108745375286
hicaz--sarki--curcuna--gonul_yarasindan--selahattin_pinar.txt,sarki,vocal,792,0.17699115044247787,19.92452830188679,0.017699115044247787,0.27298226668525816,0.4117193069796866,-0.513467702629545,-0.13873704029442846,-0.6522047429239735
hicaz--sarki--curcuna--ruya_gibi--avni_anil.txt,sarki,vocal,489,0.26229508196721313,15.169811320754716,0.10860655737704918,1.3482753796816318,-0.3870894709346582,2.5506696387043903,1.73536485061629,4.286034489320681
hicaz--sarki--curcuna--severim_her--lemi_atli.txt,sarki,vocal,325,0.25925925925925924,17.20754716981132,0.009259259259259259,1.3100075156829574,-0.0447428518285103,-0.7979425113210377,1.3547503675114676,0.5568078561904299
hicaz--sarki--curcuna--sislendi_hava--rifat_bey.txt,sarki,vocal,306,0.14754098360655737,14.943396226415095,0.05573770491803279,-0.09824987946825174,-0.4251279841686744,0.7686656480949837,0.32687810470042267,1.0955437527954064
hicaz--sarki--curcuna--unutulmus_degilsin--irfan_ozbakir.txt,sarki,vocal,360,0.1532033426183844,16.07547169811321,0.04178272980501393,-0.026873384388830603,-0.23493541799859222,0.2982975545273781,0.2080620336097616,0.5063595881371397
hicaz--sarki--devrihindi--asik_oldum--enderuni_ali_bey.txt,sarki,vocal,395,0.1319796954314721,19.0188679245283,0.01015228426395939,-0.29440667675688703,0.25956525404362096,-0.7678421015698852,-0.553971930800508,-1.3218140323703933
hicaz--sarki--devrihindi--baglanip_zulf--sevki_bey.txt,sarki,vocal,440,0.1548974943052392,20.830188679245282,0.015945330296127564,-0.005517866434562323,0.5638733599157523,-0.5725809852990114,-0.5693912263503146,-1.141972211649326
hicaz--sarki--devrisureyya--kuru_dallar--ismet_burkay.txt,sarki,vocal,371,0.21081081081081082,19.0188679245283,0.01891891891891892,0.6992937769279004,0.25956525404362096,-0.47235284442244074,0.43972852288427944,-0.032624321538161305
hicaz--sarki--duyek--anilsin_yar--semseddin_ziya_bey.txt,sarki,vocal,476,0.0968421052631579,16.9811320754717,0.004210526315789474,-0.737331264638531,-0.08278136506252656,-0.968115719823315,-0.6545498995760045,-1.6226656193993194
hicaz--sarki--duyek--artik_bu--alaeddin_yavasca.txt,sarki,vocal,702,0.1312410841654779,20.150943396226417,0.018544935805991442,-0.303717192618337,0.4497578202137035,-0.48495836485006705,-0.7534750128320404,-1.2384333776821075
hicaz--sarki--duyek--aski_seninle--fehmi_tokay.txt,sarki,vocal,269,0.19029850746268656,18.11320754716981,0.011194029850746268,0.4407272826563583,0.10741120110755534,-0.7327288977360585,0.333316081548803,-0.39941281618725555
hicaz--sarki--duyek--ayrilik_canlari--omer_sami_gupgup.txt,sarki,vocal,382,0.06299212598425197,15.849056603773585,0.08923884514435695,-1.1640249579195157,-0.27297393123260877,1.8978591674654561,-0.8910510266869069,1.0068081407785492
hicaz--sarki--duyek--bir_atesim--avni_anil.txt,sarki,vocal,672,0.10283159463487332,17.88679245283019,0.029806259314456036,-0.6618311492669077,0.06937268787353908,-0.10538282087199788,-0.7312038371404468,-0.8365866580124447
hicaz--sarki--duyek--bogazici_sen--alaeddin_yavasca.txt,sarki,vocal,282,0.11387900355871886,16.07547169811321,0.042704626334519574,-0.522573760774547,-0.23493541799859222,0.32937111141574693,-0.2876383427759548,0.04173276863979214
hicaz--sarki--duyek--hicbir_seyde--fethi_karamahmutoglu.txt,sarki,vocal,553,0.2916666666666667,17.20754716981132,0.06884057971014493,1.7185169638688045,-0.0447428518285103,1.2103127442958994,1.7632598156973147,2.9735725599932143
hicaz--sarki--duyek--istanbulda_bogazicinde--sekip_ayhan_ozisik.txt,sarki,vocal,595,0.0723905723905724,19.92452830188679,0.0,-1.045553458271795,0.4117193069796866,-1.1100362334777238,-1.4572727652514814,-2.5673089987292053
hicaz--sarki--duyek--kederden_mi--nasibin_mehmet_yuru.txt,sarki,vocal,529,0.14393939393939395,14.037735849056604,0.007575757575757576,-0.14364948175758774,-0.57728203710474,-0.8546868244404352,0.4336325553471523,-0.4210542690932829
hicaz--sarki--duyek--sarkilardan_fal--erdogan_berker.txt,sarki,vocal,414,0.18886198547215496,19.0188679245283,0.10653753026634383,0.4226192989388838,0.25956525404362096,2.480930758504292,0.16305404489526282,2.643984803399555
hicaz--sarki--duyek--sensizligi_ben--zekai_tunca.txt,sarki,vocal,544,0.3370165745856354,16.9811320754717,0.08103130755064457,2.290172253240159,-0.08278136506252656,1.6212149040702921,2.372953618302686,3.994168522372978
hicaz--sarki--duyek--yalan_degil--yusuf_nalkesen.txt,sarki,vocal,400,0.12781954887218044,14.943396226415095,0.040100250626566414,-0.3468471313092629,-0.4251279841686744,0.24158770608807484,0.0782808528594115,0.31986855894748634
hicaz--sarki--duyek--yalancinin_birine--necdet_tokatlioglu.txt,sarki,vocal,436,0.08045977011494253,15.169811320754716,0.0,-0.9438377156872312,-0.3870894709346582,-1.1100362334777238,-0.556748244752573,-1.666784478230297
hicaz--sarki--evfer--bir_seni--selahattin_icli.txt,sarki,vocal,314,0.25559105431309903,16.07547169811321,0.003194888178913738,1.263768198864112,-0.23493541799859222,-1.0023489427655126,1.4987036168627044,0.4963546740971918
hicaz--sarki--evfer--mah_yuzune--dede_efendi.txt,sarki,vocal,672,0.12667660208643816,16.9811320754717,0.029806259314456036,-0.3612544720409577,-0.08278136506252656,-0.10538282087199788,-0.2784731069784311,-0.383855927850429
hicaz--sarki--kapali_curcuna--anladim_sevmeyeceksin--selahattin_pinar.txt,sarki,vocal,506,0.1702970297029703,15.849056603773585,0.0039603960396039604,0.188599966829929,-0.27297393123260877,-0.9765466414265472,0.4615738980625378,-0.5149727433640094
hicaz--sarki--kapali_curcuna--anlatilmaz_bin--erdogan_yildizel.txt,sarki,vocal,387,0.18393782383419688,15.849056603773585,0.04145077720207254,0.3605481024308784,-0.27297393123260877,0.28710871959676765,0.6335220336634872,0.9206307532602549
hicaz--sarki--kapali_curcuna--hancer-i_askinla--ekrem_guyer.txt,sarki,vocal,308,0.20521172638436483,16.07547169811321,0.026058631921824105,0.6287148854837605,-0.23493541799859222,-0.23170080695206632,0.8636503034823527,0.6319494965302864
hicaz--sarki--kapali_curcuna--nicin_bulbul--rifat_bey.txt,sarki,vocal,504,0.1610337972166998,16.9811320754717,0.02385685884691849,0.0718328973815216,-0.08278136506252656,-0.3059140388155663,0.15461426244404816,-0.15129977637151812
hicaz--sarki--nimsofyan--cok_yasa--muhlis_sabahaddin_ezgi.txt,sarki,vocal,220,0.0547945205479452,14.037735849056604,0.0228310502283105,-1.2673593354935,-0.57728203710474,-0.340490069255758,-0.69007729838876,-1.030567367644518
hicaz--sarki--nimsofyan--gonul_penceresinden--muzaffer_ilkar.txt,sarki,vocal,630,0.13990461049284578,13.132075471698114,0.0,-0.1945096798159502,-0.7294360900408057,-1.1100362334777238,0.5349264102248554,-0.5751098232528684
hicaz--sarki--nimsofyan--sari_kurdelem--fahri_kayahan.txt,sarki,vocal,700,0.13590844062947066,84.0,0.0357653791130186,-0.2448831368846308,11.176618552206333,0.09547599802878938,-11.421501689090965,-11.326025691062176
hicaz--sarki--nimsofyan--yar_saclari--yesari_asim_arsoy.txt,sarki,vocal,632,0.21870047543581617,15.849056603773585,0.012678288431061807,0.7987464268055836,-0.27297393123260877,-0.6827002969589016,1.0717203580381924,0.3890200610792909
hicaz--sarki--raksaksagi--benim_yarim--sadettin_kaynak.txt,sarki,vocal,372,0.1778975741239892,13.132075471698114,0.04043126684636118,0.28440813094221024,-0.7294360900408057,0.25274497917411326,1.0138442209830159,1.266589200157129
hicaz--sarki--semai--bulbulun_cilesi--yusuf_nalkesen.txt,sarki,vocal,516,0.14563106796116504,14.943396226415095,0.007766990291262136,-0.12232519584800024,-0.4251279841686744,-0.8482411112026008,0.3028027883206742,-0.5454383228819266
hicaz--sarki--semai--degdi_saclarima--bekirof.txt,sarki,vocal,376,0.13333333333333333,12.0,0.005333333333333333,-0.2773434829820468,-0.9196286562108879,-0.9302702495154727,0.642285173228841,-0.2879850762866316
hicaz--sarki--semai--ey_mehlika--muallim_ismail_hakki_bey.txt,sarki,vocal,248,0.08097165991902834,14.037735849056604,0.020242914979757085,-0.9373851223412032,-0.57728203710474,-0.4277260716776812,-0.36010308523646317,-0.7878291569141443
hicaz--sarki--semai--nasil_gecti--teoman_alpay.txt,sarki,vocal,566,0.15221238938053097,16.07547169811321,0.09026548672566372,-0.03936478042321224,-0.23493541799859222,1.9324632738479883,0.19557063757537999,2.128033911423368
hicaz--sarki--semai--sana_dun--munir_nurettin_selcuk.txt,sarki,vocal,483,0.17219917012448133,16.9811320754717,0.03319502074688797,0.21257727313508717,-0.08278136506252656,0.008839185374462263,0.29535863819761377,0.30419782357207603
hicaz--sarki--semai--sirma_sacli--misirli_udi_ibrahim_efendi.txt,sarki,vocal,668,0.09745127436281859,17.88679245283019,0.01649175412293853,-0.7296524235135425,0.06937268787353908,-0.5541631571326816,-0.7990251113870817,-1.3531882685197631
hicaz--sarki--semai--tadi_yok--muzaffer_ilkar.txt,sarki,vocal,451,0.09777777777777778,16.9811320754717,0.0044444444444444444,-0.7255367061345186,-0.08278136506252656,-0.9602312468425145,-0.6427553410719921,-1.6029865879145064
hicaz--sarki--senginsemai--agyar_ile--bimen_sen.txt,sarki,vocal,379,0.17989417989417988,17.20754716981132,0.010582010582010581,0.30957621400333285,-0.0447428518285103,-0.7533576938700826,0.35431906583184314,-0.3990386280382394
hicaz--sarki--senginsemai--derdimi_arz--enderuni_ali_bey.txt,sarki,vocal,477,0.11134453781512606,83.09433962264151,0.01050420168067227,-0.5545218024474016,11.024464499270268,-0.7559803301907269,-11.57898630171767,-12.334966631908397
hicaz--sarki--senginsemai--hep_saye-i--tanburi_cemil_bey.txt,sarki,vocal,482,0.09147609147609148,21.056603773584907,0.0,-0.8049721994271344,0.6019118731497691,-1.1100362334777238,-1.4068840725769034,-2.5169203060546272
hicaz--sarki--senginsemai--nesem_emelim--lemi_atli.txt,sarki,vocal,539,0.18401486988847585,16.9811320754717,0.03903345724907063,0.36151930141396044,-0.08278136506252656,0.20563023836496064,0.444300666476487,0.6499309048414477
hicaz--sarki--senginsemai--yillar_ne_cabuk--bimen_sen.txt,sarki,vocal,518,0.2205029013539652,20.150943396226417,0.0,0.8214667884797676,0.4497578202137035,-1.1100362334777238,0.37170896826606414,-0.7383272652116597
hicaz--sarki--sofyan--egilmez_basin--kaptanzade_ali_riza_bey.txt,sarki,vocal,391,0.24871794871794872,17.20754716981132,0.03333333333333333,1.1771297171521766,-0.0447428518285103,0.013501166286346355,1.2218725689806869,1.2353737352670333
hicaz--sarki--sofyan--enginde_yavas--sadettin_kaynak.txt,sarki,vocal,389,0.15206185567010308,22.18867924528302,0.06701030927835051,-0.04126232323517473,0.7921044393198511,1.1486214258417986,-0.8333667625550258,0.31525466328677276
hicaz--sarki--sofyan--gul_acarken--nihal_erkutun.txt,sarki,vocal,344,0.04081632653061224,14.037735849056604,0.0,-1.4435605432257235,-0.57728203710474,-1.1100362334777238,-0.8662785061209834,-1.9763147395987073
hicaz--sarki--turkaksagi--ey_cerhi_sitemger--medeni_aziz_efendi.txt,sarki,vocal,498,0.14285714285714285,17.20754716981132,0.008048289738430584,-0.15729172678049194,-0.0447428518285103,-0.8387595977197995,-0.11254887495198164,-0.9513084726717811
hicaz--sarki--turkaksagi--gonlum_yarali--kadri_sencalar.txt,sarki,vocal,473,0.21822033898305085,14.943396226415095,0.00423728813559322,0.7926940982466432,-0.4251279841686744,-0.9672136826602573,1.2178220824153176,0.25060839975506033
hicaz--sarki--turkaksagi--saydeyledi_bu--haci_arif_bey.txt,sarki,vocal,430,0.1958041958041958,16.07547169811321,0.0,0.5101288758785025,-0.23493541799859222,-1.1100362334777238,0.7450642938770947,-0.3649719396006291
hicaz--sarki--turkaksagi--solsan_da_sararsan--misirli_udi_ibrahim_efendi.txt,sarki,vocal,452,0.07982261640798226,14.037735849056604,0.026607538802660754,-0.9518693149437769,-0.57728203710474,-0.21319928466383187,-0.3745872778390369,-0.5877865625028688
hicaz--sarki--turkaksagi--yadeller_aldi--sadettin_kaynak.txt,sarki,vocal,628,0.10207336523125997,79.01886792452831,0.019138755980861243,-0.6713889602751889,10.339771261057974,-0.4649429895940472,-11.011160221333164,-11.47610321092721
hicaz--sarki--yuruksemai_ii--beyaz_ten--.txt,sarki,vocal,210,0.1674641148325359,12.0,0.009569377990430622,0.15288984426658808,-0.9196286562108879,-0.7874896115358855,1.072518500477476,0.2850288889415905
hicaz--sarki--yuruksemai_ii--ey_but-i--dede_efendi.txt,sarki,vocal,438,0.17848970251716248,12.90566037735849,0.041189931350114416,0.29187216655942205,-0.7674746032748223,0.2783166174893194,1.0593467698342445,1.337663387323564
hicaz--sarki--yuruksemai_ii--gittin_de--munir_nurettin_selcuk.txt,sarki,vocal,395,0.12944162436548223,16.9811320754717,0.01015228426395939,-0.32640016508471265,-0.08278136506252656,-0.7678421015698852,-0.24361880002218608,-1.0114609015920712
hicaz--sazsemaisi--aksaksemai----muhittin_erev.txt,sazsemaisi,instrumental,625,0.11538461538461539,20.150943396226417,0.030448717948717948,-0.5035948696695925,0.4497578202137035,-0.08372803177015972,-0.953352689883296,-1.0370807216534557
hicaz--sazsemaisi--aksaksemai----refik_talat_alpman.txt,sazsemaisi,instrumental,850,0.11896348645465253,26.943396226415093,0.0,-0.4584816451660184,1.5909132172341955,-1.1100362334777238,-2.049394862400214,-3.1594310958779377
hicaz--turku--aksak--el_zanneder--urfa.txt,turku,vocal,632,0.14263074484944532,9.962264150943396,0.001584786053882726,-0.16014557201507718,-1.2619752753170357,-1.056619241412871,1.1018297033019584,0.045210461889087394
hicaz--turku--aksak--gemilerde_talim--.txt,turku,vocal,285,0.20774647887323944,12.0,0.02112676056338028,0.6606665417054547,-0.9196286562108879,-0.3979350646131723,1.5802951979163424,1.1823601333031701
hicaz--turku--aksak--ihtiyatlar_silah--.txt,turku,vocal,353,0.15056818181818182,15.169811320754716,0.002840909090909091,-0.060090730992300986,-0.3870894709346582,-1.0142802050887405,0.3269987399423572,-0.6872814651463833
hicaz--turku--aksak--karanfil_oylum_oylum--.txt,turku,vocal,350,0.17191977077363896,76.98113207547169,0.0057306590257879654,0.2090553229463161,9.997424641951824,-0.9168779412546746,-9.788369319005508,-10.705247260260183
hicaz--turku--aksak--necibemin_ikidir--istanbul.txt,turku,vocal,488,0.17248459958932238,12.0,0.03696098562628337,0.21617523553030027,-0.9196286562108879,0.1357752570204238,1.1358038917411881,1.271579148761612
hicaz--turku--aksak--pencere_acildi--.txt,turku,vocal,250,0.08032128514056225,13.132075471698114,0.07630522088353414,-0.9455833789473286,-0.7294360900408057,1.4619168503195454,-0.2161472889065229,1.2457695614130224
hicaz--turku--devrihindi--cayelinden_oteye--rize.txt,turku,vocal,252,0.35856573705179284,11.09433962264151,0.02390438247011952,2.5618088071073166,-1.0717827091469536,-0.3043122017744066,3.6335915162542705,3.329279314479864
hicaz--turku--evfer--horozumun_tuyleri--istanbul.txt,turku,vocal,292,0.08247422680412371,12.0,0.0,-0.9184446140377732,-0.9196286562108879,-1.1100362334777238,0.00118404217311463,-1.1088521913046092
hicaz--turku--evfer--suruverin_cezveler--istanbul.txt,turku,vocal,324,0.14860681114551083,9.962264150943396,0.11145510835913312,-0.08481466034302065,-1.2619752753170357,2.64668324560957,1.177160614974015,3.823843860583585
hicaz--turku--musemmen_ii--zuluf_dokulmus_yuze--kirsehir.txt,turku,vocal,690,0.2409288824383164,25.358490566037737,0.0,1.0789451531179586,1.324643624596081,-1.1100362334777238,-0.24569847147812252,-1.3557347049558464
hicaz--turku--nimsofyan--acil_ey--.txt,turku,vocal,566,0.10619469026548672,12.0,0.01415929203539823,-0.6194378679103716,-0.9196286562108879,-0.6327814087991808,0.30019078830051626,-0.3325906204986645
hicaz--turku--nimsofyan--daglar_daglar--.txt,turku,vocal,686,0.16642335766423358,14.037735849056604,0.0,0.13977064805401276,-0.57728203710474,-1.1100362334777238,0.7170526851587528,-0.3929835483189711
hicaz--turku--nimsofyan--dane_dane--kirsehir.txt,turku,vocal,368,0.4114441416893733,12.0,0.0326975476839237,3.228364068004505,-0.9196286562108879,-0.007928702374003841,4.147992724215393,4.140064021841389
hicaz--turku--nimsofyan--erkilet_guzeli--.txt,turku,vocal,486,0.16082474226804125,12.0,0.012371134020618556,0.06919766893996764,-0.9196286562108879,-0.6930532809879659,0.9888263251508554,0.2957730441628895
hicaz--turku--nimsofyan--pencereden_kus--.txt,turku,vocal,163,0.2345679012345679,9.962264150943396,0.0,0.9987622218270742,-1.2619752753170357,-1.1100362334777238,2.2607374971441097,1.1507012636663858
hicaz--turku--nimsofyan--seni_sevdim--istanbul.txt,turku,vocal,456,0.11428571428571428,9.962264150943396,0.041758241758241756,-0.5174469953851567,-1.2619752753170357,0.29747215743550687,0.744528279931879,1.042000437367386
hicaz--turku--raksaksagi--arabaci--istanbul.txt,turku,vocal,467,0.22103004291845493,14.037735849056604,0.006437768240343348,0.8281116368910697,-0.57728203710474,-0.8930440318065516,1.4053936739958097,0.5123496421892582
hicaz--turku--raksaksagi--entarisi_ala--istanbul.txt,turku,vocal,420,0.10023866348448687,7.9245283018867925,0.05489260143198091,-0.6945161727898368,-1.6043218944231836,0.7401804868974754,0.9098057216333468,1.6499862085308221
hicaz--turku--sofyan--bahce_duvarini--neset_ertas.txt,turku,vocal,284,0.28975265017667845,10.867924528301886,0.06007067137809187,1.694389954561513,-1.10982122238097,0.914713144188975,2.8042111769424833,3.718924321131458
hicaz--turku--sofyan--cadir_alti--gaziantep.txt,turku,vocal,252,0.19123505976095617,9.962264150943396,0.0,0.45253293121545457,-1.2619752753170357,-1.1100362334777238,1.7145082065324901,0.6044719730547663
hicaz--turku--sofyan--ela_gozlerine--sadettin_kaynak.txt,turku,vocal,766,0.17777777777777778,83.09433962264151,0.0196078431372549,0.28289804595854307,11.024464499270268,-0.4491318806753296,-10.741566453311725,-11.190698333987054
hicaz--turku--sofyan--esmerim_bicim--diyarbakir.txt,turku,vocal,254,0.3557312252964427,12.0,0.015810276679841896,2.526078555115924,-0.9196286562108879,-0.5771331189651214,3.4457072113268117,2.8685740923616905
hicaz--turku--sofyan--gokteki_yildizin--.txt,turku,vocal,194,0.27979274611398963,10.18867924528302,0.02072538860103627,1.5688410372574095,-1.2239367620830193,-0.4114637569404781,2.7927777993404286,2.3813140423999504
hicaz--turku--sofyan--mektebin_bacalari--mus.txt,turku,vocal,502,0.13572854291417166,9.056603773584905,0.029940119760479042,-0.24715082573375147,-1.4141293282531013,-0.10087090434831945,1.16697850251935,1.0661075981710306
hicaz--turku--sofyan--sandalim_geliyor--.txt,turku,vocal,334,0.2702702702702703,7.018867924528302,0.012012012012012012,1.4488060926727435,-1.7564759473592493,-0.7051578912204013,3.205282040031993,2.5001241488115915
hicaz--turku--sofyan--su_gelen--.txt,turku,vocal,500,0.20841683366733466,12.0,0.008016032064128256,0.6691166550879273,-0.9196286562108879,-0.8398468788250416,1.588745311298815,0.7488984324737734
hicaz--turku--sofyan--su_yaltadan--kirim.txt,turku,vocal,512,0.1761252446183953,14.037735849056604,0.021526418786692758,0.26206714762219996,-0.57728203710474,-0.3844641357827275,0.83934918472694,0.4548850489442125
hicaz--turku--sofyan--suda_balik--kirsehir.txt,turku,vocal,246,0.2163265306122449,16.9811320754717,0.044897959183673466,0.768821821060075,-0.08278136506252656,0.40329985600041146,0.8516031861226016,1.254903042123013
hicaz--turku--turkaksagi--carsambayi_sel--.txt,turku,vocal,211,0.16666666666666666,9.962264150943396,0.004761904761904762,0.1428376637233954,-1.2619752753170357,-0.9495308906542852,1.4048129390404311,0.45528204838614594
hicaz--turku--turkaksagi--divane_asik--macka.txt,turku,vocal,212,0.3981042654028436,12.0,0.014218009478672985,3.060209132555021,-0.9196286562108879,-0.6308022714930493,3.979837788765909,3.3490355172728594
hicaz--turku--turkaksagi--mayadagdan_kalkan--.txt,turku,vocal,444,0.2708803611738149,14.037735849056604,0.011286681715575621,1.4564965535361218,-0.57728203710474,-0.7296059626772486,2.033778590640862,1.3041726279636132
hicaz--turku--yuruksemai_ii--bitliste_bes--.txt,turku,vocal,252,0.250996015936255,7.018867924528302,0.0,1.2058457440339767,-1.7564759473592493,-1.1100362334777238,2.962321691393226,1.8522854579155021
hicaz--yuruksemai--yuruksemai--yine_nese-i--dede_efendi.txt,yuruksemai,vocal,712,0.2489451476793249,21.056603773584907,0.02250351617440225,1.1799936587558166,0.6019118731497691,-0.3515299720336258,0.5780817856060475,0.2265518135724217
hicaz--zeybek--agiraksak--harmandali--ege.txt,zeybek,flagged,410,0.16625916870415647,14.037735849056604,0.02689486552567237,0.13770097488836552,-0.57728203710474,-0.2035146150861758,0.7149830119931055,0.5114683969069298
hicaz--zeybek--aksak----izmir.txt,zeybek,flagged,414,0.12590799031476999,14.037735849056604,0.0,-0.3709431573086827,-0.57728203710474,-1.1100362334777238,0.2063388797960573,-0.9036973536816666
hicaz_humayun--agirsemai--aksaksemai--kul_oldum--ibrahim_aga.txt,agirsemai,vocal,631,0.09682539682539683,15.849056603773585,0.03015873015873016,-0.7375418817546741,-0.27297393123260877,-0.09350239559594602,-0.4645679505220653,-0.5580703461180113
hicaz_humayun--aranagme--curcuna--1--.txt,aranagme,flagged,53,0.11538461538461539,16.9811320754717,0.019230769230769232,-0.5035948696695925,-0.08278136506252656,-0.4618415797676833,-0.420813504607066,-0.8826550843747494
hicaz_humayun--aranagme--duyek--1--.txt,aranagme,flagged,65,0.25,14.943396226415095,0.078125,1.1932905304870014,-0.4251279841686744,1.5232545472193157,1.6184185146556758,3.1416730618749913
hicaz_humayun--beste--agircenber--dusmesin_miskin--zaharya.txt,beste,vocal,1099,0.16029143897996356,19.0188679245283,0.0546448087431694,0.06247514932617969,0.25956525404362096,0.7318283562994404,-0.19709010471744126,0.5347382515819992
hicaz_humayun--beste--hafif--olmada_diller--abdulhalim_aga.txt,beste,vocal,834,0.15126050420168066,15.39622641509434,0.026410564225690276,-0.05136370660264937,-0.3490509577006416,-0.21983853378470303,0.2976872510979922,0.07784871731328918
hicaz_humayun--fantezi--nimsofyan--ufuklara_yaslanmis--kaptanzade_ali_riza_bey.txt,fantezi,vocal,406,0.13333333333333333,19.0188679245283,0.06419753086419754,-0.2773434829820468,0.25956525404362096,1.0538135734753005,-0.5369087370256678,0.5169048364496327
hicaz_humayun--ilahi--sofyan--gelin_gidelim--dede_efendi.txt,ilahi,vocal,416,0.17349397590361446,12.0,0.0746987951807229,0.22889886244619695,-0.9196286562108879,1.407770469608024,1.148527518657085,2.5562979882651087
hicaz_humayun--ilahi--turkmen--hak_hak--.txt,ilahi,vocal,100,0.09090909090909091,9.056603773584905,0.030303030303030304,-0.8121194878798824,-1.4141293282531013,-0.08863859732856907,0.6020098403732189,0.5133712430446499
hicaz_humayun--kar--hafif--ey_ki--makbul_ibrahim_pasa.txt,kar,vocal,1162,0.1223083548664944,16.9811320754717,0.04995693367786391,-0.4163181258200226,-0.08278136506252656,0.5738182674606761,-0.33353676075749605,0.24028150670318005
hicaz_humayun--murabba--agircenber--hasret-i_ruyinle--gevrekzade_mustafa_aga.txt,murabba,vocal,1278,0.1519185591229444,16.07547169811321,0.08065779169929523,-0.0430686384602965,-0.23493541799859222,1.6086251332184212,0.19186677953829573,1.800491912756717
hicaz_humayun--nakis--agirsenginsemai--seb_cunun--seyyid_nuh.txt,nakis,vocal,429,0.12383177570093458,14.037735849056604,0.0397196261682243,-0.3971147444261215,-0.57728203710474,0.22875833166170553,0.18016729267861853,0.4089256243403241
hicaz_humayun--pesrev--cenber----veli_dede.txt,pesrev,instrumental,612,0.06546644844517185,19.0188679245283,0.027823240589198037,-1.1328350484510652,0.25956525404362096,-0.17222269193979287,-1.392400302494686,-1.564622994434479
hicaz_humayun--pesrev--devrikebir----musahib_ahmed_aga.txt,pesrev,instrumental,1268,0.11996842936069456,24.0,0.04419889502762431,-0.4458139032869913,1.0964125451919824,0.37973711427573936,-1.5422264484789736,-1.1624893342032343
hicaz_humayun--popsarkisi--sofyan--bogazinda_dugumlenen--erol_tanir.txt,popsarkisi,vocal,348,0.2276657060518732,13.132075471698114,0.17579250720461095,0.911757053227591,-0.7294360900408057,4.815247459802531,1.6411931432683966,6.456440603070928
hicaz_humayun--rumeliturkusu--devrituran--gidem_dedim--rumeli.txt,rumeliturkusu,vocal,336,0.2955223880597015,15.169811320754716,0.029850746268656716,1.7671200069578665,-0.3870894709346582,-0.10388333816661621,2.1542094778925245,2.0503261397259083
hicaz_humayun--sarki--agiraksak--nitti_bana--sivelioglu_yorgaki.txt,sarki,vocal,452,0.15964523281596452,15.39622641509434,0.04878048780487805,0.05432943991626235,-0.3490509577006416,0.5341648393477448,0.4033803976169039,0.9375452369646488
hicaz_humayun--sarki--agiraksak--pek_cefacusun--kemani_riza_efendi.txt,sarki,vocal,440,0.08428246013667426,21.962264150943398,0.02050113895216401,-0.8956510473823105,0.7540659260858348,-0.41902234296223645,-1.6497169734681454,-2.068739316430382
hicaz_humayun--sarki--agiraksak--var_mi--sivelioglu_yorgaki.txt,sarki,vocal,263,0.04580152671755725,18.11320754716981,0.022900763358778626,-1.3807199292925214,0.10741120110755534,-0.3381403099756909,-1.4881311304000768,-1.8262714403757676
hicaz_humayun--sarki--agirduyek--var_mi--haci_arif_bey.txt,sarki,vocal,335,0.12874251497005987,15.169811320754716,0.02694610778443114,-0.3352127427079462,-0.3870894709346582,-0.2017874372612599,0.051876728226711966,-0.14991070903454792
hicaz_humayun--sarki--aksak--beni_canimdan--muzaffer_ilkar.txt,sarki,vocal,452,0.15299334811529933,16.07547169811321,0.03325942350332594,-0.029520456322074264,-0.23493541799859222,0.011009952539641026,0.20541496167651796,0.21642491421615898
hicaz_humayun--sarki--aksak--kurbanin_olam--haci_arif_bey.txt,sarki,vocal,214,0.09859154929577464,16.9811320754717,0.04225352112676056,-0.7152787626468741,-0.08278136506252656,0.3141661042513792,-0.6324973975843475,-0.31833129333296833
hicaz_humayun--sarki--curcuna--ates-i_suzan-i--haci_faik_bey.txt,sarki,vocal,364,0.24242424242424243,14.037735849056604,0.02203856749311295,1.0977948153266737,-0.57728203710474,-0.3672015890056113,1.6750768524314137,1.3078752634258024
hicaz_humayun--sarki--devrihindi--benim_yarim--ahmet_uzel.txt,sarki,vocal,516,0.1786407766990291,15.169811320754716,0.0,0.29377652224865136,-0.3870894709346582,-1.1100362334777238,0.6808659931833095,-0.4291702402944143
hicaz_humayun--sarki--duyek--yarin_bahcesinde--atif_bastug.txt,sarki,vocal,498,0.2515090543259557,18.11320754716981,0.07645875251509054,1.2123128158006278,0.10741120110755534,1.467091806222558,1.1049016146930724,2.5719934209156303
hicaz_humayun--sarki--evsat--nicin_a--nikogos_aga.txt,sarki,vocal,632,0.08240887480190175,14.037735849056604,0.0,-0.9192684044147669,-0.57728203710474,-1.1100362334777238,-0.34198636731002685,-1.4520226007877506
hicaz_humayun--sarki--nimsofyan--kapildim_gidiyorum--kaptanzade_ali_riza_bey.txt,sarki,vocal,406,0.17777777777777778,12.0,0.02962962962962963,0.28289804595854307,-0.9196286562108879,-0.11133632257632806,1.2025267021694308,1.0911903795931028
hicaz_humayun--sazsemaisi--aksaksemai----neyzen_yusuf_pasa.txt,sazsemaisi,instrumental,869,0.14170506912442396,24.0,0.0069124423963133645,-0.1718141166435832,1.0964125451919824,-0.8770446067985388,-1.2682266618355655,-2.1452712686341044
hicaz_humayun--sazsemaisi--aksaksemai----tanburi_isak.txt,sazsemaisi,instrumental,504,0.09940357852882704,19.0188679245283,0.03578528827037773,-0.7050427814178051,0.25956525404362096,0.09614705851551253,-0.964608035461426,-0.8684609769459135
hicaz_humayun--sazsemaisi--aksaksemai----veli_dede.txt,sazsemaisi,instrumental,161,0.1125,12.0,0.025,-0.5399566996729482,-0.9196286562108879,-0.2673831836546711,0.3796719565379396,0.1122887728832685
hicaz_humayun--turku--aksak--estergon_kalasi--.txt,turku,vocal,428,0.19437939110070257,15.169811320754716,0.0351288056206089,0.4921685936541496,-0.3870894709346582,0.0740195742361674,0.8792580645888077,0.9532776388249751
hicaz_humayun--turku--curcuna--hishisi_hancer--gaziantep.txt,turku,vocal,266,0.2830188679245283,7.9245283018867925,0.05660377358490566,1.6095077041103167,-1.6043218944231836,0.7978574642348483,3.2138295985335006,4.011687062768349
hicaz_humayun--turku--sofyan--benim_gulum--kirsehir.txt,turku,vocal,490,0.3946830265848671,12.0,0.05725971370143149,3.017082931064305,-0.9196286562108879,0.8199666618225195,3.9367115872751928,4.756678249097712
hicaz_humayun--turku--sofyan--bulbulun_gogsu--urfa.txt,turku,vocal,291,0.15517241379310345,13.132075471698114,0.013793103448275862,-0.002052386864687975,-0.7294360900408057,-0.6451242059891431,0.7273837031761177,0.08225949718697456
hicaz_humayun--turku--turkaksagi--beni_seni--trabzon.txt,turku,vocal,174,0.2774566473988439,9.962264150943396,0.0,1.5393934981489983,-1.2619752753170357,-1.1100362334777238,2.801368773466034,1.6913325399883101
hicaz_humayun--yuruksemai--yuruksemai--nideyim_sahn_i--sadullah_aga.txt,yuruksemai,vocal,240,0.14225941422594143,9.962264150943396,0.04184100418410042,-0.16482635583079852,-1.2619752753170357,0.3002617578579291,1.0971489194862372,1.3974106773441664
hicaz_uzzal--sarki--agiraksak--doktor_ne--sevki_bey.txt,sarki,vocal,469,0.08974358974358974,16.9811320754717,0.05128205128205128,-0.8268111363660867,-0.08278136506252656,0.6184828430823841,-0.7440297713035602,-0.12554692822117608
hicaz_uzzal--sarki--aksak--kurdu_meclis--haci_arif_bey.txt,sarki,vocal,402,0.1571072319201995,16.9811320754717,0.04239401496259352,0.022336836114602996,-0.08278136506252656,0.3189016066212184,0.10511820117712956,0.42401980779834797
hicaz_uzzal--sarki--curcuna--ne_kustun--sekerci_cemil_bey.txt,sarki,vocal,459,0.1222707423580786,16.9811320754717,0.021834061135371178,-0.41679224782752117,-0.08278136506252656,-0.37409470524798355,-0.3340108827649946,-0.7081055880129781
hicaz_uzzal--sarki--musemmen--kamer_cehre--haci_arif_bey.txt,sarki,vocal,226,0.14222222222222222,17.88679245283019,0.05333333333333334,-0.16529517719392886,0.06937268787353908,0.6876236061447886,-0.23466786506746795,0.4529557410773206
hicaz_uzzal--sarki--turkaksagi--gel_nazli--udi_hrant.txt,sarki,vocal,474,0.10359408033826638,16.9811320754717,0.02959830866807611,-0.6522196857509616,-0.08278136506252656,-0.1123920307273867,-0.569438320688435,-0.6818303514158217
hicaz_uzzal--sarki--turkaksagi--kendine_nicin--medeni_aziz_efendi.txt,sarki,vocal,299,0.1040268456375839,16.9811320754717,0.026845637583892617,-0.6467644911593149,-0.08278136506252656,-0.20517389809726463,-0.5639831260967884,-0.769157024194053
hicaz_uzzal--sarki--yuruksemai--affeyle_sucum--sevki_bey.txt,sarki,vocal,304,0.1617161716171617,16.9811320754717,0.009900990099009901,0.08043452312357718,-0.08278136506252656,-0.7763122533497822,0.16321588818610375,-0.6130963651636784
hicaz_uzzal--sarki--yuruksemai--ulfet_etsem--sevki_bey.txt,sarki,vocal,381,0.11052631578947368,16.07547169811321,0.015789473684210527,-0.5648358465173495,-0.23493541799859222,-0.5778343072736906,-0.32990042851875734,-0.9077347357924479
hicaz_uzzal--yuruksemai--yuruksemai--terk_eyledi--zaharya.txt,yuruksemai,vocal,484,0.19047619047619047,17.20754716981132,0.051759834368530024,0.4429670542272828,-0.0447428518285103,0.6345870580813915,0.48770990605579306,1.1222969641371845
hicaz_zemzeme--sarki--aksak--gideyim_de--muallim_ismail_hakki_bey.txt,sarki,vocal,201,0.125,16.9811320754717,0.03,-0.3823887696584074,-0.08278136506252656,-0.09885257369006069,-0.29960740459588087,-0.39845997828594154
hicaz_zirgule--sarki--duyek--gonlumde_acmadan--sekip_ayhan_ozisik.txt,sarki,vocal,386,0.046753246753246755,16.9811320754717,0.11428571428571428,-1.3687230848143646,-0.08278136506252656,2.7420919942848028,-1.285941719751838,1.4561502745329649
hicaz_zirgule--sarki--duyek--ne_bos--sadettin_kaynak.txt,sarki,vocal,311,0.11935483870967742,16.9811320754717,0.05806451612903226,-0.4535484799875549,-0.08278136506252656,0.8470934306274308,-0.37076711492502834,0.47632631570240247
hicaz_zirgule--sarki--senginsemai--nolsun_bu--enderuni_ali_bey.txt,sarki,vocal,427,0.15492957746478872,16.9811320754717,0.03286384976525822,-0.005113444271478686,-0.08278136506252656,-0.0023233041328658034,0.07766792079104788,0.07534461665818208
hicaz_zirgule--turku--evfer--kirda_erik--ankara.txt,turku,vocal,129,0.2890625,12.0,0.0234375,1.6856903117824416,-0.9196286562108879,-0.32004899926861197,2.6053189679933295,2.2852699687247178
hicazasiran--beste--cenber--gonlumu_viran--zekai_dede.txt,beste,vocal,633,0.11234177215189874,21.056603773584907,0.05379746835443038,-0.5419512304326259,0.6019118731497691,0.7032677977870732,-1.1438631035823952,-0.440595305795322
hicaziussak--nefes--bektasiraksi--onume_bir--pir_sultan_abdal.txt,nefes,vocal,196,0.2358974358974359,9.056603773584905,0.09743589743589744,1.0155215838039295,-1.4141293282531013,2.1741500119864816,2.429650912057031,4.6038009240435125
hicazkar--agirsemai--aksaksemai--benim_servi--bolahenk_nuri_bey.txt,agirsemai,vocal,814,0.14514145141451415,22.867924528301888,0.0,-0.12849702510853211,0.9062199790219004,-1.1100362334777238,-1.0347170041304325,-2.1447532376081564
hicazkar--aranagme--aksak--1--.txt,aranagme,flagged,129,0.03125,13.132075471698114,0.0,-1.564148244767464,-0.7294360900408057,-1.1100362334777238,-0.8347121547266583,-1.9447483882043821
hicazkar--aranagme--aksak--1--muallim_ismail_hakki_bey.txt,aranagme,flagged,419,0.1291866028708134,14.943396226415095,0.03827751196172249,-0.3296148218066472,-0.4251279841686744,0.18015025428962947,0.09551316236202723,0.2756634166516567
hicazkar--aranagme--curcuna--1--.txt,aranagme,flagged,106,0.02857142857142857,19.92452830188679,0.0,-1.597912801199151,0.4117193069796866,-1.1100362334777238,-2.0096321081788378,-3.1196683416565616
hicazkar--aranagme--sofyan--1--.txt,aranagme,flagged,80,0.012658227848101266,13.132075471698114,0.0,-1.7985056090295974,-0.7294360900408057,-1.1100362334777238,-1.0690695189887918,-2.1791057524665156
hicazkar--beste--devrikebir--ey_sehensah-i--sadullah_aga.txt,beste,vocal,1234,0.23682076236820762,18.11320754716981,0.06001622060016221,1.0271605150621002,0.10741120110755534,0.9128778196254683,0.9197493139545448,1.8326271335800133
hicazkar--beste--yuruksemai--bulbul_gibi--zekai_dede.txt,beste,vocal,416,0.21445783132530122,14.943396226415095,0.02650602409638554,0.7452660547830058,-0.4251279841686744,-0.21662095173761983,1.1703940389516803,0.9537730872140604
hicazkar--etud--sofyan----ozer_ozel.txt,etud,flagged,82,0.012345679012345678,15.849056603773585,0.0,-1.8024454228758744,-0.27297393123260877,-1.1100362334777238,-1.5294714916432657,-2.6395077251209895
hicazkar--fantezi--duyek--aldi_beni--corlulu.txt,fantezi,vocal,420,0.18854415274463007,16.9811320754717,0.0,0.4186128793415259,-0.08278136506252656,-1.1100362334777238,0.5013942444040524,-0.6086419890736714
hicazkar--kocekce--aksak--bekliyorum_salinarak--muallim_ismail_hakki_bey.txt,kocekce,flagged,416,0.20481927710843373,16.9811320754717,0.06987951807228916,0.623767891880227,-0.08278136506252656,1.2453313274734596,0.7065492569427535,1.9518805844162133
hicazkar--kocekce--aksak--gece_gunduz--muallim_ismail_hakki_bey.txt,kocekce,flagged,329,0.18902439024390244,16.9811320754717,0.06402439024390244,0.42466648163558246,-0.08278136506252656,1.0479776746057037,0.507447846698109,1.5554255213038126
hicazkar--kocekce--aydin--yabandan_geldim--muallim_ismail_hakki_bey.txt,kocekce,flagged,317,0.16772151898734178,16.9811320754717,0.05379746835443038,0.15613453545458048,-0.08278136506252656,0.7032677977870732,0.23891590051710704,0.9421836983041803
hicazkar--kocekce--ciftesofyan--nicin_sevdim--muallim_ismail_hakki_bey.txt,kocekce,flagged,501,0.144,16.07547169811321,0.07,-0.1428855160363054,-0.23493541799859222,1.249392306026824,0.09204990196228682,1.3414422079891108
hicazkar--kocekce--devrihindi--ay_mi--muallim_ismail_hakki_bey.txt,kocekce,flagged,297,0.14527027027027026,16.9811320754717,0.060810810810810814,-0.1268732074726656,-0.08278136506252656,0.939660374199972,-0.044091842410139026,0.895568531789833
hicazkar--kocekce--devrituran--dag_basinda--muallim_ismail_hakki_bey.txt,kocekce,flagged,351,0.3028571428571429,14.943396226415095,0.06857142857142857,1.8595777774056317,-0.4251279841686744,1.2012407031797923,2.284705761574306,3.4859464647540985
hicazkar--kosma--sofyan--melin_mahzun--muallim_ismail_hakki_bey.txt,kosma,vocal,435,0.12672811059907835,16.9811320754717,0.07603686635944701,-0.3606051848637703,-0.08278136506252656,1.452871659993312,-0.2778238198012437,1.1750478401920683
hicazkar--pesrev--agirduyek----dede_salih_efendi.txt,pesrev,instrumental,514,0.0935672514619883,22.18867924528302,0.017543859649122806,-0.7786122194025745,0.7921044393198511,-0.5187007599176869,-1.5707166587224255,-2.0894174186401124
hicazkar--pesrev--berefsan----gazi_giray_han.txt,pesrev,instrumental,1203,0.05324459234608985,19.92452830188679,0.018302828618968387,-1.2868968537685004,0.4117193069796866,-0.49311885923122933,-1.698616160748187,-2.1917350199794163
hicazkar--pesrev--devrikebir----tanburi_buyuk_osman_bey.txt,pesrev,instrumental,278,0.148014440433213,20.830188679245282,0.0036101083032490976,-0.09228175049806145,0.5638733599157523,-0.9883534826007487,-0.6561551104138137,-1.6445085930145624
hicazkar--pesrev--muhammes----tanburi_cemil_bey.txt,pesrev,instrumental,558,0.09874326750448834,24.0,0.01615798922800718,-0.7133662887194716,1.0964125451919824,-0.5654130773981926,-1.809778833911454,-2.3751919113096465
hicazkar--sarki--agiraksak--bana_hem-dem--nikogos_aga.txt,sarki,vocal,301,0.06333333333333334,16.9811320754717,0.03333333333333333,-1.1597238910634755,-0.08278136506252656,0.013501166286346355,-1.0769425260009489,-1.0634413597146024
hicazkar--sarki--agiraksak--gel_seninle--sadullah_efendi.txt,sarki,vocal,516,0.1087378640776699,20.830188679245282,0.021359223300970873,-0.5873800572501402,0.5638733599157523,-0.39009964722113516,-1.1512534171658926,-1.5413530643870277
hicazkar--sarki--agiraksak--kirsa_bin_tel--bimen_sen.txt,sarki,vocal,538,0.06517690875232775,26.037735849056602,0.0148975791433892,-1.1364848220557444,1.4387591642981299,-0.6078966134714355,-2.5752439863538745,-3.18314059982531
hicazkar--sarki--agiraksak--seni_candan--nasibin_mehmet_yuru.txt,sarki,vocal,682,0.14537444933920704,19.0188679245283,0.00881057268722467,-0.1255599850532087,0.25956525404362096,-0.8130659956546217,-0.38512523909682966,-1.1981912347514514
hicazkar--sarki--agirduyek--can_ile_ben--sakir_aga.txt,sarki,vocal,894,0.10414333706606943,19.69811320754717,0.02463605823068309,-0.6452960660992426,0.37368079374567037,-0.2796502493295869,-1.018976859844913,-1.2986271091744999
hicazkar--sarki--agirduyek--sen_gibi--numan_aga.txt,sarki,vocal,281,0.19285714285714287,16.9811320754717,0.039285714285714285,0.47297999327767176,-0.08278136506252656,0.2141328448156446,0.5557613583401984,0.7698942031558429
hicazkar--sarki--aksak--acil_ey_gonce--haci_arif_bey.txt,sarki,vocal,379,0.12433862433862433,15.849056603773585,0.031746031746031744,-0.39072569717240435,-0.27297393123260877,-0.04000061465479989,-0.11775176593979558,-0.15775238059459548
hicazkar--sarki--aksak--bekledim_fecre--rakim_elkutlu.txt,sarki,vocal,339,0.22781065088757396,16.9811320754717,0.0,0.9135841458458045,-0.08278136506252656,-1.1100362334777238,0.996365510908331,-0.11367072256939281
hicazkar--sarki--aksak--bir_yar--k_hafiz_yasar.txt,sarki,vocal,373,0.12096774193548387,14.037735849056604,0.016129032258064516,-0.43321713417922697,-0.57728203710474,-0.5663891045596253,0.14406490292551305,-0.4223242016341123
hicazkar--sarki--aksak--ey_gul--tahir_aga.txt,sarki,vocal,411,0.10975609756097561,19.0188679245283,0.03902439024390244,-0.5745447818712621,0.25956525404362096,0.20532462478265104,-0.8341100359148831,-0.6287854111322321
hicazkar--sarki--aksak--nerdesin--leyla_saz.txt,sarki,vocal,428,0.13817330210772832,16.9811320754717,0.01405152224824356,-0.21633357409273216,-0.08278136506252656,-0.6364139103921672,-0.1335522090302056,-0.7699661194223728
hicazkar--sarki--aksak--nolur_bir--mildan_niyazi_bey.txt,sarki,vocal,297,0.04391891891891892,21.962264150943398,0.06418918918918919,-1.4044510184013752,0.7540659260858348,1.0535324079598436,-2.15851694448721,-1.1049845365273663
hicazkar--sarki--aksak--severim_her--nefise_ozses.txt,sarki,vocal,444,0.2144469525959368,19.0188679245283,0.009029345372460496,0.7451289236736346,0.25956525404362096,-0.8056920168373437,0.48556366963001363,-0.3201283472073301
hicazkar--sarki--curcuna--ben_sana--corlulu_asik.txt,sarki,vocal,394,0.17048346055979643,15.849056603773585,0.089058524173028,0.19095000876600338,-0.27297393123260877,1.8917812468079602,0.46392393999861214,2.3557051868065724
hicazkar--sarki--curcuna--senelerce--sabri_suha_ansen.txt,sarki,vocal,568,0.07760141093474426,15.849056603773585,0.001763668430335097,-0.9798685748281832,-0.27297393123260877,-1.0505898102097837,-0.7068946435955745,-1.7574844538053582
hicazkar--sarki--curcuna--usandirdi_felek--ahmet_mukerrem_akinci.txt,sarki,vocal,261,0.1576923076923077,16.9811320754717,0.09230769230769231,0.029711970379622525,-0.08278136506252656,2.0012981043304707,0.1124933354421491,2.1137914397726196
hicazkar--sarki--devrihindi--ey_verd-i--tahir_aga.txt,sarki,vocal,209,0.08173076923076923,16.9811320754717,0.02403846153846154,-0.9278162197087412,-0.08278136506252656,-0.2997929163401732,-0.8450348546462146,-1.1448277709863879
hicazkar--sarki--devrihindi--gizli_sevdim--tahir_aga.txt,sarki,vocal,391,0.15384615384615385,14.943396226415095,0.01282051282051282,-0.018770469624851415,-0.4251279841686744,-0.6779064643376969,0.406357514543823,-0.27154894979387384
hicazkar--sarki--devrihindi--gonlumu_ducar--sevki_bey.txt,sarki,vocal,224,0.13452914798206278,15.849056603773585,0.0,-0.26226971987153763,-0.27297393123260877,-1.1100362334777238,0.010704211361071136,-1.0993320221166527
hicazkar--sarki--devrihindi--lezzet_almis--ahmet_mithat_gupgupoglu.txt,sarki,vocal,296,0.21694915254237288,18.11320754716981,0.0576271186440678,0.7766702409570287,0.10741120110755534,0.8323504576398213,0.6692590398494734,1.5016094974892948
hicazkar--sarki--devrihindi--seb_ta_seher--hasim_bey.txt,sarki,vocal,467,0.16523605150214593,16.9811320754717,0.02145922746781116,0.12480413811371999,-0.08278136506252656,-0.386728894573816,0.20758550317624655,-0.17914339139756943
hicazkar--sarki--duyek--aglatip_kustureceksen--alaattin_sensoy.txt,sarki,vocal,938,0.11312700106723586,18.11320754716981,0.0064034151547491995,-0.5320530788504473,0.10741120110755534,-0.8942019411004212,-0.6394642799580026,-1.5336662210584238
hicazkar--sarki--duyek--beyhude_askina--nikogos_aga.txt,sarki,vocal,268,0.0449438202247191,18.11320754716981,0.03745318352059925,-1.3915316922234444,0.10741120110755534,0.1523653392908944,-1.4989428933309998,-1.3465775540401055
hicazkar--sarki--duyek--birer_birer--omer_sami_gupgup.txt,sarki,vocal,390,0.2210796915167095,16.9811320754717,0.03598971722365039,0.8287374790394774,-0.08278136506252656,0.10303756575340602,0.9115188441020039,1.0145564098554098
hicazkar--sarki--duyek--ciceklerin_guluyor--sadettin_kaynak.txt,sarki,vocal,747,0.11796246648793565,20.830188679245282,0.08310991957104558,-0.4710999366907227,0.5638733599157523,1.691276854405883,-1.0349732966064749,0.6563035577994081
hicazkar--sarki--duyek--cozmek_elinde--sadettin_kaynak.txt,sarki,vocal,530,0.15122873345935728,22.867924528301888,0.1001890359168242,-0.05176419061088305,0.9062199790219004,2.2669476334880074,-0.9579841696327834,1.3089634638552239
hicazkar--sarki--duyek--gul_dalinda--neveser_kokdes.txt,sarki,vocal,622,0.14009661835748793,14.264150943396226,0.0,-0.19208933727369604,-0.5392435238707238,-1.1100362334777238,0.3471541865970278,-0.762882046880696
hicazkar--sarki--duyek--harap_oldu--arif_sami_toker.txt,sarki,vocal,938,0.08964781216648879,20.830188679245282,0.030949839914621132,-0.8280184543313353,0.5638733599157523,-0.06683715365409405,-1.3918918142470875,-1.4587289679011817
hicazkar--sarki--duyek--kulagimdan_gitmiyor--ozcan_korkut.txt,sarki,vocal,746,0.20134228187919462,18.11320754716981,0.049664429530201344,0.5799388566048957,0.10741120110755534,0.5639590869761258,0.47252765549734044,1.0364867424734663
hicazkar--sarki--duyek--sen_gozlerinle--alaeddin_yavasca.txt,sarki,vocal,466,0.07956989247311828,20.150943396226417,0.060215053763440864,-0.9550550099263085,0.4497578202137035,0.9195797144831773,-1.404812830140012,-0.4852331156568347
hicazkar--sarki--duyek--serpil_yagmur--cevdet_cagla.txt,sarki,vocal,409,0.11029411764705882,19.0188679245283,0.02696078431372549,-0.5677628049696319,0.25956525404362096,-0.20129274837443173,-0.8273280590132529,-1.0286208073876846
hicazkar--sarki--duyek--visali_yar--rakim_elkutlu.txt,sarki,vocal,383,0.14659685863874344,19.0188679245283,0.0,-0.11015098481653063,0.25956525404362096,-1.1100362334777238,-0.3697162388601516,-1.4797524723378754
hicazkar--sarki--duyek--yaziktir_etme--erol_sayan.txt,sarki,vocal,677,0.060650887573964495,15.169811320754716,0.011834319526627219,-1.193537285117878,-0.3870894709346582,-0.7111472158100067,-0.8064478141832199,-1.5175950299932266
hicazkar--sarki--duyek--yollari_gurbete--sadi_isilay.txt,sarki,vocal,226,0.28888888888888886,13.132075471698114,0.10666666666666667,1.6835018683100171,-0.7294360900408057,2.485283445767301,2.412937958350823,4.898221404118124
hicazkar--sarki--duyek--yuzun_gullerden--sadettin_kaynak.txt,sarki,vocal,493,0.13008130081300814,21.962264150943398,0.12804878048780488,-0.3183367655874556,0.7540659260858348,3.205991582689131,-1.0724026916732905,2.1335888910158407
hicazkar--sarki--evfer--hic_esin--zeki_mehmet_aga.txt,sarki,vocal,235,0.1282051282051282,20.830188679245282,0.008547008547008548,-0.34198673632134574,0.5638733599157523,-0.8219497207177058,-0.905860096237098,-1.7278098169548037
hicazkar--sarki--kapali_curcuna--bahar_geldi--muhlis_sabahaddin_ezgi.txt,sarki,vocal,482,0.02702702702702703,21.962264150943398,0.004158004158004158,-1.6173806535561601,0.7540659260858348,-0.9698860380809583,-2.371446579641995,-3.341332617722953
hicazkar--sarki--kapali_curcuna--mani_oluyor--tatyos_efendi.txt,sarki,vocal,360,0.1894150417827298,16.9811320754717,0.036211699164345405,0.4295908139819843,-0.08278136506252656,0.11051971612669789,0.5123721790445108,0.6228918951712087
hicazkar--sarki--kapali_curcuna--mestim_bu--lavtaci_ovrik.txt,sarki,vocal,270,0.14869888475836432,19.0188679245283,0.026022304832713755,-0.08365403245611791,0.25956525404362096,-0.23292525224926752,-0.3432192864997389,-0.5761445387490064
hicazkar--sarki--katikofti--dus_olma--ahmet_mithat_gupgupoglu.txt,sarki,vocal,407,0.15270935960591134,16.9811320754717,0.0,-0.0331002548478487,-0.08278136506252656,-1.1100362334777238,0.049681110214677866,-1.060355123263046
hicazkar--sarki--oynak--cicekler_derleyeyim--muzaffer_ilkar.txt,sarki,vocal,418,0.19904076738609114,16.07547169811321,0.0,0.5509272666387534,-0.23493541799859222,-1.1100362334777238,0.7858626846373455,-0.3241735488403783
hicazkar--sarki--semai--sari_mimozamsin--alaeddin_yavasca.txt,sarki,vocal,331,0.09393939393939393,24.0,0.021212121212121213,-0.7739212018157514,1.0964125451919824,-0.3950578881733155,-1.870333747007734,-2.2653916351810492
hicazkar--sarki--semai--yoktur_zaman--latif_aga.txt,sarki,vocal,404,0.10421836228287841,15.169811320754716,0.03722084367245657,-0.644350340650324,-0.3870894709346582,0.14453406402558028,-0.25726086971566586,-0.11272680569008559
hicazkar--sarki--senginsemai--layik_mi--sekerci_cemil_bey.txt,sarki,vocal,521,0.11153846153846154,16.9811320754717,0.01730769230769231,-0.5520773096740667,-0.08278136506252656,-0.5266610451386874,-0.4692959446115401,-0.9959569897502275
hicazkar--sarki--senginsemai--son_askimi--lemi_atli.txt,sarki,vocal,518,0.14119922630560927,18.11320754716981,0.030947775628626693,-0.17819048511345129,0.10741120110755534,-0.0669067327296509,-0.2856016862210066,-0.35250841895065754
hicazkar--sarki--sofyan--ben_sozune--numan_aga.txt,sarki,vocal,266,0.28679245283018867,15.849056603773585,0.026415094339622643,1.6570753810958385,-0.27297393123260877,-0.21968584121185686,1.9300493123284472,1.7103634711165903
hicazkar--sarki--sofyan--bir_halet--haci_arif_bey.txt,sarki,vocal,756,0.13509933774834437,14.037735849056604,0.030463576158940398,-0.2550822301764604,-0.57728203710474,-0.08322721912380535,0.3221998069282796,0.23897258780447425
hicazkar--sarki--sofyan--sarsam_seni--sadettin_kaynak.txt,sarki,vocal,638,0.12401883830455258,19.0188679245283,0.07535321821036106,-0.3947567390473039,0.25956525404362096,1.4298285320799857,-0.6543219930909249,0.7755065389890609
hicazkar--sarki--turkaksagi--gonlumu_bir--tahir_aga.txt,sarki,vocal,528,0.09487666034155598,16.9811320754717,0.07400379506641366,-0.7621065516668835,-0.08278136506252656,1.3843447109700222,-0.6793251866043569,0.7050195243656653
hicazkar--sarki--turkaksagi--vazgecip_naz--medeni_aziz_efendi.txt,sarki,vocal,598,0.11892797319932999,16.9811320754717,0.02512562814070352,-0.4589293051763585,-0.08278136506252656,-0.2631487462183744,-0.3761479401138319,-0.6392966863322063
hicazkar--sazsemaisi--aksaksemai----gazi_giray_han.txt,sazsemaisi,instrumental,513,0.1015625,20.830188679245282,0.0390625,-0.6778286384356715,0.5638733599157523,0.20660915687079595,-1.2417019983514237,-1.0350928414806277
hicazkar--sazsemaisi--aksaksemai----tanburi_cemil_bey.txt,sazsemaisi,instrumental,790,0.1267427122940431,24.0,0.015209125475285171,-0.3604211241557463,1.0964125451919824,-0.5973955948021025,-1.4568336693477286,-2.054229264149831
hicazkar--sirto--nimsofyan----kemani_sebuh.txt,sirto,instrumental,573,0.11888111888111888,19.0188679245283,0.017482517482517484,-0.45951992421097987,0.25956525404362096,-0.520768366468596,-0.7190851782546008,-1.2398535447231969
hicazkar--turku--tekvurus--gul_kuruttum--hatay.txt,turku,vocal,450,0.111358574610245,14.264150943396226,0.004454342984409799,-0.5543448625473272,-0.5392435238707238,-0.9598976054468904,-0.015101338676603349,-0.9749989441234937
hisar--nakis--yuruksemai--hava_guzel--dede_efendi.txt,nakis,vocal,556,0.209009009009009,19.0188679245283,0.04504504504504504,0.6765812825113898,0.25956525404362096,0.40825754998723585,0.41701602846776886,0.8252735784550047
hisar--sazsemaisi--aksaksemai----kemani_ali_aga.txt,sazsemaisi,instrumental,276,0.14181818181818182,19.0188679245283,0.05090909090909091,-0.17038828200247969,0.25956525404362096,0.6059117952528562,-0.42995353604610065,0.17595825920675556
hisarbuselik--aranagme--turkaksagi--1--.txt,aranagme,flagged,82,0.08641975308641975,16.9811320754717,0.08641975308641975,-0.868709541308225,-0.08278136506252656,1.802838506651347,-0.7859281762456984,1.0169103304056486
hisarbuselik--aranagme--yuruksemai_ii--1--.txt,aranagme,flagged,140,0.09352517985611511,14.037735849056604,0.05755395683453238,-0.7791425502705607,-0.57728203710474,0.8298844567623975,-0.20186051316582065,0.6280239435965769
hisarbuselik--beste--cenber--zahm-i_sinem--zekai_dede.txt,beste,vocal,362,0.10803324099722991,16.07547169811321,0.05263157894736842,-0.596262137268172,-0.23493541799859222,0.6639701872023869,-0.3613267192695798,0.30264346793280705
hisarbuselik--sarki--agiraksak--vuslata_nail--zekai_dede.txt,sarki,vocal,438,0.13729977116704806,18.79245283018868,0.02517162471395881,-0.2273448110628637,0.22152674080960472,-0.26159838010897524,-0.4488715518724684,-0.7104699319814436
hisarbuselik--sarki--aksak--aman_ey--ii_mahmud.txt,sarki,vocal,598,0.07035175879396985,21.962264150943398,0.011725293132328308,-1.071253589319968,0.7540659260858348,-0.7148220727566942,-1.8253195154058028,-2.540141588162497
hisarbuselik--sarki--aksak--eyle_kerem--numan_aga.txt,sarki,vocal,531,0.07358490566037736,18.11320754716981,0.013207547169811321,-1.0304983685861415,0.10741120110755534,-0.6648610373447904,-1.137909569693697,-1.8027706070384872
hisarbuselik--sarki--aksak--yandim_deminden--denizoglu_ali_bey.txt,sarki,vocal,768,0.07040417209908735,16.07547169811321,0.024771838331160364,-1.0705928968405611,-0.23493541799859222,-0.2750736286986887,-0.835657478841969,-1.1107311075406576
hisarbuselik--sarki--aksak--yorulmus_ol--latif_aga.txt,sarki,vocal,462,0.16052060737527116,19.0188679245283,0.015184381778741865,0.06536391650004941,0.25956525404362096,-0.5982296088563469,-0.19420133754357155,-0.7924309463999184
hisarbuselik--sarki--curcuna--visalinle_safayab--muallim_ismail_hakki_bey.txt,sarki,vocal,338,0.10682492581602374,19.0188679245283,0.032640949554896145,-0.6114934750207962,0.25956525404362096,-0.009836405815577839,-0.8710587290644172,-0.880895134879995
hisarbuselik--sarki--duyek--du_cesmimden--tanburi_mustafa_cavus.txt,sarki,vocal,477,0.09453781512605042,16.9811320754717,0.029411764705882353,-0.7663778428030869,-0.08278136506252656,-0.11867970427413249,-0.6835964777405603,-0.8022761820146929
hisarbuselik--sarki--kapali_curcuna--bir_hadise--servet_yesari.txt,sarki,vocal,453,0.13495575221238937,19.0188679245283,0.0,-0.2568921882308971,0.25956525404362096,-1.1100362334777238,-0.5164574422745181,-1.626493675752242
hisarbuselik--sarki--turkaksagi--bir_nevcivansin--rahmi_bey.txt,sarki,vocal,366,0.12876712328767123,19.0188679245283,0.03561643835616438,-0.33490254417457316,0.25956525404362096,0.09045578270854295,-0.5944677982181941,-0.5040120155096511
hisarbuselik--sazsemaisi--aksaksemai----tanburi_buyuk_osman_bey.txt,sazsemaisi,instrumental,584,0.10120068610634649,24.0,0.04974271012006861,-0.6823894597375504,1.0964125451919824,0.5665976220878698,-1.7788020049295328,-1.212204382841663
hisarbuselik--tavsanca--raksaksagi--dok_zulfunu--tanburi_mustafa_cavus.txt,tavsanca,flagged,404,0.034739454094292806,14.943396226415095,0.0794044665012407,-1.5201621600859854,-0.4251279841686744,1.5663804011959919,-1.095034175917311,0.47134622527868086
hisarbuselik--turku--azeriyuruksemai--diliyrem_ki--sinan_sipahi.txt,turku,vocal,512,0.12915851272015655,14.037735849056604,0.03913894324853229,-0.32996891035807097,-0.57728203710474,0.2091857623313605,0.24731312674666905,0.45649888907802955
hisarbuselik--turku--curcuna--araz_uste--.txt,turku,vocal,540,0.09276437847866419,19.0188679245283,0.0,-0.7887327821263329,0.25956525404362096,-1.1100362334777238,-1.0482980361699539,-2.1583342696476775
hisarbuselik--yuruksemai--yuruksemai--gonlum_hevesi--zekai_dede.txt,yuruksemai,vocal,419,0.1339712918660287,16.9811320754717,0.07177033492822966,-0.2693017385474928,-0.08278136506252656,1.3090634310860636,-0.18652037348496622,1.1225430576010973
hisarbuselik--yuruksemai--yuruksemai_ii--yine_bezm-i--dede_efendi.txt,yuruksemai,vocal,502,0.17165668662674652,16.07547169811321,0.013972055888223553,0.20573903299067745,-0.23493541799859222,-0.6390924132173351,0.44067445098926966,-0.19841796222806546
huseyni--agirsemai--aksaksemai--acildi_gonce-i--komurcuzade_hafiz_mehmet_efendi.txt,agirsemai,vocal,534,0.13133208255159476,18.11320754716981,0.016885553470919325,-0.3025701184315291,0.10741120110755534,-0.5408897082689078,-0.40998131953908445,-0.9508710278079923
huseyni--agirsemai--aksaksemai--talatin_devri--zaharya.txt,agirsemai,vocal,276,0.15272727272727274,14.037735849056604,0.04,-0.03287445217160748,-0.57728203710474,0.23820864623916044,0.5444075849331326,0.7826162311722931
huseyni--aranagme--aksak--1--.txt,aranagme,flagged,86,0.09411764705882353,14.037735849056604,0.08235294117647059,-0.7716742438119789,-0.57728203710474,1.6657620482923319,-0.1943922067072389,1.4713698415850929
huseyni--aranagme--duyek--1--.txt,aranagme,flagged,145,0.06944444444444445,14.037735849056604,0.006944444444444444,-1.0826906808341445,-0.57728203710474,-0.8759659418602093,-0.5054086437294045,-1.3813745855896138
huseyni--aranagme--raksaksagi--1--.txt,aranagme,flagged,58,0.03508771929824561,12.0,0.0,-1.5157721259033505,-0.9196286562108879,-1.1100362334777238,-0.5961434696924627,-1.7061797031701866
huseyni--beste--agircenber--cemalin_ates-i--zaharya.txt,beste,vocal,742,0.13765182186234817,18.79245283018868,0.044534412955465584,-0.22290705911737418,0.22152674080960472,0.39104612248236986,-0.4444337999269789,-0.05338767744460904
huseyni--beste--berefsan--sebnem_gibi--zaharya.txt,beste,vocal,1056,0.2104265402843602,19.69811320754717,0.03222748815165877,0.6944498800144265,0.37368079374567037,-0.02377258631246166,0.32076908626875617,0.2969964999562945
huseyni--beste--cenber--nigaha_ruhsat--zaharya.txt,beste,vocal,440,0.10022779043280182,18.79245283018868,0.0683371298405467,-0.6946532323295932,0.22152674080960472,1.1933434015739008,-0.916179973139198,0.2771634284347029
huseyni--beste--duyek--muheyya_oldu--rakim_elkutlu.txt,beste,vocal,385,0.203125,16.9811320754717,0.005208333333333333,0.602410792932473,-0.08278136506252656,-0.9344835147645879,0.6851921579949996,-0.24929135676958836
huseyni--divan--sofyan----.txt,divan,vocal,924,0.1820151679306609,19.0188679245283,0.023835319609967497,0.3363121895628462,0.25956525404362096,-0.3066400429638708,0.07674693551922523,-0.22989310744464558
huseyni--etud--sofyan----hasan_esen.txt,etud,flagged,112,0.21621621621621623,12.0,0.10810810810810811,0.7674312601774316,-0.9196286562108879,2.5338688468381796,1.6870599163883195,4.2209287632265
huseyni--ilahi--agirduyek--allah_allah--ali_ufki.txt,ilahi,vocal,168,0.25748502994011974,12.0,0.0,1.2876425843879238,-0.9196286562108879,-1.1100362334777238,2.2072712405988115,1.0972350071210877
huseyni--ilahi--nimevsat--idelim_cevlan--.txt,ilahi,vocal,234,0.060085836909871244,12.0,0.0,-1.2006599941974394,-0.9196286562108879,-1.1100362334777238,-0.28103133798655155,-1.3910675714642755
huseyni--ilahi--turkdarbi--ey_dil--ali_ufki.txt,ilahi,vocal,80,0.11392405063291139,15.622641509433961,0.012658227848101266,-0.5220059228358487,-0.31101244446662535,-0.6833764614154187,-0.21099347836922333,-0.8943699397846421
huseyni--ilahi--yuruksemai--nur-i_fahr-i--dede_efendi.txt,ilahi,vocal,341,0.20294117647058824,14.943396226415095,0.052941176470588235,0.6000936174910828,-0.4251279841686744,0.6744055190887406,1.0252216016597573,1.6996271207484979
huseyni--karsilama--evfer--trakya_karsilamasi--.txt,karsilama,flagged,611,0.10983606557377049,15.39622641509434,0.05245901639344262,-0.5735367503317849,-0.3490509577006416,0.6581537727083538,-0.22448579263114327,0.4336679800772106
huseyni--mars--sofyan--ceddin_deden--kaptanzade_ali_riza_bey.txt,mars,flagged,240,0.18410041841004185,12.0,0.03765690376569038,0.3625976776906772,-0.9196286562108879,0.15923195872436388,1.2822263339015652,1.441458292625929
huseyni--nefes--devrihindi--iptidadan_yol--.txt,nefes,vocal,222,0.1583710407239819,14.037735849056604,0.03167420814479638,0.0382676950862944,-0.57728203710474,-0.04242150972001012,0.6155497321910344,0.5731282224710242
huseyni--oyunhavasi--nimsofyan--cecen_kizi--tanburi_cemil_bey.txt,oyunhavasi,instrumental,297,0.1858108108108108,14.037735849056604,0.030405405405405407,0.38415791689881834,-0.57728203710474,-0.08518792963887596,0.9614399540035583,0.8762520243646823
huseyni--pesrev--cifteduyek----tanburi_isak.txt,pesrev,instrumental,318,0.09779179810725552,15.169811320754716,0.05362776025236593,-0.7253599737910041,-0.3870894709346582,0.6975475957957015,-0.33827050285634597,0.3592770929393555
huseyni--pesrev--devrikebir----iii_selim.txt,pesrev,instrumental,766,0.054901960784313725,19.0188679245283,0.03790849673202614,-1.2660050046419111,0.25956525404362096,0.16771218194023826,-1.5255702586855322,-1.357858076745294
huseyni--pesrev--devrikebir----kul_mehmet.txt,pesrev,instrumental,551,0.06,19.0188679245283,0.045454545454545456,-1.20174200573402,0.25956525404362096,0.4220602207460083,-1.4613072597776409,-1.0392470390316326
huseyni--pesrev--havi----dervis_mustafa.txt,pesrev,instrumental,536,0.044859813084112146,16.9811320754717,0.0,-1.3925906387235947,-0.08278136506252656,-1.1100362334777238,-1.309809273661068,-2.419845507138792
huseyni--pesrev--muhammes----lavtaci_andon.txt,pesrev,instrumental,615,0.08469055374592833,22.41509433962264,0.019543973941368076,-0.8905068501613242,0.8301429525538673,-0.4512846635834808,-1.7206498027151915,-2.1719344662986724
huseyni--rumeliturkusu--aksak--akzadeler_giyer--rumeli.txt,rumeliturkusu,vocal,558,0.1436265709156194,15.39622641509434,0.0,-0.14759275186295143,-0.3490509577006416,-1.1100362334777238,0.20145820583769017,-0.9085780276400337
huseyni--sarki--agiraksak--ben_ezelden--misirli_udi_ibrahim_efendi.txt,sarki,vocal,538,0.09124767225325885,16.9811320754717,0.0446927374301676,-0.8078515229565159,-0.08278136506252656,0.3963826265411413,-0.7250701578939893,-0.328687531352848
huseyni--sarki--agiraksak--bendeni_gordukce--ismet_aga.txt,sarki,vocal,303,0.0728476821192053,14.943396226415095,0.029801324503311258,-1.0397913915733792,-0.4251279841686744,-0.10554915421845579,-0.6146634074047048,-0.7202125616231606
huseyni--sarki--agiraksak--farig_olmam--yesari_asim_arsoy.txt,sarki,vocal,458,0.15973741794310722,16.9811320754717,0.010940919037199124,0.05549147348922265,-0.08278136506252656,-0.7412602816952062,0.1382728385517492,-0.602987443143457
huseyni--sarki--agiraksak--firkat-i_canan--civan_aga.txt,sarki,vocal,403,0.20398009950248755,16.9811320754717,0.01990049751243781,0.6131896936175473,-0.08278136506252656,-0.4392676366036521,0.6959710586800738,0.2567034220764217
huseyni--sarki--agiraksak--semi_husnun--sivelioglu_yorgaki.txt,sarki,vocal,317,0.11075949367088607,16.9811320754717,0.08227848101265822,-0.5618965380294034,-0.08278136506252656,1.6632522849272595,-0.4791151729668769,1.1841371119603825
huseyni--sarki--aksak--arzetmedigim--emin_ongan.txt,sarki,vocal,439,0.11643835616438356,16.07547169811321,0.0776255707762557,-0.49031200939439434,-0.23493541799859222,1.50642072487696,-0.25537659139580215,1.251044133481158
huseyni--sarki--aksak--bir_damlacik--omer_dilek.txt,sarki,vocal,446,0.1550561797752809,16.9811320754717,0.14382022471910114,-0.0035175671515336685,-0.08278136506252656,3.7375858059537705,0.07926379791099289,3.8168496038647635
huseyni--sarki--aksak--bir_dilberdir--tanburi_mustafa_cavus.txt,sarki,vocal,182,0.1878453038674033,16.9811320754717,0.06629834254143646,0.4098035856633173,-0.08278136506252656,1.124623788152471,0.49258495072584385,1.6172087388783147
huseyni--sarki--aksak--ezelden_asinanim--serif_icli.txt,sarki,vocal,440,0.20501138952164008,15.849056603773585,0.018223234624145785,0.6261895523025489,-0.27297393123260877,-0.495801664130624,0.8991634835351576,0.40336181940453364
huseyni--sarki--aksak--sensizlige_soylendi--ilgun_soysev.txt,sarki,vocal,501,0.198,16.9811320754717,0.076,0.5378079416265115,-0.08278136506252656,1.4516290379843562,0.620589306689038,2.072218344673394
huseyni--sarki--aksak--sevdigim_cemalin--mahmud_celaleddin_pasa.txt,sarki,vocal,380,0.11345646437994723,14.037735849056604,0.013192612137203167,-0.5279000506744741,-0.57728203710474,-0.6653644393758491,0.04938198643026592,-0.6159824529455832
huseyni--sarki--aksak--varalim_kuy-i--munir_nurettin_selcuk.txt,sarki,vocal,341,0.2235294117647059,18.11320754716981,0.0058823529411764705,0.8596172669267973,0.10741120110755534,-0.9117649276370056,0.752206065819242,-0.15955886181776358
huseyni--sarki--curcuna--bak_su--danbeni_riza_bey.txt,sarki,vocal,223,0.2882882882882883,14.037735849056604,0.036036036036036036,1.6759310368378473,-0.57728203710474,0.10459879329424394,2.2532130739425873,2.357811867236831
huseyni--sarki--curcuna--cektim_elimi--tatyos_efendi.txt,sarki,vocal,384,0.206266318537859,19.0188679245283,0.044386422976501305,0.642008477694613,0.25956525404362096,0.3860579541976699,0.38244322365099204,0.7685011778486619
huseyni--sarki--curcuna--edali_bir--ali_rifat_cagatay.txt,sarki,vocal,198,0.233502538071066,16.07547169811321,0.04568527918781726,0.9853328563561353,-0.23493541799859222,0.42983736010754997,1.2202682743547275,1.6501056344622775
huseyni--sarki--devrihindi--dil-rubasin_sevdigim--hafiz_mehmet_esref_efendi.txt,sarki,vocal,474,0.17124735729386892,18.11320754716981,0.0,0.20057925893661693,0.10741120110755534,-1.1100362334777238,0.0931680578290616,-1.0168681756486622
huseyni--sarki--devrihindi--gormek_ister--tanburi_cemil_bey.txt,sarki,vocal,527,0.1634980988593156,19.0188679245283,0.0038022813688212928,0.10289649008219391,0.25956525404362096,-0.9818760738088185,-0.15666876396142704,-1.1385448377702456
huseyni--sarki--duyek--bahcede_gordum--medeni_aziz_efendi.txt,sarki,vocal,99,0.20408163265306123,16.9811320754717,0.02040816326530612,0.6144695630866471,-0.08278136506252656,-0.42215619280584415,0.6972509281491737,0.2750947353433295
huseyni--sarki--duyek--her_seherde--nihat_adlim.txt,sarki,vocal,322,0.17757009345794392,16.07547169811321,0.11214953271028037,0.280280094888727,-0.23493541799859222,2.670089597504195,0.5152155128873193,3.185305110391514
huseyni--sarki--kapali_curcuna--nedir_bu--sevki_bey.txt,sarki,vocal,371,0.15405405405405406,16.9811320754717,0.051351351351351354,-0.01614979719217714,-0.08278136506252656,0.6208186796723304,0.06663156787034942,0.6874502475426798
huseyni--sarki--musemmen--gecti_sevdalarla--sukru_tunar.txt,sarki,vocal,511,0.25882352941176473,14.943396226415095,0.023529411764705882,1.3045149516737364,-0.4251279841686744,-0.3169510101148508,1.7296429358424108,1.41269192572756
huseyni--sarki--musemmen--hem_cemalin--zeki_duygulu.txt,sarki,vocal,511,0.11764705882352941,16.9811320754717,0.00196078431372549,-0.47507578731401967,-0.08278136506252656,-1.0439457981974845,-0.39229442225149314,-1.4362402204489775
huseyni--sarki--senginsemai--ah_ile--lavtaci_hristo.txt,sarki,vocal,388,0.12661498708010335,16.9811320754717,0.0,-0.36203115596143837,-0.08278136506252656,-1.1100362334777238,-0.2792497908989118,-1.3892860243766356
huseyni--sarki--sofyan--tez_gecse_de--selahattin_inal.txt,sarki,vocal,498,0.11670020120724346,16.9811320754717,0.022132796780684104,-0.487011338883354,-0.08278136506252656,-0.3640254851434318,-0.4042299738208275,-0.7682554589642593
huseyni--sarki--sofyan--zeytin_gozlum--selahattin_icli.txt,sarki,vocal,527,0.2813688212927757,16.9811320754717,0.057034220532319393,1.5887081495348987,-0.08278136506252656,0.8123661615558564,1.6714895145974253,2.483855676153282
huseyni--sarki--turkaksagi--hicran_oku--sevki_bey.txt,sarki,vocal,592,0.1455160744500846,14.037735849056604,0.04568527918781726,-0.12377473900848411,-0.57728203710474,0.42983736010754997,0.4535072980962559,0.8833446582038058
huseyni--sarki--yuruksemai--senden_bilirim--tanburi_ali_efendi.txt,sarki,vocal,441,0.2431818181818182,14.943396226415095,0.013636363636363636,1.1073443868427064,-0.4251279841686744,-0.6504072972106043,1.5324723710113808,0.8820650738007765
huseyni--sazsemaisi--aksaksemai----lavtaci_andon.txt,sazsemaisi,instrumental,639,0.15203761755485892,16.9811320754717,0.012539184952978056,-0.04156785520689279,-0.08278136506252656,-0.6873889357608323,0.041213509855633775,-0.6461754259051985
huseyni--sazsemaisi--aksaksemai----neyzen_rasid_efendi.txt,sazsemaisi,instrumental,1083,0.06931608133086876,20.37735849056604,0.024029574861367836,-1.0843087536418519,0.4877963334477197,-0.30009245176240523,-1.5721050870895716,-1.872197538851977
huseyni--sazsemaisi--aksaksemai----tatyos_efendi.txt,sazsemaisi,instrumental,910,0.0891089108910891,15.849056603773585,0.011001100110011002,-0.8348115390070892,-0.27297393123260877,-0.7392318111133442,-0.5618376077744804,-1.3010694188878247
huseyni--turku--14_4--tutam_yar--erzurum.txt,turku,vocal,181,0.10555555555555556,9.962264150943396,0.03333333333333333,-0.6274944385699154,-1.2619752753170357,0.013501166286346355,0.6344808367471203,0.6479820030334666
huseyni--turku--aksak--a_fadimem--.txt,turku,vocal,336,0.2507462686567164,12.0,0.08059701492537313,1.2026975710848842,-0.9196286562108879,1.6065765838622668,2.122326227295772,3.728902811158039
huseyni--turku--aksak--bursanin_ufak--bursa.txt,turku,vocal,394,0.24427480916030533,12.0,0.017811704834605598,1.1211220129230894,-0.9196286562108879,-0.5096727374205872,2.040750669133977,1.53107793171339
huseyni--turku--aksak--leylak_takivermis--bahri_altintas.txt,turku,vocal,430,0.17016317016317017,16.07547169811321,0.039627039627039624,0.1869126091820085,-0.23493541799859222,0.22563759840963227,0.4218480271806007,0.647485625590233
huseyni--turku--aksak--yanik_omer--sadettin_kaynak.txt,turku,vocal,401,0.2225,19.0188679245283,0.0675,0.8466410844550114,0.25956525404362096,1.1651270010445185,0.5870758304113904,1.752202831455909
huseyni--turku--aksak--yuce_dag--sadettin_kaynak.txt,turku,vocal,592,0.19627749576988154,14.037735849056604,0.03553299492385787,0.5160950275480268,-0.57728203710474,0.08764322819971149,1.093377064652767,1.1810202928524784
huseyni--turku--aksak--yuksek_yuksek--.txt,turku,vocal,448,0.18791946308724833,12.0,0.042505592841163314,0.4107383948443152,-0.9196286562108879,0.3226624642080034,1.330367051055203,1.6530295152632064
huseyni--turku--curcuna--coban_kizi--.txt,turku,vocal,467,0.20815450643776823,12.0,0.008583690987124463,0.6658099064039888,-0.9196286562108879,-0.8207132979161607,1.5854385626148768,0.7647252646987162
huseyni--turku--curcuna--dersim_dort--tunceli.txt,turku,vocal,323,0.20186335403726707,16.07547169811321,0.037267080745341616,0.5865071975117506,-0.23493541799859222,0.14609253644483916,0.8214426155103428,0.967535151955182
huseyni--turku--curcuna--sari_gelin--erzurum.txt,turku,vocal,123,0.319672131147541,8.60377358490566,0.10655737704918032,2.0715380092565736,-1.4902063547211342,2.4815997165877466,3.5617443639777076,6.043344080565454
huseyni--turku--curcuna--sinemde_bir--.txt,turku,vocal,806,0.15527950310559005,16.9811320754717,0.011180124223602485,-0.0007024795610725044,-0.08278136506252656,-0.733197602500955,0.08207888550145406,-0.651118716999501
huseyni--turku--devrihindi--semsiyemin_ucu--trakya.txt,turku,vocal,456,0.03076923076923077,9.962264150943396,0.0,-1.5702085497680232,-1.2619752753170357,-1.1100362334777238,-0.30823327445098747,-1.4182695079287113
huseyni--turku--devrituran--yagmur_yagar--.txt,turku,vocal,368,0.17438692098092642,12.0,0.0,0.24015482304209462,-0.9196286562108879,-1.1100362334777238,1.1597834792529824,0.049747245775258575
huseyni--turku--evfer--dere_geliyor--.txt,turku,vocal,152,0.31788079470198677,7.018867924528302,0.0,2.048957435201727,-1.7564759473592493,-1.1100362334777238,3.805433382560976,2.6953971490832522
huseyni--turku--kapali_curcuna--havada_bulut--.txt,turku,vocal,466,0.3139784946236559,9.962264150943396,0.023655913978494623,1.9997672475506727,-1.2619752753170357,-0.31268711106451275,3.261742522867708,2.9490554118031955
huseyni--turku--nimsofyan--bir_of_ceksem--kayseri.txt,turku,vocal,279,0.381294964028777,12.0,0.039568345323741004,2.848320586754841,-0.9196286562108879,0.2236592410623594,3.7679492429657286,3.991608484028088
huseyni--turku--raksaksagi--menekse_kokulu--.txt,turku,vocal,484,0.11180124223602485,14.037735849056604,0.0,-0.5487648448290405,-0.57728203710474,-1.1100362334777238,0.028517192275699488,-1.0815190412020244
huseyni--turku--sofyan--cikayim_gideyim--.txt,turku,vocal,344,0.12244897959183673,14.037735849056604,0.05539358600583091,-0.4145454900695382,-0.57728203710474,0.7570667340602355,0.1627365470352018,0.9198032810954373
huseyni--turku--sofyan--ciktim_belen--mugla.txt,turku,vocal,640,0.3317683881064163,9.056603773584905,0.0297339593114241,2.2240165828512906,-1.4141293282531013,-0.10781977359428097,3.6381459111043917,3.5303261375101105
huseyni--turku--sofyan--hey_onbesli--tokat.txt,turku,vocal,424,0.28841607565011823,12.0,0.028368794326241134,1.6775418520446923,-0.9196286562108879,-0.15383419112532368,2.59717050825558,2.4433363171302562
huseyni--turku--sofyan--keklik_daglarda--.txt,turku,vocal,275,0.2116788321167883,14.037735849056604,0.01824817518248175,0.7102355625592117,-0.57728203710474,-0.49496101462878034,1.2875175996639516,0.7925565850351712
huseyni--turku--sofyan--kopruden_gecti--kirsehir.txt,turku,vocal,757,0.2037037037037037,14.037735849056604,0.021164021164021163,0.6097056045072202,-0.57728203710474,-0.3966791542624412,1.1869876416119602,0.790308487349519
huseyni--turku--sofyan--koskum_var--.txt,turku,vocal,450,0.10467706013363029,12.0,0.0,-0.6385682549827166,-0.9196286562108879,-1.1100362334777238,0.2810604012281712,-0.8289758322495526
huseyni--turku--sofyan--sabahin_seher--.txt,turku,vocal,127,0.4523809523809524,9.962264150943396,0.06349206349206349,3.744390349770044,-1.2619752753170357,1.030035004168124,5.00636562508708,6.036400629255204
huseyni--turku--sofyan--yaylanin_cimenine--trabzon.txt,turku,vocal,842,0.21284185493460167,14.037735849056604,0.01070154577883472,0.724895970396214,-0.57728203710474,-0.7493286259434802,1.3021780075009541,0.552849381557474
huseyni--turku--yuruksemai--bir_hisminan--kars.txt,turku,vocal,272,0.3247232472324723,9.962264150943396,0.02952029520295203,2.1352095217178357,-1.2619752753170357,-0.11502156209994951,3.397184797034871,3.282163234934922
huseyni--yuruksemai--senginsemai--ben_gibi--tabi_mustafa_efendi.txt,yuruksemai,vocal,714,0.16830294530154277,14.037735849056604,0.0182328190743338,0.16346366671735127,-0.57728203710474,-0.49547860948335165,0.7407457038220913,0.2452670943387396
huseyni--yuruksemai--yuruksemai--dok_dideden--tabi_mustafa_efendi.txt,yuruksemai,vocal,304,0.2607260726072607,16.9811320754717,0.0429042904290429,1.3284973351199405,-0.08278136506252656,0.3361010137433566,1.4112787001824671,1.7473797139258238
huseyni--zeybek--agiraksak--sarizeybek--osman_pehlivan.txt,zeybek,flagged,302,0.1362126245847176,14.037735849056604,0.0,-0.24104876599087896,-0.57728203710474,-1.1100362334777238,0.33623327111386103,-0.7738029623638628
huseyni_gulizar--ilahi--sofyan--cun_sana--hafiz_post.txt,ilahi,vocal,294,0.15699658703071673,12.0,0.017064846416382253,0.020942109218403778,-0.9196286562108879,-0.534846438376664,0.9405707654292916,0.4057243270526276
huseyniasiran--sarki--curcuna--cemalin_semine--zekai_dede.txt,sarki,vocal,412,0.145985401459854,19.92452830188679,0.0364963503649635,-0.11785866817414183,0.4117193069796866,0.12011420422016315,-0.5295779751538284,-0.40946377093366526
huzi--ilahi--duyek--tasti_rahmet--.txt,ilahi,vocal,229,0.14035087719298245,12.0,0.03508771929824561,-0.18888429420195377,-0.9196286562108879,0.07263471364235,0.7307443620089341,0.8033790756512841
huzi--turku--aksak--ayva_dibi--.txt,turku,vocal,264,0.2813688212927757,9.962264150943396,0.06463878326996197,1.5887081495348987,-1.2619752753170357,1.068686480893667,2.850683424851934,3.919369905745601
huzzam--agirsemai--aksaksemai--kurban_olayim--haci_faik_bey.txt,agirsemai,vocal,422,0.09738717339667459,14.037735849056604,0.035629453681710214,-0.7304604440373218,-0.57728203710474,0.09089447885916833,-0.15317840693258178,-0.062283928073413444
huzzam--aranagme--agiraksak--1--.txt,aranagme,flagged,184,0.1092896174863388,19.0188679245283,0.0,-0.5804249658515462,0.25956525404362096,-1.1100362334777238,-0.8399902198951672,-1.950026453372891
huzzam--aranagme--duyek--1--.txt,aranagme,flagged,112,0.09009009009009009,15.849056603773585,0.018018018018018018,-0.8224433489782963,-0.27297393123260877,-0.5027187200917399,-0.5494694177456876,-1.0521881378374274
huzzam--beste--agircenber--asika_tan--hekimbasi_abdulaziz_efendi.txt,beste,vocal,251,0.132,14.943396226415095,0.056,-0.2941507288502644,-0.4251279841686744,0.7775065981259142,0.13097725531841004,0.9084838534443243
huzzam--beste--remel--aldim_hayal-i--komurcuzade_hafiz_mehmet_efendi.txt,beste,vocal,1059,0.19754253308128544,16.07547169811321,0.043478260869565216,0.5320413723919527,-0.23493541799859222,0.3554473314319329,0.7669767903905449,1.1224241218224777
huzzam--ilahi--muhammes--duseli_askin--tiznam_yusuf_celebi.txt,ilahi,vocal,468,0.1284796573875803,11.09433962264151,0.09850107066381156,-0.33852617672074076,-1.0717827091469536,2.210052870750149,0.7332565324262128,2.943309403176362
huzzam--kanto--aksak--bana_bir--lavtaci_hristo.txt,kanto,vocal,302,0.18272425249169436,16.9811320754717,0.023255813953488372,0.34525050848183125,-0.08278136506252656,-0.32617293131674463,0.4280318735443578,0.10185894222761316
huzzam--pesrev--devrikebir----tanburi_buyuk_osman_bey.txt,pesrev,instrumental,766,0.09019607843137255,22.41509433962264,0.00784313725490196,-0.8211073198949722,0.8301429525538673,-0.8456744923567662,-1.6512502724488396,-2.496924764805606
huzzam--pesrev--fahte----gazi_giray_han.txt,pesrev,instrumental,498,0.04225352112676056,19.0188679245283,0.012072434607645875,-1.4254440810222695,0.25956525404362096,-0.7031212798408373,-1.6850093350658906,-2.3881306149067276
huzzam--rumeliturkusu--sofyan--aksam_oldu--rumeli.txt,rumeliturkusu,vocal,369,0.1983695652173913,14.037735849056604,0.0,0.5424664717312889,-0.57728203710474,-1.1100362334777238,1.1197485088360288,0.00971227535830499
huzzam--sarki--agiraksak--bekledim_yillarca--rakim_elkutlu.txt,sarki,vocal,501,0.124,19.0188679245283,0.002,-0.39499420405957064,0.25956525404362096,-1.0426239894918796,-0.6545594581031916,-1.6971834475950711
huzzam--sarki--agiraksak--ben_esir-i--udi_arsak_comlekciyan.txt,sarki,vocal,494,0.15010141987829614,15.169811320754716,0.016227180527383367,-0.06597446800648964,-0.3870894709346582,-0.56308090702057,0.3211150029281685,-0.24196590409240148
huzzam--sarki--agiraksak--ey_sabah-i--leyla_saz.txt,sarki,vocal,635,0.13249211356466878,16.9811320754717,0.03785488958990536,-0.2879474235929096,-0.08278136506252656,0.16590529306822344,-0.20516605853038303,-0.03926076546215959
huzzam--sarki--agiraksak--neseyab-i_lutfun--musullu_hafiz_osman_efendi.txt,sarki,vocal,632,0.0919175911251981,16.07547169811321,0.014263074484944533,-0.7994069045621843,-0.23493541799859222,-0.6292833048940488,-0.5644714865635921,-1.193754791457641
huzzam--sarki--agiraksak--sabrimi_gamzelerin--bimen_sen.txt,sarki,vocal,586,0.13675213675213677,19.0188679245283,0.017094017094017096,-0.2342479807558474,0.25956525404362096,-0.5338632079576878,-0.49381323479946837,-1.0276764427571563
huzzam--sarki--agirduyek--bag-i_husnunde--dede_salih_efendi.txt,sarki,vocal,468,0.13062098501070663,14.037735849056604,0.03640256959314775,-0.311533811836023,-0.57728203710474,0.11695321808475104,0.265748225268717,0.382701443353468
huzzam--sarki--aksak--adanin_yesil_camlari--sukru_tunar.txt,sarki,vocal,424,0.21749408983451538,16.9811320754717,0.002364066193853428,0.7835394122458786,-0.08278136506252656,-1.0303527299483572,0.8663207773084052,-0.16403195263995207
huzzam--sarki--aksak--ettigin_cevri--cinucen_tanrikorur.txt,sarki,vocal,385,0.13541666666666666,19.0188679245283,0.013020833333333334,-0.25108216131295674,0.25956525404362096,-0.6711544366948838,-0.5106474153565776,-1.1818018520514615
huzzam--sarki--aksak--ey_husn--ahmet_irsoy.txt,sarki,vocal,455,0.17400881057268722,16.9811320754717,0.015418502202643172,0.23538857709463823,-0.08278136506252656,-0.5903383172872948,0.31816994215716476,-0.27216837513013004
huzzam--sarki--aksak--gonlum_seher--sadettin_kaynak.txt,sarki,vocal,729,0.1771978021978022,16.9811320754717,0.028846153846153848,0.27558720183088425,-0.08278136506252656,-0.13774425291266304,0.3583685668934108,0.22062431398074775
huzzam--sarki--aksak--gonul_dustu--kemenceci_usta_yani.txt,sarki,vocal,250,0.08032128514056225,19.0188679245283,0.028112449799196786,-0.9455833789473286,0.25956525404362096,-0.16247457102609839,-1.2051486329909495,-1.367623204017048
huzzam--sarki--aksak--gonul_verdim--iii_selim.txt,sarki,vocal,554,0.11934900542495479,84.0,0.012658227848101266,-0.4536220110754693,11.176618552206333,-0.6833764614154187,-11.630240563281802,-12.313617024697221
huzzam--sarki--aksak--gozunun_rengini--selahattin_pinar.txt,sarki,vocal,369,0.23097826086956522,19.0188679245283,0.016304347826086956,0.9535132456822653,0.25956525404362096,-0.5604798966366026,0.6939479916386443,0.1334680950020417
huzzam--sarki--aksak--guzellerde_ne--tanburi_mustafa_cavus.txt,sarki,vocal,288,0.11149825783972125,16.9811320754717,0.04529616724738676,-0.5525840947612216,-0.08278136506252656,0.4167219055744971,-0.4698027296986951,-0.053080824124197956
huzzam--sarki--aksak--hicran_yine_hicran--serif_icli.txt,sarki,vocal,474,0.20084566596194503,16.9811320754717,0.0,0.5736787972374325,-0.08278136506252656,-1.1100362334777238,0.6564601622999591,-0.4535760711777648
huzzam--sarki--aksak--indirip_yerlere--cinucen_tanrikorur.txt,sarki,vocal,392,0.20971867007672634,16.07547169811321,0.005115089514066497,0.6855268685475602,-0.23493541799859222,-0.9376264023118819,0.9204622865461524,-0.017164115765729515
huzzam--sarki--aksak--manada_guzel--sadi_isilay.txt,sarki,vocal,415,0.22705314009661837,16.9811320754717,0.026570048309178744,0.9040353932622405,-0.08278136506252656,-0.21446294381071135,0.986816758324767,0.7723538145140556
huzzam--sarki--aksak--sevdigin_dunyalar--munir_nurettin_selcuk.txt,sarki,vocal,325,0.2006172839506173,16.9811320754717,0.05555555555555555,0.5707999427752349,-0.08278136506252656,0.7625260994623931,0.6535813078377615,1.4161074073001547
huzzam--sarki--aksak--sevdim_yine--tanburi_mustafa_cavus.txt,sarki,vocal,335,0.09580838323353294,14.943396226415095,0.008982035928143712,-0.7503617798720057,-0.4251279841686744,-0.8072866347389025,-0.3252337957033313,-1.1325204304422338
huzzam--sarki--aksak--sonbaharin_bizi--bekir_sitki_sezgin.txt,sarki,vocal,357,0.1601123595505618,16.07547169811321,0.0028089887640449437,0.06021777532625802,-0.23493541799859222,-1.0153561155200774,0.29515319332485024,-0.7202029221952272
huzzam--sarki--aksak--vefa_yoktur--tanburi_mustafa_cavus.txt,sarki,vocal,179,0.06741573033707865,84.0,0.0056179775280898875,-1.1082635034332586,11.176618552206333,-0.9206759975624311,-12.284882055639592,-13.205558053202024
huzzam--sarki--aksak--yine_bir--serif_icli.txt,sarki,vocal,489,0.2069672131147541,12.90566037735849,0.022540983606557378,0.6508435583057951,-0.7674746032748223,-0.3502670901946436,1.4183181615806175,1.0680510713859739
huzzam--sarki--aksak--zamani_var_ki--klarnet_ibrahim_efendi.txt,sarki,vocal,434,0.13163972286374134,19.0188679245283,0.018475750577367205,-0.29869217865761194,0.25956525404362096,-0.48729033060618376,-0.5582574327012328,-1.0455477633074166
huzzam--sarki--aksaksemaievferi--kerem_eyle--medeni_aziz_efendi.txt,sarki,vocal,268,0.16853932584269662,19.0188679245283,0.02247191011235955,0.1664433461225776,0.25956525404362096,-0.3525952898165529,-0.09312190792104336,-0.44571719773759627
huzzam--sarki--ciftesofyan--ey_gul-i--dede_efendi.txt,sarki,vocal,608,0.17298187808896212,14.943396226415095,0.009884678747940691,0.22244364703661787,-0.4251279841686744,-0.7768620457387905,0.6475716312052923,-0.1292904145334982
huzzam--sarki--curcuna--aksam_donusu--udi_marko_colakoglu.txt,sarki,vocal,581,0.09827586206896552,19.0188679245283,0.006896551724137931,-0.7192581372757016,0.25956525404362096,-0.8775802197334335,-0.9788233913193226,-1.8564036110527562
huzzam--sarki--curcuna--askinla_surunsem--selahaddin_pinar.txt,sarki,vocal,536,0.17383177570093458,19.0188679245283,0.026168224299065422,0.23315697563204205,0.25956525404362096,-0.22800687291527616,-0.026408278411578917,-0.2544151513268551
huzzam--sarki--curcuna--ayrilik_umitlerin--avni_anil.txt,sarki,vocal,319,0.31446540880503143,15.169811320754716,0.08490566037735849,2.005905012322998,-0.3870894709346582,1.751804313091134,2.392994483257656,4.14479879634879
huzzam--sarki--curcuna--bir_gun--omer_sami_gupgup.txt,sarki,vocal,272,0.17343173431734318,16.9811320754717,0.0959409594095941,0.22811428021343008,-0.08278136506252656,2.123761448500043,0.31089564527595664,2.4346570937759995
huzzam--sarki--curcuna--gokyuzune_ciksan--omer_sami_gupgup.txt,sarki,vocal,395,0.2436548223350254,15.169811320754716,0.07614213197969544,1.1133068096674374,-0.3870894709346582,1.4564197558310663,1.5003962806020956,2.956816036433162
huzzam--sarki--curcuna--guzel_gun--haci_arif_bey.txt,sarki,vocal,315,0.1178343949044586,84.0,0.03184713375796178,-0.47271433463489576,11.176618552206333,-0.03659285790695613,-11.64933288684123,-11.685925744748186
huzzam--sarki--curcuna--kusade_taliim--sevki_bey.txt,sarki,vocal,379,0.12698412698412698,14.943396226415095,0.042328042328042326,-0.35737798711641683,-0.4251279841686744,0.3166779249528414,0.0677499970522576,0.384427922005099
huzzam--sarki--curcuna--mahzun_gonul--kemani_salih_efendi.txt,sarki,vocal,508,0.1794871794871795,11.09433962264151,0.01775147928994083,0.3044457970716426,-1.0717827091469536,-0.511702706976148,1.3762285062185962,0.8645257992424482
huzzam--sarki--curcuna--omrum_seni--yesari_asim_arsoy.txt,sarki,vocal,276,0.20727272727272728,14.943396226415095,0.014545454545454545,0.6546946969827525,-0.4251279841686744,-0.6197653681261296,1.0798226811514269,0.4600573130252973
huzzam--sarki--devrihindi--ey_cefacu--sakir_aga.txt,sarki,vocal,408,0.16953316953316952,16.9811320754717,0.007371007371007371,0.17897117756784373,-0.08278136506252656,-0.8615881598198214,0.2617525426303703,-0.5998356171894511
huzzam--sarki--devrihindi--umidim_kalmadi--medeni_aziz_efendi.txt,sarki,vocal,334,0.13813813813813813,16.9811320754717,0.015015015015015015,-0.2167768312046858,-0.08278136506252656,-0.6039383056560705,-0.13399546614215924,-0.7379337717982297
huzzam--sarki--duyek--a_canim--tanburi_mustafa_cavus.txt,sarki,vocal,485,0.1012396694214876,19.0188679245283,0.05785123966942149,-0.6818980581157992,0.25956525404362096,0.8399047082615716,-0.9414633121594201,-0.10155860389784854
huzzam--sarki--duyek--beklerim_her_gun--ismail_hakki_nebiloglu.txt,sarki,vocal,696,0.08633093525179857,19.92452830188679,0.02158273381294964,-0.8698291286961957,0.4117193069796866,-0.38256597463767833,-1.2815484356758824,-1.6641144103135608
huzzam--sarki--duyek--birak_duygulari--omer_sami_gupgup.txt,sarki,vocal,322,0.1806853582554517,16.07547169811321,0.037383177570093455,0.31954936093596464,-0.23493541799859222,0.15000571018291556,0.5544847789345568,0.7044904891174724
huzzam--sarki--duyek--icimde_bin--avni_anil.txt,sarki,vocal,343,0.18128654970760233,14.037735849056604,0.023391812865497075,0.3271276403485894,-0.57728203710474,-0.32158893539767464,0.9044096774533295,0.5828207420556548
huzzam--sarki--duyek--icimde_kim--yusuf_nalkesen.txt,sarki,vocal,438,0.12814645308924486,16.9811320754717,0.016018306636155607,-0.34272636164559384,-0.08278136506252656,-0.5701212358794292,-0.25994499658306724,-0.8300662324624964
huzzam--sarki--duyek--nicin_nalendesin--nikogos_aga.txt,sarki,vocal,386,0.11688311688311688,14.037735849056604,0.025974025974025976,-0.4847056073301872,-0.57728203710474,-0.23455254534987688,0.09257642977455283,-0.14197611557532405
huzzam--sarki--duyek--omrumuzun_son--selahattin_altinbas.txt,sarki,vocal,332,0.1540785498489426,15.169811320754716,0.054380664652567974,-0.01584101705660543,-0.3870894709346582,0.7229250833579194,0.3712484538780527,1.0941735372359722
huzzam--sarki--duyek--omrunde_sarmadin--omer_sami_gupgup.txt,sarki,vocal,520,0.15221579961464354,16.9811320754717,0.057803468208092484,-0.0393217929408136,-0.08278136506252656,0.838294517558236,0.04345957212171296,0.881754089679949
huzzam--sarki--duyek--pisman_olur_da--irfan_ozbakir.txt,sarki,vocal,571,0.13508771929824562,19.0188679245283,0.01929824561403509,-0.25522868578702346,0.25956525404362096,-0.45956721256168315,-0.5147939398306445,-0.9743611523923277
huzzam--sarki--duyek--sacin_yuzume--teoman_alpay.txt,sarki,vocal,348,0.09798270893371758,11.09433962264151,0.13544668587896252,-0.7229534598915649,-1.0717827091469536,3.4553462842955867,0.3488292492553887,3.8041755335509753
huzzam--sarki--duyek--seni_sesini--sadi_hosses.txt,sarki,vocal,383,0.1649214659685864,15.169811320754716,0.09162303664921466,0.12083865080688032,-0.3870894709346582,1.9782210171826786,0.5079281217415385,2.486149138924217
huzzam--sarki--duyek--yalniz_aksamlarimda--omer_sami_gupgup.txt,sarki,vocal,481,0.17916666666666667,16.07547169811321,0.05416666666666667,0.3004055937379364,-0.23493541799859222,0.7157120411388903,0.5353410117365286,1.251053052875419
huzzam--sarki--duyek--zannetme_ki--kenan_savkli.txt,sarki,vocal,689,0.09011627906976744,19.0188679245283,0.04215116279069767,-0.8221132255129401,0.25956525404362096,0.31071600168905095,-1.081678479556561,-0.7709624778675102
huzzam--sarki--iraksak--gozum_hasretle--tatyos_efendi.txt,sarki,vocal,375,0.18181818181818182,12.0,0.0106951871657754,0.3338290940440512,-0.9196286562108879,-0.7495429501309633,1.253457750254939,0.5039148001239758
huzzam--sarki--nimsofyan--gezdigim_dikenli--kadri_sencalar.txt,sarki,vocal,212,0.3080568720379147,10.18867924528302,0.018957345971563982,1.9251226224976652,-1.2239367620830193,-0.4710576174981578,3.1490593845806845,2.6780017670825265
huzzam--sarki--sarkidevrirevani--isittim_ey--sakir_aga.txt,sarki,vocal,235,0.12393162393162394,16.9811320754717,0.029914529914529916,-0.3958561141040946,-0.08278136506252656,-0.1017334388176608,-0.31307474904156807,-0.41480818785922885
huzzam--sarki--semai--dil-hun_olurum--bimen_sen.txt,sarki,vocal,349,0.19827586206896552,16.07547169811321,0.017241379310344827,0.5412853028406254,-0.23493541799859222,-0.5288961991169979,0.7762207208392176,0.24732452172221964
huzzam--sarki--semai--her_gece--kasim_inaltekin.txt,sarki,vocal,452,0.164079822616408,18.339622641509433,0.0,0.11022937074182033,0.1454497143415716,-1.1100362334777238,-0.03522034359975128,-1.1452565770774752
huzzam--sarki--semai--omrumuzun_son--avni_anil.txt,sarki,vocal,440,0.2437357630979499,15.169811320754716,0.03416856492027335,1.1143271031448625,-0.3870894709346582,0.041653584048088464,1.5014165740795207,1.5430701581276092
huzzam--sarki--semai--ozledim_gel--omer_sami_gupgup.txt,sarki,vocal,564,0.17761989342806395,14.037735849056604,0.0,0.28090784514525496,-0.57728203710474,-1.1100362334777238,0.8581898822499949,-0.2518463512277289
huzzam--sarki--senginsemai--acmam_acamam--nasibin_mehmet_yuru.txt,sarki,vocal,571,0.13333333333333333,15.849056603773585,0.0,-0.2773434829820468,-0.27297393123260877,-1.1100362334777238,-0.004369551749438039,-1.1144057852271618
huzzam--sarki--senginsemai--hal-i_dil-i--haci_arif_bey.txt,sarki,vocal,184,0.21311475409836064,13.132075471698114,0.02185792349726776,0.7283359829031101,-0.7294360900408057,-0.3732903975668581,1.4577720729439156,1.0844816753770576
huzzam--sarki--senginsemai--mahzun_durusun--ekrem_guyer.txt,sarki,vocal,379,0.17724867724867724,14.037735849056604,0.021164021164021163,0.2762285039473453,-0.57728203710474,-0.3966791542624412,0.8535105410520853,0.45683138678964413
huzzam--sarki--senginsemai--sen_sanki_baharin--musa_sureyya_bey.txt,sarki,vocal,437,0.21559633027522937,19.0188679245283,0.0,0.7596173286121184,0.25956525404362096,-1.1100362334777238,0.5000520745684974,-0.6099841589092264
huzzam--sarki--sofyan--solgun_durma--munir_nurettin_selcuk.txt,sarki,vocal,645,0.2670807453416149,20.37735849056604,0.010869565217391304,1.4086007454137033,0.4877963334477197,-0.7436653422503097,0.9208044119659835,0.17713906971567384
huzzam--sarki--turkaksagi--baglandi_gonul--selanikli_ahmed_bey.txt,sarki,vocal,471,0.17872340425531916,14.037735849056604,0.0,0.2948180784891939,-0.57728203710474,-1.1100362334777238,0.8721001155939339,-0.23793611788379
huzzam--sarki--turkaksagi--bahar_oldu--seyh_ethem_efendi.txt,sarki,vocal,320,0.07210031347962383,19.0188679245283,0.02821316614420063,-1.04921229793311,0.25956525404362096,-0.15907981361471765,-1.308777551976731,-1.4678573655914486
huzzam--sarki--turkaksagi--meftun_olali--haci_arif_bey.txt,sarki,vocal,552,0.14519056261343014,14.037735849056604,0.0054446460980036296,-0.12787795711223418,-0.57728203710474,-0.9265183278901261,0.44940407999250587,-0.47711424789762025
huzzam--sarki--turkaksagi--sevdasi_henuz--yorgo_bacanos.txt,sarki,vocal,480,0.14613778705636743,14.037735849056604,0.0,-0.11593778153360969,-0.57728203710474,-1.1100362334777238,0.46134425557113035,-0.6486919779065935
huzzam--sarki--turkaksagi--ummidini_kirpiklerine--selahaddin_pinar.txt,sarki,vocal,460,0.2047930283224401,16.9811320754717,0.015250544662309368,0.623437014530274,-0.08278136506252656,-0.5959995146314172,0.7062183795928005,0.11021886496138333
huzzam--sazsemaisi--aksaksemai----gazi_giray_han.txt,sazsemaisi,instrumental,1007,0.21769383697813122,20.150943396226417,0.05069582504970179,0.7860573117615478,0.4497578202137035,0.5987234301793611,0.33629949154784433,0.9350229217272055
huzzam--sazsemaisi--aksaksemai----udi_nevres_bey.txt,sazsemaisi,instrumental,802,0.1198501872659176,26.037735849056602,0.02372034956304619,-0.4473043962561583,1.4387591642981299,-0.31051523739093234,-1.8860635605542881,-2.1965787979452207
huzzam--turku--aksak--arabaya_tas--istanbul.txt,turku,vocal,225,0.24553571428571427,14.037735849056604,0.004464285714285714,1.1370162697675223,-0.57728203710474,-0.9595624745807503,1.7142983068722624,0.7547358322915121
huzzam--turku--aksak--duriyemin_gugumleri--.txt,turku,vocal,320,0.2476489028213166,11.09433962264151,0.012539184952978056,1.1636539292303478,-1.0717827091469536,-0.6873889357608323,2.235436638377301,1.548047702616469
huzzam--turku--aksak--yaniyor_mu--.txt,turku,vocal,492,0.24439918533604887,11.09433962264151,0.004073319755600814,1.122689828647492,-1.0717827091469536,-0.9727404208792632,2.1944725377944456,1.2217321169151825
huzzam--turku--curcuna--al_yesil--urfa.txt,turku,vocal,633,0.31645569620253167,14.943396226415095,0.0,2.0309934495516493,-0.4251279841686744,-1.1100362334777238,2.4561214337203237,1.3460852002425998
huzzam--turku--curcuna--hayatlari_degirmi--.txt,turku,vocal,362,0.20498614958448755,9.962264150943396,0.024930747922437674,0.6258713919304831,-1.2619752753170357,-0.26971740262925026,1.8878466672475187,1.6181292646182683
huzzam--turku--ikizaksak--cirpinirdi_karadeniz--uzeyir_hacibeyov.txt,turku,vocal,320,0.13479623824451412,10.18867924528302,0.0,-0.25890293108901785,-1.2239367620830193,-1.1100362334777238,0.9650338309940014,-0.14500240248372243
huzzam--turku--musemmen_ii--su_karsiki--hatay.txt,turku,vocal,573,0.21328671328671328,14.037735849056604,0.0034965034965034965,0.7305036031715665,-0.57728203710474,-0.9921826600758983,1.3077856402763066,0.31560298020040833
huzzam--turku--nimsofyan--asker_oldum--.txt,turku,vocal,237,0.23728813559322035,14.037735849056604,0.00423728813559322,1.033051957590858,-0.57728203710474,-0.9672136826602573,1.6103339946955981,0.6431203120353408
huzzam--turku--nimsofyan--kopruler_yaptirdim--.txt,turku,vocal,400,0.2832080200501253,10.641509433962264,0.03007518796992481,1.6118920488213704,-1.1478597356149864,-0.09631827880337483,2.759751784436357,2.663433505632982
huzzam--turku--sofyan--aliverin_baglamami--.txt,turku,vocal,710,0.2736248236953456,10.18867924528302,0.02679830747531735,1.4910916958177276,-1.2239367620830193,-0.20676921251084088,2.715028457900747,2.508259245389906
huzzam--turku--sofyan--indim_havuz--istanbul.txt,turku,vocal,628,0.2551834130781499,10.18867924528302,0.02711323763955343,1.2586297040177516,-1.2239367620830193,-0.19615413797584855,2.4825664661007707,2.2864123281249222
huzzam--yuruksemai--yuruksemai--reh-i_askinda--dede_efendi.txt,yuruksemai,vocal,852,0.2773207990599295,13.132075471698114,0.02937720329024677,1.5376810708243058,-0.7294360900408057,-0.11984463556579357,2.2671171608651113,2.147272525299318
huzzam_icedid--ilahi--duyek--goster_bize--huseyin_sadettin_arel.txt,ilahi,vocal,116,0.1391304347826087,19.0188679245283,0.06086956521739131,-0.20426850094631768,0.25956525404362096,0.9416407573957958,-0.4638337549899386,0.47780700240585716
irak--ilahi--yuruksemai--uyan_ey--iii_murat.txt,ilahi,vocal,252,0.2549800796812749,16.9811320754717,0.0,1.2560665982218782,-0.08278136506252656,-1.1100362334777238,1.3388479632844048,0.22881172980668096
irak--sarki--musemmen--derd-i_hicrinle--bestenigar_ziya_bey.txt,sarki,vocal,166,0.21818181818181817,13.132075471698114,0.06060606060606061,0.7922085268136244,-0.7294360900408057,0.9327590388205858,1.52164461685443,2.4544036556750157
irak--sazsemaisi--aksaksemai----serif_muhittin_targan.txt,sazsemaisi,instrumental,816,0.08588957055214724,21.962264150943398,0.011042944785276074,-0.8753927224646395,0.7540659260858348,-0.7378213893841056,-1.6294586485504743,-2.36728003793458
isfahan--aranagme--aksak--1--.txt,aranagme,flagged,110,0.12844036697247707,14.037735849056604,0.027522935779816515,-0.339021449470919,-0.57728203710474,-0.18234480247986765,0.23826058763382102,0.05591578515395337
isfahan--beste--zencir--gel_ey--itri.txt,beste,vocal,634,0.11058451816745656,18.339622641509433,0.06003159557661927,-0.5641021802596946,0.1454497143415716,0.9133960504575684,-0.7095518946012662,0.20384415585630222
isfahan--pesrev--devrikebir----tanburi_cemil_bey.txt,pesrev,instrumental,366,0.07397260273972603,17.20754716981132,0.0,-1.0256112784848892,-0.0447428518285103,-1.1100362334777238,-0.9808684266563789,-2.0909046601341026
isfahan--pesrev--fahte----kanuni_sait_bey.txt,pesrev,instrumental,623,0.08842443729903537,16.9811320754717,0.05787781350482315,-0.843439625971051,-0.08278136506252656,0.8408004091994398,-0.7606582609085245,0.08014214829091526
isfahan--sarki--agiraksak--asiyan-i_murg-i--udi_nevres_bey.txt,sarki,vocal,591,0.12203389830508475,16.9811320754717,0.01694915254237288,-0.41977777000084077,-0.08278136506252656,-0.5387460302078576,-0.3369964049383142,-0.8757424351461718
isfahan--sarki--agiraksak--sen_de_mi--udi_hasan.txt,sarki,vocal,491,0.1469387755102041,14.037735849056604,0.01020408163265306,-0.10584097412268242,-0.57728203710474,-0.7660962131417841,0.47144106298205757,-0.29465515015972654
isfahan--sarki--aksak--asik_olali--dede_efendi.txt,sarki,vocal,310,0.11650485436893204,19.0188679245283,0.042071197411003236,-0.48947377063916325,0.25956525404362096,0.30802067884585993,-0.7490390246827843,-0.44101834583692434
isfahan--sarki--curcuna--etme_beyhude--rahmi_bey.txt,sarki,vocal,482,0.12474012474012475,16.9811320754717,0.02702702702702703,-0.38566461019925014,-0.08278136506252656,-0.19905996339874796,-0.3028832451367236,-0.5019432085354716
isfahan--sarki--curcuna--sevdigim_vaslini--.txt,sarki,vocal,502,0.15568862275449102,15.622641509433961,0.007984031936127744,0.004454651335375673,-0.31101244446662535,-0.840925479043216,0.315467095802001,-0.525458383241215
isfahan--sarki--devrihindi--dil-i_bicare--mahmud_celaleddin_pasa.txt,sarki,vocal,487,0.10905349794238683,14.943396226415095,0.0,-0.5834013552736652,-0.4251279841686744,-1.1100362334777238,-0.1582733711049908,-1.2683096045827147
isfahan--sarki--devrihindi--ey_gaziler--iii_selim.txt,sarki,vocal,446,0.0449438202247191,12.0,0.038202247191011236,-1.3915316922234444,-0.9196286562108879,0.17761337074626676,-0.47190303601255656,-0.2942896652662898
isfahan--sarki--duyek--gelirken_meclise--haham_nesim.txt,sarki,vocal,309,0.12337662337662338,12.90566037735849,0.032467532467532464,-0.40285213719276336,-0.7674746032748223,-0.015681623317915297,0.36462246608205895,0.34894084276414367
isfahan--sarki--murekkepsofyan--canda_hasiyyet--haci_arif_bey.txt,sarki,vocal,446,0.1348314606741573,14.037735849056604,0.02696629213483146,-0.2584589370627011,-0.57728203710474,-0.2011071010843187,0.3188231000420389,0.1177159989577202
isfahan--sarki--musemmen--dusme_ey_asik--nikogos_aga.txt,sarki,vocal,178,0.13559322033898305,14.037735849056604,0.01694915254237288,-0.248856625578288,-0.57728203710474,-0.5387460302078576,0.328425411526452,-0.2103206186814056
isfahan--sazsemaisi--aksaksemai----tanburi_cemil_bey.txt,sazsemaisi,instrumental,701,0.10571428571428572,21.962264150943398,0.02142857142857143,-0.6254935759665561,0.7540659260858348,-0.38776219077225016,-1.3795595020523908,-1.767321692824641
isfahan--turku--aksak--feslegen_ektim--tanburi_mustafa_cavus.txt,turku,vocal,696,0.14820143884892087,14.943396226415095,0.0028776978417266188,-0.08992455423573432,-0.4251279841686744,-1.0130401989657178,0.3352034299329401,-0.6778367690327778
isfahan--yuruksemai--yuruksemai--o_guzler--dellalzade_haci_ismail_efendi.txt,yuruksemai,vocal,431,0.22325581395348837,15.622641509433961,0.09069767441860466,0.856168447665193,-0.31101244446662535,1.9470306449500954,1.1671808921318183,3.1142115370819137
karcigar--agirsemai--aksaksemai--ne_dane--dellalzade_haci_ismail_efendi.txt,agirsemai,vocal,405,0.1782178217821782,19.0188679245283,0.022277227722772276,0.2884449917896378,0.25956525404362096,-0.35915727818985516,0.02887973774601682,-0.33027754044383834
karcigar--aranagme--agiraksak--1--.txt,aranagme,flagged,95,0.06382978723404255,14.943396226415095,0.0,-1.153465873984884,-0.4251279841686744,-1.1100362334777238,-0.7283378898162096,-1.8383741232939335
karcigar--aranagme--curcuna--1--.txt,aranagme,flagged,132,0.05343511450381679,18.11320754716981,0.06870229007633588,-1.2844952392073055,0.10741120110755534,1.2056515370283751,-1.3919064403148609,-0.18625490328648575
karcigar--aranagme--devrihindi--1--.txt,aranagme,flagged,86,0.18823529411764706,12.0,0.0,0.41471958217985816,-0.9196286562108879,-1.1100362334777238,1.3343482383907461,0.22431200491302228
karcigar--beste--zencir--yikildi_ask_ile--dellalzade_haci_ismail_efendi.txt,beste,vocal,596,0.15126050420168066,20.830188679245282,0.0773109243697479,-0.05136370660264937,0.5638733599157523,1.4958152147145736,-0.6152370665184016,0.880578148196172
karcigar--guvende--nimdevir--edremit--.txt,guvende,vocal,352,0.045584045584045586,16.9811320754717,0.03418803418803419,-1.3834613734544934,-0.08278136506252656,0.042309817562348286,-1.3006800083919667,-1.2583701908296185
karcigar--ilahi--duyek--ey_derde_derman--rakim_elkutlu.txt,ilahi,vocal,180,0.1787709497206704,14.943396226415095,0.0893854748603352,0.29541740973375175,-0.4251279841686744,1.9028014865600065,0.7205453939024262,2.6233468804624325
karcigar--kocekce--aksak--benliyi_aldim--dede_efendi.txt,kocekce,flagged,518,0.1470019342359768,19.0188679245283,0.03481624758220503,-0.1050448309480936,0.25956525404362096,0.06348445486385819,-0.36461008499171454,-0.30112563012785637
karcigar--kocekce--aksak--girdi_gonul--dede_efendi.txt,kocekce,flagged,340,0.17699115044247787,16.9811320754717,0.035398230088495575,0.27298226668525816,-0.08278136506252656,0.08310082821863389,0.3557636317477847,0.4388644599664186
karcigar--kocekce--devrihindi--gul_acil--dede_efendi.txt,kocekce,flagged,206,0.00975609756097561,14.037735849056604,0.00975609756097561,-1.835088221987589,-0.57728203710474,-0.78119601891263,-1.257806184882849,-2.039002203795479
karcigar--kocekce--oynak--bulbul_olsam--.txt,kocekce,flagged,751,0.08266666666666667,18.339622641509433,0.048,-0.9160188259743192,0.1454497143415716,0.5078576221825373,-1.0614685403158908,-0.5536109181333535
karcigar--kocekce--oynak--iki_de_durnam--dede_efendi.txt,kocekce,flagged,795,0.06675062972292191,14.943396226415095,0.0,-1.1166473855951848,-0.4251279841686744,-1.1100362334777238,-0.6915194014265105,-1.8015556349042343
karcigar--mandra--devrituran--karadeniz_oyunhavasi--.txt,mandra,instrumental,244,0.2222222222222222,8.377358490566039,0.04526748971193416,0.8431395748991326,-1.5282448679551506,0.4157552970660753,2.371384442854283,2.787139739920358
karcigar--nakis--yuruksemai--nihani_ol--dellalzade_haci_ismail_efendi.txt,nakis,vocal,378,0.20159151193633953,16.9811320754717,0.013262599469496022,0.5830805097410342,-0.08278136506252656,-0.6630054378156269,0.6658618748035607,0.002856436987933808
karcigar--pesrev--cifteduyek----tatyos_efendi.txt,pesrev,instrumental,911,0.10329670329670329,16.9811320754717,0.01098901098901099,-0.655968252540797,-0.08278136506252656,-0.7396392885005577,-0.5731868874782705,-1.3128261759788282
karcigar--sarki--agiraksak--ah_efendim--hafiz_yusuf_efendi.txt,sarki,vocal,482,0.0997920997920998,16.9811320754717,0.012474012474012475,-0.7001453021201633,-0.08278136506252656,-0.6895856472874273,-0.6173639370576368,-1.3069495843450643
karcigar--sarki--agiraksak--husnune_edvar-i--lemi_atli.txt,sarki,vocal,527,0.10456273764258556,16.9811320754717,0.013307984790874524,-0.6400093396441585,-0.08278136506252656,-0.6614756746365552,-0.557227974581632,-1.2187036492181873
karcigar--sarki--agirevfer--hezar_zar--suyolcuzade_salih_efendi.txt,sarki,vocal,500,0.04809619238476954,14.943396226415095,0.02404809619238477,-1.3517946717518754,-0.4251279841686744,-0.2994681695196772,-0.926666687583201,-1.2261348571028783
karcigar--sarki--aksak--aldin_dil-i--enderuni_ali_bey.txt,sarki,vocal,299,0.21140939597315436,16.9811320754717,0.016778523489932886,0.7068392029253315,-0.08278136506252656,-0.5444972738649368,0.7896205679878581,0.24512329412292122
karcigar--sarki--aksak--ari_olsam--necmi_piskin.txt,sarki,vocal,652,0.15207373271889402,12.90566037735849,0.0,-0.041112607875761153,-0.7674746032748223,-1.1100362334777238,0.7263619953990612,-0.38367423807866263
karcigar--sarki--aksak--bir_rum_dilbere--tanburi_mustafa_cavus.txt,sarki,vocal,332,0.11782477341389729,16.9811320754717,0.01812688821752266,-0.4728356177030078,-0.08278136506252656,-0.4990491278658427,-0.3900542526404812,-0.889103380506324
karcigar--sarki--aksak--bu_kis--ismet_aga.txt,sarki,vocal,252,0.2549800796812749,14.943396226415095,0.01195219123505976,1.2560665982218782,-0.4251279841686744,-0.7071742176260652,1.6811945823905525,0.9740203647644873
karcigar--sarki--aksak--daglari_hep--sadettin_kaynak.txt,sarki,vocal,418,0.302158273381295,16.9811320754717,0.03117505995203837,1.8507682240728554,-0.08278136506252656,-0.059245859597658164,1.933549589135382,1.8743037295377238
karcigar--sarki--ciftesofyan--kara_bulutlari--sadettin_kaynak.txt,sarki,vocal,402,0.1546134663341646,19.0188679245283,0.08229426433915212,-0.009098162392038716,0.25956525404362096,1.6637842796555167,-0.26866341643565966,1.395120863219857
karcigar--sarki--curcuna--gorunce_ben--selanikli_ahmed_bey.txt,sarki,vocal,453,0.14823008849557523,19.0188679245283,0.059734513274336286,-0.08956341299421627,0.25956525404362096,0.90338255813488,-0.34912866703783724,0.5542538910970427
karcigar--sarki--curcuna--gul_acar--cevdet_cagla.txt,sarki,vocal,272,0.0996309963099631,18.339622641509433,0.05904059040590406,-0.7021760814960365,0.1454497143415716,0.8799931092778248,-0.8476257958376081,0.032367313440216705
karcigar--sarki--duyek--bir_kiz_ile--sadettin_kaynak.txt,sarki,vocal,656,0.3603053435114504,14.037735849056604,0.11603053435114503,2.5837373022183696,-0.57728203710474,2.80090311226591,3.1610193393231096,5.96192245158902
karcigar--sarki--duyek--boyun_ince--arif_sami_toker.txt,sarki,vocal,260,0.22393822393822393,14.943396226415095,0.06563706563706563,0.864770521962476,-0.4251279841686744,1.1023347081426458,1.2898985061311503,2.392233214273796
karcigar--sarki--duyek--kemend-i_zulfu--afet_misirliyan.txt,sarki,vocal,737,0.1644021739130435,19.0188679245283,0.02309782608695652,0.11429274886568895,0.25956525404362096,-0.33149808961946875,-0.145272505177932,-0.47677059479740075
karcigar--sarki--duyek--kirpigi_oyali--sadettin_kaynak.txt,sarki,vocal,198,0.15736040609137056,14.943396226415095,0.1065989847715736,0.025528206521368477,-0.4251279841686744,2.483002151554582,0.4506561906900429,2.933658342244625
karcigar--sarki--duyek--nedir_bu--selahattin_icli.txt,sarki,vocal,329,0.3475609756097561,21.056603773584907,0.024390243902439025,2.423089008649271,0.6019118731497691,-0.2879356970649895,1.8211771354995019,1.5332414384345123
karcigar--sarki--duyek--oh_guzel_kiz--sadettin_kaynak.txt,sarki,vocal,448,0.18568232662192394,16.9811320754717,0.11409395973154363,0.3825383178842183,-0.08278136506252656,2.735628691889228,0.46531968294674486,3.200948374835973
karcigar--sarki--kapali_curcuna--mest_oldu--serif_icli.txt,sarki,vocal,469,0.1794871794871795,16.9811320754717,0.04487179487179487,0.3044457970716426,-0.08278136506252656,0.40241795851237067,0.3872271621341692,0.7896451206465398
karcigar--sarki--nimsofyan--kocyigitler--sadettin_kaynak.txt,sarki,vocal,459,0.17467248908296942,16.9811320754717,0.03275109170305677,0.24375453301946234,-0.08278136506252656,-0.006123941133113371,0.3265358980819889,0.32041195694887553
karcigar--sarki--semai--vah_meyus-i--mahmud_celaleddin_pasa.txt,sarki,vocal,497,0.11290322580645161,20.37735849056604,0.008064516129032258,-0.5348738632208663,0.4877963334477197,-0.8382126690186746,-1.022670196668586,-1.8608828656872607
karcigar--sarki--sofyan--yine_ey--santuri_ethem_efendi.txt,sarki,vocal,398,0.2216624685138539,15.849056603773585,0.04534005037783375,0.836083636247488,-0.27297393123260877,0.41820103572277456,1.1090575674800969,1.5272586032028714
karcigar--sarki--turkaksagi--bilmem_ki_safa--leon_hanciyan.txt,sarki,vocal,490,0.15950920245398773,16.9811320754717,0.00408997955010225,0.052614718111797416,-0.08278136506252656,-0.9721788838134208,0.13539608317432397,-0.8367828006390968
karcigar--sarki--yuruksemai--bir_suh--selahattin_icli.txt,sarki,vocal,308,0.23452768729641693,16.9811320754717,0.003257328990228013,0.9982553076676999,-0.08278136506252656,-1.0002443051620167,1.0810366727302265,0.08079236756820984
karcigar--sazeseri--sofyan----mutlu_torun.txt,sazeseri,instrumental,318,0.03785488958990536,18.339622641509433,0.0,-1.4808907423149857,0.1454497143415716,-1.1100362334777238,-1.6263404566565574,-2.736376690134281
karcigar--sazsemaisi--aksaksemai----ahmet_mukerrem_akinci.txt,sazsemaisi,instrumental,1077,0.10037174721189591,16.9811320754717,0.01858736059479554,-0.6928385945941198,-0.08278136506252656,-0.4835283897431122,-0.6100572295315932,-1.0935856192747053
karcigar--sazsemaisi--aksaksemai----kanuni_omer_efendi.txt,sazsemaisi,instrumental,378,0.08753315649867374,16.9811320754717,0.058355437665782495,-0.8546746076330258,-0.08278136506252656,0.8568992674355026,-0.7718932425704993,0.0850060248650033
karcigar--sazsemaisi--aksaksemai----resat_aysu.txt,sazsemaisi,instrumental,1088,0.09567617295308188,19.92452830188679,0.0,-0.752028347889391,0.4117193069796866,-1.1100362334777238,-1.1637476548690775,-2.2737838883468013
karcigar--turku--aksak--cayira_serdim--.txt,turku,vocal,526,0.29714285714285715,17.660377358490567,0.045714285714285714,1.7875467236846985,0.031334174639522816,0.4308150576272867,1.7562125490451757,2.1870276066724625
karcigar--turku--semai--ben_bir--urfa.txt,turku,vocal,504,0.1272365805168986,14.943396226415095,0.0,-0.3541957006697223,-0.4251279841686744,-1.1100362334777238,0.07093228349895214,-1.0391039499787718
karcigar--turku--turkaksagi--tanburamin_ince--sadettin_kaynak.txt,turku,vocal,592,0.20304568527918782,18.11320754716981,0.00676818950930626,0.6014109964222285,0.10741120110755534,-0.8819068122058314,0.4939997953146732,-0.38790701689115825
karcigar--zeybek--oynak----.txt,zeybek,flagged,220,0.0365296803652968,14.037735849056604,0.0,-1.4975955802636054,-0.57728203710474,-1.1100362334777238,-0.9203135431588654,-2.030349776636589
kurdi--aranagme--nimsofyan--1--.txt,aranagme,flagged,44,0.20930232558139536,7.018867924528302,0.23255813953488372,0.68027866532338,-1.7564759473592493,6.7285967881320685,2.436754612682629,9.165351400814698
kurdi--beste--muhammes--kametin_servi--hafiz_rifat_molla.txt,beste,vocal,284,0.13427561837455831,14.037735849056604,0.09540636042402827,-0.2654655707076879,-0.57728203710474,2.1057421898752686,0.31181646639705213,2.4175586562723206
kurdi--pesrev--devrikebir----sehzade_korkut.txt,pesrev,instrumental,411,0.1926829268292683,20.150943396226417,0.0,0.4707839245666676,0.4497578202137035,-1.1100362334777238,0.021026104352964148,-1.0890101291247598
kurdi--sarki--duyek--ayni_bedende--mahmut_ogul.txt,sarki,vocal,582,0.1549053356282272,14.943396226415095,0.06884681583476764,-0.005419023152018682,-0.4251279841686744,1.2105229398731956,0.4197089610166557,1.6302319008898514
kurdi--turku--agiraksak--elif_dedim--kutahya.txt,turku,vocal,391,0.20512820512820512,16.07547169811321,0.015384615384615385,0.6276620637681366,-0.23493541799859222,-0.5914805105096914,0.8625974817667288,0.2711169712570374
kurdi--turku--nimsofyan--hastane_onunde--akdagmadeni.txt,turku,vocal,487,0.2962962962962963,12.0,0.024691358024691357,1.7768754564667821,-0.9196286562108879,-0.27778630772656077,2.69650411267767,2.4187178049511093
kurdi--turku--sofyan--dalda_cikmis--.txt,turku,vocal,468,0.278372591006424,13.358490566037736,0.04925053533190578,1.5509393652095136,-0.6913975768067895,0.5500083186362128,2.242336942016303,2.7923452606525156
kurdilihicazkar--aranagme--semai--1--.txt,aranagme,flagged,71,0.22857142857142856,14.943396226415095,0.014285714285714285,0.9231740790335026,-0.4251279841686744,-0.6285202050074081,1.348302063202177,0.7197818581947688
kurdilihicazkar--aranagme--turkaksagi--1--.txt,aranagme,flagged,119,0.0423728813559322,19.0188679245283,0.0,-1.4239394934833385,0.25956525404362096,-1.1100362334777238,-1.6835047475269596,-2.7935409810046834
kurdilihicazkar--etud--sofyan----ozer_ozel.txt,etud,flagged,82,0.012345679012345678,14.943396226415095,0.0,-1.8024454228758744,-0.4251279841686744,-1.1100362334777238,-1.3773174387072,-2.487353672184924
kurdilihicazkar--fantezi--aksak--bugun_biz--neveser_kokdes.txt,fantezi,vocal,410,0.09290953545232274,16.9811320754717,0.05134474327628362,-0.7869030154170087,-0.08278136506252656,0.620595947087959,-0.7041216503544822,-0.0835257032665232
kurdilihicazkar--longa--nimsofyan----haydar_tatliyay.txt,longa,instrumental,652,0.16129032258064516,21.056603773584907,0.019969278033794162,0.07506651102896929,0.6019118731497691,-0.43694931196007814,-0.5268453621207998,-0.9637946740808779
kurdilihicazkar--longa--nimsofyan----kemani_sebuh.txt,longa,instrumental,428,0.1405152224824356,21.962264150943398,0.03747072599531616,-0.18681265043661205,0.7540659260858348,0.15295662808376023,-0.9408785765224468,-0.7879219484386866
kurdilihicazkar--pesrev--agirduyek----vasilaki.txt,pesrev,instrumental,763,0.1115485564304462,21.056603773584907,0.027559055118110236,-0.5519500591753673,0.6019118731497691,-0.18112735965703589,-1.1538619323251365,-1.3349892919821724
kurdilihicazkar--pesrev--muhammes----tanburi_cemil_bey.txt,pesrev,instrumental,852,0.09165687426556991,24.0,0.009400705052878966,-0.8026933538335047,1.0964125451919824,-0.7931749221459061,-1.899105899025487,-2.6922808211713933
kurdilihicazkar--sarki--agiraksak--bu_gonul--sari_onnik.txt,sarki,vocal,507,0.1383399209486166,21.962264150943398,0.02766798418972332,-0.21423327122391705,0.7540659260858348,-0.17745578308066953,-0.9682991973097519,-1.1457549803904215
kurdilihicazkar--sarki--agiraksak--ehl-i_askin--tatyos_efendi.txt,sarki,vocal,607,0.1353135313531353,19.0188679245283,0.01155115511551155,-0.2523822267421195,0.25956525404362096,-0.7206915899951253,-0.5119474807857405,-1.2326390707808659
kurdilihicazkar--sarki--agiraksak--kalb-i_sevdazedeler--selanikli_ahmed_bey.txt,sarki,vocal,692,0.17945007235890015,17.88679245283019,0.005788712011577424,0.3039780456003018,0.06937268787353908,-0.9149212002336017,0.23460535772676272,-0.680315842506839
kurdilihicazkar--sarki--agiraksak--koparan_sinemi--bimen_sen.txt,sarki,vocal,578,0.11091854419410745,21.056603773584907,0.006932409012131715,-0.5598916370924656,0.6019118731497691,-0.8763716096099796,-1.1618035102422346,-2.0381751198522142
kurdilihicazkar--sarki--agiraksak--soyle_ey--rahmi_bey.txt,sarki,vocal,350,0.1174785100286533,21.056603773584907,0.06017191977077364,-0.47720041809122565,0.6019118731497691,0.918125834864294,-1.0791122912409947,-0.16098645637670073
kurdilihicazkar--sarki--aksak--bunca_cevrinle--emin_ongan.txt,sarki,vocal,461,0.1673913043478261,16.9811320754717,0.0,0.15197203647786173,-0.08278136506252656,-1.1100362334777238,0.2347534015403883,-0.8752828319373356
kurdilihicazkar--sarki--aksak--def-i_nalis--tanburi_cemil_bey.txt,sarki,vocal,454,0.09271523178807947,19.0188679245283,0.04856512141280353,-0.7893522975105328,0.25956525404362096,0.5269056734633055,-1.0489175515541538,-0.5220118780908483
kurdilihicazkar--sarki--aksak--gidelim_goksuya--lavtaci_hristo.txt,sarki,vocal,560,0.16457960644007155,16.9811320754717,0.017889087656529516,0.11652936294577386,-0.08278136506252656,-0.507064462584663,0.1993107280083004,-0.30775373457636257
kurdilihicazkar--sarki--aksak--gun_dogmayacak--musa_sureyya_bey.txt,sarki,vocal,478,0.1761006289308176,19.0188679245283,0.018867924528301886,0.2617568561871998,0.25956525404362096,-0.4740716675735332,0.00219160214357883,-0.47188006542995437
kurdilihicazkar--sarki--aksak--her_gece--bimen_sen.txt,sarki,vocal,396,0.21265822784810126,22.41509433962264,0.05063291139240506,0.7225812712030564,0.8301429525538673,0.5966028547714967,-0.1075616813508109,0.48904117342068576
kurdilihicazkar--sarki--aksak--mahrum-i_sevkim--rahmi_bey.txt,sarki,vocal,428,0.1920374707259953,19.0188679245283,0.02576112412177986,0.4626476699980295,0.25956525404362096,-0.2417286411542035,0.2030824159544085,-0.03864622519979499
kurdilihicazkar--sarki--aksak--muntazir_tesrifine--haci_arif_bey.txt,sarki,vocal,512,0.12524461839530332,16.9811320754717,0.015655577299412915,-0.37930524852309355,-0.08278136506252656,-0.5823474351540902,-0.296523883460567,-0.8788713186146572
kurdilihicazkar--sarki--aksak--nazarin_fikrime--leyla_saz.txt,sarki,vocal,383,0.1256544502617801,19.0188679245283,0.005235602094240838,-0.3741391398147142,0.25956525404362096,-0.9335643905828438,-0.6337043938583351,-1.567268784441179
kurdilihicazkar--sarki--aksak--nereden_sevdim--selahaddin_pinar.txt,sarki,vocal,304,0.1485148514851485,21.056603773584907,0.0033003300330033004,-0.08597385180927117,0.6019118731497691,-0.99879490676841,-0.6878857249590403,-1.6866806317274503
kurdilihicazkar--sarki--aksak--nicin_terkeyleyip--haci_arif_bey.txt,sarki,vocal,537,0.12313432835820895,21.056603773584907,0.022388059701492536,-0.40590637115311506,0.6019118731497691,-0.3554215619943932,-1.0078182443028842,-1.3632398062972775
kurdilihicazkar--sarki--aksak--safalar_getirdiniz--avni_anil.txt,sarki,vocal,824,0.42284325637910086,16.9811320754717,0.027946537059538274,3.3720548604572023,-0.08278136506252656,-0.16806684606920813,3.454836225519729,3.286769379450521
kurdilihicazkar--sarki--aksak--safvet-i_askim--sevki_bey.txt,sarki,vocal,296,0.21694915254237288,16.9811320754717,0.0,0.7766702409570287,-0.08278136506252656,-1.1100362334777238,0.8594516060195553,-0.25058462745816856
kurdilihicazkar--sarki--aydin--gozlerin_mavi--refik_fersan.txt,sarki,vocal,528,0.20872865275142316,16.9811320754717,0.018975332068311195,0.6730472700974358,-0.08278136506252656,-0.4704513759270198,0.7558286351599623,0.28537725923294255
kurdilihicazkar--sarki--curcuna--bu_aksam--avni_anil.txt,sarki,vocal,433,0.11574074074074074,19.92452830188679,0.02546296296296296,-0.4991057548543636,0.4117193069796866,-0.2517784975468369,-0.9108250618340502,-1.1626035593808872
kurdilihicazkar--sarki--curcuna--ey_benim--muhlis_sabahaddin_ezgi.txt,sarki,vocal,289,0.052083333333333336,19.0188679245283,0.041666666666666664,-1.3015350280765623,0.25956525404362096,0.29438551622736386,-1.5611002821201834,-1.2667147658928195
kurdilihicazkar--sarki--curcuna--meftunun_oldum--ahmet_mithat_gupgupoglu.txt,sarki,vocal,547,0.1684981684981685,19.0188679245283,0.023809523809523808,0.1659245399160024,0.25956525404362096,-0.3075095193605309,-0.09364071412761857,-0.4011502334881495
kurdilihicazkar--sarki--devrihindi--sen_beni--mahmud_celaleddin_pasa.txt,sarki,vocal,486,0.11958762886597939,16.9811320754717,0.002061855670103093,-0.4506140589430539,-0.08278136506252656,-1.040539074729431,-0.3678326938805273,-1.4083717686099582
kurdilihicazkar--sarki--duyek--arifem_ahkami--haci_arif_bey.txt,sarki,vocal,398,0.1385390428211587,19.0188679245283,0.02518891687657431,-0.21172325352175092,0.25956525404362096,-0.26101552836633574,-0.4712885075653719,-0.7323040359317077
kurdilihicazkar--sarki--duyek--avuclarimda_hala--yusuf_nalkesen.txt,sarki,vocal,421,0.13095238095238096,14.943396226415095,0.0380952380952381,-0.30735642203243546,-0.4251279841686744,0.1740065091097851,0.11777156213623896,0.29177807124602406
kurdilihicazkar--sarki--duyek--baga_girdim--manok_aga.txt,sarki,vocal,472,0.15711252653927812,16.9811320754717,0.040339702760084924,0.02240357708807757,-0.08278136506252656,0.2496587089119152,0.10518494215060413,0.3548436510625193
kurdilihicazkar--sarki--duyek--gecmesin_gunumuz--alaeddin_yavasca.txt,sarki,vocal,640,0.15336463223787167,16.9811320754717,0.06416275430359937,-0.024840258670795163,-0.08278136506252656,1.0526413904812844,0.0579411063917314,1.1105824968730158
kurdilihicazkar--sarki--duyek--gittin_biraktin--emin_ongan.txt,sarki,vocal,397,0.08585858585858586,16.9811320754717,0.09848484848484848,-0.8757832979867677,-0.08278136506252656,2.2095060840070286,-0.7930019329242411,1.4165041510827874
kurdilihicazkar--sarki--duyek--her_kimde--civan_aga.txt,sarki,vocal,611,0.18688524590163935,19.0188679245283,0.03278688524590164,0.39770163795456553,0.25956525404362096,-0.004917479611425216,0.13813638391094457,0.13321890429951935
kurdilihicazkar--sarki--evfer--karsiyakada--lavtaci_hristo.txt,sarki,vocal,516,0.21359223300970873,16.9811320754717,0.011650485436893204,0.7343548119980472,-0.08278136506252656,-0.7173435500650391,0.8171361770605737,0.0997926269955346
kurdilihicazkar--sarki--kapali_curcuna--bitmez_tukenmez--selahattin_icli.txt,sarki,vocal,329,0.2073170731707317,16.9811320754717,0.04573170731707317,0.6552536962910079,-0.08278136506252656,0.43140227229615297,0.7380350613535345,1.1694373336496875
kurdilihicazkar--sarki--kapali_curcuna--gurub_etti--haci_arif_bey.txt,sarki,vocal,290,0.1903114186851211,19.0188679245283,0.02422145328719723,0.4408900342237958,0.25956525404362096,-0.2936249741335898,0.18132478018017484,-0.11230019395341495
kurdilihicazkar--sarki--kapali_curcuna--hancer-i_ebrusu--asdik_aga.txt,sarki,vocal,319,0.15723270440251572,16.9811320754717,0.07861635220125786,0.023918471259591,-0.08278136506252656,1.539816124456404,0.10669983632211756,1.6465159607785216
kurdilihicazkar--sarki--kapali_curcuna--sana_ey--rahmi_bey.txt,sarki,vocal,415,0.1280193236714976,19.0188679245283,0.024154589371980676,-0.344328883181465,0.25956525404362096,-0.2958786974168034,-0.6038941372250859,-0.8997728346418893
kurdilihicazkar--sarki--musemmen--gecti_omrun--sadi_hosses.txt,sarki,vocal,402,0.1172069825436409,21.962264150943398,0.04987531172069826,-0.4806231399916623,0.7540659260858348,0.5710671078151494,-1.2346890660774972,-0.6636219582623478
kurdilihicazkar--sarki--musemmen--gozedir_yumnile--muallim_ismail_hakki_bey.txt,sarki,vocal,441,0.17045454545454544,15.622641509433961,0.05227272727272727,0.19058552130355927,-0.31101244446662535,0.651874688879568,0.5015979657701846,1.1534726546497525
kurdilihicazkar--sarki--musemmen--iftirakindir_sebep--haci_arif_bey.txt,sarki,vocal,259,0.18604651162790697,17.88679245283019,0.007751937984496124,0.38712902808702476,0.06937268787353908,-0.8487484660907307,0.3177563402134857,-0.530992125877245
kurdilihicazkar--sarki--musemmen--mahmur_bakisi--sekerci_cemil_bey.txt,sarki,vocal,419,0.16028708133971292,16.9811320754717,0.004784688995215311,0.06242021937785637,-0.08278136506252656,-0.9487629225068046,0.14520158444038295,-0.8035613380664217
kurdilihicazkar--sarki--nimsofyan--artik_sevgili--gulen_ertek.txt,sarki,vocal,832,0.2250300842358604,21.056603773584907,0.06016847172081829,0.878533895319567,0.6019118731497691,0.9180096144718612,0.2766220221697979,1.1946316366416592
kurdilihicazkar--sarki--nimsofyan--cicek_nedir--selahattin_icli.txt,sarki,vocal,482,0.4178794178794179,21.962264150943398,0.07276507276507277,3.30948351987148,0.7540659260858348,1.3425921859656729,2.555417593785645,3.898009779751318
kurdilihicazkar--sarki--nimsofyan--huzun--selahattin_icli.txt,sarki,vocal,698,0.5279770444763271,21.962264150943398,0.040172166427546625,4.697311929662587,0.7540659260858348,0.24401170884913256,3.943246003576752,4.187257712425884
kurdilihicazkar--sarki--semai--canandan_uzak--neveser_kokdes.txt,sarki,vocal,360,0.11142061281337047,21.056603773584907,0.04178272980501393,-0.5535628440474629,0.6019118731497691,0.2982975545273781,-1.1554747171972322,-0.8571771626698541
kurdilihicazkar--sarki--semai--uzun_yillar--zeki_muren.txt,sarki,vocal,234,0.1888412017167382,14.943396226415095,0.04291845493562232,0.42235731067336807,-0.4251279841686744,0.3365784443300919,0.8474852948420425,1.1840637391721343
kurdilihicazkar--sarki--senginsemai--artik_ne--artaki_candan.txt,sarki,vocal,602,0.15806988352745424,22.41509433962264,0.016638935108153077,0.03447147780102685,0.8301429525538673,-0.5492022568900017,-0.7956714747528404,-1.344873731642842
kurdilihicazkar--sarki--senginsemai--bir_kendi--lemi_atli.txt,sarki,vocal,482,0.17671517671517672,21.962264150943398,0.004158004158004158,0.269503497969319,0.7540659260858348,-0.9698860380809583,-0.4845624281165158,-1.4544484661974741
kurdilihicazkar--sarki--senginsemai--derdin_ne--nasibin_mehmet_yuru.txt,sarki,vocal,588,0.12265758091993186,19.0188679245283,0.010221465076660987,-0.4119159797122396,0.25956525404362096,-0.7655102846573957,-0.6714812337558606,-1.4369915184132562
kurdilihicazkar--sarki--senginsemai--her_tel--kaptanzade_ali_riza_bey.txt,sarki,vocal,557,0.05935251798561151,19.0188679245283,0.023381294964028777,-1.2099037977923273,0.25956525404362096,-0.3219434530676746,-1.4694690518359481,-1.7914125049036227
kurdilihicazkar--sarki--sofyan--beni_kor_kuyularda--munir_nurettin_selcuk.txt,sarki,vocal,412,0.14841849148418493,19.0188679245283,0.08759124087591241,-0.08718851148031362,0.25956525404362096,1.8423248169972053,-0.34675376552393455,1.4955710514732707
kurdilihicazkar--sarki--turkaksagi--ay_dalgalanirken--artaki_candan.txt,sarki,vocal,449,0.19419642857142858,16.9811320754717,0.002232142857142857,0.48986227149351536,-0.08278136506252656,-1.034799354029237,0.5726436365560419,-0.46215571747319517
kurdilihicazkar--sarki--turkaksagi--endami_guzeldir--medeni_aziz_efendi.txt,sarki,vocal,351,0.21428571428571427,14.943396226415095,0.02,0.7430964447311701,-0.4251279841686744,-0.43591379361928173,1.1682244288998445,0.7323106352805627
kurdilihicazkar--sarki--turkaksagi--soylendi_bugun--mediha_sen_sancakoglu.txt,sarki,vocal,417,0.13701923076923078,19.0188679245283,0.004807692307692308,-0.2308811446444256,0.25956525404362096,-0.9479875700502137,-0.49044639868804657,-1.4384339687382603
kurdilihicazkar--sarki--yuruksemai--sen_gozlerine--misirli_udi_ibrahim_efendi.txt,sarki,vocal,458,0.07658643326039387,19.0188679245283,0.00437636761487965,-0.9926628093208524,0.25956525404362096,-0.9625258527647168,-1.2522280633644733,-2.2147539161291903
kurdilihicazkar--sarki--yuruksemai_ii--ey_mutrib-i--rahmi_bey.txt,sarki,vocal,353,0.14772727272727273,21.056603773584907,0.008522727272727272,-0.09590162417742389,0.6019118731497691,-0.822768148310774,-0.697813497327193,-1.520581645637967
kurdilihicazkar--sazsemaisi--aksaksemai----haydar_tatliyay.txt,sazsemaisi,instrumental,1285,0.061526479750778816,24.90566037735849,0.017133956386292833,-1.1825000653708735,1.248566598128048,-0.5325170092999308,-2.4310666634989215,-2.9635836727988525
kurdilihicazkar--sazsemaisi--aksaksemai----tatyos_efendi.txt,sazsemaisi,instrumental,700,0.09012875536480687,19.0188679245283,0.06151645207439199,-0.821955956394251,0.25956525404362096,0.9634448047134788,-1.081521210437872,-0.11807640572439315
kurdilihicazkar--sazsemaisi--aksaksemai----yalcin_tura.txt,sazsemaisi,instrumental,561,0.10535714285714286,24.0,0.014285714285714285,-0.6299955168241145,1.0964125451919824,-0.6285202050074081,-1.7264080620160969,-2.3549282670235048
kurdilihicazkar--sazsemaisi--aksaksemai--sonbahar--coskun_acikgoz.txt,sazsemaisi,instrumental,968,0.1344364012409514,24.0,0.0031023784901758012,-0.2634388328325387,1.0964125451919824,-1.0054670856196408,-1.3598513780245212,-2.365318463644162
mahur--agirsemai--aksaksemai--cihani_lal-i--itri.txt,agirsemai,vocal,250,0.13654618473895583,17.88679245283019,0.01606425702811245,-0.23684409534778725,0.06937268787353908,-0.5685724263625094,-0.30621678322132634,-0.8747892095838357
mahur--aranagme--musemmen--1--.txt,aranagme,flagged,118,0.10256410256410256,16.9811320754717,0.0,-0.6652030030178397,-0.08278136506252656,-1.1100362334777238,-0.5824216379553132,-1.692457871433037
mahur--aranagme--nimsofyan--1--.txt,aranagme,flagged,73,0.20833333333333334,14.037735849056604,0.027777777777777776,0.6680640971051985,-0.57728203710474,-0.17375506700766538,1.2453461342099386,1.0715910672022733
mahur--aranagme--senginsemai--1--.txt,aranagme,flagged,122,0.03305785123966942,17.88679245283019,0.04132231404958678,-1.5413594945587492,0.06937268787353908,0.28277872490748723,-1.6107321824322882,-1.327953457524801
mahur--beste--devrikebir--ta-be-key_sinemde--dilhayat_kalfa.txt,beste,vocal,878,0.13112884834663627,21.962264150943398,0.028506271379703536,-0.30513197387020596,0.7540659260858348,-0.14920037279009252,-1.0591978999560407,-1.2083982727461333
mahur--beste--lenkfahte--seyret_izar-i--tascizade_recep_celebi.txt,beste,vocal,303,0.13245033112582782,19.92452830188679,0.06291390728476821,-0.28847410938483986,0.4117193069796866,1.0105476005140643,-0.7001934163645265,0.31035418414953786
mahur--fantezi--semai--gelin_gibi--necdet_tokatlioglu.txt,fantezi,vocal,402,0.18703241895261846,21.962264150943398,0.02493765586034913,0.3995568181943018,0.7540659260858348,-0.26948456283128724,-0.354509107891533,-0.6239936707228202
mahur--kar--hafif--gul_bi-ruh-i--abdulkadir_meragi.txt,kar,vocal,821,0.2426829268292683,24.90566037735849,0.05853658536585366,1.101055644624831,1.248566598128048,0.8630050539128387,-0.14751095350321708,0.7154941004096216
mahur--mars--nimhafif--vur_pence-i--munir_nurettin_selcuk.txt,mars,flagged,461,0.16521739130434782,19.92452830188679,0.09130434782608696,0.12456891821446311,0.4117193069796866,1.9674792528325555,-0.2871503887652235,1.6803288640673322
mahur--mars--sofyan--gafil_ne--muallim_ismail_hakki_bey.txt,mars,flagged,769,0.13932291666666666,17.88679245283019,0.010416666666666666,-0.20184218318341274,0.06937268787353908,-0.758930796051452,-0.2712148710569518,-1.0301456671084037
mahur--pesrev--duyek----gazi_giray_han.txt,pesrev,instrumental,730,0.06035665294924554,19.92452830188679,0.024691358024691357,-1.197246240378324,0.4117193069796866,-0.27778630772656077,-1.6089655473580105,-1.8867518550845712
mahur--pesrev--hafif----rauf_yekta.txt,pesrev,instrumental,408,0.1375921375921376,21.962264150943398,0.04668304668304668,-0.22365940527029496,0.7540659260858348,0.46346823302232526,-0.9777253313561297,-0.5142570983338044
mahur--pesrev--muhammes----tanburi_cemil_bey.txt,pesrev,instrumental,388,0.09819121447028424,19.92452830188679,0.007751937984496124,-0.7203251570280945,0.4117193069796866,-0.8487484660907307,-1.1320444640077811,-1.9807929300985119
mahur--salatuselam--sofyan--allahumme--.txt,salatuselam,vocal,117,0.3706896551724138,14.037735849056604,0.0,2.7146360616618788,-0.57728203710474,-1.1100362334777238,3.291918098766619,2.181881865288895
mahur--sarki--agir_aksaksemai--sen_seh-i--iii_selim.txt,sarki,vocal,208,0.14492753623188406,19.0188679245283,0.028985507246376812,-0.13119351891058853,0.25956525404362096,-0.1330471902046193,-0.39075877295420947,-0.5238059631588288
mahur--sarki--agiraksak--badeler_dondukce--selanikli_ahmed_bey.txt,sarki,vocal,565,0.14716312056737588,19.0188679245283,0.01950354609929078,-0.10301300722127829,0.25956525404362096,-0.4526473293604487,-0.3625782612648992,-0.8152255906253479
mahur--sarki--agiraksak--gulsen-i_ezhar--basmaci_abdi_efendi.txt,sarki,vocal,472,0.09766454352441614,21.962264150943398,0.010615711252653927,-0.7269640730872334,0.7540659260858348,-0.7522217749541347,-1.4810299991730682,-2.233251774127203
mahur--sarki--agiraksak--sen_gul--tanburi_cemil_bey.txt,sarki,vocal,482,0.0498960498960499,17.88679245283019,0.06444906444906445,-1.3291066859619898,0.06937268787353908,1.0622917951721418,-1.3984793738355288,-0.336187578663387
mahur--sarki--agiraksak--var_iken--tanburi_cemil_bey.txt,sarki,vocal,529,0.11931818181818182,17.88679245283019,0.03409090909090909,-0.45401055602865314,0.06937268787353908,0.03903610719007515,-0.5233832439021923,-0.4843471367121171
mahur--sarki--aksak--acirim_asik--giriftzen_asim_bey.txt,sarki,vocal,304,0.10891089108910891,19.92452830188679,0.019801980198019802,-0.5851989766078164,0.4117193069796866,-0.4425882732218405,-0.996918283587503,-1.4395065568093435
mahur--sarki--aksak--al_yanina--dellalzade_haci_ismail_efendi.txt,sarki,vocal,349,0.11494252873563218,19.69811320754717,0.031609195402298854,-0.5091675639229805,0.37368079374567037,-0.04461283714972612,-0.8828483576686508,-0.9274611948183769
mahur--sarki--aksak--alamam_dogrusu--serif_icli.txt,sarki,vocal,520,0.11560693641618497,19.92452830188679,0.0,-0.5007924164901433,0.4117193069796866,-1.1100362334777238,-0.9125117234698299,-2.0225479569475535
mahur--sarki--aksak--bir_gonulde--mazhar_bey.txt,sarki,vocal,507,0.16996047430830039,24.0,0.02766798418972332,0.18435753988005965,1.0964125451919824,-0.17745578308066953,-0.9120550053119227,-1.0895107883925923
mahur--sarki--aksak--cektikce_sineye--selahattin_icli.txt,sarki,vocal,272,0.18450184501845018,19.0188679245283,0.0996309963099631,0.3676578344698499,0.25956525404362096,2.2481382824222647,0.10809258042622893,2.3562308628484936
mahur--sarki--aksak--gonul_adli--dellalzade_haci_ismail_efendi.txt,sarki,vocal,612,0.1276595744680851,19.92452830188679,0.088379705400982,-0.348863678165952,0.4117193069796866,1.8689008984662923,-0.7605829851456386,1.1083179133206538
mahur--sarki--aksak--gor_nitti_cana--dede_efendi.txt,sarki,vocal,239,0.09663865546218488,14.037735849056604,0.01680672268907563,-0.7398958377586261,-0.57728203710474,-0.5435467882185288,-0.1626138006538861,-0.7061605888724148
mahur--sarki--aksak--iki_gozum--kemal_emin_bara.txt,sarki,vocal,388,0.07235142118863049,19.92452830188679,0.007751937984496124,-1.0460469761796003,0.4117193069796866,-0.8487484660907307,-1.457766283159287,-2.3065147492500175
mahur--sarki--aksak--muptelayim_hayli--kemenceci_usta_yani.txt,sarki,vocal,482,0.13097713097713098,21.962264150943398,0.018711018711018712,-0.30704443721902186,0.7540659260858348,-0.479360354192279,-1.0611103633048566,-1.5404707174971357
mahur--sarki--aksak--olmusum_divane--komurcuzade_hafiz_mehmet_efendi.txt,sarki,vocal,226,0.16444444444444445,17.88679245283019,0.017777777777777778,0.11482558727636609,0.06937268787353908,-0.5108162869368864,0.04545289940282701,-0.46536338753405937
mahur--sarki--aksak--sana_layik_mi--dede_efendi.txt,sarki,vocal,854,0.032825322391559206,19.92452830188679,0.009378663540445486,-1.5442906216999808,0.4117193069796866,-0.7939178560528976,-1.9560099286796673,-2.7499277847325647
mahur--sarki--aksak--servinazi_seyret--rahmi_bey.txt,sarki,vocal,518,0.11218568665377177,21.962264150943398,0.02321083172147002,-0.5439187559402384,0.7540659260858348,-0.3276891079166691,-1.2979846820260732,-1.6256737899427423
mahur--sarki--aksak--su_guzele--semseddin_ziya_bey.txt,sarki,vocal,311,0.07096774193548387,24.0,0.09032258064516129,-1.0634888542373906,1.0964125451919824,1.9343876884636275,-2.1599013994293728,-0.22551371096574524
mahur--sarki--aksak--ver_saki--refik_fersan.txt,sarki,vocal,311,0.14193548387096774,19.92452830188679,0.11612903225806452,-0.1689096386709649,0.4117193069796866,2.8042230947325857,-0.5806289456506515,2.223594149081934
mahur--sarki--aksak--yeniden_eski--ismail_baha_surelsan.txt,sarki,vocal,399,0.11557788944723618,21.962264150943398,0.0,-0.5011585661517799,0.7540659260858348,-1.1100362334777238,-1.2552244922376148,-2.3652607257153386
mahur--sarki--curcuna--askinla_harab--emin_ongan.txt,sarki,vocal,298,0.18518518518518517,17.88679245283019,0.003367003367003367,0.3762716341153078,0.06937268787353908,-0.9965476072389289,0.3068989462417687,-0.6896486609971602
mahur--sarki--curcuna--gucendim_ben--muhlis_sabahaddin_ezgi.txt,sarki,vocal,351,0.20285714285714285,19.0188679245283,0.03142857142857143,0.5990343372893042,0.25956525404362096,-0.050700970843029,0.33946908324568326,0.28876811240265426
mahur--sarki--curcuna--sakiz_hanim--bahadir_akkuzu.txt,sarki,vocal,164,0.09202453987730061,26.037735849056602,0.09815950920245399,-0.7980587690832699,1.4387591642981299,2.198540158465551,-2.2368179333814,-0.03827777491584916
mahur--sarki--curcuna--zahiri_hale--haci_arif_bey.txt,sarki,vocal,342,0.25806451612903225,19.92452830188679,0.0469208211143695,1.2949472595286404,0.4117193069796866,0.4714826870112899,0.8832279525489538,1.3547106395602437
mahur--sarki--duyek--ay_dogar--sadettin_kaynak.txt,sarki,vocal,588,0.2555366269165247,19.0188679245283,0.1141396933560477,1.263082117886968,0.25956525404362096,2.7371701950159406,1.003516863843347,3.7406870588592875
mahur--sarki--duyek--ayrilik_ruzgari--kamuran_yarkin.txt,sarki,vocal,441,0.16590909090909092,17.88679245283019,0.1340909090909091,0.13328809220736293,0.06937268787353908,3.409648306482286,0.06391540433382385,3.47356371081611
mahur--sarki--duyek--ben_guzele--sadettin_kaynak.txt,sarki,vocal,589,0.09863945578231292,19.92452830188679,0.06972789115646258,-0.7146748805734255,0.4117193069796866,1.2402205721511983,-1.126394187553112,0.11382638459808625
mahur--sarki--duyek--bu_son_sarkimda--muzaffer_ilkar.txt,sarki,vocal,779,0.056555269922879174,24.0,0.05398457583547558,-1.2451643247508806,1.0964125451919824,0.7095744653689708,-2.341576869942863,-1.6320024045738921
mahur--sarki--duyek--dudagimda_acan--erol_sayan.txt,sarki,vocal,486,0.08247422680412371,24.0,0.10309278350515463,-0.9184446140377732,1.0964125451919824,2.3648217039369257,-2.0148571592297557,0.34996454470717
mahur--sarki--duyek--gul_mevsimi--tanburi_mustafa_cavus.txt,sarki,vocal,876,0.06285714285714286,15.849056603773585,0.03314285714285714,-1.1657264788735533,-0.27297393123260877,0.007080952573408749,-0.8927525476409446,-0.8856715950675358
mahur--sarki--duyek--hosgeldin_elimize--sadettin_kaynak.txt,sarki,vocal,1273,0.16037735849056603,20.150943396226417,0.031446540880503145,0.06355820208085913,0.4497578202137035,-0.0500952903040727,-0.3861996181328443,-0.436294908436917
mahur--sarki--duyek--ipek_saclarin--sadettin_kaynak.txt,sarki,vocal,425,0.23349056603773585,24.0,0.04716981132075472,0.9851819436753436,1.0964125451919824,0.47987518128275297,-0.11123060151663877,0.3686445797661142
mahur--sarki--duyek--kadehin_dudagimda--rustu_eric.txt,sarki,vocal,416,0.09397590361445783,19.0188679245283,0.033734939759036145,-0.7734609815017257,0.25956525404362096,0.027037761464226748,-1.0330262355453468,-1.00598847408112
mahur--sarki--duyek--olsa_da_hos--sadettin_kaynak.txt,sarki,vocal,358,0.056022408963585436,19.92452830188679,0.06442577030812324,-1.2518812686181988,0.4117193069796866,1.061506640015857,-1.6636005755978855,-0.6020939355820285
mahur--sarki--duyek--petek_petek--erol_sayan.txt,sarki,vocal,536,0.022429906542056073,21.962264150943398,0.059813084112149535,-1.6753293542637056,0.7540659260858348,0.9060308763792995,-2.4293952803495404,-1.523364403970241
mahur--sarki--duyek--saba_tarf-i--enderunlu_hafiz_husnu_efendi.txt,sarki,vocal,403,0.10945273631840796,21.056603773584907,0.0,-0.578368782114304,0.6019118731497691,-1.1100362334777238,-1.180280655264073,-2.290316888741797
mahur--sarki--duyek--seb-i_vuslat--nasibin_mehmet_yuru.txt,sarki,vocal,232,0.15151515151515152,16.9811320754717,0.0,-0.04815376659726003,-0.08278136506252656,-1.1100362334777238,0.034627598465266536,-1.0754086350124572
mahur--sarki--duyek--senle_durmak--kanuni_haci_arif_bey.txt,sarki,vocal,534,0.14446529080675422,19.92452830188679,0.020637898686679174,-0.13702032329430067,0.4117193069796866,-0.4144127026669487,-0.5487396302739873,-0.9631523329409359
mahur--sarki--evfer--kalbimdeki_amal-i--muallim_ismail_hakki_bey.txt,sarki,vocal,335,0.1407185628742515,19.92452830188679,0.04491017964071856,-0.18424945646646976,0.4117193069796866,0.4037117602163827,-0.5959687634461563,-0.19225700322977363
mahur--sarki--evsat--sabah_olsun--ibrahim_aga.txt,sarki,vocal,836,0.21916167664670658,19.92452830188679,0.004790419161676647,0.8045600684151998,0.4117193069796866,-0.9485697808170191,0.39284076143551316,-0.555729019381506
mahur--sarki--kapali_curcuna--esir_ettin--rahmi_bey.txt,sarki,vocal,397,0.12626262626262627,21.962264150943398,0.050505050505050504,-0.366472817131686,0.7540659260858348,0.5922931601042007,-1.1205387432175207,-0.5282455831133199
mahur--sarki--musemmen--aman_saki--lemi_atli.txt,sarki,vocal,287,0.15034965034965034,19.92452830188679,0.006993006993006993,-0.0628454150834645,0.4117193069796866,-0.8743290866740728,-0.47456472206315115,-1.348893808737224
mahur--sarki--musemmen--gosterip_agyare--haci_arif_bey.txt,sarki,vocal,623,0.10610932475884244,24.0,0.014469453376205787,-0.6205139372044981,1.0964125451919824,-0.6223270728084329,-1.7169264823964805,-2.3392535552049134
mahur--sarki--nimsofyan--cek_kuregi_guzelim--arif_sami_toker.txt,sarki,vocal,352,0.16524216524216523,14.037735849056604,0.017094017094017096,0.12488120446247901,-0.57728203710474,-0.5338632079576878,0.702163241567219,0.16830003360953116
mahur--sarki--nimsofyan--hadi_canim--selahattin_icli.txt,sarki,vocal,573,0.36013986013986016,21.962264150943398,0.09615384615384616,2.581651312433306,0.7540659260858348,2.130937035072479,1.827585386347471,3.95852242141995
mahur--sarki--nimsofyan--otomobil_ucar--munir_nurettin_selcuk.txt,sarki,vocal,292,0.12371134020618557,16.9811320754717,0.10309278350515463,-0.39863288615475173,-0.08278136506252656,2.3648217039369257,-0.31585152109222514,2.0489701828447004
mahur--sarki--sarkidevrirevani--ben_neler--zekai_dede.txt,sarki,vocal,316,0.13968253968253969,21.962264150943398,0.03492063492063492,-0.19730897884767679,0.7540659260858348,0.0670029472274926,-0.9513749049335116,-0.8843719577060191
mahur--sarki--sarkidevrirevani--zevki_coktur--sakir_aga.txt,sarki,vocal,251,0.104,14.943396226415095,0.012,-0.6471028920828361,-0.4251279841686744,-0.7055627695626586,-0.2219749079141617,-0.9275376774768203
mahur--sarki--semai--asika_bagdat--munir_nurettin_selcuk.txt,sarki,vocal,431,0.15813953488372093,21.056603773584907,0.013953488372093023,0.035349463403398625,0.6019118731497691,-0.6397182521811363,-0.5665624097463705,-1.2062806619275068
mahur--sarki--semai--sarkimi_senin--irfan_ozbakir.txt,sarki,vocal,548,0.2742230347349177,17.88679245283019,0.014625228519195612,1.498632405835106,0.06937268787353908,-0.6170764968353529,1.429259717961567,0.812183221126214
mahur--sarki--senginsemai--gel_bir--selanikli_ahmed_bey.txt,sarki,vocal,360,0.20334261838440112,21.962264150943398,0.005571030640668524,0.6051539672015286,0.7540659260858348,-0.9222583950770437,-0.1489119588843062,-1.07117035396135
mahur--sarki--senginsemai--hala_kanayan--yorgo_bacanos.txt,sarki,vocal,542,0.05730129390018484,17.88679245283019,0.027726432532347505,-1.235760368443259,0.06937268787353908,-0.17548571611389463,-1.305133056316798,-1.4806187724306925
mahur--sarki--sofyan--gordum_bugun--dede_efendi.txt,sarki,vocal,345,0.13662790697674418,19.92452830188679,0.0377906976744186,-0.23581395104022992,0.4117193069796866,0.1637416325338673,-0.6475332580199166,-0.48379162548604926
mahur--sarki--sofyan--ne_dogan--munir_nurettin_selcuk.txt,sarki,vocal,259,0.1744186046511628,17.88679245283019,0.06976744186046512,0.24055420946884729,0.06937268787353908,1.2415536730052137,0.1711815215953082,1.412735194600522
mahur--sazsemaisi--aksaksemai----gazi_giray_han.txt,sazsemaisi,instrumental,494,0.11967545638945233,19.92452830188679,0.04259634888438134,-0.449506954857299,0.4117193069796866,0.325721498472305,-0.8612262618369857,-0.5355047633646807
mahur--sazsemaisi--aksaksemai----nikolaki.txt,sazsemaisi,instrumental,592,0.04230118443316413,21.962264150943398,0.04230118443316413,-1.4248432643400568,0.7540659260858348,0.31577264947160383,-2.1789091904258915,-1.8631365409542877
mahur--sazsemaisi--aksaksemai----refik_talat_alpman.txt,sazsemaisi,instrumental,790,0.10266159695817491,26.037735849056602,0.017743979721166033,-0.6639740438288796,1.4387591642981299,-0.5119554883561656,-2.1027332081270096,-2.6146886964831753
mahur--sazsemaisi--aksaksemai--bahar_1--goksel_baktagir.txt,sazsemaisi,instrumental,829,0.09178743961352658,26.943396226415093,0.04468599033816425,-0.8010475209047719,1.5909132172341955,0.3961552082349789,-2.3919607381389674,-1.9958055299039885
mahur--tavsanca--aksak--aldi_aklim--ii_mahmud.txt,tavsanca,flagged,318,0.167192429022082,17.88679245283019,0.04100946372239748,0.14946512660518468,0.06937268787353908,0.27223375361371904,0.08009243873164561,0.35232619234536466
mahur--tavsanca--aksak--nazar_etti--tanburi_mustafa_cavus.txt,tavsanca,flagged,405,0.0594059405940594,17.88679245283019,0.024752475247524754,-1.209230382605998,0.06937268787353908,-0.2757262831578697,-1.278603070479537,-1.5543293536374068
mahur--tavsanca--duyek--ne_ararsam--iii_selim.txt,tavsanca,flagged,346,0.10144927536231885,16.30188679245283,0.02608695652173913,-0.6792558841785568,-0.19689690476457594,-0.23074609453192982,-0.4823589794139808,-0.7131050739459106
mahur--turku--aksak--setiremin_dugmeleri--istanbul.txt,turku,vocal,618,0.23014586709886548,16.9811320754717,0.0,0.9430205606097727,-0.08278136506252656,-1.1100362334777238,1.0258019256722992,-0.08423430780542462
mahur--turku--kapali_curcuna--indim_yarin--.txt,turku,vocal,296,0.13559322033898305,14.037735849056604,0.010169491525423728,-0.248856625578288,-0.57728203710474,-0.7672621115158041,0.328425411526452,-0.43883669998935215
mahur--turku--kapali_curcuna--meclisinde_mail--adiyaman.txt,turku,vocal,626,0.1648,14.943396226415095,0.0304,0.11930751950789079,-0.4251279841686744,-0.08537012489289181,0.5444355036765652,0.45906537878367343
mahur--turku--sofyan--beyoglunda_gezersin--pirincci_riza_bey.txt,turku,vocal,486,0.11134020618556702,16.9811320754717,0.018556701030927835,-0.5545764045196582,-0.08278136506252656,-0.4845618047430868,-0.47179503945713164,-0.9563568442002184
mahur--turku--sofyan--niksarin_fidanlari--tokat.txt,turku,vocal,400,0.2807017543859649,14.037735849056604,0.017543859649122806,1.5802994813999085,-0.57728203710474,-0.5187007599176869,2.1575815185046485,1.6388807585869616
mahur--turku--sofyan--su_dere--.txt,turku,vocal,370,0.05962059620596206,14.943396226415095,0.01084010840108401,-1.2065245553713178,-0.4251279841686744,-0.7446582172942864,-0.7813965712026434,-1.5260547884969298
mahur--turku--sofyan--yemenimde_hare_var--.txt,turku,vocal,396,0.29873417721518986,14.037735849056604,0.05822784810126582,1.8076060044677427,-0.57728203710474,0.8525987180088798,2.3848880415724825,3.2374867595813623
mahur--yuruksemai--yuruksemai--beni_cun--ebubekir_aga.txt,yuruksemai,vocal,384,0.15404699738903394,19.92452830188679,0.06266318537859007,-0.01623874952017934,0.4117193069796866,1.002096737358126,-0.42795805649986596,0.57413868085826
mahur--yuruksemai--yuruksemai--yine_zevrak-i--dede_efendi.txt,yuruksemai,vocal,479,0.1903765690376569,19.92452830188679,0.043933054393305436,0.44171128271889837,0.4117193069796866,0.37077665742471166,0.02999197573921175,0.4007686331639234
mahur--zeybek--aydin--kirpigine_surme--refik_fersan.txt,zeybek,flagged,682,0.1762114537444934,15.169811320754716,0.0,0.2631538511060113,-0.3870894709346582,-1.1100362334777238,0.6502433220406695,-0.45979291143705436
muberka--sazsemaisi--aksaksemai----.txt,sazsemaisi,instrumental,597,0.04530201342281879,25.132075471698112,0.10738255033557047,-1.387016511361856,1.2866051113620642,2.509413108044113,-2.6736216227239202,-0.16420851467980713
muhalif--pesrev--cenber----ahmet_coban_giray.txt,pesrev,instrumental,270,0.07063197026022305,21.056603773584907,0.03717472118959108,-1.0677214020636594,0.6019118731497691,0.1429794539914995,-1.6696332752134286,-1.5266538212219292
muhayyer--aranagme--curcuna--1--.txt,aranagme,flagged,75,0.0,16.9811320754717,0.013513513513513514,-1.958068069803816,-0.08278136506252656,-0.6545480984382359,-1.8752867047412893,-2.5298348031795252
muhayyer--beste--darbifetih--hengam-i_safadir--zekai_dede.txt,beste,vocal,410,0.19315403422982885,21.056603773584907,0.07823960880195599,0.47672243800033626,0.6019118731497691,1.527117565479507,-0.12518943514943287,1.4019281303300741
muhayyer--beste--muhammes--derd-i_hicrana--tosunzade_abdullah_efendi.txt,beste,vocal,262,0.22988505747126436,16.9811320754717,0.09578544061302682,0.9397329419578551,-0.08278136506252656,2.1185195129707535,1.0225143070203817,3.141033819991135
muhayyer--bozlak--serbest--havayi_da--asaf_guven.txt,bozlak,vocal,98,0.41237113402061853,16.9811320754717,0.0,3.240049209026398,-0.08278136506252656,-1.1100362334777238,3.3228305740889246,2.2127943406112007
muhayyer--divan--nimsofyan--ok_gibi--.txt,divan,vocal,650,0.17873651771956856,16.9811320754717,0.023112480739599383,0.2949833794025617,-0.08278136506252656,-0.3310041381097245,0.37776474446508823,0.04676060635536372
muhayyer--etud--sofyan----hasan_esen.txt,etud,flagged,93,0.20652173913043478,14.943396226415095,0.043478260869565216,0.6452281652190331,-0.4251279841686744,0.3554473314319329,1.0703561493877076,1.4258034808196405
muhayyer--ilahi--duyek--toprakta_yatacak--dede_efendi.txt,ilahi,vocal,262,0.29118773946360155,16.9811320754717,0.06513409961685823,1.7124798784276343,-0.08278136506252656,1.0853816741072408,1.795261243490161,2.8806429175974015
muhayyer--ilahi--sofyan--duseli_bu_askin--dede_efendi.txt,ilahi,vocal,287,0.1853146853146853,21.056603773584907,0.03496503496503497,0.37790403950266394,0.6019118731497691,0.06849950054053171,-0.2240078336471052,-0.15550833310657347
muhayyer--murabba--agircenber--vakt-i_subh--hafiz_post.txt,murabba,vocal,1206,0.12780082987551866,21.962264150943398,0.053112033195020746,-0.3470830923937386,0.7540659260858348,0.6801644366857739,-1.1011490184795734,-0.4209845817937995
muhayyer--pesrev--darbifetih----tanburi_isak.txt,pesrev,instrumental,254,0.04743083003952569,20.150943396226417,0.019762845849802372,-1.3601818531478507,0.4497578202137035,-0.44390734033697077,-1.809939673361554,-2.253847013698525
muhayyer--pesrev--devrikebir----tanburi_cemil_bey.txt,pesrev,instrumental,684,0.06149341142020498,19.0188679245283,0.02342606149341142,-1.1829169060426779,0.25956525404362096,-0.3204345469671035,-1.442482160086299,-1.7629167070534024
muhayyer--pesrev--ferimuhammes----kantemiroglu.txt,pesrev,instrumental,896,0.14860335195530727,19.0188679245283,0.0,-0.08485826493821276,0.25956525404362096,-1.1100362334777238,-0.3444235189818337,-1.4544597524595575
muhayyer--sarki--aksak--aglamaktan_dideden--rifat_bey.txt,sarki,vocal,220,0.091324200913242,16.9811320754717,0.0867579908675799,-0.8068868459532892,-0.08278136506252656,1.8142391905657465,-0.7241054808907627,1.090133709674984
muhayyer--sarki--aksak--bir_gonulde--ahmet_rasim_bey.txt,sarki,vocal,136,0.28888888888888886,19.0188679245283,0.0962962962962963,1.6835018683100171,0.25956525404362096,2.135738476951812,1.4239366142663963,3.5596750912182085
muhayyer--sarki--aksak--dilde_rast--serif_icli.txt,sarki,vocal,270,0.09665427509293681,21.056603773584907,0.0,-0.7396989455278122,0.6019118731497691,-1.1100362334777238,-1.3416108186775815,-2.4516470521553053
muhayyer--sarki--aksak--gunes_gibi--sadettin_kaynak.txt,sarki,vocal,522,0.16122840690978887,18.11320754716981,0.013435700575815739,0.07428603710158639,0.10741120110755534,-0.6571708708089048,-0.033125164005968946,-0.6902960348148738
muhayyer--sarki--aksak--hala_gonlum--tanburi_mustafa_cavus.txt,sarki,vocal,269,0.0708955223880597,21.056603773584907,0.029850746268656716,-1.0643992130049276,0.6019118731497691,-0.10388333816661621,-1.6663110861546966,-1.7701944243213128
muhayyer--sarki--aksak--her_halinle--erol_sayan.txt,sarki,vocal,712,0.12658227848101267,16.9811320754717,0.005625879043600563,-0.36244346206163,-0.08278136506252656,-0.9204096681166994,-0.2796620969991034,-1.2000717651158028
muhayyer--sarki--aksak--humari_yok--haci_arif_bey.txt,sarki,vocal,381,0.1631578947368421,19.0188679245283,0.02894736842105263,0.09860806933334906,0.25956525404362096,-0.13433270210366288,-0.1609571847102719,-0.29528988681393475
muhayyer--sarki--aksak--iltimas_etmeye--haci_arif_bey.txt,sarki,vocal,384,0.2010443864229765,14.943396226415095,0.0,0.5761837549731338,-0.4251279841686744,-1.1100362334777238,1.0013117391418083,-0.10872449433591558
muhayyer--sarki--aksak--serapa_husn--rahmi_bey.txt,sarki,vocal,376,0.15733333333333333,16.9811320754717,0.013333333333333334,0.02518694264587157,-0.08278136506252656,-0.6606212735720957,0.10796830770839813,-0.5526529658636975
muhayyer--sarki--aksak--yadimda_o--sukru_tunar.txt,sarki,vocal,521,0.24807692307692308,19.0188679245283,0.0,1.1690493104847643,0.25956525404362096,-1.1100362334777238,0.9094840564411434,-0.20055217703658046
muhayyer--sarki--aksaksemai--gun_kavustu--udi_nevres_bey.txt,sarki,vocal,306,0.13442622950819672,19.0188679245283,0.0,-0.26356705194252417,0.25956525404362096,-1.1100362334777238,-0.5231323059861451,-1.633168539463869
muhayyer--sarki--curcuna--batan_gun--sadettin_kaynak.txt,sarki,vocal,634,0.29067930489731436,16.9811320754717,0.00315955766192733,1.7060708398550173,-0.08278136506252656,-1.0035397974811295,1.788852204917544,0.7853124074364144
muhayyer--sarki--curcuna--yetmez_mi_sana--rahmi_bey.txt,sarki,vocal,369,0.09510869565217392,19.0188679245283,0.035326086956521736,-0.7591816457801355,0.25956525404362096,0.08066916301137221,-1.0187468998237565,-0.9380777368123844
muhayyer--sarki--duyek--cile_bulbulum--sadettin_kaynak.txt,sarki,vocal,462,0.1561822125813449,19.0188679245283,0.06073752711496746,0.01067656551886379,0.25956525404362096,0.9371902650077836,-0.24888868852475718,0.6883015764830264
muhayyer--sarki--kapali_curcuna--ol_gonca--sevki_bey.txt,sarki,vocal,379,0.24603174603174602,21.056603773584907,0.023809523809523808,1.14326896540302,0.6019118731497691,-0.3075095193605309,0.5413570922532508,0.2338475728927199
muhayyer--sarki--nimsofyan--yenilendi_derdim--arif_sami_toker.txt,sarki,vocal,374,0.2064343163538874,16.9811320754717,0.02680965147453083,0.6441261631440974,-0.08278136506252656,-0.2063868502894636,0.726907528206624,0.5205206779171604
muhayyer--sarki--senginsemai--gezdim_yurudum--lemi_atli.txt,sarki,vocal,536,0.1252336448598131,21.056603773584907,0.013084112149532711,-0.3794435747048645,0.6019118731497691,-0.6690215531965,-0.9813554478546336,-1.6503770010511336
muhayyer--sarki--senginsemai--pur-lerze--tanburi_cemil_bey.txt,sarki,vocal,363,0.11049723756906077,19.0188679245283,0.0055248618784530384,-0.565202390117267,0.25956525404362096,-0.923814565008541,-0.824767644160888,-1.748582209169429
muhayyer--sarki--sofyan--bir_gun--ziya_taskent.txt,sarki,vocal,512,0.2328767123287671,16.9811320754717,0.050880626223091974,0.9774440510150274,-0.08278136506252656,0.6049523610740858,1.060225416077554,1.6651777771516398
muhayyer--sarki--sofyan--ne_zaman--sadettin_kaynak.txt,sarki,vocal,472,0.2059447983014862,14.943396226415095,0.036093418259023353,0.637955575446369,-0.4251279841686744,0.10653292550247953,1.0630835596150434,1.169616485117523
muhayyer--sarki--sofyan--nicin_mahzun--haci_arif_bey.txt,sarki,vocal,419,0.22727272727272727,19.0188679245283,0.009569377990430622,0.9068033850060179,0.25956525404362096,-0.7874896115358855,0.6472381309623969,-0.14025148057348857
muhayyer--sarki--yuruksemai--ben_sana_asik--dede_efendi.txt,sarki,vocal,351,0.15142857142857144,19.0188679245283,0.07714285714285714,-0.049245146199092246,0.25956525404362096,1.4901503202619815,-0.3088104002427132,1.1813399200192682
muhayyer--sarki--yuruksemai_ii--sevdicegim_asikini--dede_efendi.txt,sarki,vocal,278,0.33935018050541516,16.754716981132077,0.007220216606498195,2.319588369580109,-0.12081987829654282,-0.8666707317237736,2.440408247876652,1.5737375161528782
muhayyer--sazsemaisi--aksaksemai----tanburi_cemil_bey.txt,sazsemaisi,instrumental,814,0.10947109471094711,19.0188679245283,0.01968019680196802,-0.5781373666014409,0.25956525404362096,-0.44669311922587424,-0.8377026206450618,-1.284395739870936
muhayyer--turku--aksak--serenler--burdur.txt,turku,vocal,450,0.1714922048997773,18.339622641509433,0.022271714922048998,0.2036656693711768,0.1454497143415716,-0.3593430933235567,0.05821595502960519,-0.3011271382939515
muhayyer--turku--curcuna--kerpic_kerpic--diyarbakir.txt,turku,vocal,294,0.36860068259385664,12.0,0.07167235494880546,2.6883036548570476,-0.9196286562108879,1.3057609059467274,3.6079323110679353,4.9136932170146626
muhayyer--turku--curcuna--yar_yuregim--urfa.txt,turku,vocal,466,0.16559139784946236,19.0188679245283,0.002150537634408602,0.12928343318451024,0.25956525404362096,-1.0375499496219773,-0.13028182085911072,-1.167831770481088
muhayyer--turku--devrituran--mihrican_mi--yozgat.txt,turku,vocal,544,0.4604051565377532,13.584905660377359,0.03130755064456722,3.8455389288901385,-0.6533590635727728,-0.05478011215235392,4.498897992462911,4.444117880310557
muhayyer--turku--duyek--iste_seni--sadettin_kaynak.txt,turku,vocal,608,0.24382207578253706,15.849056603773585,0.019769357495881382,1.1154151120284144,-0.27297393123260877,-0.4436878579998569,1.388389043261023,0.9447011852611662
muhayyer--turku--duyek--sari_kizin--kirsehir.txt,turku,vocal,754,0.3107569721115538,13.584905660377359,0.0398406374501992,1.9591585568524987,-0.6533590635727728,0.2328371526944716,2.6125176204252716,2.8453547731197433
muhayyer--turku--duyek--zehram_bana--yesari_asim_arsoy.txt,turku,vocal,396,0.19746835443037974,16.9811320754717,0.0,0.5311063182739941,-0.08278136506252656,-1.1100362334777238,0.6138876833365207,-0.4961485501412032
muhayyer--turku--kapali_curcuna--evlerinin_onu--elazig.txt,turku,vocal,522,0.30326295585412666,14.943396226415095,0.028790786948176585,1.86469322651825,-0.4251279841686744,-0.13961045633025435,2.2898212106869247,2.1502107543566704
muhayyer--turku--kapali_curcuna--su_icemem--diyarbakir.txt,turku,vocal,496,0.24242424242424243,14.943396226415095,0.0,1.0977948153266737,-0.4251279841686744,-1.1100362334777238,1.522922799495348,0.4128865660176242
muhayyer--turku--musemmen_ii--elma_attim--tunceli.txt,turku,vocal,702,0.2653352353780314,14.943396226415095,0.0028530670470756064,1.3865978340711742,-0.4251279841686744,-1.0138704075350073,1.8117258182398486,0.7978554107048412
muhayyer--turku--nimsofyan--ben_de--adana.txt,turku,vocal,578,0.1733102253032929,14.943396226415095,0.0,0.22658260630766924,-0.4251279841686744,-1.1100362334777238,0.6517105904763436,-0.45832564300138023
muhayyer--turku--nimsofyan--bir_nazar--kirsehir.txt,turku,vocal,602,0.4242928452579035,13.584905660377359,0.03826955074875208,3.3903275579776047,-0.6533590635727728,0.17988191267403733,4.0436866215503775,4.223568534224415
muhayyer--turku--nimsofyan--gidecegim_gurbet--.txt,turku,vocal,139,0.391304347826087,13.584905660377359,0.021739130434782608,2.974493217607898,-0.6533590635727728,-0.3772944510228955,3.627852281180671,3.2505578301577756
muhayyer--turku--nimsofyan--uc_kardestik--diyarbakir.txt,turku,vocal,436,0.24367816091954023,19.0188679245283,0.004597701149425287,1.1136010026635552,0.25956525404362096,-0.9550655576481969,0.8540357486199343,-0.10102980902826264
muhayyer--turku--raksaksagi--istanbuldan_uskudara--.txt,turku,vocal,465,0.05172413793103448,14.037735849056604,0.0,-1.30606284215744,-0.57728203710474,-1.1100362334777238,-0.7287808050527,-1.8388170385304239
muhayyer--turku--raksaksagi_ii--su_gelir--burdur.txt,turku,vocal,248,0.16194331983805668,16.9811320754717,0.06477732793522267,0.08329782512140979,-0.08278136506252656,1.0733562842824127,0.16607919018393635,1.2394354744663492
muhayyer--turku--raksan--sogudun_yapragi--.txt,turku,vocal,476,0.21894736842105264,14.943396226415095,0.0,0.8018586201350894,-0.4251279841686744,-1.1100362334777238,1.2269866043037638,0.11695037082603998
muhayyer--turku--senginsemai--bulandi_gozler--urfa.txt,turku,vocal,285,0.2323943661971831,19.0188679245283,0.014084507042253521,0.9713638684946901,0.25956525404362096,-0.6353021209013561,0.7117986144510692,0.07649649354971311
muhayyer--turku--sofyan--binip_de--denizli.txt,turku,vocal,405,0.452970297029703,16.9811320754717,0.012376237623762377,3.7518192950795464,-0.08278136506252656,-0.6928812583177968,3.834600660142073,3.1417194018242762
muhayyer--turku--sofyan--cayir_ince--.txt,turku,vocal,576,0.14956521739130435,19.0188679245283,0.036521739130434785,-0.07273353328200528,0.25956525404362096,0.12096996104638796,-0.33229878732562623,-0.21132882627923827
muhayyer--turku--sofyan--el_vurup--tokat-zile.txt,turku,vocal,820,0.43101343101343104,15.622641509433961,0.007326007326007326,3.4750434608562992,-0.31101244446662535,-0.8631049368262798,3.7860559053229244,2.922950968496645
muhayyer--turku--sofyan--keklik_gibi--erzincan.txt,turku,vocal,364,0.2809917355371901,14.943396226415095,0.030303030303030304,1.5839548197792515,-0.4251279841686744,-0.08863859732856907,2.009082803947926,1.9204442066193568
muhayyer--turku--sofyan--yandim_allah--sivas.txt,turku,vocal,546,0.344954128440367,14.943396226415095,0.031192660550458717,2.390228567661679,-0.4251279841686744,-0.058652611680153496,2.8153565518303534,2.7567039401502
muhayyer--turku--turkaksagi--vardim_hind--erzincan.txt,turku,vocal,346,0.2898550724637681,14.943396226415095,0.011594202898550725,1.695681031982639,-0.4251279841686744,-0.719240616168482,2.1208090161513136,1.4015683999828314
muhayyer--yuruksemai--yuruksemai--bir_elif--sadullah_aga.txt,yuruksemai,vocal,553,0.17753623188405798,16.9811320754717,0.036231884057971016,0.2798532550403877,-0.08278136506252656,0.11120007061365687,0.36263462010291425,0.47383469071657114
muhayyer--zeybek--agiraksak--eskisehir--.txt,zeybek,flagged,276,0.10181818181818182,14.037735849056604,0.014545454545454545,-0.6746056580490104,-0.57728203710474,-0.6197653681261296,-0.09732362094427038,-0.7170889890704
muhayyer--zeybek--aksak--serenler--burdur.txt,zeybek,flagged,134,0.14285714285714285,14.037735849056604,0.0,-0.15729172678049194,-0.57728203710474,-1.1100362334777238,0.41999031032424805,-0.6900459231534758
muhayyerkurdi--aranagme--nimsofyan--1--.txt,aranagme,flagged,63,0.03225806451612903,12.90566037735849,0.0,-1.551441153637259,-0.7674746032748223,-1.1100362334777238,-0.7839665503624367,-1.8940027838401605
muhayyerkurdi--fantezi--duyek--gunlerce_uykusuz--sinan_sipahi.txt,fantezi,vocal,543,0.11254612546125461,16.9811320754717,0.08856088560885608,-0.5393752681968798,-0.08278136506252656,1.8750077806555991,-0.4565939031343532,1.418413877521246
muhayyerkurdi--mars--semai--tuna_nehri--rumeli.txt,mars,flagged,220,0.2557077625570776,12.90566037735849,0.0410958904109589,1.265239356977659,-0.7674746032748223,0.2751468621218147,2.0327139602524813,2.307860822374296
muhayyerkurdi--pesrev--devrikebir----asdik_aga.txt,pesrev,instrumental,556,0.05765765765765766,21.056603773584907,0.021621621621621623,-1.2312682484754836,0.6019118731497691,-0.3812552174145431,-1.8331801216252526,-2.2144353390397957
muhayyerkurdi--sarki--aksak--askinla_yana_yana--ismet_nedim.txt,sarki,vocal,669,0.13323353293413173,14.943396226415095,0.0,-0.2786015103673925,-0.4251279841686744,-1.1100362334777238,0.14652647380128192,-0.9635097596764419
muhayyerkurdi--sarki--aksak--renkler_opuyorken--omer_dilek.txt,sarki,vocal,339,0.1390532544378698,20.150943396226417,0.01775147928994083,-0.20524139271898287,0.4497578202137035,-0.511702706976148,-0.6549992129326864,-1.1667019199088342
muhayyerkurdi--sarki--aksak--sevgi_deli--alaeddin_yavasca.txt,sarki,vocal,501,0.062,19.0188679245283,0.022,-1.1765311369316933,0.25956525404362096,-0.36850154963343756,-1.4360963909753144,-1.804597940608752
muhayyerkurdi--sarki--curcuna--aksam_olunca--nazif_girgin.txt,sarki,vocal,446,0.15955056179775282,12.90566037735849,0.02247191011235955,0.053136070606503424,-0.7674746032748223,-0.3525952898165529,0.8206106738813257,0.4680153840647728
muhayyerkurdi--sarki--curcuna--bakisi_cagirir--selahaddin_pinar.txt,sarki,vocal,658,0.2374429223744292,16.9811320754717,0.0441400304414003,1.0350031122075538,-0.08278136506252656,0.37775301735141015,1.1177844772700805,1.4955374946214905
muhayyerkurdi--sarki--duyek--bir_kizil--amir_ates.txt,sarki,vocal,526,0.11428571428571428,16.9811320754717,0.02666666666666667,-0.5174469953851567,-0.08278136506252656,-0.2112063136664676,-0.43466563032263017,-0.6458719439890978
muhayyerkurdi--sarki--duyek--ruzgar_soyluyor--sekip_ayhan_ozisik.txt,sarki,vocal,448,0.07829977628635347,24.0,0.015659955257270694,-0.9710653762004281,1.0964125451919824,-0.582199871172456,-2.0674779213924106,-2.6496777925648667
muhayyerkurdi--sarki--duyek--senden_bana--teoman_alpay.txt,sarki,vocal,314,0.0,14.943396226415095,0.13738019169329074,-1.958068069803816,-0.4251279841686744,3.520517267147358,-1.5329400856351416,1.9875771815122163
muhayyerkurdi--sarki--duyek--unutulmus_ne--avni_anil.txt,sarki,vocal,366,0.14520547945205478,19.0188679245283,0.0273972602739726,-0.12768992388147848,0.25956525404362096,-0.18658083641136483,-0.38725517792509945,-0.5738360143364643
muhayyerkurdi--sarki--duyek--var_mi_hacet--nikogos_aga.txt,sarki,vocal,578,0.09185441941074524,18.339622641509433,0.043327556325823226,-0.800203211464729,0.1454497143415716,0.35036766569567773,-0.9456529258063006,-0.5952852601106229
muhayyerkurdi--sarki--musemmen--ayrilik_var--selahattin_icli.txt,sarki,vocal,653,0.3220858895705521,16.9811320754717,0.04294478527607362,2.1019644827180954,-0.08278136506252656,0.3374659379974587,2.184745847780622,2.522211785778081
muhayyerkurdi--sarki--nimsofyan--bildir_guzel--kipti_husnu_efendi.txt,sarki,vocal,376,0.11733333333333333,16.9811320754717,0.008,-0.47903043340065915,-0.08278136506252656,-0.840387257534347,-0.39624906833813256,-1.2366363258724795
muhayyerkurdi--sarki--nimsofyan--gonlumu_gonlune--omer_sami_gupgup.txt,sarki,vocal,424,0.24113475177304963,17.88679245283019,0.04728132387706856,1.0815402255121496,0.06937268787353908,0.4836338371096098,1.0121675376386106,1.4958013747482204
muhayyerkurdi--sarki--nimsofyan--kadehinde_zehir--erol_sayan.txt,sarki,vocal,439,0.2420091324200913,14.943396226415095,0.11187214611872145,1.09256217340008,-0.4251279841686744,2.6607399712099085,1.5176901575687545,4.178430128778663
muhayyerkurdi--sarki--semai--duydum_ki--selahattin_altinbas.txt,sarki,vocal,473,0.16101694915254236,19.0188679245283,0.01694915254237288,0.07162052021399835,0.25956525404362096,-0.5387460302078576,-0.18794473382962262,-0.7266907640374802
muhayyerkurdi--sarki--semai--yalniz_kalan--teoman_alpay.txt,sarki,vocal,444,0.09932279909706546,16.9811320754717,0.0,-0.706061041245839,-0.08278136506252656,-1.1100362334777238,-0.6232796761833125,-1.7333159096610364
muhayyerkurdi--sarki--sofyan--mevsimler_yas--yildirim_gurses.txt,sarki,vocal,556,0.14414414414414414,21.962264150943398,0.14774774774774774,-0.14106851648298444,0.7540659260858348,3.8699673762873434,-0.8951344425688192,2.974832933718524
muhayyerkurdi--sarki--turkaksagi--bin_gulle--emin_ongan.txt,sarki,vocal,353,0.15056818181818182,19.0188679245283,0.028409090909090908,-0.060090730992300986,0.25956525404362096,-0.15247594958789132,-0.31965598503592196,-0.4721319346238133
muhayyerkurdi--sarki--yuruksemai_ii--hani_o--yusuf_nalkesen.txt,sarki,vocal,365,0.22802197802197802,14.943396226415095,0.013736263736263736,0.9162480161757206,-0.4251279841686744,-0.6470400522562664,1.341376000344395,0.6943359480881287
muhayyerkurdi--sazsemaisi--aksaksemai----sadi_isilay.txt,sazsemaisi,instrumental,490,0.09202453987730061,17.88679245283019,0.06339468302658487,-0.7980587690832699,0.06937268787353908,1.0267526863189742,-0.867431456956809,0.1593212293621652
muhayyerkurdi--turku--aksak--bulbulum_altin--.txt,turku,vocal,657,0.25152439024390244,12.0,0.0,1.2125061317082868,-0.9196286562108879,-1.1100362334777238,2.1321347879191745,1.0220985544414507
muhayyerkurdi--turku--aksak--cubugum_yok--.txt,turku,vocal,534,0.1951219512195122,14.943396226415095,0.00375234521575985,0.5015288865207245,-0.4251279841686744,-0.9835592278757647,0.926656870689399,-0.056902357186365715
muhayyerkurdi--turku--ciftesofyan--sendeki_kaslar--.txt,turku,vocal,274,0.26373626373626374,16.9811320754717,0.014652014652014652,1.3664421019315518,-0.08278136506252656,-0.6161736401748359,1.4492234669940784,0.8330498268192426
muhayyerkurdi--turku--oynak--evlerinin_onu--.txt,turku,vocal,416,0.25060240963855424,12.90566037735849,0.0,1.2008841656684253,-0.7674746032748223,-1.1100362334777238,1.9683587689432476,0.8583225354655237
muhayyerkurdi--turku--sofyan--cokertmeden_ciktim_da--.txt,turku,vocal,696,0.1985611510791367,16.9811320754717,0.0057553956834532375,0.5448814947437108,-0.08278136506252656,-0.9160441644537117,0.6276628598062374,-0.28838130464747436
muhayyerkurdi--turku--sofyan--eskiya_dunyaya--ordu.txt,turku,vocal,232,0.3463203463203463,12.90566037735849,0.047619047619047616,2.4074503375254546,-0.7674746032748223,0.4950171947566621,3.1749249408002767,3.669942135556939
muhayyersunbule--sarki--sarkidevrirevani--ey_nihal-i--ahmed_aga.txt,sarki,vocal,335,0.16167664670658682,18.79245283018868,0.041916167664670656,0.07993629445611371,0.22152674080960472,0.3027952273034422,-0.141590446353491,0.16120478094995122
murekkep_isfahan--sarki--devrihindi--kalmadi_sabra--udi_nevres_bey.txt,sarki,vocal,393,0.08163265306122448,16.9811320754717,0.00510204081632653,-0.9290530166476308,-0.08278136506252656,-0.938066223309754,-0.8462716515851043,-1.7843378748948582
mustear--sarki--aksak--evvel_benim--sakir_aga.txt,sarki,vocal,576,0.11304347826086956,14.037735849056604,0.05391304347826087,-0.5331059201070987,-0.57728203710474,0.7071633870102506,0.044176116997641346,0.751339504007892
mustear--sarki--aksak--gel_ey--rahmi_bey.txt,sarki,vocal,455,0.0947136563876652,11.09433962264151,0.03303964757709251,-0.7641612873147839,-1.0717827091469536,0.003602158358909629,0.3076214218321697,0.3112235801910793
mustear--sarki--aksak--yaprak_nasil--gonul_pacaci.txt,sarki,vocal,354,0.28328611898017,16.9811320754717,0.053824362606232294,1.6128765197608497,-0.08278136506252656,0.7041742987192168,1.6956578848233763,2.399832183542593
neva--agirsemai--aksaksemai--sevdi_bu_gonul--ama_kadri_efendi.txt,agirsemai,vocal,473,0.18220338983050846,14.037735849056604,0.03389830508474576,0.3386848083742371,-0.57728203710474,0.032544173062008575,0.9159668454789771,0.9485110185409857
neva--kar--nimsakil--ey_gulbun-i--itri.txt,kar,vocal,1463,0.17031463748290013,24.0,0.10533515731874145,0.18882192054478444,1.0964125451919824,2.4404034292514174,-0.907590624647198,1.5328128046042195
neva--murabba--muhammes--zeyn_eden--dede_efendi.txt,murabba,vocal,876,0.104,14.943396226415095,0.07771428571428571,-0.6471028920828361,-0.4251279841686744,1.509410961400794,-0.2219749079141617,1.2874360534866323
neva--murabba--zencir--piyaleler_ki--itri.txt,murabba,vocal,1174,0.14578005115089515,17.88679245283019,0.0494458653026428,-0.12044719802298125,0.06937268787353908,0.5565921344587487,-0.18981988589652032,0.36677224856222834
neva--nakis--agir_aksaksemai--ey_gonca-i--dede_efendi.txt,nakis,vocal,421,0.1380952380952381,16.9811320754717,0.0380952380952381,-0.21731760488126922,-0.08278136506252656,0.1740065091097851,-0.13453623981874266,0.03947026929104244
neva--nakis--yuruksemai--bir_zaman--hatibzade_osman_efendi.txt,nakis,vocal,639,0.3166144200626959,19.0188679245283,0.017241379310344827,2.032994232758849,0.25956525404362096,-0.5288961991169979,1.773428978715228,1.24453277959823
neva--pesrev--devrikebir----tanburi_cemil_bey.txt,pesrev,instrumental,731,0.07123287671232877,19.0188679245283,0.023287671232876714,-1.0601467152004052,0.25956525404362096,-0.32509914597131856,-1.3197119692440262,-1.6448111152153448
neva--pesrev--devrikebir----zeki_mehmet_aga.txt,pesrev,instrumental,415,0.17632850241545894,21.962264150943398,0.07971014492753623,0.26462930044961075,0.7540659260858348,1.5766836355233134,-0.48943662563622403,1.0872470098870894
neva--pesrev--nimberefsan----serif_celebi.txt,pesrev,instrumental,484,0.026915113871635612,19.92452830188679,0.033126293995859216,-1.6187913674950738,0.4117193069796866,0.006522673120109989,-2.0305106744747605,-2.0239880013546507
neva--sarki--aksak--muntazirim_tesrifine--tanburi_mustafa_cavus.txt,sarki,vocal,310,0.12297734627831715,16.9811320754717,0.04854368932038835,-0.4078851984633493,-0.08278136506252656,0.5261832807417959,-0.3251038334008227,0.20107944734097316
neva--sarki--duyek--ben_yururum--selahaddin_pinar.txt,sarki,vocal,247,0.1016260162601626,14.943396226415095,0.036585365853658534,-0.6770279883847846,-0.4251279841686744,0.12311457114137754,-0.2519000042161102,-0.12878543307473267
neva--sarki--yuruksemai_ii--yine_baglandi--zekai_dede.txt,sarki,vocal,690,0.14804063860667635,16.9811320754717,0.047895500725689405,-0.09195151114103876,-0.08278136506252656,0.5043353568944525,-0.0091701460785122,0.49516521081594034
neva--sazsemaisi--aksaksemai----kantemiroglu.txt,sazsemaisi,instrumental,555,0.12093862815884476,19.0188679245283,0.02707581227436823,-0.4335841259808214,0.25956525404362096,-0.19741560190041052,-0.6931493800244424,-0.8905649819248529
neva--sazsemaisi--aksaksemai----yusuf_ziya_pasa.txt,sazsemaisi,instrumental,526,0.08571428571428572,23.09433962264151,0.024761904761904763,-0.8776022639898216,0.9442584922559166,-0.2754084507958431,-1.821860756245738,-2.097269207041581
neva--turku--nimsofyan--ankaranin_tasina--ankara.txt,turku,vocal,284,0.1696113074204947,9.962264150943396,0.038869257950530034,0.1799561395807669,-1.2619752753170357,0.20009571677719898,1.4419314148978026,1.6420271316750017
neva--turku--sofyan--canakkale_icinde--.txt,turku,vocal,302,0.1461794019933555,12.0,0.029900332225913623,-0.11541320717529809,-0.9196286562108879,-0.10221198784217908,0.8042154490355897,0.7020034611934106
neva--yuruksemai--yuruksemai--ey_gonca--dede_efendi.txt,yuruksemai,vocal,888,0.14768883878241262,16.9811320754717,0.014656144306651634,-0.09638610074813594,-0.08278136506252656,-0.616034445531853,-0.013604735685609382,-0.6296391812174624
nevabuselik--sarki--duyek--elbet_gonullerde--sadettin_kaynak.txt,sarki,vocal,312,0.1639871382636656,14.037735849056604,0.07717041800643087,0.10906104421331173,-0.57728203710474,1.491079290091828,0.6863430813180518,2.1774223714098797
neveser--etud--sofyan----ozer_ozel.txt,etud,flagged,82,0.012345679012345678,15.169811320754716,0.0,-1.8024454228758744,-0.3870894709346582,-1.1100362334777238,-1.4153559519412162,-2.52539218541894
neveser--pesrev--hafif--cankurtaran--neyzen_yusuf_pasa.txt,pesrev,instrumental,435,0.09907834101382489,24.0,0.0069124423963133645,-0.7091425415779622,1.0964125451919824,-0.8770446067985388,-1.8055550867699446,-2.6825996935684833
neveser--sarki--senginsemai--sesimde_sarkisi--suphi_ziya_ozbekkan.txt,sarki,vocal,340,0.20353982300884957,20.150943396226417,0.032448377581120944,0.6076398171586195,0.4497578202137035,-0.016327260256062587,0.157881996944916,0.1415547366888534
neveser--sirto--sofyan----neveser_kokdes.txt,sirto,instrumental,230,0.10480349344978165,17.20754716981132,0.021834061135371178,-0.636974508109849,-0.0447428518285103,-0.37409470524798355,-0.5922316562813387,-0.9663263615293223
neveser--turku--aksak--ferayi--.txt,turku,vocal,175,0.2471264367816092,15.849056603773585,0.028735632183908046,1.1570680178399806,-0.27297393123260877,-0.14146950954318058,1.4300419490725893,1.2885724395294087
nevruz--sarki--yuruksemai_ii--esmerligi_yildiz--muallim_ismail_hakki_bey.txt,sarki,vocal,212,0.24170616113744076,14.943396226415095,0.11848341232227488,1.0887430887711922,-0.4251279841686744,2.8835801163945636,1.5138710729398666,4.39745118933443
nigar--sazsemaisi--aksaksemai----tanburi_reftar_kalfa.txt,sazsemaisi,instrumental,374,0.05093833780160858,21.962264150943398,0.01876675603217158,-1.315968194141344,0.7540659260858348,-0.4774816652459417,-2.0700341202271786,-2.54751578547312
nihavent--agirsemai--aksaksemai--seni_hukm-u--muallim_ismail_hakki_bey.txt,agirsemai,vocal,489,0.22336065573770492,15.169811320754716,0.0,0.8574900238986355,-0.3870894709346582,-1.1100362334777238,1.2445794948332938,0.13454326135556993
nihavent--aranagme--agiraksak--1--.txt,aranagme,flagged,106,0.047619047619047616,16.07547169811321,0.02857142857142857,-1.3578092887960413,-0.23493541799859222,-0.14700417653709227,-1.122873870797449,-1.2698780473345412
nihavent--aranagme--turkaksagi--1--.txt,aranagme,flagged,168,0.023952095808383235,14.037735849056604,0.0,-1.6561414973208637,-0.57728203710474,-1.1100362334777238,-1.0788594602161237,-2.1888956936938477
nihavent--beste--fahte--aciyaydi_bana--muallim_ismail_hakki_bey.txt,beste,vocal,182,0.23756906077348067,16.9811320754717,0.10497237569060773,1.0365931415222647,-0.08278136506252656,2.4281754674367515,1.1193745065847913,3.5475499740215426
nihavent--beste--lenkfahte--zulfun_gorenlerin--ali_rifat_cagatay.txt,beste,vocal,377,0.13297872340425532,18.11320754716981,0.09840425531914894,-0.2818134951810409,0.10741120110755534,2.2067896009321646,-0.38922469628859624,1.8175649046435685
nihavent--etud--sofyan----ozer_ozel.txt,etud,flagged,82,0.012345679012345678,14.943396226415095,0.0,-1.8024454228758744,-0.4251279841686744,-1.1100362334777238,-1.3773174387072,-2.487353672184924
nihavent--fantezi--duyek--bahar_meltemidir--emin_ongan.txt,fantezi,vocal,385,0.20052083333333334,24.0,0.0234375,0.5695841408461105,1.0964125451919824,-0.32004899926861197,-0.5268284043458719,-0.8468774036144838
nihavent--fantezi--duyek--ufacik_tefeciktin--sekip_ayhan_ozisik.txt,fantezi,vocal,429,0.09813084112149532,18.11320754716981,0.08878504672897196,-0.7210861893158317,0.10741120110755534,1.8825633827162949,-0.828497390423387,1.0540659922929079
nihavent--fantezi--nimsofyan--aksami_suzme--kaptanzade_ali_riza_bey.txt,fantezi,vocal,373,0.08064516129032258,24.0,0.013440860215053764,-0.9415007793874234,1.0964125451919824,-0.6569969593793084,-2.0379133245794057,-2.694910283958714
nihavent--fantezi--nimsofyan--ayaginda_halhali--bilge_ozgen.txt,fantezi,vocal,798,0.20451693851944794,14.943396226415095,0.03513174404015056,0.6199567826298263,-0.4251279841686744,0.07411861696370518,1.0450847667985008,1.119203383762206
nihavent--fantezi--nimsofyan--benim_gonlum--kaptanzade_ali_riza_bey.txt,fantezi,vocal,500,0.1523046092184369,12.0,0.05410821643286573,-0.0382023093060033,-0.9196286562108879,0.713741910427881,0.8814263469048845,1.5951682573327655
nihavent--fantezi--nimsofyan--gel_gonlumu--erdinc_celikkol.txt,fantezi,vocal,286,0.03508771929824561,14.943396226415095,0.0,-1.5157721259033505,-0.4251279841686744,-1.1100362334777238,-1.0906441417346762,-2.2006803752124
nihavent--fantezi--nimsofyan--yemeni_baglamis--ali_ulvi_baradan.txt,fantezi,vocal,320,0.15673981191222572,16.9811320754717,0.034482758620689655,0.017705347306414432,-0.08278136506252656,0.05224383524372809,0.100486712368941,0.15273054761266908
nihavent--fantezi--semai--ne_bildim--alaeddin_yavasca.txt,fantezi,vocal,344,0.13411078717201166,21.962264150943398,0.06997084548104957,-0.2675433396186545,0.7540659260858348,1.2484096202544352,-1.0216092657044893,0.22680035454994596
nihavent--fantezi--sofyan--durusun_andirir--unal_narcin.txt,fantezi,vocal,738,0.24287652645861602,14.943396226415095,0.048846675712347354,1.1034960520526633,-0.4251279841686744,0.5363957770313614,1.5286240362213377,2.0650198132526993
nihavent--fantezi--sofyan--mevsimlere_aldanirim--omer_sami_gupgup.txt,fantezi,vocal,540,0.11688311688311688,16.07547169811321,0.09647495361781076,-0.4847056073301872,-0.23493541799859222,2.141760322425708,-0.24977018933159498,1.8919901330941131
nihavent--fantezi--sofyan--sarahaten_acaba--ali_rifat_cagatay.txt,fantezi,vocal,433,0.034722222222222224,19.92452830188679,0.041666666666666664,-1.5203793753189803,0.4117193069796866,0.29438551622736386,-1.9320986822986668,-1.637713166071303
nihavent--karsilama--sofyan----merzifon.txt,karsilama,flagged,859,0.17016317016317017,19.0188679245283,0.011655011655011656,0.1869126091820085,0.25956525404362096,-0.717190988804972,-0.07265264486161246,-0.7898436336665845
nihavent--kasaphavasi--duyek----.txt,kasaphavasi,instrumental,120,0.20168067226890757,10.867924528301886,0.008403361344537815,0.5842044144644064,-1.10982122238097,-0.8267915108481264,1.6940256368453763,0.8672341259972499
nihavent--longa--nimsofyan----kevser_hanim.txt,longa,instrumental,448,0.12751677852348994,21.962264150943398,0.020134228187919462,-0.35066368307829837,0.7540659260858348,-0.43138948194237947,-1.1047296091641332,-1.5361190911065128
nihavent--mars--nimsofyan--ey_muhterem--mildan_niyazi_bey.txt,mars,flagged,460,0.058823529411764705,16.9811320754717,0.0392156862745098,-1.2165719285589178,-0.08278136506252656,0.21177247212706463,-1.1337905634963912,-0.9220180913693266
nihavent--mars--sofyan--istiklal_marsi--zeki_ungor.txt,mars,flagged,131,0.1076923076923077,18.11320754716981,0.0,-0.6005597496785409,0.10741120110755534,-1.1100362334777238,-0.7079709507860962,-1.81800718426382
nihavent--pesrev--darbeyn----katip_celebi.txt,pesrev,instrumental,611,0.06557377049180328,21.962264150943398,0.060655737704918035,-1.1314822074324542,0.7540659260858348,0.9344334611749286,-1.8855481335182889,-0.9511146723433602
nihavent--pesrev--devrikebir----kanuni_mehmed_bey.txt,pesrev,instrumental,522,0.07293666026871401,21.962264150943398,0.04222648752399232,-1.0386697833466103,0.7540659260858348,0.3132549063385647,-1.7927357094324452,-1.4794808030938804
nihavent--pesrev--devrikebir----tanburi_buyuk_osman_bey.txt,pesrev,instrumental,935,0.10706638115631692,26.037735849056602,0.0010706638115631692,-0.6084498255679199,1.4387591642981299,-1.0739483084317687,-2.04720898986605,-3.1211572982978186
nihavent--pesrev--hafif--mini_mini--huseyin_sadettin_arel.txt,pesrev,instrumental,328,0.03058103975535168,24.0,0.01529051987767584,-1.5725807792483646,1.0964125451919824,-0.5946521051455815,-2.668993324440347,-3.2636454295859285
nihavent--sarki--agiraksak--ahter-i_duskun--haci_arif_bey.txt,sarki,vocal,504,0.15705765407554673,16.07547169811321,0.011928429423459244,0.021711885846081223,-0.23493541799859222,-0.7079751361466451,0.25664730384467344,-0.45132783230197165
nihavent--sarki--agiraksak--akibet_viran--numan_aga.txt,sarki,vocal,495,0.11740890688259109,24.0,0.02834008097165992,-0.47807779598302735,1.0964125451919824,-0.15480200695766413,-1.5744903411750097,-1.7292923481326739
nihavent--sarki--agiraksak--ey_nihal-i--udi_arsak_comlekciyan.txt,sarki,vocal,407,0.09359605911330049,21.962264150943398,0.009852216748768473,-0.7782490864437072,0.7540659260858348,-0.7779562138430233,-1.532315012529542,-2.3102712263725653
nihavent--sarki--agiraksak--nar-i_askinla--rifat_bey.txt,sarki,vocal,501,0.108,16.07547169811321,0.022,-0.5966811544781829,-0.23493541799859222,-0.36850154963343756,-0.36174573647959074,-0.7302472861130282
nihavent--sarki--aksak--bakmiyor_cesm-i--haci_arif_bey.txt,sarki,vocal,248,0.19838056680161945,16.07547169811321,0.04048582995951417,0.5426051514795858,-0.23493541799859222,0.25458409012236144,0.777540569478178,1.0321246596005393
nihavent--sarki--aksak--camlica_yolunda--nuri_halil_poyraz.txt,sarki,vocal,256,0.27450980392156865,16.07547169811321,0.09019607843137255,1.5022472560057092,-0.23493541799859222,1.9301237894132897,1.7371826740043015,3.6673064634175914
nihavent--sarki--aksak--gece_sahilden--serif_icli.txt,sarki,vocal,520,0.1579961464354528,19.92452830188679,0.007707129094412331,0.033541989724870006,0.4117193069796866,-0.8502588000062625,-0.3781773172548166,-1.2284361172610792
nihavent--sarki--aksak--gel_guzelim--faiz_kapanci.txt,sarki,vocal,343,0.07017543859649122,19.92452830188679,0.043859649122807015,-1.0734761820028849,0.4117193069796866,0.3683024504223685,-1.4851954889825714,-1.116893038560203
nihavent--sarki--aksak--gonlum_yine--seyh_ethem_efendi.txt,sarki,vocal,460,0.10239651416122005,16.07547169811321,0.023965141612200435,-0.667315527636771,-0.23493541799859222,-0.302264246719242,-0.43238010963817886,-0.7346443563574209
nihavent--sarki--aksak--hatirlar_misin_beni--vecdi_seyhun.txt,sarki,vocal,306,0.05901639344262295,24.0,0.04590163934426229,-1.2141407936695903,1.0964125451919824,0.4371300219350941,-2.3105533388615727,-1.8734233169264787
nihavent--sarki--aksak--kiz_sen--faize_ergin.txt,sarki,vocal,436,0.0367816091954023,16.9811320754717,0.10344827586206896,-1.4944199079219487,-0.08278136506252656,2.3768039726866323,-1.411638542859422,0.9651654298272103
nihavent--sarki--aksak--koklasam_saclarini--artaki_candan.txt,sarki,vocal,466,0.23225806451612904,24.0,0.004301075268817204,0.969645726595395,1.0964125451919824,-0.9650636657662308,-0.12676681859658734,-1.0918304843628182
nihavent--sarki--aksak--mumkun_mu--rakim_elkutlu.txt,sarki,vocal,362,0.16066481994459833,24.0,0.013850415512465374,0.06718177858252632,1.0964125451919824,-0.6431924385619052,-1.029230766609456,-1.6724232051713612
nihavent--sarki--aksak--ruya_mi--omer_dilek.txt,sarki,vocal,256,0.17254901960784313,16.07547169811321,0.054901960784313725,0.21698727784788532,-0.23493541799859222,0.74049595436898,0.45192269584647754,1.1924186502154575
nihavent--sarki--aksak--seni_tenhada--ismet_aga.txt,sarki,vocal,268,0.09737827715355805,16.07547169811321,0.018726591760299626,-0.7305725850463441,-0.23493541799859222,-0.47883544709341475,-0.49563716704775196,-0.9744726141411667
nihavent--sarki--aksak--suzis-i_askinla--musa_sureyya_bey.txt,sarki,vocal,532,0.14124293785310735,16.9811320754717,0.032015065913371,-0.17763948206889096,-0.08278136506252656,-0.030932516190198746,-0.0948581170063644,-0.12579063319656314
nihavent--sarki--aksak--vuslat_yaya--omer_dilek.txt,sarki,vocal,348,0.10662824207492795,13.132075471698114,0.04610951008645533,-0.6139727590169545,-0.7294360900408057,0.4441365385302118,0.1154633310238512,0.5595998695540629
nihavent--sarki--aksak--yok_baska--munir_nurettin_selcuk.txt,sarki,vocal,706,0.14609929078014183,24.0,0.024113475177304965,-0.11642304381826052,1.0964125451919824,-0.2972644974781837,-1.212835589010243,-1.5101000864884266
nihavent--sarki--aydin--sozbirligi--muallim_ismail_hakki_bey.txt,sarki,vocal,209,0.16826923076923078,19.0188679245283,0.04807692307692308,0.16303868039192657,0.25956525404362096,0.5104504007973775,-0.0965265736516944,0.4139238271456831
nihavent--sarki--curcuna--ayrilmak_ne--ekrem_guyer.txt,sarki,vocal,454,0.12362030905077263,21.962264150943398,0.05518763796909492,-0.3997803734127716,0.7540659260858348,0.7501250244098095,-1.1538462994986065,-0.40372127508879696
nihavent--sarki--curcuna--goze_mi--osman_nihat_akin.txt,sarki,vocal,230,0.13537117903930132,18.11320754716981,0.07423580786026202,-0.2516555526157751,0.10741120110755534,1.3921649625033934,-0.3590667537233304,1.0330982087800629
nihavent--sarki--curcuna--guzel_bir--osman_nihat_akin.txt,sarki,vocal,291,0.1896551724137931,20.150943396226417,0.04482758620689655,0.4326177648995625,0.4497578202137035,0.40092785586016366,-0.01714005531414098,0.3837878005460227
nihavent--sarki--curcuna--saclarina_baglanali--rahmi_bey.txt,sarki,vocal,313,0.15384615384615385,16.07547169811321,0.041666666666666664,-0.018770469624851415,-0.23493541799859222,0.29438551622736386,0.2161649483737408,0.5105504646011046
nihavent--sarki--curcuna--vucud_ikliminin--haci_arif_bey.txt,sarki,vocal,330,0.1580547112462006,19.92452830188679,0.03343465045592705,0.0342802246049681,0.4117193069796866,0.016916173580462008,-0.3774390823747185,-0.3605229087942565
nihavent--sarki--curcuna--yagmur_verdim--omer_dilek.txt,sarki,vocal,344,0.061224489795918366,16.07547169811321,0.11661807580174927,-1.186306779936677,-0.23493541799859222,2.820706856075874,-0.9513713619380849,1.8693354941377893
nihavent--sarki--curcuna--yine_bu--osman_nihat_akin.txt,sarki,vocal,460,0.14596949891067537,19.0188679245283,0.034858387799564274,-0.11805912671462435,0.25956525404362096,0.06490483817097714,-0.37762438075824534,-0.3127195425872682
nihavent--sarki--devrihindi--yar_senden--munir_nurettin_selcuk.txt,sarki,vocal,441,0.12045454545454545,20.150943396226417,0.038636363636363635,-0.4396861987546041,0.4497578202137035,0.19224575261244842,-0.8894440189683075,-0.6971982663558591
nihavent--sarki--duyek--ahimi_hicranimi--selahattin_inal.txt,sarki,vocal,515,0.1303501945525292,16.9811320754717,0.033073929961089495,-0.31494724319303957,-0.08278136506252656,0.004757684576120158,-0.232165878130513,-0.22740819355439285
nihavent--sarki--duyek--ak_duvaklar--omer_dilek.txt,sarki,vocal,472,0.14437367303609341,26.943396226415093,0.1740976645435244,-0.1381752050923462,1.5909132172341955,4.758120886309139,-1.7290884223265417,3.029032463982597
nihavent--sarki--duyek--askim_bahardi--yildirim_gurses.txt,sarki,vocal,495,0.09109311740890688,12.0,0.06477732793522267,-0.8097997539083766,-0.9196286562108879,1.0733562842824127,0.1098289023025113,1.1831851865849239
nihavent--sarki--duyek--askimin_ilk--arif_sami_toker.txt,sarki,vocal,367,0.16393442622950818,20.150943396226417,0.04644808743169399,0.10839658612458862,0.4497578202137035,0.4555486678328659,-0.34136123408911484,0.11418743374375107
nihavent--sarki--duyek--ayrilik_bukuverdi--arif_sami_toker.txt,sarki,vocal,952,0.09253417455310199,18.11320754716981,0.10199789695057834,-0.7916346026088974,0.10741120110755534,2.327917324159967,-0.8990458037164527,1.4288715204435145
nihavent--sarki--duyek--bir_demet--zeki_muren.txt,sarki,vocal,298,0.1919191919191919,19.0188679245283,0.15151515151515152,0.46115671425782134,0.25956525404362096,3.99695194726805,0.20159146021420038,4.1985434074822505
nihavent--sarki--duyek--bir_ihtimal--osman_nihat_akin.txt,sarki,vocal,481,0.22291666666666668,18.11320754716981,0.03958333333333333,0.8518933487888296,0.10741120110755534,0.22416442874210948,0.7444821476812743,0.9686465764233838
nihavent--sarki--duyek--bugun_yine--emin_ongan.txt,sarki,vocal,190,0.12169312169312169,18.11320754716981,0.07407407407407407,-0.4240734072283918,0.10741120110755534,1.3867135437757654,-0.5314846083359471,0.8552289354398183
nihavent--sarki--duyek--bulbul_asikmis--zeki_muren.txt,sarki,vocal,420,0.18377088305489261,16.07547169811321,0.15990453460620524,0.35844374138847945,-0.23493541799859222,4.279725517180465,0.5933791593870716,4.873104676567536
nihavent--sarki--duyek--doymadim_sana--nevzat_akay.txt,sarki,vocal,302,0.059800664451827246,16.07547169811321,0.09634551495016612,-1.2042547169103315,-0.23493541799859222,2.1373974469034764,-0.9693192989117393,1.168078147991737
nihavent--sarki--duyek--ellerim_boyle--sekip_ayhan_ozisik.txt,sarki,vocal,272,0.18450184501845018,14.037735849056604,0.07380073800738007,0.3676578344698499,-0.57728203710474,1.377500444966712,0.9449398715745899,2.322440316541302
nihavent--sarki--duyek--gizli_ask--zeynettin_maras.txt,sarki,vocal,532,0.15819209039548024,21.962264150943398,0.10357815442561205,0.03601194845930018,0.7540659260858348,2.3811816753936803,-0.7180539776265346,1.6631276977671456
nihavent--sarki--duyek--gokyuzunde--teoman_alpay.txt,sarki,vocal,303,0.2251655629139073,16.07547169811321,0.09271523178807947,0.8802416629084434,-0.23493541799859222,2.0150346797733323,1.1151770809070356,3.1302117606803677
nihavent--sarki--duyek--istanbul_biricik--sadettin_kaynak.txt,sarki,vocal,359,0.07262569832402235,18.11320754716981,0.061452513966480445,-1.0425895937416791,0.10741120110755534,0.9612896990482156,-1.1500007948492346,-0.18871109580101897
nihavent--sarki--duyek--sarkilar_seni--muzaffer_ilkar.txt,sarki,vocal,532,0.10546139359698682,16.07547169811321,0.04331450094161959,-0.6286813909617386,-0.23493541799859222,0.3499276193230454,-0.3937459729631464,-0.043818353640101004
nihavent--sarki--duyek--sen_benim--emin_ongan.txt,sarki,vocal,464,0.05183585313174946,19.0188679245283,0.13606911447084233,-1.3046546235232146,0.25956525404362096,3.4763259383453704,-1.5642198775668357,1.9121060607785347
nihavent--sarki--duyek--seninle_bu--dursun_karaca.txt,sarki,vocal,324,0.12074303405572756,24.0,0.1238390092879257,-0.4360496746169197,1.0964125451919824,3.0640965210637137,-1.532462219808902,1.5316343012548117
nihavent--sarki--duyek--sevil_neselen--sadettin_oktenay.txt,sarki,vocal,356,0.10140845070422536,16.9811320754717,0.14366197183098592,-0.6797704967281042,-0.08278136506252656,3.7322517148012264,-0.5969891316655777,3.1352625831356487
nihavent--sarki--duyek--su_guzeller--necip_mirkelamoglu.txt,sarki,vocal,284,0.0812720848056537,16.9811320754717,0.02120141342756184,-0.9335981361403702,-0.08278136506252656,-0.3954188060659477,-0.8508167710778437,-1.2462355771437914
nihavent--sarki--duyek--unutturamaz_seni--ekrem_guyer.txt,sarki,vocal,441,0.08863636363636364,21.962264150943398,0.056818181818181816,-0.8407682024279808,0.7540659260858348,0.8050843343019413,-1.5948341285138157,-0.7897497942118744
nihavent--sarki--duyek--yillari_durduracak--necdet_tokatlioglu.txt,sarki,vocal,438,0.11899313501144165,24.0,0.11899313501144165,-0.458107912228324,1.0964125451919824,2.900760891538179,-1.5545204574203064,1.3462404341178724
nihavent--sarki--kapali_curcuna--kimseye_etmem--kemani_sarkis_efendi.txt,sarki,vocal,425,0.18396226415094338,16.07547169811321,0.0047169811320754715,0.36085618324037017,-0.23493541799859222,-0.9510450920016762,0.5957916012389624,-0.35525349076271384
nihavent--sarki--nimsofyan--ben_bir--sivelioglu_yorgaki.txt,sarki,vocal,140,0.09352517985611511,21.962264150943398,0.014388489208633094,-0.7791425502705607,0.7540659260858348,-0.6250560609176935,-1.5332084763563953,-2.1582645372740887
nihavent--sarki--nimsofyan--biz_camlicanin--yesari_asim_arsoy.txt,sarki,vocal,284,0.14487632508833923,13.132075471698114,0.04946996466431095,-0.13183905762115156,-0.7294360900408057,0.557404430483087,0.5975970324196541,1.155001462902741
nihavent--sarki--nimsofyan--geldi_yine--arif_sami_toker.txt,sarki,vocal,356,0.09577464788732394,20.150943396226417,0.04788732394366197,-0.7507870285656438,0.4497578202137035,0.5040597492819263,-1.2005448487793473,-0.696485099497421
nihavent--sarki--nimsofyan--gozleri_aska--gundogdu_duran.txt,sarki,vocal,332,0.14803625377643503,14.943396226415095,0.02416918429003021,-0.09200678383100591,-0.4251279841686744,-0.2953867593285491,0.3331212003376685,0.037734441009119435
nihavent--sarki--nimsofyan--istanbulda_yasanan--baki_callioglu.txt,sarki,vocal,402,0.09975062344139651,11.09433962264151,0.0,-0.7006681295381533,-1.0717827091469536,-1.1100362334777238,0.37111457960880034,-0.7389216538689235
nihavent--sarki--semai--bahcemde_acilmaz--munir_nurettin_selcuk.txt,sarki,vocal,384,0.16971279373368145,18.11320754716981,0.015665796344647518,0.18123541864425824,0.10741120110755534,-0.5820029907687614,0.0738242175367029,-0.5081787732320585
nihavent--sarki--semai--bekledim_de--yesari_asim_arsoy.txt,sarki,vocal,326,0.16,14.943396226415095,0.0,0.0588014343823071,-0.4251279841686744,-1.1100362334777238,0.48392941855098154,-0.6261068149267424
nihavent--sarki--semai--benim_gonlum--nazmi_atlig.txt,sarki,vocal,412,0.09002433090024331,20.150943396226417,0.0,-0.8232722721321836,0.4497578202137035,-1.1100362334777238,-1.273030092345887,-2.383066325823611
nihavent--sarki--semai--bir_alev--avni_anil.txt,sarki,vocal,476,0.1726315789473684,21.962264150943398,0.02736842105263158,0.21802797418647457,0.7540659260858348,-0.18755289472406617,-0.5360379518993602,-0.7235908466234264
nihavent--sarki--semai--bir_nese--nuri_halil_poyraz.txt,sarki,vocal,475,0.14767932489451477,19.92452830188679,0.08860759493670886,-0.09650602743793238,0.4117193069796866,1.8765821709584123,-0.508225334417619,1.3683568365407934
nihavent--sarki--semai--dil_seni--civan_aga.txt,sarki,vocal,401,0.1225,24.90566037735849,0.015,-0.41390235566131556,1.248566598128048,-0.6044444035838923,-1.6624689537893635,-2.266913357373256
nihavent--sarki--semai--erisdi_nevbahar--arif_sami_toker.txt,sarki,vocal,654,0.15313935681470137,19.0188679245283,0.0,-0.027679953239762693,0.25956525404362096,-1.1100362334777238,-0.28724520728338365,-1.3972814407611076
nihavent--sarki--semai--gelin_kizlar--haci_faik_bey.txt,sarki,vocal,424,0.10874704491725769,19.92452830188679,0.07801418439716312,-0.5872643287789687,0.4117193069796866,1.5195193829913767,-0.9989836357586553,0.5205357472327213
nihavent--sarki--semai--hatirla_ey_peri--muhlis_sabahaddin_ezgi.txt,sarki,vocal,182,0.18232044198895028,14.037735849056604,0.09392265193370165,0.3401603016789901,-0.57728203710474,2.0557321304983853,0.91744233878373,2.9731744692821156
nihavent--sarki--semai--icimde_nice--avni_anil.txt,sarki,vocal,541,0.22037037037037038,19.0188679245283,0.05185185185185185,0.8197961778599416,0.25956525404362096,0.6376886105997187,0.5602309238163207,1.1979195344160394
nihavent--sarki--semai--kacsam_birakip--mehves_hanim.txt,sarki,vocal,375,0.053475935828877004,16.07547169811321,0.0106951871657754,-1.2839806686720905,-0.23493541799859222,-0.7495429501309633,-1.0490452506734982,-1.7985882008044616
nihavent--sarki--semai--kanatlari_gumus--mesut_cemil.txt,sarki,vocal,152,0.1456953642384106,14.943396226415095,0.006622516556291391,-0.12151471334294243,-0.4251279841686744,-0.8868168825312198,0.303613270825732,-0.5832036117054878
nihavent--sarki--semai--suzul_guzel--necdet_varol.txt,sarki,vocal,254,0.28063241106719367,19.92452830188679,0.0,1.579425378743979,0.4117193069796866,-1.1100362334777238,1.1677060717642922,0.05766983828656835
nihavent--sarki--senginsemai--bin_gul--lemi_atli.txt,sarki,vocal,447,0.1412556053811659,20.150943396226417,0.013452914798206279,-0.17747980237492383,0.4497578202137035,-0.656590646128996,-0.6272376225886274,-1.2838282687176235
nihavent--sarki--senginsemai--bir_asik-i--afet_misirliyan.txt,sarki,vocal,339,0.14201183431952663,16.07547169811321,0.0,-0.16794720810015645,-0.23493541799859222,-1.1100362334777238,0.06698820989843576,-1.043048023579288
nihavent--sarki--senginsemai--bir_gun--musa_sureyya_bey.txt,sarki,vocal,520,0.19845857418111754,18.11320754716981,0.015414258188824663,0.5435884683846556,0.10741120110755534,-0.5904813665348012,0.43617726727710027,-0.15430409925770094
nihavent--sarki--sofyan--anla_artik--yildirim_gurses.txt,sarki,vocal,675,0.06379821958456973,16.9811320754717,0.08902077151335312,-1.1538637979195125,-0.08278136506252656,1.8905087510554015,-1.071082432856986,0.8194263181984156
nihavent--sarki--sofyan--gelmedin--ismail_gokce.txt,sarki,vocal,480,0.12108559498956159,21.962264150943398,0.04592901878914405,-0.4317315452370736,0.7540659260858348,0.4380528768443771,-1.1857974713229082,-0.7477445944785311
nihavent--sarki--sofyan--gonlumle_oturdum--sekip_memduh_bey.txt,sarki,vocal,298,0.12794612794612795,24.0,0.006734006734006734,-0.34525154709605765,1.0964125451919824,-0.8830589810001339,-1.4416640922880402,-2.3247230732881743
nihavent--sarki--sofyan--kandilli_yuzerken--munir_nurettin_selcuk.txt,sarki,vocal,291,0.22758620689655173,19.92452830188679,0.027586206896551724,0.9107549318402385,0.4117193069796866,-0.18021217850056231,0.49903562486055186,0.31882344635998955
nihavent--sarki--sofyan--karsida_kandilli--amir_ates.txt,sarki,vocal,635,0.11198738170347003,24.90566037735849,0.03470031545741325,-0.5464184759826929,1.248566598128048,0.05957683252272778,-1.794985074110741,-1.7354082415880132
nihavent--sarki--sofyan--korfezde_meltem--ismail_otenkaya.txt,sarki,vocal,404,0.23076923076923078,16.9811320754717,0.11166253101736973,0.9508783304646309,-0.08278136506252656,2.6536746590321885,1.0336596955271575,3.687334354559346
nihavent--sarki--sofyan--ne_dert--sadettin_kaynak.txt,sarki,vocal,518,0.15860735009671179,24.0,0.0367504835589942,0.0412464773826211,1.0964125451919824,0.1286800486606128,-1.0551660678093613,-0.9264860191487485
nihavent--sarki--sofyan--sahilde_o--yesari_asim_arsoy.txt,sarki,vocal,447,0.0515695067264574,19.0188679245283,0.008968609865470852,-1.3080120356631093,0.25956525404362096,-0.8077391752452386,-1.5675772897067302,-2.3753164649519687
nihavent--sarki--sofyan--semalardan_gunes--misirli_udi_ibrahim_efendi.txt,sarki,vocal,433,0.06712962962962964,19.92452830188679,0.027777777777777776,-1.1118699271331336,0.4117193069796866,-0.17375506700766538,-1.52358923411282,-1.6973443011204854
nihavent--sarki--turkaksagi--ben_buy-i--haci_arif_bey.txt,sarki,vocal,531,0.15849056603773584,16.9811320754717,0.018867924528301886,0.03977436358809826,-0.08278136506252656,-0.4740716675735332,0.12255572865062482,-0.3515159389229084
nihavent--sarki--turkaksagi--bir_tatli_urperti--fethi_karamahmutoglu.txt,sarki,vocal,396,0.28860759493670884,16.07547169811321,0.11139240506329114,1.6799560358483678,-0.23493541799859222,2.6445697606705614,1.9148914538469601,4.559461214517522
nihavent--sarki--turkaksagi--korfezdeki_dalgin--osman_nihat_akin.txt,sarki,vocal,407,0.22413793103448276,20.150943396226417,0.0049261083743842365,0.8672879166638133,0.4497578202137035,-0.9439962236603735,0.41753009645010986,-0.5264661272102636
nihavent--sarki--turkaksagi--nerelerde_kaldin--sermuezzin_hakki_bey.txt,sarki,vocal,300,0.18729096989966554,21.056603773584907,0.033444816053511704,0.40281596519666235,0.6019118731497691,0.01725881645278134,-0.19909590795310678,-0.18183709150032543
nihavent--sarki--yuruksemai--tez_gecse_de--sadettin_kaynak.txt,sarki,vocal,474,0.10782241014799154,19.92452830188679,0.019027484143763214,-0.5989197517079878,0.4117193069796866,-0.46869353170964995,-1.0106390586876746,-1.4793325903973245
nihavent--sarki--yuruksemai_ii--acildi_bahcede--rifat_bey.txt,sarki,vocal,290,0.1314878892733564,16.07547169811321,0.02422145328719723,-0.3006061070211026,-0.23493541799859222,-0.2936249741335898,-0.06567068902251036,-0.3592956631561002
nihavent--sarki--yuruksemai_ii--ates_alevde--ozgen_gurbuz.txt,sarki,vocal,608,0.13673805601317957,16.07547169811321,0.019769357495881382,-0.23442547458709231,-0.23493541799859222,-0.4436878579998569,0.0005099434114999024,-0.443177914588357
nihavent--sarki--yuruksemai_ii--sevdim_seni--tanburi_cemil_bey.txt,sarki,vocal,412,0.1192214111922141,16.07547169811321,0.05596107055961071,-0.45523039180624875,-0.23493541799859222,0.7761944376590364,-0.22029497380765653,0.5558994638513799
nihavent--sarki--yuruksemai_ii--suzup_suzup--rahmi_bey.txt,sarki,vocal,478,0.10062893081761007,21.962264150943398,0.016771488469601678,-0.6895966835232354,0.7540659260858348,-0.5447343971184432,-1.4436626096090701,-1.9883970067275132
nihavent--sarki--yuruksemai_ii--vucud_ikliminin--haci_arif_bey.txt,sarki,vocal,186,0.10270270270270271,19.92452830188679,0.03783783783783784,-0.6634558880627235,0.4117193069796866,0.1653305446328424,-1.07517519504241,-0.9098446504095676
nihavent--sazeseri--nimsofyan--kanatlarim_olsaydi--serif_muhittin_targan.txt,sazeseri,instrumental,517,0.0562015503875969,28.9811320754717,0.013565891472868217,-1.2496231131492912,1.9332598363403437,-0.652782640550486,-3.1828829494896347,-3.8356655900401204
nihavent--sazeseri--nimsofyan--seytanin_ruyasi--muhammet_yildirir.txt,sazeseri,instrumental,1029,0.0048638132295719845,36.0,0.0009727626459143969,-1.8967575911989363,3.1124537465948525,-1.0772481770643754,-5.009211337793789,-6.086459514858165
nihavent--sazsemaisi--aksaksemai----mesut_cemil.txt,sazsemaisi,instrumental,1110,0.06582506762849413,26.943396226415093,0.04869251577998197,-1.1283144978606974,1.5909132172341955,0.531199643544633,-2.7192277150948927,-2.1880280715502596
nihavent--sazsemaisi--aksaksemai----vecdi_seyhun.txt,sazsemaisi,instrumental,822,0.07064555420219244,28.9811320754717,0.037758830694275276,-1.0675501705742552,1.9332598363403437,0.16266752021361033,-3.000810006914599,-2.838142486700989
nihavent--sazsemaisi--senginsemai----erzurumlu_hasib_dede.txt,sazsemaisi,instrumental,522,0.09021113243761997,19.92452830188679,0.0710172744721689,-0.8209175576067457,0.4117193069796866,1.2836806834860341,-1.2326368645864323,0.051043818899601856
nihavent--turku--agir_aksaksemai--bir_ates_ver--.txt,turku,vocal,373,0.1478494623655914,13.132075471698114,0.0,-0.09436137070709602,-0.7294360900408057,-1.1100362334777238,0.6350747193337096,-0.4749615141440142
nihavent--turku--aksak--evlerinin_onu--muzaffer_sarisozen.txt,turku,vocal,590,0.23429541595925296,15.169811320754716,0.010186757215619695,0.9953274265638089,-0.3870894709346582,-0.7666801520557669,1.3824168974984672,0.6157367454427003
nihavent--turku--azeriyuruksemai--aman_avci--.txt,turku,vocal,387,0.15284974093264247,13.132075471698114,0.0,-0.03133068724259108,-0.7294360900408057,-1.1100362334777238,0.6981054027982145,-0.4119308306795093
nihavent--turku--nimsofyan--uskudara_gider--.txt,turku,vocal,437,0.13990825688073394,11.09433962264151,0.01834862385321101,-0.19446371551262476,-1.0717827091469536,-0.4915752794791531,0.8773189936343289,0.3857437141551758
nihavent--yuruksemai--yuruksemai--ayrildi_gonul--zeki_duygulu.txt,yuruksemai,vocal,484,0.10144927536231885,19.92452830188679,0.006211180124223602,-0.6792558841785568,0.4117193069796866,-0.9006814384906301,-1.0909751911582433,-1.9916566296488734
nihavent--yuruksemai--yuruksemai--ruhsarina_aybetme--munir_nurettin_selcuk.txt,yuruksemai,vocal,889,0.21846846846846846,24.0,0.04391891891891892,0.7958218781980693,1.0964125451919824,0.370300205400612,-0.3005906669939131,0.06970953840669886
nikriz--agirsemai--aksaksemai--benim_curmum--akin_ozkan.txt,agirsemai,vocal,665,0.11295180722891567,19.245283018867923,0.05120481927710843,-0.5342614732868805,0.29760376727763727,0.6158796517020225,-0.8318652405645177,-0.2159855888624952
nikriz--aranagme--evfer--1--.txt,aranagme,flagged,102,0.25742574257425743,16.9811320754717,0.06930693069306931,1.2868952413867287,-0.08278136506252656,1.226031627417868,1.3696766064492554,2.595708233867123
nikriz--fantezi--yuruksemai_ii--uzaga_gitme--bilge_ozgen.txt,fantezi,vocal,507,0.09683794466403162,14.037735849056604,0.01383399209486166,-0.7373837107978869,-0.57728203710474,-0.6437460082791967,-0.16010167369314687,-0.8038476819723436
nikriz--longa--nimsofyan----haydar_tatliyay.txt,longa,instrumental,461,0.02608695652173913,22.867924528301888,0.0,-1.6292306506430352,0.9062199790219004,-1.1100362334777238,-2.5354506296649357,-3.6454868631426596
nikriz--longa--nimsofyan----tanburi_cemil_bey.txt,longa,instrumental,384,0.1671018276762402,14.037735849056604,0.0,0.14832305728351883,-0.57728203710474,-1.1100362334777238,0.7256050943882588,-0.384431139089465
nikriz--nakis--yuruksemai--meclis-i_meyde--kassamzade_mehmet_efendi.txt,nakis,vocal,596,0.22857142857142856,17.433962264150942,0.05042016806722689,0.9231740790335026,-0.006704338594494042,0.5894321022998614,0.9298784176279966,1.519310519927858
nikriz--pesrev--cenber----mumin_aga.txt,pesrev,instrumental,344,0.026239067055393587,10.415094339622641,0.014577259475218658,-1.627313231289328,-1.1858982488490029,-0.6186933472835241,-0.44141498244032507,-1.0601083297238492
nikriz--sarki--aksak--elmas_senin--tanburi_mustafa_cavus.txt,sarki,vocal,559,0.13261648745519714,16.528301886792452,0.017921146953405017,-0.28637963667463695,-0.1588583915305597,-0.50598386801317,-0.12752124514407726,-0.6335051131572472
nikriz--sarki--aksak--sevdim_seni--sinan_sipahi.txt,sarki,vocal,462,0.16052060737527116,17.20754716981132,0.09761388286334056,0.06536391650004941,-0.0447428518285103,2.1801492105168423,0.11010676832855971,2.290255978845402
nikriz--sarki--turkaksagi--bir_destan--selahattin_icli.txt,sarki,vocal,553,0.5126811594202898,13.358490566037736,0.059782608695652176,4.504500653980975,-0.6913975768067895,0.9050036682730543,5.195898230787765,6.100901899060819
nikriz--sirto--nimsofyan----refik_fersan.txt,sirto,instrumental,848,0.11452184179456906,21.056603773584907,0.02715466351829988,-0.5144705055619777,0.6019118731497691,-0.19475783225315663,-1.1163823787117468,-1.3111402109649035
nikriz--sirto--nimsofyan----tanburi_cemil_bey.txt,sirto,instrumental,342,0.11436950146627566,15.169811320754716,0.0,-0.516390821576932,-0.3870894709346582,-1.1100362334777238,-0.12930135064227377,-1.2393375841199976
nikriz--turku--ciftesofyan--penceresi_yola--.txt,turku,vocal,394,0.09669211195928754,15.39622641509434,0.015267175572519083,-0.7392219953910826,-0.3490509577006416,-0.5954389511430352,-0.390171037690441,-0.9856099888334762
nikriz--turku--devrituran--ben_giderim--.txt,turku,vocal,286,0.3087719298245614,13.358490566037736,0.031578947368421054,1.9341362365202814,-0.6913975768067895,-0.04563238106965729,2.625533813327071,2.5799014322574134
nikriz--turku--nimsofyan--sokak_basi--giresun.txt,turku,vocal,518,0.23210831721470018,10.415094339622641,0.0,0.9677580968104823,-1.1858982488490029,-1.1100362334777238,2.1536563456594853,1.0436201121817614
nikriz--turku--oynak--yoruk_de--.txt,turku,vocal,374,0.1126005361930295,15.39622641509434,0.05093833780160858,-0.5386893972867722,-0.3490509577006416,0.6068975945799706,-0.18963843958613064,0.41725915499384
nikriz--turku--sofyan--kahve_yemenden--.txt,turku,vocal,604,0.16417910447761194,14.943396226415095,0.0,0.11148086173045209,-0.4251279841686744,-1.1100362334777238,0.5366088458991265,-0.5734273875785973
nikriz--turku--turkaksagi--sen_bu--trabzon.txt,turku,vocal,409,0.2916666666666667,13.358490566037736,0.04411764705882353,1.7185169638688045,-0.6913975768067895,0.3769985603276633,2.4099145406755937,2.786913101003257
nikriz--zeybek--agiraksak----izmir.txt,zeybek,flagged,358,0.07282913165266107,15.39622641509434,0.07563025210084033,-1.0400252282625135,-0.3490509577006416,1.4391662701886538,-0.690974270561872,0.7481919996267818
nikriz--zeybek--aksak--1--tanburi_cemil_bey.txt,zeybek,flagged,490,0.18609406952965235,19.0188679245283,0.0,0.38772851609773307,0.25956525404362096,-1.1100362334777238,0.1281632620541121,-0.9818729714236117
nikriz--zeybek--aksak--2--tanburi_cemil_bey.txt,zeybek,flagged,606,0.12727272727272726,15.169811320754716,0.0,-0.3537400551103092,-0.3870894709346582,-1.1100362334777238,0.03334941582434897,-1.0766868176533748
nikriz--zeybek--aksak--sobalarinda_guru--denizli.txt,zeybek,flagged,562,0.16042780748663102,16.9811320754717,0.0659536541889483,0.0641941335913609,-0.08278136506252656,1.1130056804939656,0.14697549865388748,1.2599811791478532
nisabur--beste--muhammes--renc-i_hatir--tanburi_ali_efendi.txt,beste,vocal,699,0.09169054441260745,16.9811320754717,0.05157593123209169,-0.8022689270037455,-0.08278136506252656,0.6283883965297201,-0.719487561941219,-0.09109916541149887
nisabur--turku--nimsofyan--sultan_murat--.txt,turku,vocal,302,0.32558139534883723,9.962264150943396,0.0,2.1460268515051557,-1.2619752753170357,-1.1100362334777238,3.4080021268221916,2.2979658933444678
nisaburek--agirsemai--agir_aksaksemai--bilmem_ki--necmi_piskin.txt,agirsemai,vocal,471,0.16170212765957448,15.39622641509434,0.059574468085106386,0.08025749293747872,-0.3490509577006416,0.8979880554623166,0.4293084506381203,1.327296506100437
nisaburek--aranagme--duyek--1--.txt,aranagme,flagged,72,0.04225352112676056,12.0,0.0,-1.4254440810222695,-0.9196286562108879,-1.1100362334777238,-0.5058154248113816,-1.6158516582891056
nisaburek--pesrev--duyek----fahri_kopuz.txt,pesrev,instrumental,964,0.13707165109034267,24.0,0.04569055036344756,-0.23022036372536184,1.0964125451919824,0.4300150309963911,-1.3266329089173443,-0.8966178779209533
nisaburek--pesrev--muhammes----tanburi_buyuk_osman_bey.txt,pesrev,instrumental,661,0.15454545454545454,21.962264150943398,0.04090909090909091,-0.009955480533129007,0.7540659260858348,0.26885057532363504,-0.7640214066189638,-0.49517083129532874
nisaburek--sarki--agiraksak--ey_nihal-i--akin_ozkan.txt,sarki,vocal,508,0.11242603550295859,15.39622641509434,0.027613412228796843,-0.5408890542884188,-0.3490509577006416,-0.17929519225305035,-0.19183809658777723,-0.3711332888408276
nisaburek--sarki--aksak--artik_demir--ferit_sidal.txt,sarki,vocal,301,0.1,15.39622641509434,0.0,-0.6975246296874891,-0.3490509577006416,-1.1100362334777238,-0.3484736719868475,-1.4585099054645714
nisaburek--sarki--aydin--meclise_gel--tanburi_mustafa_cavus.txt,sarki,vocal,312,0.07717041800643087,19.0188679245283,0.05787781350482315,-0.9853014279134029,0.25956525404362096,0.8408004091994398,-1.2448666819570238,-0.404066272757584
nisaburek--sarki--duyek--ayrilik_yari--selahaddin_pinar.txt,sarki,vocal,365,0.17307692307692307,20.60377358490566,0.024725274725274724,0.223641730397519,0.525834846681736,-0.27664310727910035,-0.30219311628421697,-0.5788362235633173
nisaburek--sarki--kapali_curcuna--titrer_yuregim--emin_ongan.txt,sarki,vocal,433,0.16435185185185186,16.9811320754717,0.004629629629629629,0.11365841742440658,-0.08278136506252656,-0.9539893723993808,0.19643978248693314,-0.7575495899124476
nisaburek--sarki--musemmen--bin_zeban--yusuf_ziya_pasa.txt,sarki,vocal,265,0.06060606060606061,16.9811320754717,0.015151515151515152,-1.1941023485211937,-0.08278136506252656,-0.5993374154031464,-1.111320983458667,-1.7106583988618134
nisaburek--sarki--musemmen--gul_yuzun--vecihe_daryal.txt,sarki,vocal,309,0.1590909090909091,16.9811320754717,0.045454545454545456,0.04734194856306769,-0.08278136506252656,0.4220602207460083,0.13012331362559426,0.5521835343716026
nisaburek--sarki--musemmen--iftirakinla_efendim--cevdet_cagla.txt,sarki,vocal,331,0.10606060606060606,21.962264150943398,0.024242424242424242,-0.6211280575592268,0.7540659260858348,-0.29291812455840005,-1.3751939836450617,-1.6681121082034618
nisaburek--sarki--semai--aski_fisildar--neveser_kokdes.txt,sarki,vocal,365,0.10989010989010989,21.962264150943398,0.02197802197802198,-0.5728554982474129,0.7540659260858348,-0.3692423435233918,-1.3269214243332477,-1.6961637678566395
nisaburek--sarki--senginsemai--gormek_ister--garbis_efendi.txt,sarki,vocal,327,0.15337423312883436,16.9811320754717,0.05828220858895705,-0.02471923526957224,-0.08278136506252656,0.8544309992385951,0.058062129792954324,0.9124931290315494
nisaburek--sarki--sofyan--kirdi_gecirdi--medeni_aziz_efendi.txt,sarki,vocal,404,0.05707196029776675,19.0188679245283,0.02729528535980149,-1.2386512181245228,0.25956525404362096,-0.19001801530863408,-1.498216472168144,-1.688234487476778
nisaburek--sarki--turkaksagi--bir_soz_dedi--munir_nurettin_selcuk.txt,sarki,vocal,611,0.13278688524590163,16.9811320754717,0.05901639344262295,-0.2842316985018083,-0.08278136506252656,0.8791775234816136,-0.20145033343928173,0.6777271900423318
nisaburek--sarki--turkaksagi--varsin_gonul--lemi_atli.txt,sarki,vocal,360,0.11977715877437325,19.92452830188679,0.06685236768802229,-0.4482249521157365,0.4117193069796866,1.1432978273304395,-0.8599442590954232,0.28335356823501634
nisaburek--sarki--yuruksemai_ii--mest-i_nazim--yusuf_ziya_pasa.txt,sarki,vocal,256,0.043137254901960784,19.0188679245283,0.0,-1.4143042328908908,0.25956525404362096,-1.1100362334777238,-1.6738694869345117,-2.7839057204122355
nisaburek--sarki--yuruksemai_ii--meyledip_bir--ali_rifat_cagatay.txt,sarki,vocal,762,0.07490144546649145,20.60377358490566,0.03679369250985545,-1.01390281242365,0.525834846681736,0.1301364548295284,-1.539737659105386,-1.4096012042758574
nisaburek--sazsemaisi--aksaksemai----munir_mazhar_kamsoy.txt,sazsemaisi,instrumental,893,0.034753363228699555,24.90566037735849,0.05044843049327354,-1.5199868294046441,1.248566598128048,0.5903847190800058,-2.768553427532692,-2.178168708452686
nisaburek--turku--aksak--fincani_tastan--.txt,turku,vocal,399,0.02512562814070352,13.358490566037736,0.04271356783919598,-1.641348612488156,-0.6913975768067895,0.3296724948631701,-0.9499510356813665,-0.6202785408181964
nisaburek--yuruksemai--yuruksemai--ey_gul--yusuf_ziya_pasa.txt,yuruksemai,vocal,349,0.09482758620689655,19.0188679245283,0.0,-0.7627251524521268,0.25956525404362096,-1.1100362334777238,-1.0222904064957476,-2.1323266399734715
nisabureyn--pesrev--devriaryan----ozan_yarman.txt,pesrev,instrumental,884,0.12004530011325028,24.0,0.02378255945639864,-0.4448449140582821,1.0964125451919824,-0.30841838313642805,-1.5412574592502644,-1.8496758423866924
nuhuft--beste--darbifetih--ta_kim--seyyid_nuh.txt,beste,vocal,796,0.15723270440251572,20.830188679245282,0.03522012578616352,0.023918471259591,0.5638733599157523,0.07709762287676541,-0.5399548886561613,-0.46285726577939584
pencgah--tevsihilahi--sofyan--ya_resulallah--.txt,tevsihilahi,vocal,333,0.05120481927710843,12.0,0.03313253012048193,-1.3126090793828054,-0.9196286562108879,0.0067328686974062755,-0.3929804231719175,-0.3862475544745112
pesendide--nakis--yuruksemai--ey_afet-i_can--dede_efendi.txt,nakis,vocal,550,0.18579234972677597,16.07547169811321,0.04189435336976321,0.3839252069150429,-0.23493541799859222,0.3020599520181022,0.6188606249136351,0.9209205769317373
pesendide--sazsemaisi--aksaksemai----iii_selim.txt,sazsemaisi,instrumental,237,0.09322033898305085,21.962264150943398,0.05084745762711865,-0.7829852018987655,0.7540659260858348,0.6038343763318749,-1.5370511279846002,-0.9332167516527253
peykinesat--pesrev--yuruksemai_ii----nefiri_behram_aga.txt,pesrev,instrumental,296,0.03389830508474576,21.962264150943398,0.04745762711864407,-1.5307652087474342,0.7540659260858348,0.4895763356779016,-2.284831134833269,-1.7952547991553676
rast--agirsemai--aksaksemai--cekmis_yuzune--tascizade_recep_celebi.txt,agirsemai,vocal,428,0.08899297423887588,12.0,0.08196721311475409,-0.8362729708712534,-0.9196286562108879,1.6527606511880224,0.08335568533963444,1.7361163365276568
rast--aranagme--curcuna--1--.txt,aranagme,flagged,62,0.01639344262295082,15.169811320754716,0.08196721311475409,-1.7514216042109758,-0.3870894709346582,1.6527606511880224,-1.3643321332763176,0.28842851791170476
rast--aranagme--musemmen--1--.txt,aranagme,flagged,108,0.07476635514018691,19.0188679245283,0.037383177570093455,-1.0156056846701138,0.25956525404362096,0.15000571018291556,-1.2751709387137349,-1.1251652285308194
rast--cocuksarkisi--sofyan--yavru_kuslar--.txt,cocuksarkisi,vocal,172,0.023391812865497075,12.0,0.0,-1.6632041072035058,-0.9196286562108879,-1.1100362334777238,-0.7435754509926179,-1.8536116844703416
rast--etud--sofyan----ozer_ozel.txt,etud,flagged,82,0.012345679012345678,15.849056603773585,0.0,-1.8024454228758744,-0.27297393123260877,-1.1100362334777238,-1.5294714916432657,-2.6395077251209895
rast--fantezi--duyek--haydi_biraz--omer_sami_gupgup.txt,fantezi,vocal,356,0.2028169014084507,14.037735849056604,0.059154929577464786,0.5985270763476077,-0.57728203710474,0.8838470393430204,1.1758091134523476,2.059656152795368
rast--ilahi--evsat--ya_rabbi--ali_ufki.txt,ilahi,vocal,128,0.2125984251968504,12.0,0.0,0.721827432805698,-0.9196286562108879,-1.1100362334777238,1.641456089016586,0.5314198555388621
rast--kanto--nimsofyan--darildin_mi--.txt,kanto,vocal,354,0.11898016997167139,9.056603773584905,0.0,-0.45827134218665644,-1.4141293282531013,-1.1100362334777238,0.9558579860664449,-0.15417824741127895
rast--kar_i_natik--cenber--rast_geldim--hatibzade_osman_efendi.txt,kar_i_natik,vocal,2434,0.17180435676120018,25.132075471698112,0.05754212905877518,0.20760047918354402,1.2866051113620642,0.8294857883098203,-1.0790046321785203,-0.24951884386869994
rast--kar_i_natik--yuruksemai--rast_getirub--dede_efendi.txt,kar_i_natik,vocal,1322,0.19530658591975775,21.962264150943398,0.03709311127933384,0.5038562871228481,0.7540659260858348,0.1402287004005375,-0.25020963896298665,-0.10998093856244914
rast--kar_i_nev--agirduyek--gozumde_daim--dede_efendi.txt,kar_i_nev,vocal,401,0.145,19.0188679245283,0.045,-0.1302800816351421,0.25956525404362096,0.4067392562037709,-0.38984533567876306,0.01689392052500782
rast--karsilama--ciftesofyan--tekirdag_karsilamasi--.txt,karsilama,flagged,197,0.07142857142857142,16.9811320754717,0.03571428571428571,-1.057679898292154,-0.08278136506252656,0.09375383769806561,-0.9748985332296275,-0.8811446955315618
rast--mars--sofyan--baska_bir--musa_sureyya_bey.txt,mars,flagged,244,0.12757201646090535,15.169811320754716,0.06172839506172839,-0.34996738488175283,-0.3870894709346582,0.9705885809001839,0.037122086052905345,1.007710666953089
rast--medhal--hafif--musahabet_i_musikiye--refik_fersan.txt,medhal,instrumental,491,0.04897959183673469,24.0,0.07755102040816327,-1.3406590379101049,1.0964125451919824,1.5039079210754192,-2.437071583102087,-0.9331636620266679
rast--mersiye--sofyan--ey_padiseh-i--rifat_bey.txt,mersiye,vocal,232,0.1645021645021645,20.150943396226417,0.021645021645021644,0.11555317367758769,0.4497578202137035,-0.38046649337118477,-0.3342046465361158,-0.7146711399073006
rast--nakis--duyek--amed_nesim-i--abdulkadir_meragi.txt,nakis,vocal,596,0.15966386554621848,14.943396226415095,0.011764705882352941,0.0545643135751932,-0.4251279841686744,-0.7134936217962873,0.4796922977438676,-0.23380132405241966
rast--nakis--yuruksemai--gulsende_yine--muallim_ismail_hakki_bey.txt,nakis,vocal,464,0.16630669546436286,16.9811320754717,0.058315334773218146,0.13830007034644698,-0.08278136506252656,0.8555475544464596,0.22108143540897354,1.076628989855433
rast--nefes--bektasidevrirevani--al_dokeyim--.txt,nefes,vocal,53,0.3076923076923077,9.962264150943396,0.0,1.9205271305541132,-1.2619752753170357,-1.1100362334777238,3.1825024058711486,2.072466172393425
rast--pesrev--cifteduyek----sirri_abdulbaki_dede.txt,pesrev,instrumental,690,0.026124818577648767,19.0188679245283,0.062409288824383166,-1.6287533829809733,0.25956525404362096,0.9935388691284455,-1.8883186370245943,-0.8947797678961489
rast--pesrev--cifteduyek--du-sems--farabi.txt,pesrev,instrumental,399,0.04522613065326633,26.037735849056602,0.06030150753768844,-1.387973046635628,1.4387591642981299,0.9224937359447146,-2.826732210933758,-1.904238474989043
rast--pesrev--devrikebir----giriftzen_asim_bey.txt,pesrev,instrumental,670,0.14499252615844543,24.0,0.014947683109118086,-0.13037429265458275,1.0964125451919824,-0.6062078030902485,-1.2267868378465652,-1.8329946409368136
rast--pesrev--muhammes----tatyos_efendi.txt,pesrev,instrumental,1056,0.16208530805687205,26.037735849056602,0.03886255924170616,0.08508764829942488,1.4387591642981299,0.1998699292803864,-1.353671515998705,-1.1538015867183185
rast--pesrev--sakil----benli_hasan_aga.txt,pesrev,instrumental,328,0.07339449541284404,20.830188679245282,0.039755351681957186,-1.032898572470732,0.5638733599157523,0.22996250018584613,-1.5967719323864844,-1.3668094322006383
rast--rumeliturkusu--devrihindi_ii--kircaliyle_arda--rumeli.txt,rumeliturkusu,vocal,518,0.31334622823984526,9.056603773584905,0.0,1.991797255125487,-1.4141293282531013,-1.1100362334777238,3.405926583378588,2.2958903499008643
rast--sarki--agiraksak--cevr_olur--serif_icli.txt,sarki,vocal,463,0.13203463203463203,19.0188679245283,0.023809523809523808,-0.2937141770095316,0.25956525404362096,-0.3075095193605309,-0.5532794310531526,-0.8607889504136834
rast--sarki--agiraksak--muy-i_julidem--sakir_aga.txt,sarki,vocal,369,0.1358695652173913,19.92452830188679,0.03804347826086957,-0.24537317834141542,0.4117193069796866,0.17226188581822593,-0.657092485321102,-0.48483059950287605
rast--sarki--aksak--aski_huznumle--mildan_niyazi_bey.txt,sarki,vocal,264,0.17110266159695817,16.9811320754717,0.03802281368821293,0.19875530682107787,-0.08278136506252656,0.1715653632113296,0.28153667188360443,0.453102035094934
rast--sarki--aksak--ay_gulsun--ismail_baha_surelsan.txt,sarki,vocal,256,0.16862745098039217,18.11320754716981,0.09019607843137255,0.16755420176489227,0.10741120110755534,1.9301237894132897,0.06014300065733694,1.9902667900706266
rast--sarki--aksak--bin_can_ile--tanburi_buyuk_osman_bey.txt,sarki,vocal,282,0.09608540925266904,15.169811320754716,0.05338078291814947,-0.7468697465603703,-0.3870894709346582,0.6892229476391146,-0.35978027562571213,0.3294426720134025
rast--sarki--aksak--bir_dame--haci_faik_bey.txt,sarki,vocal,373,0.0913978494623656,16.9811320754717,0.02956989247311828,-0.805958473998571,-0.08278136506252656,-0.1133498304612099,-0.7231771089360445,-0.8365269393972544
rast--sarki--aksak--calima_bak--lavtaci_hristo.txt,sarki,vocal,786,0.12356687898089172,19.0188679245283,0.006369426751592357,-0.4004538826537051,0.25956525404362096,-0.8953475583635704,-0.660019136697326,-1.5553666950608964
rast--sarki--aksak--reng-i_ruhsarina--erol_sayan.txt,sarki,vocal,514,0.18323586744639375,19.0188679245283,0.025341130604288498,0.3516996372319486,0.25956525404362096,-0.25588499389100383,0.09213438318832762,-0.1637506107026762
rast--sarki--aksak--sen_nazla_gezerken--kazim_nami_erdolen.txt,sarki,vocal,395,0.12436548223350254,20.830188679245282,0.0,-0.3903871417403638,0.5638733599157523,-1.1100362334777238,-0.9542605016561161,-2.0642967351338397
rast--sarki--azeriyuruksemai--ben_yarali--zeki_duygulu.txt,sarki,vocal,190,0.047619047619047616,10.18867924528302,0.005291005291005291,-1.3578092887960413,-1.2239367620830193,-0.9316969636739032,-0.13387252671302208,-1.0655694903869253
rast--sarki--cengiharbi--bulan_ozunu--refik_fersan.txt,sarki,vocal,352,0.1396011396011396,16.9811320754717,0.022792022792022793,-0.19833506223401498,-0.08278136506252656,-0.34180553278434245,-0.11555369717148842,-0.4573592299558309
rast--sarki--curcuna--aglasam_her--gulbenkyan.txt,sarki,vocal,469,0.17735042735042736,21.962264150943398,0.01282051282051282,0.27751110818026814,0.7540659260858348,-0.6779064643376969,-0.47655481790556664,-1.1544612822432634
rast--sarki--curcuna--anlatayim_halimi--tanburi_ali_efendi.txt,sarki,vocal,244,0.13991769547325103,20.830188679245282,0.053497942386831275,-0.19434473795381127,0.5638733599157523,0.6931719389831296,-0.7582180978695635,-0.06504615888643395
rast--sarki--curcuna--asik_oldur--haci_arif_bey.txt,sarki,vocal,325,0.22839506172839505,12.0,0.05864197530864197,0.9209508983631034,-0.9196286562108879,0.8665573401812885,1.8405795545739911,2.70713689475528
rast--sarki--curcuna--aylar_geciyor--selahaddin_pinar.txt,sarki,vocal,414,0.2179176755447942,16.9811320754717,0.01694915254237288,0.7888788941300683,-0.08278136506252656,-0.5387460302078576,0.8716602591925948,0.3329142289847372
rast--sarki--curcuna--gamdan_azade--rifat_bey.txt,sarki,vocal,449,0.15625,21.962264150943398,0.05580357142857143,0.011531055377944799,0.7540659260858348,0.7708857527344474,-0.74253487070789,0.028350882026557334
rast--sarki--curcuna--icime_hep--yildirim_gurses.txt,sarki,vocal,338,0.19584569732937684,21.962264150943398,0.08011869436201781,0.5106520206317203,0.7540659260858348,1.590454252602089,-0.24341390545411445,1.3470403471479746
rast--sarki--curcuna--mey-i_lalinle--tatyos_efendi.txt,sarki,vocal,344,0.1924198250728863,19.0188679245283,0.0641399416909621,0.46746741263576347,0.25956525404362096,1.0518724657767553,0.2079021585921425,1.2597746243688979
rast--sarki--curcuna--nihansin_dideden--haci_faik_bey.txt,sarki,vocal,612,0.15384615384615385,15.169811320754716,0.04746317512274959,-0.018770469624851415,-0.3870894709346582,0.48976333738109956,0.36831900130980677,0.8580823386909063
rast--sarki--devrihindi--gonlumun_ezhar--fehmi_tokay.txt,sarki,vocal,364,0.2534435261707989,16.9811320754717,0.030303030303030304,1.236697673741696,-0.08278136506252656,-0.08863859732856907,1.3194790388042226,1.2308404414756535
rast--sarki--duyek--bana_nasil--alaeddin_yavasca.txt,sarki,vocal,570,0.0984182776801406,19.92452830188679,0.02460456942003515,-0.7174629266313326,0.4117193069796866,-0.2807116150226984,-1.129182233611019,-1.4098938486337176
rast--sarki--duyek--belki_bir_sabah--sekip_ayhan_ozisik.txt,sarki,vocal,471,0.04468085106382979,21.962264150943398,0.014893617021276596,-1.3948465327305635,0.7540659260858348,-0.6080301612427137,-2.1489124588163984,-2.756942620059112
rast--sarki--duyek--ben_kuskunum--baki_duyarlar.txt,sarki,vocal,504,0.22266401590457258,16.9811320754717,0.015904572564612324,0.8487085761808485,-0.08278136506252656,-0.5739547703696188,0.931489941243375,0.3575351708737562
rast--sarki--duyek--bir_gonul--ferit_sidal.txt,sarki,vocal,445,0.18018018018018017,12.0,0.04954954954954955,0.3131813718472234,-0.9196286562108879,0.5600869283337319,1.2328100280581111,1.7928969563918429
rast--sarki--duyek--gorsem_seni--dede_efendi.txt,sarki,vocal,345,0.0872093023255814,16.9811320754717,0.03197674418604651,-0.8587569301674844,-0.08278136506252656,-0.032224193006377376,-0.7759755651049579,-0.8081997581113353
rast--sarki--duyek--her_telden--sakir_aga.txt,sarki,vocal,327,0.15337423312883436,21.962264150943398,0.03987730061349693,-0.02471923526957224,0.7540659260858348,0.23407292574923128,-0.778785161355407,-0.5447122356061758
rast--sarki--duyek--hicran_olacaksa--ferit_sidal.txt,sarki,vocal,410,0.11246943765281174,14.037735849056604,0.04645476772616137,-0.5403419513355754,-0.57728203710474,0.4557738346531319,0.03694008576916463,0.49271392042229656
rast--sarki--duyek--ne_sarkilarda--omer_dilek.txt,sarki,vocal,250,0.1606425702811245,20.150943396226417,0.05622489959839357,0.06690131190915895,0.4497578202137035,0.785087091425527,-0.38285650830454454,0.4022305831209825
rast--sarki--duyek--omrumce_hep--irfan_ozbakir.txt,sarki,vocal,394,0.1297709923664122,18.11320754716981,0.0916030534351145,-0.3222483383551476,0.10741120110755534,1.977547460530408,-0.42965953946270297,1.547887921067705
rast--sarki--duyek--saclarin_tarumar--sekip_ayhan_ozisik.txt,sarki,vocal,423,0.09004739336492891,16.9811320754717,0.030805687203791468,-0.82298155974646,-0.08278136506252656,-0.07169598251092914,-0.7402001946839335,-0.8118961771948626
rast--sarki--duyek--senin_askinla_cakoldum--basmaci_abdi_efendi.txt,sarki,vocal,268,0.11235955056179775,19.0188679245283,0.02247191011235955,-0.541727125852887,0.25956525404362096,-0.3525952898165529,-0.8012923798965079,-1.153887669713061
rast--sarki--duyek--sensiz_kalan--irfan_ozbakir.txt,sarki,vocal,479,0.17364016736401675,14.037735849056604,0.010460251046025104,0.23074166931030826,-0.57728203710474,-0.7574617356438106,0.8080237064150483,0.050561970771237696
rast--sarki--duyek--sevdim_seni--adnan_aydemir.txt,sarki,vocal,346,0.11014492753623188,18.11320754716981,0.043478260869565216,-0.5696434111249632,0.10741120110755534,0.3554473314319329,-0.6770546122325185,-0.3216072808005856
rast--sarki--duyek--uftadenim_ey--dede_efendi.txt,sarki,vocal,414,0.07506053268765134,20.830188679245282,0.031476997578692496,-1.0118974488932557,0.5638733599157523,-0.0490687131194008,-1.575770808809008,-1.6248395219284089
rast--sarki--evfer--kordonboyu--erol_sayan.txt,sarki,vocal,255,0.1968503937007874,16.9811320754717,0.05511811023622047,0.523316654834623,-0.08278136506252656,0.7477815141636521,0.6060980198971495,1.3538795340608016
rast--sarki--kapali_curcuna--hatirimdan_cikmaz--haci_arif_bey.txt,sarki,vocal,480,0.11899791231732777,19.0188679245283,0.03549060542797495,-0.4580476922123622,0.25956525404362096,0.08621444268026326,-0.7176129462559832,-0.6313985035757199
rast--sarki--kapali_curcuna--nedendir_bu--sevki_bey.txt,sarki,vocal,403,0.11194029850746269,19.0188679245283,0.11194029850746269,-0.5470119801213604,0.25956525404362096,2.6630371239389303,-0.8065772341649814,1.8564598897739488
rast--sarki--musemmen--hab-gahi--giriftzen_asim_bey.txt,sarki,vocal,385,0.1015625,24.0,0.020833333333333332,-0.6778286384356715,1.0964125451919824,-0.40782535862518,-1.774241183627654,-2.182066542252834
rast--sarki--musemmen--vuslatindan_gayri--haci_arif_bey.txt,sarki,vocal,417,0.13221153846153846,19.0188679245283,0.009615384615384616,-0.2914841946500184,0.25956525404362096,-0.7859389066227036,-0.5510494486936394,-1.3369883553163429
rast--sarki--semai--askim_guzel--neveser_kokdes.txt,sarki,vocal,371,0.07567567567567568,24.0,0.002702702702702703,-1.0041433043103793,1.0964125451919824,-1.0189386064698263,-2.1005558495023617,-3.119494455972188
rast--sarki--semai--gecsin_gunler--erol_sayan.txt,sarki,vocal,467,0.18669527896995708,16.9811320754717,0.02575107296137339,0.3953070222588544,-0.08278136506252656,-0.24206742679303442,0.4780883873213809,0.2360209605283465
rast--sarki--semai--perisan_saclarin--yesari_asim_arsoy.txt,sarki,vocal,573,0.08916083916083917,24.0,0.024475524475524476,-0.8341569606091889,1.0964125451919824,-0.285061219664945,-1.9305695058011714,-2.2156307254661165
rast--sarki--semai--sevmek_seni--neveser_kokdes.txt,sarki,vocal,368,0.07901907356948229,26.037735849056602,0.07629427792915532,-0.9619983214830128,1.4387591642981299,1.4615480057642898,-2.400757485781143,-0.9392094800168531
rast--sarki--semai--yine_bir_gulnihal--dede_efendi.txt,sarki,vocal,239,0.07142857142857142,20.830188679245282,0.09243697478991597,-1.057679898292154,0.5638733599157523,2.0056557154478494,-1.6215532582079062,0.3841024572399432
rast--sarki--senginsemai--bilmem_ki--selanikli_ahmed_bey.txt,sarki,vocal,389,0.26804123711340205,19.92452830188679,0.007731958762886598,1.420708161435823,0.4117193069796866,-0.8494218881716251,1.0089888544561365,0.1595669662845114
rast--sarki--senginsemai--bir_gonlume--tatyos_efendi.txt,sarki,vocal,438,0.18077803203661327,15.849056603773585,0.02288329519450801,0.3207175542051045,-0.27297393123260877,-0.33872909405158874,0.5936914854377133,0.2549623913861246
rast--sarki--senginsemai--bu_zevk_u_safa--lemi_atli.txt,sarki,vocal,276,0.19272727272727272,15.849056603773585,0.02909090909090909,0.47134292387492305,-0.27297393123260877,-0.1294945027745353,0.7443168551075319,0.6148223523329965
rast--sarki--senginsemai--dil_bir--dede_efendi.txt,sarki,vocal,370,0.22493224932249323,16.9811320754717,0.04607046070460705,0.8773006437369736,-0.08278136506252656,0.4428203353018854,0.9600820087995001,1.4029023441013855
rast--sarki--senginsemai--hafizin_kabri--munir_nurettin_selcuk.txt,sarki,vocal,344,0.32653061224489793,19.92452830188679,0.061224489795918366,2.1579921428209246,0.4117193069796866,0.9536038885379153,1.7462728358412378,2.6998767243791533
rast--sarki--senginsemai--sevda_ile_dillendi--munir_nurettin_selcuk.txt,sarki,vocal,326,0.16923076923076924,15.169811320754716,0.03076923076923077,0.17515929039304506,-0.3870894709346582,-0.07292478754165897,0.5622487613277032,0.4893239737860442
rast--sarki--sofyan--acilan_bir--dramali_hasan_hasguler.txt,sarki,vocal,472,0.11040339702760085,16.9811320754717,0.09554140127388536,-0.5663852909068097,-0.08278136506252656,2.110293893234579,-0.48360392584428313,1.6266899673902961
rast--sarki--sofyan--ask_denilen--erol_sayan.txt,sarki,vocal,406,0.17777777777777778,19.0188679245283,0.1580246913580247,0.28289804595854307,0.25956525404362096,4.21636329132972,0.023332791914922102,4.239696083244642
rast--sarki--sofyan--bir_acaib--civan_aga.txt,sarki,vocal,387,0.12176165803108809,21.056603773584907,0.038860103626943004,-0.4232094769160604,0.6019118731497691,0.1997871600296119,-1.0251213500658296,-0.8253341900362177
rast--sarki--sofyan--gelmez_oldu--dramali_hasan_hasguler.txt,sarki,vocal,400,0.02506265664160401,16.9811320754717,0.03508771929824561,-1.6421423955891978,-0.08278136506252656,0.07263471364235,-1.5593610305266712,-1.4867263168843212
rast--sarki--sofyan--karli_dagi--rifat_bey.txt,sarki,vocal,277,0.16304347826086957,16.9811320754717,0.007246376811594203,0.09716579995106486,-0.08278136506252656,-0.8657889726594477,0.17994716501359143,-0.6858418076458562
rast--sarki--sofyan--sazin_gibi--lemi_atli.txt,sarki,vocal,431,0.20465116279069767,16.9811320754717,0.03255813953488372,0.6216487378761089,-0.08278136506252656,-0.012627610452352953,0.7044301029386354,0.6918024924862824
rast--sarki--sofyan--yarali_gonlumde--omer_sami_gupgup.txt,sarki,vocal,356,0.18591549295774648,16.9811320754717,0.09577464788732394,0.385477480834989,-0.08278136506252656,2.1181557320415765,0.46825884589751554,2.586414577939092
rast--sarki--turkaksagi--asude_fikrim--hafiz_yusuf_efendi.txt,sarki,vocal,224,0.10762331838565023,16.07547169811321,0.04932735426008968,-0.6014293898579933,-0.23493541799859222,0.552597586800945,-0.36649397185940114,0.18610361494154382
rast--sarki--turkaksagi--esti_nesim-i_nevbahar--haci_arif_bey.txt,sarki,vocal,630,0.10651828298887123,19.0188679245283,0.033386327503974564,-0.6153588410630544,0.25956525404362096,0.015287394266893416,-0.8749240951066753,-0.8596367008397819
rast--sarki--yuruksemai--fitneler_gizlemis--mahmud_celaleddin_pasa.txt,sarki,vocal,402,0.09226932668329177,20.830188679245282,0.02493765586034913,-0.794973125058078,0.5638733599157523,-0.26948456283128724,-1.3588464849738302,-1.6283310478051174
rast--sarki--yuruksemai--unutulmus_birer--gultekin_ceki.txt,sarki,vocal,445,0.34684684684684686,15.169811320754716,0.060810810810810814,2.4140871053744353,-0.3870894709346582,0.939660374199972,2.8011765763090937,3.7408369505090655
rast--sarki--yuruksemai_ii--erdi_bahar--munir_nurettin_selcuk.txt,sarki,vocal,270,0.2936802973977695,16.9811320754717,0.03717472118959108,1.7438996539578877,-0.08278136506252656,0.1429794539914995,1.8266810190204144,1.9696604730119138
rast--sarki--yuruksemai_ii--sevdim_yine--basmaci_abdi_efendi.txt,sarki,vocal,384,0.06266318537859007,16.9811320754717,0.0391644908616188,-1.1681713971460657,-0.08278136506252656,0.21004687329468247,-1.085390032083539,-0.8753431587888565
rast--sarki--yuruksemai_ii--yuzundur_cihani--dede_efendi.txt,sarki,vocal,216,0.06511627906976744,19.0188679245283,0.013953488372093023,-1.1372490855420219,0.25956525404362096,-0.6397182521811363,-1.3968143395856427,-2.036532591766779
rast--sazsemaisi--aksaksemai----benli_hasan_aga.txt,sazsemaisi,instrumental,724,0.012448132780082987,26.037735849056602,0.02627939142461964,-1.8011539486275097,1.4387591642981299,-0.22425986021974317,-3.2399131129256395,-3.4641729731453825
rast--sazsemaisi--aksaksemai----kantemiroglu.txt,sazsemaisi,instrumental,627,0.038338658146964855,22.18867924528302,0.036741214057507986,-1.4747926295036269,0.7921044393198511,0.12836760971270494,-2.2668970688234777,-2.1385294591107726
rast--sugul--duyek--ya_men--tanburi_ali_efendi.txt,sugul,vocal,62,0.14754098360655737,9.962264150943396,0.01639344262295082,-0.09824987946825174,-1.2619752753170357,-0.5574768565445746,1.1637253958487839,0.6062485393042093
rast--turku--devrituran--oynayin_kiz--trabzon.txt,turku,vocal,208,0.45893719806763283,7.018867924528302,0.01932367149758454,3.827034674691404,-1.7564759473592493,-0.45871020462898754,5.583510622050653,5.124800417421666
rast--turku--evfer--evrese_yollari--.txt,turku,vocal,154,0.2679738562091503,7.018867924528302,0.0457516339869281,1.4198587958673867,-1.7564759473592493,0.43207392306119596,3.176334743226636,3.608408666287832
rast--turku--nimsofyan--ibrisim_ormuyorlar--.txt,turku,vocal,540,0.16883116883116883,14.037735849056604,0.0074211502782931356,0.17012215376920348,-0.57728203710474,-0.8598980368697675,0.7474041908739435,-0.11249384599582402
rast--turku--nimsofyan--sira_sira--.txt,turku,vocal,274,0.21611721611721613,12.0,0.047619047619047616,0.7661833209237771,-0.9196286562108879,0.4950171947566621,1.685811977134665,2.180829171891327
rast--turku--oynak--aman_aysem--.txt,turku,vocal,148,0.06802721088435375,13.132075471698114,0.07482993197278912,-1.100555525506995,-0.7294360900408057,1.4121905823191685,-0.3711194354661893,1.0410711468529792
rast--turku--semai--gul_agaci--necip_mirkelamoglu.txt,turku,vocal,470,0.2857142857142857,12.0,0.0042643923240938165,1.6434846162428323,-0.9196286562108879,-0.9663001055761371,2.56311327245372,1.596813166877583
rast--turku--sofyan--adananin_yollari--.txt,turku,vocal,518,0.13539651837524178,11.09433962264151,0.007736943907156673,-0.25133613927880866,-1.0717827091469536,-0.8492538582907057,0.8204465698681449,-0.02880728842256075
rast--turku--sofyan--kalenin_dibinde--kerkuk.txt,turku,vocal,752,0.15978695073235685,14.037735849056604,0.03062583222370173,0.05611585581481549,-0.57728203710474,-0.07775819641086844,0.6333978929195555,0.555639696508687
rast--turku--sofyan--su_dereler--orta_anadolu.txt,turku,vocal,310,0.27184466019417475,10.18867924528302,0.022653721682847898,1.4686519615803737,-1.2239367620830193,-0.3464671268419479,2.692588723663393,2.346121596821445
rast--yuruksemai--yuruksemai_ii--gelse_o--hafiz_post.txt,yuruksemai,vocal,465,0.1336206896551724,19.0188679245283,0.004310344827586207,-0.27372123171734486,0.25956525404362096,-0.9647512248875423,-0.5332864857609658,-1.498037710648508
rast--zeybek--agiraksak--kordon_zeybegi--.txt,zeybek,flagged,750,0.08277703604806408,20.150943396226417,0.017356475300400534,-0.9146275719772171,0.4497578202137035,-0.525016759635284,-1.3643853921909206,-1.8894021518262045
rehavi--beste--remel--zannetme_ben--numan_aga.txt,beste,vocal,377,0.13297872340425532,21.056603773584907,0.047872340425531915,-0.2818134951810409,0.6019118731497691,0.5035547129919514,-0.88372536833081,-0.3801706553388585
rehavi--mars--ikizaksak--hos_gelisler--.txt,mars,flagged,472,0.14012738853503184,14.037735849056604,0.036093418259023353,-0.19170146581915415,-0.57728203710474,0.10653292550247953,0.38558057128558587,0.4921134967880654
rehavi--nakis--yuruksemai--biz_alude-i--hafiz_post.txt,nakis,vocal,249,0.07258064516129033,24.0,0.06854838709677419,-1.0431575084290625,1.0964125451919824,1.2004640644241946,-2.139570053621045,-0.9391059891968503
rehavi--sarki--duyek--ey_bulend--dede_efendi.txt,sarki,vocal,312,0.03536977491961415,19.0188679245283,0.06752411575562701,-1.51221669227071,0.25956525404362096,1.165939849645634,-1.7717819463143312,-0.6058420966686973
rehavi--sarki--sofyan--mevsim-i_gul--muallim_ismail_hakki_bey.txt,sarki,vocal,365,0.17032967032967034,16.9811320754717,0.005494505494505495,0.18901141610860903,-0.08278136506252656,-0.9248377609891408,0.2717927811711356,-0.6530449798180052
rengidil--sarki--turkaksagi--masum_bakislim--halis_bey.txt,sarki,vocal,140,0.08633093525179857,21.056603773584907,0.1079136690647482,-0.8698291286961957,0.6019118731497691,2.5273150607225032,-1.471741001845965,1.0555740588765383
reyya--sarki--sofyan--suzme_cesmin--erol_basara.txt,sarki,vocal,383,0.12827225130890052,19.245283018867923,0.041884816753926704,-0.3411406204399412,0.29760376727763727,0.3017385096813173,-0.6387443877175785,-0.33700587803626114
ruhnuvaz--sazsemaisi--aksaksemai----suphi_ezgi.txt,sazsemaisi,instrumental,172,0.04678362573099415,25.132075471698112,0.017543859649122806,-1.3683401446031953,1.2866051113620642,-0.5187007599176869,-2.6549452559652593,-3.1736460158829463
ruyidilara--sazsemaisi--aksaksemai----erzurumlu_hasib_dede.txt,sazsemaisi,instrumental,414,0.01937046004842615,24.0,0.05084745762711865,-1.7138950063430263,1.0964125451919824,0.6038343763318749,-2.8103075515350087,-2.2064731752031337
ruyiirak--sazsemaisi--aksaksemai----kani_karaca.txt,sazsemaisi,instrumental,439,0.10273972602739725,16.07547169811321,0.0,-0.6629891929719733,-0.23493541799859222,-1.1100362334777238,-0.42805377497338115,-1.538090008451105
saba--aranagme--senginsemai--1--.txt,aranagme,flagged,90,0.0449438202247191,14.943396226415095,0.0,-1.3915316922234444,-0.4251279841686744,-1.1100362334777238,-0.96640370805477,-2.076439941532494
saba--beste--devrikebir--gulistan-i_naks-i--zaharya.txt,beste,vocal,312,0.12540192926045016,14.037735849056604,0.05466237942122187,-0.37732227673189483,-0.57728203710474,0.7324205957173753,0.19995976037284519,0.9323803560902204
saba--beste--muhammes--bir_nim-nigah--efrasiyaboglu_ali_pasa.txt,beste,vocal,567,0.15371024734982333,15.849056603773585,0.0812720848056537,-0.020483630049037766,-0.27297393123260877,1.6293305716007511,0.252490301183571,1.8818208727843222
saba--ilahi--duyek--git_ey--munir_nurettin_selcuk.txt,ilahi,vocal,376,0.136,13.132075471698114,0.02666666666666667,-0.2437289912456113,-0.7294360900408057,-0.2112063136664676,0.48570709879519436,0.2745007851287268
saba--mehter--hafif----zurnazen_dagi_ahmet_celebi.txt,mehter,flagged,288,0.04878048780487805,15.169811320754716,0.0,-1.343168830722681,-0.3870894709346582,-1.1100362334777238,-0.9560793597880228,-2.0661155932657467
saba--miraciye--serbest--pes_heman--nayi_osman_dede.txt,miraciye,vocal,1243,0.1859903381642512,14.943396226415095,0.00644122383252818,0.38642093717582576,-0.4251279841686744,-0.8929275571948118,0.8115489213445002,-0.08137863585031158
saba--nakis--yuruksemai--cefaya_ey--kara_ismail_aga.txt,nakis,vocal,573,0.20804195804195805,13.132075471698114,0.057692307692307696,0.6643911849836475,-0.7294360900408057,0.8345477276523978,1.3938272750244531,2.228375002676851
saba--nakis--yuruksemai--ey_bad-i--suphi_ziya_ozbekkan.txt,nakis,vocal,398,0.25440806045340053,14.037735849056604,0.07052896725440806,1.2488560473687038,-0.57728203710474,1.2672217408341628,1.8261380844734438,3.0933598253076067
saba--pesrev--devrikebir----tanburi_buyuk_osman_bey.txt,pesrev,instrumental,672,0.09239940387481371,22.41509433962264,0.046199701937406856,-0.7933334455532606,0.8301429525538673,0.4471765560611515,-1.6234763981071278,-1.1762998420459763
saba--pesrev--duyek----tabi_mustafa_efendi.txt,pesrev,instrumental,492,0.026476578411405296,15.622641509433961,0.010183299389002037,-1.624319297471591,-0.31101244446662535,-0.766796701981572,-1.3133068530049656,-2.080103554986538
saba--pesrev--fahte----hasan_esen.txt,pesrev,instrumental,380,0.13720316622691292,16.30188679245283,0.07387862796833773,-0.22856255829856548,-0.19689690476457594,1.3801258134927747,-0.031665653533989535,1.348460159958785
saba--pesrev--hafif----zurnazen_dagi_ahmet_celebi.txt,pesrev,instrumental,142,0.07801418439716312,15.169811320754716,0.0,-0.9746653860251213,-0.3870894709346582,-1.1100362334777238,-0.5875759150904631,-1.697612148568187
saba--pesrev--nimsofyan--mevlana--kemani_hamza.txt,pesrev,instrumental,504,0.073558648111332,15.622641509433961,0.009940357852882704,-1.030829356398168,-0.31101244446662535,-0.7749853190351581,-0.7198169119315427,-1.4948022309667008
saba--sarki--agiraksak--camlar_altinda--bimen_sen.txt,sarki,vocal,676,0.12296296296296297,15.622641509433961,0.047407407407407405,-0.40806650640151765,-0.31101244446662535,0.4878836239645093,-0.0970540619348923,0.390829562029617
saba--sarki--agiraksak--degilsem_de--numan_aga.txt,sarki,vocal,367,0.06557377049180328,13.132075471698114,0.05191256830601093,-1.1314822074324542,-0.7294360900408057,0.6397351268105823,-0.4020461173916485,0.23768900941893378
saba--sarki--agiraksak--fasl-i_guldur--sivelioglu_yorgaki.txt,sarki,vocal,342,0.12023460410557185,19.0188679245283,0.03519061583577713,-0.4424586550011942,0.25956525404362096,0.07610295688903662,-0.7020239090448152,-0.6259209521557785
saba--sarki--agiraksak--ince_kirpiklerinin--rakim_elkutlu.txt,sarki,vocal,401,0.1075,19.0188679245283,0.0125,-0.6029838716787647,0.25956525404362096,-0.6887097085661975,-0.8625491257223856,-1.5512588342885831
saba--sarki--agiraksak--mey_icerken--sevki_bey.txt,sarki,vocal,330,0.14893617021276595,15.849056603773585,0.03343465045592705,-0.08066294622630793,-0.27297393123260877,0.016916173580462008,0.19231098500630084,0.20922715858676286
saba--sarki--agiraksak--sevdi_canim--komurcuzade_hafiz_mehmet_efendi.txt,sarki,vocal,362,0.22160664819944598,14.037735849056604,0.0443213296398892,0.8353799969359665,-0.57728203710474,0.38386391025289585,1.4126620340407066,1.7965259442936024
saba--sarki--agirduyek--gus_eyle--dede_efendi.txt,sarki,vocal,293,0.18493150684931506,21.056603773584907,0.0410958904109589,0.37307390849350075,0.6019118731497691,0.2751468621218147,-0.22883796465626838,0.04630889746554634
saba--sarki--agirsenginsemai--sahilde_saba--mustafa_nafiz_irmak.txt,sarki,vocal,725,0.13535911602209943,14.037735849056604,0.0013812154696132596,-0.2518076121877936,-0.57728203710474,-1.063480816360428,0.32547442491694645,-0.7380063914434815
saba--sarki--aksak--bakisin_ahuya--omer_dilek.txt,sarki,vocal,306,0.17704918032786884,13.584905660377359,0.04262295081967213,0.27371375859886105,-0.6533590635727728,0.3266181465484642,0.9270728221716339,1.253690968720098
saba--sarki--aksak--beni_aska--tanburi_ali_efendi.txt,sarki,vocal,306,0.16721311475409836,16.07547169811321,0.04262295081967213,0.14972587924315692,-0.23493541799859222,0.3266181465484642,0.38466129724174913,0.7112794437902134
saba--sarki--aksak--bir_esmere--tanburi_mustafa_cavus.txt,sarki,vocal,394,0.2035623409669211,18.339622641509433,0.005089058524173028,0.6079236658019384,0.1454497143415716,-0.9385038060328276,0.46247395146036674,-0.47602985457246083
saba--sarki--aksak--bir_nigah--zeki_arif_ataergin.txt,sarki,vocal,567,0.1784452296819788,15.849056603773585,0.007067137809187279,0.2913115671528803,-0.27297393123260877,-0.8718304243404651,0.564285498385489,-0.30754492595497607
saba--sarki--aksak--can_verme--emin_ongan.txt,sarki,vocal,312,0.08360128617363344,15.169811320754716,0.0,-0.904237541089202,-0.3870894709346582,-1.1100362334777238,-0.5171480701545438,-1.6271843036322675
saba--sarki--aksak--gitti_de--denizoglu_ali_bey.txt,sarki,vocal,250,0.12449799196787148,14.037735849056604,0.0321285140562249,-0.3887167989762605,-0.57728203710474,-0.02710861924729482,0.18856523812847953,0.1614566188811847
saba--sarki--aksak--goz_actim--omer_dilek.txt,sarki,vocal,493,0.1524390243902439,15.169811320754716,0.06707317073170732,-0.03650794767526892,-0.3870894709346582,1.1507402416572956,0.35058152325938924,1.5013217649166848
saba--sarki--aksak--semt-i_dildare--suphi_ziya_ozbekkan.txt,sarki,vocal,365,0.12087912087912088,16.9811320754717,0.027472527472527472,-0.4343342410917725,-0.08278136506252656,-0.18404387103480885,-0.3515528760292459,-0.5355967470640548
saba--sarki--aksak--sen_sinemde--necip_mirkelamoglu.txt,sarki,vocal,360,0.181058495821727,18.339622641509433,0.002785515320334262,0.32425292205025763,0.1454497143415716,-1.0161473142773838,0.17880320770868602,-0.8373441065686977
saba--sarki--curcuna--suzdukce_guzel--cevdet_cagla.txt,sarki,vocal,445,0.12837837837837837,15.622641509433961,0.06756756756756757,-0.3398028426274505,-0.31101244446662535,1.167404441719716,-0.028790398160825126,1.138614043558891
saba--sarki--devrihindi--nigah-i_mestine--haci_arif_bey.txt,sarki,vocal,394,0.12468193384223919,18.11320754716981,0.007633587786259542,-0.3863981317452913,0.10741120110755534,-0.8527375923103796,-0.49380933285284667,-1.3465469251632263
saba--sarki--devrihindi--oyle_bir--aleko_bacanos.txt,sarki,vocal,565,0.1595744680851064,16.9811320754717,0.02127659574468085,0.053437419743514285,-0.08278136506252656,-0.3928847017134237,0.13621878480604085,-0.25666591690738283
saba--sarki--duyek--bu_aksam--safiye_ayla.txt,sarki,vocal,331,0.19393939393939394,19.0188679245283,0.03333333333333333,0.4866222383005756,0.25956525404362096,0.013501166286346355,0.22705698425695464,0.24055815054330099
saba--sarki--duyek--donmem_kucagina--avni_anil.txt,sarki,vocal,379,0.17195767195767195,15.622641509433961,0.09523809523809523,0.20953308383537037,-0.31101244446662535,2.100070622991048,0.5205455283019957,2.620616151293044
saba--sarki--duyek--gordum_seni--nikogos_aga.txt,sarki,vocal,286,0.10175438596491228,14.037735849056604,0.0035087719298245615,-0.6754098324924659,-0.57728203710474,-0.9917691387657165,-0.09812779538772587,-1.0898969341534424
saba--sarki--duyek--gule_sorma--erol_sayan.txt,sarki,vocal,684,0.13469985358711567,15.849056603773585,0.055636896046852125,-0.2601179015651326,-0.27297393123260877,0.7652677719849995,0.012856029667476176,0.7781238016524756
saba--sarki--duyek--kinali_keklik--zeki_muren.txt,sarki,vocal,542,0.28835489833641403,13.132075471698114,0.0,1.6767706854299547,-0.7294360900408057,-1.1100362334777238,2.4062067754707606,1.2961705419930367
saba--sarki--duyek--seni_herkesten--yesari_asim_arsoy.txt,sarki,vocal,392,0.10741687979539642,13.132075471698114,0.01278772378516624,-0.6040316379653062,-0.7294360900408057,-0.6790116555631189,0.12540445207549944,-0.5536072034876195
saba--sarki--kapali_curcuna--hicranimi_hic--yesari_asim_arsoy.txt,sarki,vocal,342,0.1495601173020528,14.037735849056604,0.008797653958944282,-0.07279782212250589,-0.57728203710474,-0.8135014358860337,0.5044842149822342,-0.30901722090379957
saba--sarki--kapali_curcuna--pervane_gibi--yesari_asim_arsoy.txt,sarki,vocal,265,0.1590909090909091,13.132075471698114,0.003787878787878788,0.04734194856306769,-0.7294360900408057,-0.9823615289590795,0.7767780386038734,-0.20558349035520607
saba--sarki--nimsofyan--gel_kulbe-i--.txt,sarki,vocal,145,0.13194444444444445,7.9245283018867925,0.013888888888888888,-0.2948510307614402,-1.6043218944231836,-0.6418956502426946,1.3094708636617434,0.6675752134190488
saba--sarki--senginsemai--hasretle_anarken--yesari_asim_arsoy.txt,sarki,vocal,420,0.09785202863961814,14.943396226415095,0.0,-0.72460074176636,-0.4251279841686744,-1.1100362334777238,-0.2994727575976856,-1.4095089910754095
saba--sarki--senginsemai--neydin_guzelim--serif_icli.txt,sarki,vocal,512,0.1761252446183953,15.39622641509434,0.046966731898238745,0.26206714762219996,-0.3490509577006416,0.47303016149317734,0.6111181053228416,1.084148266816019
saba--sarki--senginsemai--yollarda_kalan--bimen_sen.txt,sarki,vocal,402,0.16708229426433915,16.9811320754717,0.0,0.14807683014116915,-0.08278136506252656,-1.1100362334777238,0.23085819520369572,-0.8791780382740282
saba--sarki--sofyan--asikina_eylemez--numan_aga.txt,sarki,vocal,167,0.05421686746987952,12.0,0.05421686746987952,-1.274640903475687,-0.9196286562108879,0.7174041155361254,-0.3550122472647991,0.3623918682713263
saba--sarki--turkaksagi--dus_ben_gibi--serif_icli.txt,sarki,vocal,504,0.2584493041749503,15.169811320754716,0.015904572564612324,1.2997976799998125,-0.3870894709346582,-0.5739547703696188,1.6868871509344707,1.1129323805648519
saba--sazsemaisi--aksaksemai----neyzen_aziz_dede.txt,sazsemaisi,instrumental,521,0.10384615384615385,16.9811320754717,0.04807692307692308,-0.649042189683015,-0.08278136506252656,0.5104504007973775,-0.5662608246204884,-0.055810423823110966
saba--sazsemaisi--aksaksemai----zaharya.txt,sazsemaisi,instrumental,392,0.02557544757033248,18.11320754716981,0.020460358056265986,-1.6356784431755995,0.10741120110755534,-0.4203969088143559,-1.743089644283155,-2.1634865530975107
saba--sugul--duyek--in_nilte--zekai_dede.txt,sugul,vocal,434,0.14318706697459585,14.264150943396226,0.025404157043879907,-0.15313288996057645,-0.5392435238707238,-0.25376061702935626,0.3861106339101474,0.13235001688079112
saba--tavsanca--semai--gelmis_degil--sakir_aga.txt,tavsanca,flagged,376,0.06666666666666667,14.037735849056604,0.04,-1.1177057763929314,-0.57728203710474,0.23820864623916044,-0.5404237392881914,-0.302215093049031
saba--turku--aksak--daracik_sokaklari--istanbul.txt,turku,vocal,380,0.24274406332453827,7.018867924528302,0.0158311345646438,1.1018262967054737,-1.7564759473592493,-0.5764300805554741,2.858302244064723,2.281872163509249
saba--turku--azeriyuruksemai--kar_etmez--.txt,turku,vocal,518,0.17794970986460348,10.415094339622641,0.0,0.2850653246004795,-1.1858982488490029,-1.1100362334777238,1.4709635734494824,0.3609273399717585
saba--turku--curcuna--yesil_yaprak--.txt,turku,vocal,636,0.23622047244094488,13.132075471698114,0.012598425196850394,1.0195935997623105,-0.7294360900408057,-0.6853921768739808,1.7490296898031161,1.0636375129291353
saba--turku--duyek--hangi_bagin--.txt,turku,vocal,468,0.23126338329764454,7.9245283018867925,0.032119914346895075,0.9571073377457194,-1.6043218944231836,-0.027398482099069477,2.561429232168903,2.534030750069834
saba--turku--nimsofyan--pinar_basi--.txt,turku,vocal,316,0.41904761904761906,9.962264150943396,0.0,3.3242092030646018,-1.2619752753170357,-1.1100362334777238,4.586184478381638,3.476148244903914
saba--turku--sofyan--bir_dalda--istanbul.txt,turku,vocal,650,0.16640986132511557,9.056603773584905,0.01386748844375963,0.1396005208366048,-1.4141293282531013,-0.6426169762569243,1.5537298490897062,0.911112872832782
saba--turku--sofyan--mendilimin_yesili--.txt,turku,vocal,662,0.13313161875945537,12.0,0.025718608169440244,-0.2798861828108241,-0.9196286562108879,-0.24316168903040788,0.6397424734000637,0.3965807843696558
sabazemzeme--sarki--aksak--firakin_sinemi--mahmud_celaleddin_pasa.txt,sarki,vocal,295,0.11224489795918367,15.849056603773585,0.03741496598639456,-0.5431723717140613,-0.27297393123260877,0.15107717442072233,-0.27019844048145253,-0.1191212660607302
sabazemzeme--sarki--kapali_curcuna--hayal-i_yare--rifat_bey.txt,sarki,vocal,314,0.19488817891373802,20.150943396226417,0.051118210862619806,0.49858208505547935,0.4497578202137035,0.6129604179176553,0.04882426484177588,0.6617846827594311
sazkar--agirsemai--aksaksemai--nice_bir--ilya_efendi.txt,agirsemai,vocal,301,0.11666666666666667,19.0188679245283,0.04666666666666667,-0.48743405633476794,0.25956525404362096,0.46291612619197453,-0.746999310378389,-0.28408318418641443
sedaraban--agirsemai--aksaksemai--nedir_murad-i--sadullah_aga.txt,agirsemai,vocal,369,0.08152173913043478,21.962264150943398,0.01358695652173913,-0.9304511349263757,0.7540659260858348,-0.6520726194434562,-1.6845170610122104,-2.3365896804556665
sedaraban--aranagme--devrihindi--1--.txt,aranagme,flagged,106,0.0380952380952381,15.849056603773585,0.009523809523809525,-1.4778610449975962,-0.27297393123260877,-0.7890255478308467,-1.2048871137649875,-1.993912661595834
sedaraban--beste--hafif--ey_safay-i--tanburi_isak.txt,beste,vocal,694,0.12265512265512266,24.0,0.046176046176046176,-0.41194696720803264,1.0964125451919824,0.4463792120828929,-1.508359512400015,-1.0619803003171222
sedaraban--etud--sofyan----ozer_ozel.txt,etud,flagged,82,0.012345679012345678,15.169811320754716,0.0,-1.8024454228758744,-0.3870894709346582,-1.1100362334777238,-1.4153559519412162,-2.52539218541894
sedaraban--pesrev--fahte----tanburi_cemil_bey.txt,pesrev,instrumental,622,0.061191626409017714,26.037735849056602,0.03542673107890499,-1.1867210372044534,1.4387591642981299,0.08406148607829274,-2.625480201502583,-2.54141871542429
sedaraban--sarki--agiraksak--ates-i_askinla--hasim_bey.txt,sarki,vocal,636,0.06771653543307087,21.962264150943398,0.03307086614173228,-1.1044717245281932,0.7540659260858348,0.004654415107101707,-1.858537650614028,-1.8538832355069264
sedaraban--sarki--agiraksak--gam_seni--muallim_kazim_uz.txt,sarki,vocal,458,0.11159737417943107,24.0,0.024070021881838075,-0.5513346902429261,1.0964125451919824,-0.29872913955618513,-1.6477472354349085,-1.9464763749910936
sedaraban--sarki--devrihindi--bade-i_vuslat--faize_ergin.txt,sarki,vocal,479,0.0794979079497908,23.09433962264151,0.0041841004184100415,-0.9559624061130122,0.9442584922559166,-0.9690064343441586,-1.9002208983689288,-2.8692273327130873
sedaraban--sarki--duyek--gozumden_gonlumden--dede_efendi.txt,sarki,vocal,334,0.13813813813813813,21.962264150943398,0.0,-0.2167768312046858,0.7540659260858348,-1.1100362334777238,-0.9708427572905206,-2.0808789907682446
sedaraban--sarki--yuruksemai_ii--nevbahar-i_nusnune--rahmi_bey.txt,sarki,vocal,295,0.07142857142857142,23.09433962264151,0.027210884353741496,-1.057679898292154,0.9442584922559166,-0.19286284591521757,-2.0019383905480708,-2.1948012364632885
sedaraban--sazsemaisi--aksaksemai----tanburi_cemil_bey.txt,sazsemaisi,instrumental,709,0.07909604519774012,26.037735849056602,0.022598870056497175,-0.961028060672258,1.4387591642981299,-0.3483159624512356,-2.399787224970388,-2.7481031874216235
segah--aranagme--yuruksemai_ii--1--.txt,aranagme,flagged,70,0.2608695652173913,14.037735849056604,0.0,1.3303061218039933,-0.57728203710474,-1.1100362334777238,1.9075881589087333,0.7975519254310095
segah--fantezi--aksak--gul_ne--omer_dilek.txt,fantezi,vocal,496,0.1898989898989899,14.037735849056604,0.050505050505050504,0.43569119021506747,-0.57728203710474,0.5922931601042007,1.0129732273198075,1.6052663874240083
segah--ilahi--duyek--ey_acep--seyh_huseyin_halis_efendi.txt,ilahi,vocal,331,0.2,14.037735849056604,0.08484848484848485,0.563018810428838,-0.57728203710474,1.7498771477399095,1.1403008475335779,2.890177995273487
segah--ilahi--frenkcin--bu_ask--yenikoylu_hadi_bey.txt,ilahi,vocal,208,0.22705314009661837,12.0,0.0,0.9040353932622405,-0.9196286562108879,-1.1100362334777238,1.8236640494731282,0.7136278159954044
segah--ilahi--sofyan--sordum_sari--.txt,ilahi,vocal,252,0.28286852589641437,9.056603773584905,0.03187250996015936,1.6076125775371888,-1.4141293282531013,-0.03573752453996748,3.0217419057902903,2.9860043812503227
segah--ilahi--yuruksemai_ii--sol_cennetin--.txt,ilahi,vocal,138,0.11678832116788321,8.830188679245284,0.0,-0.48590054850007663,-1.4521678414871177,-1.1100362334777238,0.9662672929870411,-0.14376894049068278
segah--kar--hafif--ses-agaz_kar--abdulkadir_meragi.txt,kar,vocal,6035,0.18627775936360624,23.09433962264151,0.03447132913490222,0.3900440062497994,0.9442584922559166,0.05185859160146055,-0.5542144860061172,-0.5023558944046567
segah--pesrev--devrikebir----nayi_osman_dede.txt,pesrev,instrumental,214,0.1784037558685446,12.0,0.018779342723004695,0.2907887717182695,-0.9196286562108879,-0.4770574167092336,1.2104174279291573,0.7333600112199237
segah--pesrev--devrikebir----neyzen_yusuf_pasa.txt,pesrev,instrumental,752,0.12250332889480692,20.830188679245282,0.014647137150466045,-0.4138603934961986,0.5638733599157523,-0.6163380418370538,-0.9777337534119508,-1.5940717952490044
segah--pesrev--sakil--karabatak--hizir_aga.txt,pesrev,instrumental,474,0.07822410147991543,21.962264150943398,0.03171247357293869,-0.9720192900088035,0.7540659260858348,-0.04113173053093406,-1.7260852160946383,-1.7672169466255723
segah--rumeliturkusu--raksaksagi--sana_da--rumeli.txt,rumeliturkusu,vocal,672,0.26527570789865873,13.132075471698114,0.0014903129657228018,1.3858474643348755,-0.7294360900408057,-1.0598035628474376,2.115283554375681,1.0554799915282436
segah--salatiummiye--aksaksemaievferi--allahumme_salli--itri.txt,salatiummiye,vocal,46,0.15555555555555556,8.150943396226415,0.0,0.002777281488248114,-1.566283381189167,-1.1100362334777238,1.569060662677415,0.4590244291996912
segah--sarki--agir_aksaksemai--cok_kildi--dellalzade_haci_ismail_efendi.txt,sarki,vocal,751,0.16933333333333334,24.0,0.028,0.17645215545983095,1.0964125451919824,-0.16626481767590484,-0.9199603897321514,-1.0862252074080563
segah--sarki--agir_aksaksemai--doldur_getir--kazasker_mustafa_izzet_efendi.txt,sarki,vocal,435,0.12442396313364056,14.037735849056604,0.016129032258064516,-0.389649964589953,-0.57728203710474,-0.5663891045596253,0.18763207251478703,-0.3787570320448383
segah--sarki--agiraksak--bensiz_ey--bimen_sen.txt,sarki,vocal,615,0.10586319218241043,16.9811320754717,0.02768729641693811,-0.6236165452507012,-0.08278136506252656,-0.1768048427942128,-0.5408351801881747,-0.7176400229823875
segah--sarki--agiraksak--hatir-i_nasadi--tanburi_cemil_bey.txt,sarki,vocal,559,0.20430107526881722,21.962264150943398,0.04838709677419355,0.6172357325843789,0.7540659260858348,0.5209051532765716,-0.13683019350145587,0.38407495977511574
segah--sarki--agiraksak--sun_da_icsin--bimen_sen.txt,sarki,vocal,554,0.15370705244122965,19.0188679245283,0.04159132007233273,-0.02052390325973317,0.25956525404362096,0.2918458747269931,-0.28008915730335415,0.01175671742363893
segah--sarki--aksak--benim_sen--ahmet_rasim_bey.txt,sarki,vocal,608,0.21746293245469522,15.169811320754716,0.026359143327841845,0.7831466599384436,-0.3870894709346582,-0.2215717328405678,1.1702361308731017,0.948664398032534
segah--sarki--aksak--bulbul_yetisir--haci_arif_bey.txt,sarki,vocal,444,0.16252821670428894,20.150943396226417,0.004514672686230248,0.09067070420014643,0.4497578202137035,-0.9578641251575338,-0.35908711601355703,-1.3169512411710909
segah--sarki--aksak--gece_sessiz--gultekin_ceki.txt,sarki,vocal,342,0.08504398826979472,14.037735849056604,0.0,-0.8860516544556202,-0.57728203710474,-1.1100362334777238,-0.30876961735088015,-1.4188058508286039
segah--sarki--aksak--gel_ey--tanburi_cemil_bey.txt,sarki,vocal,230,0.1572052401746725,16.9811320754717,0.043668122270742356,0.023572272737134674,-0.08278136506252656,0.3618468229817567,0.10635363779966124,0.4682004607814179
segah--sarki--aksak--kirdin_ummidimi--fehmi_tokay.txt,sarki,vocal,351,0.17714285714285713,19.0188679245283,0.02857142857142857,0.2748945955451058,0.25956525404362096,-0.14700417653709227,0.01532934150148485,-0.13167483503560742
segah--sarki--aksak--seni_her--misirli_udi_ibrahim_efendi.txt,sarki,vocal,360,0.233983286908078,12.0,0.025069637883008356,0.9913929042845254,-0.9196286562108879,-0.2650359606746627,1.9110215604954133,1.6459855998207507
segah--sarki--aksak--suyi_kagithanede--lavtaci_hristo.txt,sarki,vocal,428,0.1990632318501171,16.9811320754717,0.02810304449648712,0.5512104409663898,-0.08278136506252656,-0.16279158730661078,0.6339918060289164,0.47120021872230555
segah--sarki--aksak--yine_hicran_ile--melahat_pars.txt,sarki,vocal,405,0.07673267326732673,14.037735849056604,0.0024752475247524753,-0.9908193905066345,-0.57728203710474,-1.0266052384457385,-0.41353735340189446,-1.440142591847633
segah--sarki--ciftesofyan--sema-i_maksudu--dellalzade_haci_ismail_efendi.txt,sarki,vocal,276,0.18181818181818182,21.056603773584907,0.02909090909090909,0.3338290940440512,0.6019118731497691,-0.1294945027745353,-0.2680827791057179,-0.3975772818802532
segah--sarki--curcuna--bir_emele--neveser_kokdes.txt,sarki,vocal,354,0.17847025495750707,19.0188679245283,0.0679886685552408,0.2916270216219231,0.25956525404362096,1.1815981229815697,0.03206176757830215,1.213659890559872
segah--sarki--curcuna--olmaz_ilac--haci_arif_bey.txt,sarki,vocal,478,0.25157232704402516,19.0188679245283,0.025157232704402517,1.2131103958976355,0.25956525404362096,-0.2620834789388029,0.9535451418540145,0.6914616629152116
segah--sarki--devrihindi--dil_harab-i--tanburi_ali_efendi.txt,sarki,vocal,398,0.08816120906801007,19.92452830188679,0.0,-0.8467577321697747,0.4117193069796866,-1.1100362334777238,-1.2584770391494613,-2.368513272627185
segah--sarki--duyek--askin_o_sihirli--erol_sayan.txt,sarki,vocal,263,0.12213740458015267,19.0188679245283,0.007633587786259542,-0.4184730284403634,0.25956525404362096,-0.8527375923103796,-0.6780382824839843,-1.5307758747943638
segah--sarki--duyek--ayrilik_yaman--sadettin_kaynak.txt,sarki,vocal,368,0.0326975476839237,16.9811320754717,0.01907356948228883,-1.5459012773952079,-0.08278136506252656,-0.46714017366722044,-1.4631199123326812,-1.9302600859999017
segah--sarki--duyek--donulmez_aksamin--munir_nurettin_selcuk.txt,sarki,vocal,415,0.28502415458937197,19.0188679245283,0.04106280193236715,1.634785213619531,0.25956525404362096,0.274031577825841,1.3752199595759103,1.6492515374017511
segah--sarki--duyek--gonul_bahcemizde--omer_sami_gupgup.txt,sarki,vocal,406,0.14814814814814814,15.849056603773585,0.05925925925925926,-0.09059630666851698,-0.27297393123260877,0.8873635883250678,0.1823776245640918,1.0697412128891597
segah--sarki--duyek--issiz_gecelerin--omer_sami_gupgup.txt,sarki,vocal,244,0.19753086419753085,15.169811320754716,0.07407407407407407,0.5318942810432494,-0.3870894709346582,1.3867135437757654,0.9189837519779076,2.305697295753673
segah--sarki--duyek--leyla_bir--sadettin_kaynak.txt,sarki,vocal,456,0.18461538461538463,20.150943396226417,0.015384615384615385,0.36908905041094153,0.4497578202137035,-0.5914805105096914,-0.08066876980276194,-0.6721492803124534
segah--sarki--duyek--o_gece--omer_sami_gupgup.txt,sarki,vocal,222,0.248868778280543,13.132075471698114,0.08597285067873303,1.1790309893092148,-0.7294360900408057,1.787775159578928,1.9084670793500205,3.6962422389289484
segah--sarki--kapali_curcuna--hasta_kalbimde--kaptanzade_ali_riza_bey.txt,sarki,vocal,370,0.23848238482384823,16.9811320754717,0.07317073170731707,1.0481059879261776,-0.08278136506252656,1.356265375760479,1.1308873529887042,2.4871527287491833
segah--sarki--murekkepnimsofyan--olursem_yaziktir--hayri_yenigun.txt,sarki,vocal,353,0.07102272727272728,16.9811320754717,0.022727272727272728,-1.0627957401757429,-0.08278136506252656,-0.34398800636585775,-0.9800143751132163,-1.324002381479074
segah--sarki--murekkepsofyan--dustu_enginlere--refik_fersan.txt,sarki,vocal,233,0.2025862068965517,14.037735849056604,0.034482758620689655,0.5956190718111565,-0.57728203710474,0.05224383524372809,1.1729011089158965,1.2251449441596245
segah--sarki--musemmen--gozlerinden_icti--sukru_senozan.txt,sarki,vocal,303,0.13245033112582782,14.037735849056604,0.033112582781456956,-0.28847410938483986,-0.57728203710474,0.006060521254796323,0.28880792771990016,0.2948684489746965
segah--sarki--nimsofyan--gel_gitme--kaptanzade_ali_riza_bey.txt,sarki,vocal,216,0.19534883720930232,16.9811320754717,0.06046511627906977,0.5043888829815668,-0.08278136506252656,0.9280083521408221,0.5871702480440933,1.5151786001849155
segah--sarki--raksaksagi--herkes_gitti--refik_fersan.txt,sarki,vocal,197,0.0663265306122449,19.0188679245283,0.05102040816326531,-1.1219933391144155,0.25956525404362096,0.6096638682019755,-1.3815585931580365,-0.771894724956061
segah--sarki--semai--gurbet_icimde--teoman_alpay.txt,sarki,vocal,364,0.20385674931129477,10.18867924528302,0.0,0.6116348108740957,-1.2239367620830193,-1.1100362334777238,1.835571572957115,0.7255353394793911
segah--sarki--semai--kus_olup--neveser_kokdes.txt,sarki,vocal,381,0.031578947368421054,16.9811320754717,0.010526315789473684,-1.5600017202933971,-0.08278136506252656,-0.7552349493417018,-1.4772203552308705,-2.2324553045725724
segah--sarki--senginsemai--kactim_birakip--kirkor_cigercioglu.txt,sarki,vocal,717,0.10195530726256984,18.11320754716981,0.004189944134078212,-0.672877132255047,0.10741120110755534,-0.9688094653509552,-0.7802883333626023,-1.7490977987135574
segah--sarki--senginsemai--ruhunda_olen--sadi_isilay.txt,sarki,vocal,571,0.09473684210526316,19.92452830188679,0.03859649122807018,-0.763869021272559,0.4117193069796866,0.19090180835435752,-1.1755883282522457,-0.9846865198978881
segah--sarki--sofyan--dayanilmaz_hasretin--omer_sami_gupgup.txt,sarki,vocal,627,0.14536741214057508,16.9811320754717,0.0463258785942492,-0.12564869199893183,-0.08278136506252656,0.4514294818493385,-0.04286732693640527,0.40856215491293324
segah--sarki--turkaksagi--sevda_yaratan--yesari_asim_arsoy.txt,sarki,vocal,497,0.10887096774193548,19.0188679245283,0.0,-0.5857022277416859,0.25956525404362096,-1.1100362334777238,-0.8452674817853069,-1.9553037152630308
segah--sarki--yuruksemai_ii--kapat_gozlerini--mustafa_seyran.txt,sarki,vocal,448,0.19239373601789708,14.037735849056604,0.0,0.4671385487645086,-0.57728203710474,-1.1100362334777238,1.0444205858692486,-0.06561564760847527
segah--sazeseri--sofyan--uc_turkoglu--aksehir.txt,sazeseri,instrumental,442,0.12698412698412698,14.037735849056604,0.013605442176870748,-0.35737798711641683,-0.57728203710474,-0.6514495396964707,0.2199040499883232,-0.4315454897081475
segah--sazsemaisi--aksaksemai----hizir_aga.txt,sazsemaisi,instrumental,632,0.06814580031695722,20.830188679245282,0.04120443740095087,-1.0990606541936407,0.5638733599157523,0.2788055602084486,-1.6629340141093931,-1.3841284539009444
segah--sazsemaisi--aksaksemai----nayi_osman_dede.txt,sazsemaisi,instrumental,398,0.0327455919395466,16.9811320754717,0.06801007556675064,-1.5452956586826008,-0.08278136506252656,1.182319670323024,-1.4625142936200741,-0.28019462329705
segah--tekbir--durakevferi--allah_u_ekber--itri.txt,tekbir,vocal,44,0.5348837209302325,8.830188679245284,0.046511627906976744,4.784373586632351,-1.4521678414871177,0.4576903708442346,6.236541428119469,6.6942317989637035
segah--turku--223--gemiciler_kalkalim--trabzon.txt,turku,vocal,358,0.4369747899159664,12.0,0.0,3.550188979443999,-0.9196286562108879,-1.1100362334777238,4.469817635654887,3.359781402177163
segah--turku--aksak--beyaz_giyme--bolu.txt,turku,vocal,240,0.2594142259414226,10.18867924528302,0.02092050209205021,1.3119609380293336,-1.2239367620830193,-0.4048872378098974,2.535897700112353,2.1310104623024553
segah--turku--aksak--binnaz--usak.txt,turku,vocal,520,0.4277456647398844,10.18867924528302,0.036608863198458574,3.4338518474567734,-1.2239367620830193,0.12390657551171744,4.657788609539793,4.78169518505151
segah--turku--aksak--bir_gemim--ankara.txt,turku,vocal,602,0.13810316139767054,19.0188679245283,0.0,-0.2172177282122166,0.25956525404362096,-1.1100362334777238,-0.4767829822558376,-1.5868192157335614
segah--turku--aksak--boyda_bosun--istanbul.txt,turku,vocal,358,0.22969187675070027,10.18867924528302,0.03081232492997199,0.9372978150572149,-1.2239367620830193,-0.07147225050253284,2.161234577140234,2.0897623266377012
segah--turku--aksak--cemberim_de--biga.txt,turku,vocal,380,0.3007915567282322,8.150943396226415,0.029023746701846966,1.8335401669576954,-1.566283381189167,-0.13175828645359938,3.3998235481468626,3.268065261693263
segah--turku--aksak--ey_su--usak.txt,turku,vocal,698,0.28694404591104733,14.037735849056604,0.0,1.6589862777322726,-0.57728203710474,-1.1100362334777238,2.2362683148370124,1.1262320813592885
segah--turku--aksak--izmirin_kavaklari--.txt,turku,vocal,504,0.21073558648111332,12.0,0.02584493041749503,0.698345541574527,-0.9196286562108879,-0.2389038559270531,1.617974197785415,1.3790703418583619
segah--turku--aksak--yarim_istanbulu--kayseri.txt,turku,vocal,456,0.24395604395604395,10.18867924528302,0.026373626373626374,1.117103839051399,-1.2239367620830193,-0.22108356553252542,2.3410406011344183,2.119957035601893
segah--turku--azeriyuruksemai--ayli_gece--azeri.txt,turku,vocal,492,0.1629327902240326,10.867924528301886,0.048879837067209775,0.09577052916372283,-1.10982122238097,0.5375135177038047,1.2055917515446928,1.7431052692484976
segah--turku--ciftesofyan--bir_findigin--.txt,turku,vocal,218,0.34101382488479265,8.150943396226415,0.10599078341013825,2.3405593296712164,-1.566283381189167,2.4625020422697808,3.906842710860383,6.369344753130164
segah--turku--curcuna--bahcada_yesil--diyarbakir.txt,turku,vocal,276,0.3054545454545455,11.09433962264151,0.04,1.892319165460601,-1.0717827091469536,0.23820864623916044,2.9641018746075547,3.2023105208467153
segah--turku--curcuna--cayda_cira--elazig.txt,turku,vocal,320,0.16300940438871472,12.0,0.047021943573667714,0.09673628399082336,-0.9196286562108879,0.4748911329606198,1.0163649402017112,1.491256073162331
segah--turku--curcuna--havuz_basinin--erzincan.txt,turku,vocal,264,0.25475285171102663,9.056603773584905,0.06463878326996197,1.253202290948804,-1.4141293282531013,1.068686480893667,2.6673316192019056,3.7360181000955723
segah--turku--iki_bir--ay_giz--kars.txt,turku,vocal,390,0.2776349614395887,12.0,0.05912596401028278,1.5416412240924133,-0.9196286562108879,0.8828707224019895,2.461269880303301,3.3441406027052905
segah--turku--iki_bir--pencereden_tas--kars.txt,turku,vocal,364,0.1652892561983471,10.867924528301886,0.10192837465564739,0.1254748064215178,-1.10982122238097,2.3255739972057965,1.235296028802488,3.5608700260082844
segah--turku--kapali_curcuna--incecikten_bir--sadettin_kaynak.txt,turku,vocal,337,0.25297619047619047,14.037735849056604,0.11904761904761904,1.230806704299987,-0.57728203710474,2.902597337108241,1.808088741404727,4.710686078512968
segah--turku--nimsofyan--acilir_gonca--erol_sayan.txt,turku,vocal,326,0.2246153846153846,11.09433962264151,0.11384615384615385,0.873306426457472,-1.0717827091469536,2.727276116485716,1.9450891356044258,4.672365252090142
segah--turku--nimsofyan--ermenegin_keklikleri--konya.txt,turku,vocal,716,0.35244755244755244,14.037735849056604,0.013986013986013986,2.484686432424357,-0.57728203710474,-0.6386219398704217,3.061968469529097,2.4233465296586756
segah--turku--nimsofyan--silifkenin_yogurdu--.txt,turku,vocal,342,0.10557184750733138,14.037735849056604,0.01466275659824047,-0.6272890714405384,-0.57728203710474,-0.615811570824907,-0.05000703433579834,-0.6658186051607053
segah--turku--nimsofyan--zeytinyagli_yiyemem--.txt,turku,vocal,420,0.1766109785202864,12.0,0.011933174224343675,0.2681900344589094,-0.9196286562108879,-0.7078152073092023,1.1878186906697972,0.48000348336059484
segah--turku--oynak--entarine_pes--afyon-sandikli.txt,turku,vocal,336,0.11044776119402985,9.962264150943396,0.04477611940298507,-0.5658260613171265,-1.2619752753170357,0.39919310948893755,0.6961492139999091,1.0953423234888466
segah--turku--semai--baharin_gulsen--kars.txt,turku,vocal,473,0.09957627118644068,9.962264150943396,0.0,-0.7028659154506939,-1.2619752753170357,-1.1100362334777238,0.5591093598663418,-0.550926873611382
segah--turku--sofyan--acem_ulkesinde--erzurum.txt,turku,vocal,280,0.15053763440860216,8.150943396226415,0.05017921146953405,-0.060475794359882956,-1.566283381189167,0.5813103898230271,1.505807586829284,2.087117976652311
segah--turku--sofyan--ana_beni--.txt,turku,vocal,104,0.2524271844660194,8.150943396226415,0.04854368932038835,1.2238862450529315,-1.566283381189167,0.5261832807417959,2.7901696262420987,3.3163529069838944
segah--turku--sofyan--kalaliyam--urfa.txt,turku,vocal,390,0.2596401028277635,12.0,0.002570694087403599,1.3148082143028428,-0.9196286562108879,-1.0233881049612146,2.2344368705137305,1.211048765552516
segah--turku--sofyan--keten_koynek--kirsehir-mucur.txt,turku,vocal,200,0.3316582914572864,14.037735849056604,0.06030150753768844,2.2226287667628966,-0.57728203710474,0.9224937359447146,2.7999108038676366,3.7224045398123513
segah--turku--sofyan--oy_kemence--ordu.txt,turku,vocal,238,0.3080168776371308,12.0,0.016877637130801686,1.92461847570217,-0.9196286562108879,-0.5411565373946504,2.844247131913058,2.3030905945184075
segah--turku--sofyan--pancar_pezik--hacibektas.txt,turku,vocal,727,0.20798898071625344,22.18867924528302,0.0,0.6637233827797289,0.7921044393198511,-1.1100362334777238,-0.12838105654012222,-1.238417290017846
segah--turku--turkaksagi--terazi--macka.txt,turku,vocal,358,0.3165266106442577,12.0,0.0700280112044818,2.031887356894922,-0.9196286562108879,1.2503364551022556,2.9515160131058096,4.201852468208065
segah--yuruksemai--yuruksemai--etti_o--ebubekir_aga.txt,yuruksemai,vocal,395,0.23857868020304568,15.849056603773585,0.007614213197969543,1.0493198330117863,-0.27297393123260877,-0.8533906345468448,1.322293764244395,0.4689031296975502
segah--yuruksemai--yuruksemai--tuti_i_mucize--itri.txt,yuruksemai,vocal,397,0.1893939393939394,14.037735849056604,0.04040404040404041,0.4293248092043789,-0.57728203710474,0.2518272813878159,1.006606846309119,1.2584341276969349
segah--zeybek--agiraksak--antalya_zeybegi--antalya.txt,zeybek,flagged,332,0.08459214501510574,13.132075471698114,0.0,-0.8917473349622101,-0.7294360900408057,-1.1100362334777238,-0.16231124492140447,-1.2723474783991282
segah_maye--ilahi--devrirevan--sem-i_ruhuna--sultan_veled.txt,ilahi,vocal,262,0.06896551724137931,9.962264150943396,0.019157088122605363,-1.0887277662753148,-1.2619752753170357,-0.46432508418802837,0.17324750904172093,-0.29107757514630744
segah_maye--turku--musemmen_ii--dun_gece--erzurum.txt,turku,vocal,388,0.23255813953488372,14.037735849056604,0.0103359173126615,0.973428302559735,-0.57728203710474,-0.7616525436283997,1.550710339664475,0.7890577960360753
sehnaz--agirsemai--senginsemai--didem_yuzune--yahya_nazim_celebi.txt,agirsemai,vocal,480,0.11899791231732777,16.9811320754717,0.014613778705636743,-0.4580476922123622,-0.08278136506252656,-0.6174624256479644,-0.37526632714983565,-0.9927287527978
sehnaz--aranagme--devrihindi--1--.txt,aranagme,flagged,262,0.10727969348659004,19.0188679245283,0.007662835249042145,-0.6057609309817028,0.25956525404362096,-0.8517517737618456,-0.8653261850253238,-1.7170779587871694
sehnaz--aranagme--sofyan--1--.txt,aranagme,flagged,154,0.026143790849673203,14.943396226415095,0.08496732026143791,-1.6285142292505281,-0.4251279841686744,1.7538826286659848,-1.2033862450818538,0.550496383584131
sehnaz--divan--sofyan--vardim_ki--nevres_pasa.txt,divan,vocal,746,0.20268456375838925,19.0188679245283,0.01879194630872483,0.5968589027809539,0.25956525404362096,-0.47663259871140246,0.3372936487373329,-0.13933894997406954
sehnaz--ilahi--evsat--yuruk_degirmenler--dede_efendi.txt,ilahi,vocal,415,0.14492753623188406,14.943396226415095,0.007246376811594203,-0.13119351891058853,-0.4251279841686744,-0.8657889726594477,0.29393446525808586,-0.5718545074013618
sehnaz--longa--sofyan----santuri_ethem_efendi.txt,longa,instrumental,501,0.018,24.0,0.014,-1.7311702505828774,1.0964125451919824,-0.6381505255768144,-2.82758279577486,-3.4657333213516743
sehnaz--pesrev--zencir----kemani_ali_aga.txt,pesrev,instrumental,865,0.06828703703703703,21.962264150943398,0.01273148148148148,-1.0972803039836392,0.7540659260858348,-0.6809073655122804,-1.851346230069474,-2.5322535955817544
sehnaz--sarki--agirevfer--merami_andelibin--kemani_riza_efendi.txt,sarki,vocal,339,0.03550295857988166,18.11320754716981,0.011834319526627219,-1.5105378543779011,0.10741120110755534,-0.7111472158100067,-1.6179490554854565,-2.3290962712954633
sehnaz--sarki--aksak--bir_nevcivane--iii_selim.txt,sarki,vocal,614,0.19575856443719414,19.0188679245283,0.013050570962479609,0.5095536726751275,0.25956525404362096,-0.6701520965390994,0.24998841863150656,-0.4201636779075928
sehnaz--sarki--aksak--denizin_dalgasini--semseddin_ziya_bey.txt,sarki,vocal,555,0.13357400722021662,16.9811320754717,0.018050541516245487,-0.2743096840888666,-0.08278136506252656,-0.5016224790928483,-0.19152831902634002,-0.6931507981191883
sehnaz--sarki--aksak--firsat_bulsam--tanburi_mustafa_cavus.txt,sarki,vocal,682,0.12481644640234948,17.88679245283019,0.005873715124816446,-0.3847025424926885,0.06937268787353908,-0.912056074928989,-0.45407523036622754,-1.3661313052952164
sehnaz--sarki--aksak--gonul_durmaz--dede_efendi.txt,sarki,vocal,576,0.12521739130434784,16.9811320754717,0.022608695652173914,-0.3796484578320674,-0.08278136506252656,-0.34798477972470226,-0.2968670927695408,-0.6448518724942431
sehnaz--sarki--aksak--meclis_ara--tanburi_mustafa_cavus.txt,sarki,vocal,292,0.12371134020618557,14.943396226415095,0.037800687285223365,-0.39863288615475173,-0.4251279841686744,0.16407834357431447,0.02649509801392269,0.19057344158823716
sehnaz--sarki--aksaksemai--ey_verd-i_rana--dede_efendi.txt,sarki,vocal,639,0.23824451410658307,19.0188679245283,0.0219435736677116,1.045107524203734,0.25956525404362096,-0.3704034624731635,0.785542270160113,0.4151388076869495
sehnaz--sarki--aydin--ey_dilber-i--rahmi_bey.txt,sarki,vocal,678,0.1358936484490399,24.0,0.023633677991137372,-0.245069598744701,1.0964125451919824,-0.3134365999670093,-1.3414821439366833,-1.6549187439036925
sehnaz--sarki--curcuna--beni_ateslere--zeki_arif_ataergin.txt,sarki,vocal,482,0.18711018711018712,19.0188679245283,0.02286902286902287,0.40053711960303284,0.25956525404362096,-0.3392101587955135,0.14097186555941188,-0.1982382932361016
sehnaz--sarki--devrihindi--etmedin_bir_lahza--dellalzade_haci_ismail_efendi.txt,sarki,vocal,618,0.13614262560777957,19.0188679245283,0.012965964343598054,-0.24193113350282006,0.25956525404362096,-0.6730038575565296,-0.501496387546441,-1.1745002451029705
sehnaz--sarki--senginsemai--feryad_ki--tanburi_cemil_bey.txt,sarki,vocal,475,0.12658227848101267,16.9811320754717,0.012658227848101266,-0.36244346206163,-0.08278136506252656,-0.6833764614154187,-0.2796620969991034,-0.9630385584145221
sehnaz--sarki--sofyan--gel_meclise--muallim_ismail_hakki_bey.txt,sarki,vocal,551,0.10909090909090909,18.11320754716981,0.02,-0.5829297714950958,0.10741120110755534,-0.43591379361928173,-0.6903409726026511,-1.1262547662219329
sehnaz--turku--sofyan--arpa_bugday--orta_anadolu.txt,turku,vocal,276,0.12727272727272726,14.264150943396226,0.02909090909090909,-0.3537400551103092,-0.5392435238707238,-0.1294945027745353,0.18550346876041462,0.056008965985879317
sehnaz--turku--sofyan--elmayi_top--hendek.txt,turku,vocal,470,0.1812366737739872,14.037735849056604,0.006396588486140725,0.32649893253920703,-0.57728203710474,-0.8944320416253436,0.903780969643947,0.00934892801860343
sehnaz--yuruksemai--yuruksemai--dem-i_visali--kara_ismail_aga.txt,yuruksemai,vocal,520,0.2119460500963391,16.9811320754717,0.055876685934489405,0.7136039612712506,-0.08278136506252656,0.7733501591903709,0.7963853263337771,1.569735485524148
sehnazbuselik--agirsemai--aksaksemai--kimseyi_dil--kucuk_muezzin_mehmet_celebi.txt,agirsemai,vocal,698,0.027259684361549498,20.830188679245282,0.058823529411764705,-1.6144479067878876,0.5638733599157523,0.8726768249294589,-2.17832126670364,-1.3056444417741813
sehnazbuselik--aranagme--semai--1--.txt,aranagme,flagged,128,0.015748031496062992,16.07547169811321,0.0,-1.759557291832741,-0.23493541799859222,-1.1100362334777238,-1.5246218738341486,-2.634658107311872
sehnazbuselik--sarki--aksak--kucuksuda_gordum--tanburi_mustafa_cavus.txt,sarki,vocal,630,0.0794912559618442,19.0188679245283,0.02066772655007949,-0.9560462573107104,0.25956525404362096,-0.41340732106438943,-1.2156115113543313,-1.6290188324187207
sehnazbuselik--sarki--semai--yolun_bulamam--denizoglu_ali_bey.txt,sarki,vocal,460,0.030501089324618737,16.07547169811321,0.023965141612200435,-1.5735885891583135,-0.23493541799859222,-0.302264246719242,-1.3386531711597212,-1.6409174178789632
sehnazbuselik--sazsemaisi--aksaksemai----seref_cakar.txt,sazsemaisi,instrumental,840,0.028605482717520857,19.0188679245283,0.03814064362336114,-1.5974835338944973,0.25956525404362096,0.17553695337985345,-1.8570487879381181,-1.6815118345582647
selmek--sazsemaisi--aksaksemai----mehmet_aga.txt,sazsemaisi,instrumental,311,0.01935483870967742,16.07547169811321,0.06774193548387097,-1.714091920103882,-0.23493541799859222,1.17328170797829,-1.4791565021052897,-0.3058747941269997
serefnuma--sazsemaisi--aksaksemai----suphi_ezgi.txt,sazsemaisi,instrumental,576,0.06260869565217392,25.132075471698112,0.0052173913043478265,-1.1688582638179417,1.2866051113620642,-0.934178205688565,-2.455463375180006,-3.389641580868571
sevkaver--pesrev--hafif----i_mahmut.txt,pesrev,instrumental,137,0.03676470588235294,21.056603773584907,0.022058823529411766,-1.4946329815257546,0.6019118731497691,-0.36651883657503026,-2.096544854675524,-2.463063691250554
sevkefza--pesrev--muhammes----numan_aga.txt,pesrev,instrumental,537,0.13805970149253732,21.962264150943398,0.022388059701492536,-0.2177655591954541,0.7540659260858348,-0.3554215619943932,-0.9718314852812888,-1.327253047275682
sevkefza--sarki--aksak--ey_serv-i--iii_selim.txt,sarki,vocal,320,0.1724137931034483,19.92452830188679,0.02821316614420063,0.21528268901743744,0.4117193069796866,-0.15907981361471765,-0.19643661796224918,-0.35551643157696683
sevkefza--sarki--ciftesofyan--gecip_de_karsima--ahmed_aga.txt,sarki,vocal,469,0.21153846153846154,19.92452830188679,0.038461538461538464,0.7084661304422601,0.4117193069796866,0.18635307394235726,0.29674682346257353,0.48309989740493076
sevkefza--sarki--curcuna--sebep_sensin--mustafa_nafiz_irmak.txt,sarki,vocal,656,0.250381679389313,19.92452830188679,0.059541984732824425,1.1981017649912624,0.4117193069796866,0.8968931676275618,0.7863824580115758,1.6832756256391375
sevkefza--sarki--semai--geldik_gidiyoruz--omer_dilek.txt,sarki,vocal,389,0.19845360824742267,19.92452830188679,0.041237113402061855,0.5435258706332244,0.4117193069796866,0.2799069414881362,0.13180656365353782,0.41171350514167404
sevkefza--sazsemaisi--aksaksemai----said_dede.txt,sazsemaisi,instrumental,502,0.0718562874251497,21.962264150943398,0.05788423153692615,-1.0522883523549584,0.7540659260858348,0.8410167361724581,-1.8063542784407933,-0.9653375422683352
sevkidil--pesrev--muhammes----seyyid_ahmed_aga.txt,pesrev,instrumental,184,0.02185792349726776,17.20754716981132,0.04371584699453552,-1.682539449013362,-0.0447428518285103,0.36345543834400756,-1.6377965971848518,-1.2743411588408442
sivenuma--beste--devrirevan--bir_goruste--abdulhalim_aga.txt,beste,vocal,194,0.12953367875647667,24.0,0.06735751295336788,-0.3252397794976932,1.0964125451919824,1.160324315268325,-1.4216523246896755,-0.2613280094213506
sultanisegah--pesrev--cifteduyek----santuri_ethem_efendi.txt,pesrev,instrumental,459,0.11572052401746726,27.849056603773583,0.06331877729257641,-0.49936059543339395,1.7430672701702612,1.024194198388523,-2.242427865603655,-1.2182336672151322
sultaniyegah--aranagme--nimsofyan--1--.txt,aranagme,flagged,78,0.18181818181818182,9.962264150943396,0.0,0.3338290940440512,-1.2619752753170357,-1.1100362334777238,1.5958043693610868,0.485768135883363
sultaniyegah--aranagme--turkaksagi--1--.txt,aranagme,flagged,164,0.06134969325153374,21.056603773584907,0.03067484662576687,-1.1847285359901185,0.6019118731497691,-0.07610611099545064,-1.7866404091398875,-1.8627465201353381
sultaniyegah--pesrev--muhammes----kanuni_haci_arif_bey.txt,pesrev,instrumental,653,0.08588957055214724,23.09433962264151,0.03834355828220859,-0.8753927224646395,0.9442584922559166,0.1823764196251177,-1.8196512147205561,-1.6372747950954385
sultaniyegah--sarki--agiraksak--guller_acmis--santuri_ethem_efendi.txt,sarki,vocal,480,0.11899791231732777,22.18867924528302,0.03966597077244259,-0.4580476922123622,0.7921044393198511,0.22694981634590886,-1.2501521315322133,-1.0232023151863043
sultaniyegah--sarki--agiraksak--yaradan_oyle--selanikli_ahmed_bey.txt,sarki,vocal,481,0.15625,25.132075471698112,0.020833333333333332,0.011531055377944799,1.2866051113620642,-0.40782535862518,-1.2750740559841194,-1.6828994146092993
sultaniyegah--sarki--aksak--askin_karanlik--mustafa_sunar.txt,sarki,vocal,386,0.23116883116883116,25.132075471698112,0.0025974025974025974,0.9559154670884722,1.2866051113620642,-1.0224878646649391,-0.33068964427359204,-1.3531775089385312
sultaniyegah--sarki--aksak--biz_heybelide--yesari_asim_arsoy.txt,sarki,vocal,398,0.14105793450881612,27.169811320754718,0.005037783375314861,-0.1799715295893498,1.6289517304682124,-0.9402320924554463,-1.8089232600575622,-2.7491553525130086
sultaniyegah--sarki--aksak--habide_olan--udi_sami_bey.txt,sarki,vocal,495,0.17611336032388664,24.0,0.020242914979757085,0.261917340927367,1.0964125451919824,-0.4277260716776812,-0.8344952042646154,-1.2622212759422966
sultaniyegah--sarki--aksak--sacinin_telleri--munir_nurettin_selcuk.txt,sarki,vocal,498,0.19517102615694165,23.09433962264151,0.014084507042253521,0.5021474974252326,0.9442584922559166,-0.6353021209013561,-0.44211099483068406,-1.0774131157320401
sultaniyegah--sarki--curcuna--bu_gulzarin--santuri_ethem_efendi.txt,sarki,vocal,288,0.1602787456445993,23.09433962264151,0.04878048780487805,0.06231514431991339,0.9442584922559166,0.5341648393477448,-0.8819433479360033,-0.34777850858825843
sultaniyegah--sarki--curcuna--gozumde_hep--.txt,sarki,vocal,424,0.11583924349881797,21.056603773584907,0.03546099290780142,-0.49786408479908745,0.6019118731497691,0.08521631946277647,-1.0997759579488566,-1.0145596384860802
sultaniyegah--sarki--curcuna--sevildim_sanma--arif_sami_toker.txt,sarki,vocal,203,0.1188118811881188,21.962264150943398,0.07920792079207921,-0.4603926954081802,0.7540659260858348,1.5597556075458094,-1.214458621494015,0.3452969860517945
sultaniyegah--sarki--duyek--kacinci_fasl-i--cevdet_cagla.txt,sarki,vocal,445,0.12162162162162163,21.056603773584907,0.009009009009009009,-0.4249746966893643,0.6019118731497691,-0.8063774767847319,-1.0268865698391334,-1.8332640466238654
sultaniyegah--sarki--nimsofyan--sen_sarki--munir_nurettin_selcuk.txt,sarki,vocal,480,0.18789144050104384,23.09433962264151,0.031315240083507306,0.4103851579721636,0.9442584922559166,-0.054520930985382327,-0.533873334283753,-0.5883942652691354
sultaniyegah--sarki--senginsemai--al_sazini--bimen_sen.txt,sarki,vocal,488,0.1026694045174538,23.09433962264151,0.0,-0.6638756261525565,0.9442584922559166,-1.1100362334777238,-1.608134118408473,-2.718170351886197
sultaniyegah--sarki--sofyan--andikca_gecen--lemi_atli.txt,sarki,vocal,617,0.137987012987013,25.132075471698112,0.030844155844155844,-0.21868182938355968,1.2866051113620642,-0.07039935382590563,-1.505286940745624,-1.5756862945715295
sultaniyegah--sazsemaisi--aksaksemai----kanuni_haci_arif_bey.txt,sazsemaisi,instrumental,676,0.18962962962962962,21.056603773584907,0.037037037037037035,0.43229578700936677,0.6019118731497691,0.13833865514902077,-0.16961608614040236,-0.03127743099138158
sultaniyegah--yuruksemai--yuruksemai--sadeyledi_can--dede_efendi.txt,yuruksemai,vocal,556,0.11891891891891893,21.056603773584907,0.05225225225225225,-0.45904343831412986,0.6019118731497691,0.6511845553416294,-1.060955311463899,-0.40977075612226954
suzidil--agirsemai--aksaksemai--beni_ey--sadullah_aga.txt,agirsemai,vocal,551,0.13454545454545455,22.867924528301888,0.034545454545454546,-0.26206416855639425,0.9062199790219004,0.05435707173231257,-1.1682841475782948,-1.1139270758459823
suzidil--agirsemai--aksaksemai--kani_yad-i--tanburi_ali_efendi.txt,agirsemai,vocal,667,0.12012012012012012,19.92452830188679,0.010510510510510511,-0.4439017753697897,0.4117193069796866,-0.7557676840025667,-0.8556210823494763,-1.611388766352043
suzidil--aranagme--ciftesofyan--1--.txt,aranagme,flagged,112,0.07207207207207207,21.056603773584907,0.0990990990990991,-1.0495682931434003,0.6019118731497691,2.230210090145188,-1.6514801662931693,0.5787299238520185
suzidil--aranagme--curcuna--1--.txt,aranagme,flagged,138,0.058394160583941604,16.9811320754717,0.0364963503649635,-1.2219843091519464,-0.08278136506252656,0.12011420422016315,-1.1392029440894198,-1.0190887398692567
suzidil--beste--fer--hiraman_ol--abdulhalim_aga.txt,beste,vocal,639,0.219435736677116,20.150943396226417,0.05172413793103448,0.8080147141505065,0.4497578202137035,0.633383869604454,0.35825689393680304,0.9916407635412571
suzidil--pesrev--devrikebir----tanburi_ali_efendi.txt,pesrev,instrumental,603,0.07475083056478406,23.09433962264151,0.029900332225913623,-1.0158013786869604,0.9442584922559166,-0.10221198784217908,-1.9600598709428771,-2.0622718587850564
suzidil--sarki--agiraksak--bir_nigah_ile--nikogos_aga.txt,sarki,vocal,522,0.1420345489443378,21.056603773584907,0.005758157389635317,-0.16766088038715204,0.6019118731497691,-0.91595107804823,-0.7695727535369212,-1.6855238315851513
suzidil--sarki--agiraksak--ulfetin_gecti--ismet_aga.txt,sarki,vocal,755,0.1220159151193634,26.037735849056602,0.003978779840848806,-0.4200044558687752,1.4387591642981299,-0.9759269947790948,-1.858763620166905,-2.834690614946
suzidil--sarki--aksak--her_bir--tanburi_ali_efendi.txt,sarki,vocal,446,0.08089887640449438,21.056603773584907,0.04943820224719101,-0.9383025901591472,0.6019118731497691,0.5563338425768523,-1.5402144633089163,-0.9838806207320641
suzidil--sarki--aksak--sana_ben_arz-i--garbis_efendi.txt,sarki,vocal,673,0.1800595238095238,19.92452830188679,0.010416666666666666,0.31166044588183217,0.4117193069796866,-0.758930796051452,-0.10005886109785445,-0.8589896571493064
suzidil--sarki--ciftesofyan--gul_olsam--bimen_sen.txt,sarki,vocal,484,0.15320910973084886,23.09433962264151,0.049689440993788817,-0.02680068743097557,0.9442584922559166,0.5648021264190267,-0.9710591796868921,-0.40625705326786543
suzidil--sarki--duyek--sevgi_cicegimsin--omer_sami_gupgup.txt,sarki,vocal,384,0.2584856396866841,20.150943396226417,0.03655352480417755,1.3002557049094052,0.4497578202137035,0.12204133284318874,0.8504978846957018,0.9725392175388905
suzidil--sarki--evfer--yandikca_oldu--tanburi_ali_efendi.txt,sarki,vocal,330,0.17933130699088146,19.92452830188679,0.015197568389057751,0.30248095654461216,0.4117193069796866,-0.5977851393603666,-0.10923835043507446,-0.707023489795441
suzidil--sarki--senginsemai--ey_gonca--semseddin_ziya_bey.txt,sarki,vocal,368,0.18256130790190736,23.09433962264151,0.013623978201634877,0.3431965211442468,0.9442584922559166,-0.6508247621845071,-0.6010619711116698,-1.251886733296177
suzidil--sarki--turkaksagi--vadeyle_vaslin--eyyubi_mehmet_bey.txt,sarki,vocal,397,0.09848484848484848,19.92452830188679,0.03535353535353535,-0.7166237727195547,0.4117193069796866,0.0815943420296233,-1.1283430796992413,-1.046748737669618
suzidil--sazsemaisi--aksaksemai----abdulhalim_aga.txt,sazsemaisi,instrumental,528,0.022770398481973434,23.09433962264151,0.028462998102466792,-1.6710373054509524,0.9442584922559166,-0.15065894715166772,-2.615295797706869,-2.765954744858537
suzidilara--pesrev--agirduyek----iii_selim.txt,pesrev,instrumental,711,0.0647887323943662,21.962264150943398,0.05352112676056338,-1.1413779536721114,0.7540659260858348,0.6939533943124734,-1.8954438797579463,-1.2014904854454729
suzidilara--sazsemaisi--aksaksemai----tanburi_cemil_bey.txt,sazsemaisi,instrumental,656,0.13587786259541984,17.88679245283019,0.02748091603053435,-0.24526858628697495,0.06937268787353908,-0.1837611252752843,-0.314641274160514,-0.49840239943579834
suzidilara--turku--sofyan--hekimoglu--.txt,turku,vocal,488,0.3942505133470226,9.962264150943396,0.008213552361396304,3.0116309138170214,-1.2619752753170357,-0.8331892355892466,4.273606189134057,3.44041695354481
suzidilara--yuruksemai--yuruksemai--ab_u_tab--iii_selim.txt,yuruksemai,vocal,575,0.16898954703832753,21.962264150943398,0.029616724738675958,0.17211857987011622,0.7540659260858348,-0.11177129640511792,-0.5819473462157185,-0.6937186426208365
suzinak--agirsemai--aksaksemai--kapilir_her--kucuk_mehmet_aga.txt,agirsemai,vocal,467,0.07939914163090128,16.9811320754717,0.04291845493562232,-0.9572073984668183,-0.08278136506252656,0.3365784443300919,-0.8744260334042918,-0.5378475890741999
suzinak--aranagme--aksak--1--.txt,aranagme,flagged,104,0.21359223300970873,12.0,0.009708737864077669,0.7343548119980472,-0.9196286562108879,-0.7827923306338199,1.653983468208935,0.871191137575115
suzinak--aranagme--curcuna--1--.txt,aranagme,flagged,98,0.07216494845360824,13.132075471698114,0.05154639175257732,-1.0483975460085286,-0.7294360900408057,0.6273927352296012,-0.31896145596772296,0.3084312792618782
suzinak--ilahi--cifteduyek--yandi_bu--ali_riza_sengel.txt,ilahi,vocal,356,0.09859154929577464,16.07547169811321,0.022535211267605635,-0.7152787626468741,-0.23493541799859222,-0.3504616533555355,-0.4803433446482819,-0.8308049980038174
suzinak--mersiye--devrirevan--ehl-i_aska--.txt,mersiye,vocal,204,0.22167487684729065,15.622641509433961,0.04433497536945813,0.8362400486806526,-0.31101244446662535,0.3843238548784287,1.147252493147278,1.5315763480257067
suzinak--pesrev--cenber----tatyos_efendi.txt,pesrev,instrumental,882,0.06696935300794551,21.962264150943398,0.00681044267877412,-1.1138902835738127,0.7540659260858348,-0.8804826217211601,-1.8679562096596474,-2.7484388313808075
suzinak--pesrev--devrikebir----nayi_emin_dede.txt,pesrev,instrumental,171,0.1588235294117647,15.169811320754716,0.047058823529411764,0.04397151155740898,-0.3870894709346582,0.4761342132480223,0.43106098249206715,0.9071951957400894
suzinak--sarki--aksak--beni_bigane-i--mehmet_cemil_bey.txt,sarki,vocal,409,0.07352941176470588,19.0188679245283,0.03676470588235294,-1.0311978932476933,0.25956525404362096,0.12915942802676542,-1.2907631472913144,-1.161603719264549
suzinak--sarki--curcuna--gozumden_gitmiyor--haci_arif_bey.txt,sarki,vocal,347,0.09826589595375723,18.11320754716981,0.07225433526011561,-0.7193837644871941,0.10741120110755534,1.3253772053172261,-0.8267949655947494,0.4985822397224767
suzinak--sarki--curcuna--ne_muskulmus--osman_nihat_akin.txt,sarki,vocal,435,0.12211981566820276,15.849056603773585,0.059907834101382486,-0.4186947443161357,-0.27297393123260877,0.9092245310752133,-0.1457208130835269,0.7635037179916864
suzinak--sarki--curcuna--pek_revadir--ahmet_rasim_bey.txt,sarki,vocal,702,0.19686162624821682,12.0,0.06134094151212553,0.5234582459744023,-0.9196286562108879,0.9575290242906792,1.4430869021852901,2.4006159264759694
suzinak--sarki--curcuna--sen_bezmimize--hasan_ali_yucel.txt,sarki,vocal,538,0.09683426443202979,14.037735849056604,0.0,-0.7374301017209669,-0.57728203710474,-1.1100362334777238,-0.16014806461622688,-1.2701842980939508
suzinak--sarki--senginsemai--gunden_gune--hafiz_mehmet_esref_efendi.txt,sarki,vocal,509,0.0984251968503937,20.150943396226417,0.05708661417322835,-0.7173757074845966,0.4497578202137035,0.814132148007987,-1.1671335276983,-0.35300137969031287
suzinak--sarki--senginsemai--sensiz_geceler--musa_sureyya_bey.txt,sarki,vocal,479,0.18200836820083682,14.943396226415095,0.010460251046025104,0.3362264760146033,-0.4251279841686744,-0.7574617356438106,0.7613544601832778,0.003892724539467207
suzinak--turku--oynak--a_benim--osman_pehlivan.txt,turku,vocal,258,0.14785992217898833,14.037735849056604,0.0,-0.09422952021547269,-0.57728203710474,-1.1100362334777238,0.4830525168892673,-0.6269837165884565
suzinak_zirgule--longa--nimsofyan----turhan_yalcin.txt,longa,instrumental,765,0.09816753926701571,19.0188679245283,0.0,-0.7206235932498302,0.25956525404362096,-1.1100362334777238,-0.9801888472934511,-2.090225080771175
suzinak_zirgule--nakis--yuruksemai_ii--cana_firak-i--dede_efendi.txt,nakis,vocal,794,0.1008827238335435,14.943396226415095,0.031525851197982346,-0.6863975123094131,-0.4251279841686744,-0.04742204706782134,-0.2612695281407387,-0.30869157520856005
suzinak_zirgule--sarki--agiraksak--sonbahar_goncasi_mi--mustafa_nafiz_irmak.txt,sarki,vocal,641,0.0984375,16.9811320754717,0.0015625,-0.7172206209393067,-0.08278136506252656,-1.057370417863783,-0.6344392558767802,-1.6918096737405632
suzinak_zirgule--sarki--aksak--beni_bizar--haci_arif_bey.txt,sarki,vocal,550,0.1766848816029144,14.943396226415095,0.01092896174863388,0.2691216149190204,-0.4251279841686744,-0.741663315522291,0.6942495990876949,-0.04741371643459613
suzinak_zirgule--sarki--aksak--bir_sihr-i--rahmi_bey.txt,sarki,vocal,429,0.12850467289719625,18.11320754716981,0.02570093457943925,-0.33821084535526524,0.10741120110755534,-0.2437573972110342,-0.44562204646282055,-0.6893794436738547
suzinak_zirgule--sarki--aksak--gozlerin_bir--ferit_sidal.txt,sarki,vocal,776,0.06193548387096774,13.132075471698114,0.01935483870967742,-1.1773443907640264,-0.7294360900408057,-0.4576596787760056,-0.44790830072322074,-0.9055679794992264
suzinak_zirgule--sarki--aksak--hasretle_yanan--emin_ongan.txt,sarki,vocal,349,0.16954022988505746,16.9811320754717,0.034482758620689655,0.17906017637041624,-0.08278136506252656,0.05224383524372809,0.2618415414329428,0.3140853766766709
suzinak_zirgule--sarki--curcuna--benim_yarem--latif_aga.txt,sarki,vocal,394,0.10432569974554708,16.9811320754717,0.002544529262086514,-0.6429973053058669,-0.08278136506252656,-1.0242700197552757,-0.5602159402433403,-1.584485959998616
suzinak_zirgule--sarki--devrihindi--dogdugum_gunden--muallim_ismail_hakki_bey.txt,sarki,vocal,288,0.20209059233449478,14.943396226415095,0.0,0.5893716349608865,-0.4251279841686744,-1.1100362334777238,1.014499619129561,-0.09553661434816285
suzinak_zirgule--sarki--duyek--aylardir_gul--erol_sayan.txt,sarki,vocal,328,0.045871559633027525,12.0,0.10091743119266056,-1.3798371339706386,-0.9196286562108879,2.2914990135144153,-0.4602084777597507,1.8312905357546647
suzinak_zirgule--sarki--duyek--dokunma_kalbime--gavsi_baykara.txt,sarki,vocal,468,0.11777301927194861,16.07547169811321,0.0,-0.4734880011443304,-0.23493541799859222,-1.1100362334777238,-0.23855258314573816,-1.348588816623462
suzinak_zirgule--sarki--duyek--kuzucagim_ne--haci_faik_bey.txt,sarki,vocal,522,0.15930902111324377,18.11320754716981,0.019193857965451054,0.050091345352712584,0.10741120110755534,-0.4630857153794109,-0.057319855754842754,-0.5204055711342537
suzinak_zirgule--sarki--duyek--sen_ayrilik--omer_dilek.txt,sarki,vocal,292,0.15120274914089346,15.849056603773585,0.13402061855670103,-0.052091734232737635,-0.27297393123260877,3.407279085161321,0.22088219699987113,3.628161282161192
suzinak_zirgule--sarki--evfer--dil-i_mahzununu--tanburi_ali_efendi.txt,sarki,vocal,275,0.11678832116788321,16.9811320754717,0.032846715328467155,-0.48590054850007663,-0.08278136506252656,-0.002900839549625407,-0.40311918343755004,-0.40602002298717543
suzinak_zirgule--sarki--kapali_curcuna--ayri_dustum--yesari_asim_arsoy.txt,sarki,vocal,404,0.18610421836228289,18.11320754716981,0.004962779156327543,0.38785644654170565,0.10741120110755534,-0.9427601938106167,0.2804452454341503,-0.6623149483764664
suzinak_zirgule--sarki--semai--simdi_uzaklardasin--zeki_muren.txt,sarki,vocal,413,0.11407766990291263,19.0188679245283,0.021844660194174758,-0.5200694852050936,0.25956525404362096,-0.37373745207893994,-0.7796347392487145,-1.1533721913276545
suzinak_zirgule--sarki--senginsemai--hal-i_dilimi--sekerci_cemil_bey.txt,sarki,vocal,658,0.1354642313546423,16.9811320754717,0.0121765601217656,-0.25048258775886795,-0.08278136506252656,-0.699611612559342,-0.16770122269634138,-0.8673128352556834
suzinak_zirgule--sarki--sofyan--gecti_alam-i--klarnet_ibrahim_efendi.txt,sarki,vocal,455,0.12334801762114538,14.943396226415095,0.0,-0.403212725166937,-0.4251279841686744,-1.1100362334777238,0.021915259001737408,-1.0881209744759865
suzinak_zirgule--sarki--yuruksemai--husn_alemini--haci_arif_bey.txt,sarki,vocal,352,0.15954415954415954,15.849056603773585,0.02564102564102564,0.0530553674188138,-0.27297393123260877,-0.24577669519766987,0.32602929865142255,0.08025260345375268
suzinak_zirgule--sarki--yuruksemai_ii--nihal-i_gulsen-i--emin_ongan.txt,sarki,vocal,370,0.08943089430894309,18.11320754716981,0.018970189701897018,-0.8307527981550684,0.10741120110755534,-0.4706247051567083,-0.9381639992626237,-1.4087887044193321
suzinak_zirgule--turku--nimsofyan--yarim_gitti--istanbul.txt,turku,vocal,442,0.18140589569160998,12.0,0.0,0.32863204832104004,-0.9196286562108879,-1.1100362334777238,1.2482607045319278,0.138224471054204
suzinak_zirgule--turku--oynak--uzun_da_kavak--izmir.txt,turku,vocal,642,0.2745709828393136,14.037735849056604,0.0,1.503018442840077,-0.57728203710474,-1.1100362334777238,2.080300479944817,0.9702642464670932
suzinak_zirgule--turku--semai--gokyuzunde_tuten--necmi_piskin.txt,turku,vocal,579,0.04844290657439446,18.11320754716981,0.01903114186851211,-1.3474241887786058,0.10741120110755534,-0.4685702439930471,-1.4548353898861612,-1.9234056338792083
tahir--aranagme--duyek--1--.txt,aranagme,flagged,138,0.13138686131386862,14.943396226415095,0.014598540145985401,-0.30187960833710903,-0.4251279841686744,-0.6179760583985691,0.1232483758315654,-0.49472768256700367
tahir--pesrev--fahte----dede_salih_efendi.txt,pesrev,instrumental,618,0.1458670988654781,19.92452830188679,0.04376012965964344,-0.11934992376703463,0.4117193069796866,0.36494803525630687,-0.5310692307467213,-0.16612119549041443
tahir--sarki--aksak--ben_sana--dellalzade_haci_ismail_efendi.txt,sarki,vocal,380,0.16358839050131926,19.0188679245283,0.018469656992084433,0.10403465545244442,0.25956525404362096,-0.4874957217350992,-0.15553059859117654,-0.6430263203262757
tahir--sarki--aksak--efem_simdi--lavtaci_hristo.txt,sarki,vocal,269,0.2798507462686567,16.9811320754717,0.03731343283582089,1.5695721544023225,-0.08278136506252656,0.1476548856611606,1.652353519464849,1.8000084051260097
tahir--sarki--duyek--gonul_vermisken--fehmi_tokay.txt,sarki,vocal,289,0.2048611111111111,16.9811320754717,0.013888888888888888,0.6242952276567147,-0.08278136506252656,-0.6418956502426946,0.7070765927192413,0.06518094247654671
tahir--tesbih--sofyan--allahumme--ali_ufki.txt,tesbih,vocal,304,0.19801980198019803,22.41509433962264,0.013201320132013201,0.5380575541889107,0.8301429525538673,-0.6650709266404683,-0.2920853983649566,-0.9571563250054249
tahir--turku--aksak--gimildan--manisa.txt,turku,vocal,386,0.4103896103896104,14.037735849056604,0.02077922077922078,3.21507124288137,-0.57728203710474,-0.40964928297544634,3.79235327998611,3.3827039970106636
tahir--turku--aksak--havuzun_basinda--cankiri.txt,turku,vocal,248,0.21862348178137653,14.943396226415095,0.0,0.7977758883452389,-0.4251279841686744,-1.1100362334777238,1.2229038725139134,0.11286763903618957
tahir--turku--aksak--islamoglu--afyon.txt,turku,vocal,726,0.36689655172413793,16.9811320754717,0.044137931034482755,2.666822344967811,-0.08278136506252656,0.37768225448573456,2.7496037100303377,3.127285964516072
tahir--turku--bektasidevrirevani--asamadim_su--eskisehir.txt,turku,vocal,320,0.15047021943573669,16.9811320754717,0.025078369905956112,-0.061325589377994844,-0.08278136506252656,-0.26474163804394063,0.02145577568453172,-0.2432858623594089
tahir--turku--ciftesofyan--yayla_yollarinda--.txt,turku,vocal,388,0.5012919896640827,16.9811320754717,0.0,4.360935221735395,-0.08278136506252656,-1.1100362334777238,4.443716586797922,3.3336803533201977
tahir--turku--devrihindi--yoru_bire--sarkisla.txt,turku,vocal,664,0.30165912518853694,19.0188679245283,0.0030165912518853697,1.8444762442725848,0.25956525404362096,-1.008358640738894,1.584910990228964,0.57655234949007
tahir--turku--devrituran--asagidan_gelir--sivas.txt,turku,vocal,572,0.16112084063047286,16.9811320754717,0.01926444833625219,0.07293011742389112,-0.08278136506252656,-0.46070638772966227,0.1557114824864177,-0.3049949052432446
tahir--turku--kapali_curcuna--don_beri--urfa.txt,turku,vocal,338,0.18991097922848665,19.0188679245283,0.03857566765578635,0.43584232092155273,0.25956525404362096,0.1901999264866304,0.17627706687793177,0.3664769933645622
tahir--turku--musemmen_ii--alli_durnam--kirikkale-keskin.txt,turku,vocal,630,0.3783783783783784,14.943396226415095,0.025437201907790145,2.8115557576633674,-0.4251279841686744,-0.2526468028151583,3.2366837418320418,2.9840369390168835
tahir--turku--musemmen_ii--gonul_gurbet--gaziantep.txt,turku,vocal,408,0.4226044226044226,13.584905660377359,0.012285012285012284,3.369044256977713,-0.6533590635727728,-0.6959561107145531,4.022403320550486,3.3264472098359334
tahir--turku--musemmen_ii--hem_okudum--corum.txt,turku,vocal,354,0.24362606232294617,14.943396226415095,0.0084985835694051,1.1129442772217963,-0.4251279841686744,-0.8235819389203122,1.5380722613904707,0.7144903224701585
tahir--turku--nimsofyan--bagda_gulu--ankara.txt,turku,vocal,510,0.29469548133595286,12.0,0.011787819253438114,1.7566964884957723,-0.9196286562108879,-0.7127145596908228,2.6763251447066603,1.9636105850158376
tahir--turku--nimsofyan--bagisla_sevdigim--kirsehir.txt,turku,vocal,772,0.5719844357976653,15.622641509433961,0.020752269779507133,5.252044214130038,-0.31101244446662535,-0.4105576966596257,5.563056658596663,5.152498961937037
tahir--turku--nimsofyan--basinda_altin--diyarbakir.txt,turku,vocal,488,0.2874743326488706,14.943396226415095,0.02053388090349076,1.665670772419711,-0.4251279841686744,-0.41791873875653074,2.0907987565883857,1.6728800178318548
tahir--turku--nimsofyan--gidin_bulutlar--kutahya.txt,turku,vocal,651,0.11846153846153847,14.037735849056604,0.013846153846153847,-0.46480891766601334,-0.57728203710474,-0.6433360828064946,0.11247311943872668,-0.530862963367768
tahir--turku--raksan--top_yatagin--aydin.txt,turku,vocal,458,0.21444201312910285,14.943396226415095,0.0,0.7450666595484826,-0.4251279841686744,-1.1100362334777238,1.170194643717157,0.060158410239433247
tahir--turku--senginsemai--gele_gele--urfa.txt,turku,vocal,507,0.2608695652173913,19.0188679245283,0.0,1.3303061218039933,0.25956525404362096,-1.1100362334777238,1.0707408677603723,-0.039295365717351594
tahir--turku--sofyan--gine_gordum--yozgat.txt,turku,vocal,414,0.288135593220339,14.943396226415095,0.004842615012106538,1.6740062491754313,-0.4251279841686744,-0.9468104611149049,2.0991342333441056,1.1523237722292008
tahir--turku--sofyan--hele_yar--diyarbakir.txt,turku,vocal,422,0.2850356294536817,14.943396226415095,0.040380047505938245,1.63492985926885,-0.4251279841686744,0.2510185738374207,2.0600578434375243,2.311076417274945
tahir--turku--sofyan--karanfil_ocak--nevsehir.txt,turku,vocal,424,0.1607565011820331,14.943396226415095,0.030732860520094562,0.06833746040682787,-0.4251279841686744,-0.07415068759595701,0.4934654445755023,0.4193147569795453
tahir--turku--sofyan--kayada_yatan--ankara.txt,turku,vocal,270,0.35687732342007433,16.9811320754717,0.040892193308550186,2.540525619830659,-0.08278136506252656,0.26828102273842175,2.6233069848931856,2.8915880076316074
tahir--turku--yuruksemai--cay_icinde--urfa.txt,turku,vocal,490,0.12678936605316973,16.9811320754717,0.044989775051124746,-0.35983303325550786,-0.08278136506252656,0.40639461282961026,-0.2770516681929813,0.12934294463662893
tahirbuselik--beste--berefsan--bin_cefa--ahmet_irsoy.txt,beste,vocal,423,0.16350710900473933,18.11320754716981,0.02843601895734597,0.1030100668792777,0.10741120110755534,-0.15156830950837488,-0.004401134228277634,-0.1559694437366525
tahirbuselik--sazsemaisi--aksaksemai----kemani_riza_efendi.txt,sazsemaisi,instrumental,567,0.06007067137809187,21.962264150943398,0.03180212014134275,-1.200851162313443,0.7540659260858348,-0.038110092360059786,-1.9549170883992777,-1.9930271807593374
ussak--agirsemai--agir_aksaksemai--padisah-i_isvesin--tahir_aga.txt,agirsemai,vocal,398,0.2619647355163728,19.0188679245283,0.027707808564231738,1.3441112191659068,0.25956525404362096,-0.17611345785519697,1.084545965122286,0.908432507267089
ussak--aranagme--aksak--1--.txt,aranagme,flagged,110,0.1834862385321101,14.037735849056604,0.009174311926605505,0.3548556735288941,-0.57728203710474,-0.8008057564784384,0.9321377106336342,0.13133195415519572
ussak--aranagme--curcuna--1--.txt,aranagme,flagged,68,0.08955223880597014,15.169811320754716,0.014925373134328358,-0.8292231980578517,-0.3870894709346582,-0.60695978582217,-0.44213372712319354,-1.0490935129453636
ussak--aranagme--duyek--1--.txt,aranagme,flagged,60,0.06779661016949153,9.962264150943396,0.0847457627118644,-1.1034623476910521,-1.2619752753170357,1.746414782871607,0.15851292762598357,1.9049277104975906
ussak--beste--agircenber--cam-i_lalin--zaharya.txt,beste,vocal,453,0.13716814159292035,16.9811320754717,0.059734513274336286,-0.22900405902478363,-0.08278136506252656,0.90338255813488,-0.14622269396225707,0.7571598641726229
ussak--beste--zencir--bahar_geldi--hafiz_post.txt,beste,vocal,451,0.15333333333333332,19.92452830188679,0.044444444444444446,-0.025234794958781556,0.4117193069796866,0.38801363287436985,-0.4369541019384682,-0.048940469064098324
ussak--fantezi--sofyan--soyle_sevgili--munir_nurettin_selcuk.txt,fantezi,vocal,400,0.23057644110275688,19.92452830188679,0.09022556390977443,0.948448132970672,0.4117193069796866,1.9311176305453233,0.5367288259909854,2.4678464565363085
ussak--ilahi--dolap--benim_adim--.txt,ilahi,vocal,72,0.0,7.018867924528302,0.0,-1.958068069803816,-1.7564759473592493,-1.1100362334777238,-0.2015921224445667,-1.3116283559222905
ussak--ilahi--duyek--allah_emrin--zekai_dede.txt,ilahi,vocal,180,0.1564245810055866,12.0,0.00558659217877095,0.013731724791555724,-0.9196286562108879,-0.9217338759753657,0.9333603810024436,0.01162650502707785
ussak--ilahi--duyek--dostun_senden--ali_rifat_cagatay.txt,ilahi,vocal,217,0.18981481481481483,12.0,0.027777777777777776,0.43463012671328616,-0.9196286562108879,-0.17375506700766538,1.3542587829241741,1.1805037159165088
ussak--ilahi--sofyan--askinla_cak--haci_nafiz_bey.txt,ilahi,vocal,120,0.25210084033613445,14.037735849056604,0.008403361344537815,1.219772535531462,-0.57728203710474,-0.8267915108481264,1.797054572636202,0.9702630617880755
ussak--ilahi--sofyan--ey_enbiyalar--.txt,ilahi,vocal,338,0.17210682492581603,15.39622641509434,0.020771513353115726,0.21141322179104935,-0.3490509577006416,-0.4099090704199947,0.5604641794916909,0.15055510907169622
ussak--ilahi--sofyan--ey_sehinsah-i--tiznam_yusuf_celebi.txt,ilahi,vocal,357,0.10674157303370786,16.9811320754717,0.05898876404494382,-0.6125441730504334,-0.08278136506252656,0.8782462436328498,-0.5297628079879069,0.3484834356449429
ussak--ilahi--sofyan--hak_taala--ali_ufki.txt,ilahi,vocal,149,0.2905405405405405,12.0,0.0,1.704321654858485,-0.9196286562108879,-1.1100362334777238,2.6239503110693727,1.5139140775916489
ussak--ilahi--sofyan--seyyah_olup--.txt,ilahi,vocal,350,0.41260744985673353,9.962264150943396,0.022922636103151862,3.2430280727965015,-1.2619752753170357,-0.3374030645855266,4.505003348113537,4.167600283528011
ussak--kalenderi--yuruksemai--ey_nur-i--numan_aga.txt,kalenderi,vocal,289,0.2048611111111111,13.132075471698114,0.024305555555555556,0.6242952276567147,-0.7294360900408057,-0.29079021281642264,1.3537313176975205,1.062941104881098
ussak--kanto--sofyan--telgirafin_tellerine--.txt,kanto,vocal,420,0.2386634844868735,9.056603773584905,0.028639618138424822,1.0503888278485154,-1.4141293282531013,-0.14470577067327206,2.464518156101617,2.319812385428345
ussak--kurthavasi--sofyan--karsida_kurt--.txt,kurthavasi,instrumental,128,0.12598425196850394,13.358490566037736,0.07874015748031496,-0.3699818460352152,-0.6913975768067895,1.5439891202956704,0.32141573077157426,1.8654048510672445
ussak--nefes--duyek--ben_melamet--.txt,nefes,vocal,436,0.3632183908045977,13.358490566037736,0.05057471264367816,2.6204575287796246,-0.6913975768067895,0.5946412006470724,3.311855105586414,3.9064963062334863
ussak--oyunhavasi--aksak--bandirma_dortlemesi--.txt,oyunhavasi,instrumental,478,0.10062893081761007,16.9811320754717,0.0440251572327044,-0.6895966835232354,-0.08278136506252656,0.3738810869653877,-0.6068153184607089,-0.23293423149532122
ussak--oyunhavasi--ikizaksak--ata_bari--artvin.txt,oyunhavasi,instrumental,140,0.19424460431654678,9.056603773584905,0.0,0.49046954768833,-1.4141293282531013,-1.1100362334777238,1.9045988759414314,0.7945626424637076
ussak--pesrev--cenber----zurnazen_ibrahim_aga.txt,pesrev,instrumental,298,0.06060606060606061,16.07547169811321,0.0,-1.1941023485211937,-0.23493541799859222,-1.1100362334777238,-0.9591669305226015,-2.0692031640003252
ussak--pesrev--devrikebir----iii_selim.txt,pesrev,instrumental,410,0.08068459657701711,16.9811320754717,0.034229828850855744,-0.9410036804679044,-0.08278136506252656,0.04371855356606458,-0.8582223154053779,-0.8145037618393133
ussak--pesrev--hafif----kanposoglu_mehmet_celebi.txt,pesrev,instrumental,981,0.024489795918367346,24.0,0.004081632653061225,-1.6493635538569607,1.0964125451919824,-0.9724602253433479,-2.745776099048943,-3.718236324392291
ussak--popsarkisi--sofyan--ellerimde_buyuttugum--baris_manco.txt,popsarkisi,vocal,209,0.35096153846153844,9.962264150943396,0.11538461538461539,2.4659545806044463,-1.2619752753170357,2.779131688782519,3.7279298559214817,6.507061544704001
ussak--rumeliturkusu--nimsofyan--alisimin_kaslari--.txt,rumeliturkusu,vocal,682,0.12481644640234948,13.132075471698114,0.002936857562408223,-0.3847025424926885,-0.7294360900408057,-1.0110461542033564,0.3447335475481172,-0.6663126066552392
ussak--sarki--agir_aksaksemai--pur-atesim--dede_efendi.txt,sarki,vocal,630,0.20190779014308427,18.11320754716981,0.0,0.5870673339286725,0.10741120110755534,-1.1100362334777238,0.4796561328211172,-0.6303801006566067
ussak--sarki--agiraksak--kaldi_atesler--haci_karabet_efendi.txt,sarki,vocal,575,0.13937282229965156,20.37735849056604,0.013937282229965157,-0.20121310100057302,0.4877963334477197,-0.6402644983847329,-0.6890094344482928,-1.3292739328330256
ussak--sarki--agiraksak--kimseler_gelmez--sevki_bey.txt,sarki,vocal,568,0.14638447971781304,16.9811320754717,0.029982363315696647,-0.11282811337250864,-0.08278136506252656,-0.09944703792274011,-0.03004674830998208,-0.12949378623272217
ussak--sarki--agiraksak--na-umid-i--sekerci_cemil_bey.txt,sarki,vocal,590,0.07809847198641766,14.943396226415095,0.035653650254668934,-0.9736029043479411,-0.4251279841686744,0.09171005149912556,-0.5484749201792667,-0.4567648686801411
ussak--sarki--agiraksak--reng-i_ruhsarina--sevki_bey.txt,sarki,vocal,344,0.10787172011661808,16.30188679245283,0.023323615160349854,-0.5982981781331427,-0.19689690476457594,-0.3238876155670042,-0.40140127336856674,-0.7252888889355709
ussak--sarki--aksak--aglatirlar_guldururler--dede_efendi.txt,sarki,vocal,379,0.17195767195767195,21.962264150943398,0.037037037037037035,0.20953308383537037,0.7540659260858348,0.13833865514902077,-0.5445328422504644,-0.4061941871014436
ussak--sarki--aksak--aman_felek--dede_efendi.txt,sarki,vocal,371,0.10810810810810811,14.037735849056604,0.0,-0.5953184048131923,-0.57728203710474,-1.1100362334777238,-0.018036367708452294,-1.1280726011861761
ussak--sarki--aksak--bag-i_husnun--kemal_emin_bara.txt,sarki,vocal,466,0.16774193548387098,14.037735849056604,0.04946236559139785,0.15639189426228092,-0.57728203710474,0.5571482952044449,0.733673931367021,1.290822226571466
ussak--sarki--aksak--bir_melek--haci_arif_bey.txt,sarki,vocal,389,0.19329896907216496,16.9811320754717,0.01804123711340206,0.47854940464784695,-0.08278136506252656,-0.5019360944301602,0.5613307697103735,0.05939467528021336
ussak--sarki--aksak--bu_aksam--tatyos_efendi.txt,sarki,vocal,384,0.1671018276762402,19.0188679245283,0.010443864229765013,0.14832305728351883,0.25956525404362096,-0.7580140716717488,-0.11124219676010214,-0.869256268431851
ussak--sarki--aksak--daglar_dayanmaz--sevki_bey.txt,sarki,vocal,422,0.24703087885985747,14.037735849056604,0.06413301662707839,1.1558634687258276,-0.57728203710474,1.0516390487286822,1.7331455058305676,2.78478455455925
ussak--sarki--aksak--ducar-i_hicr-i--sevki_bey.txt,sarki,vocal,337,0.19345238095238096,14.037735849056604,0.020833333333333332,0.4804832280402689,-0.57728203710474,-0.40782535862518,1.057765265145009,0.6499399065198289
ussak--sarki--aksak--gitti_de--dede_efendi.txt,sarki,vocal,396,0.1468354430379747,19.0188679245283,0.017721518987341773,-0.10714352482288023,0.25956525404362096,-0.5127125525904966,-0.3667087788665012,-0.8794213314569979
ussak--sarki--aksak--gulzara_nazar--sevki_bey.txt,sarki,vocal,423,0.1848341232227488,18.339622641509433,0.011848341232227487,0.3718463455770725,0.1454497143415716,-0.7106745984904952,0.2263966312355009,-0.4842779672549943
ussak--sarki--aksak--muntazirdir_sana--dellalzade_haci_ismail_efendi.txt,sarki,vocal,582,0.18072289156626506,21.962264150943398,0.055077452667814115,0.3200224846232808,0.7540659260858348,0.7464111052030119,-0.43404344146255397,0.31236766374045793
ussak--sarki--aksak--siyah_ebrulerin--lemi_atli.txt,sarki,vocal,312,0.1639871382636656,16.9811320754717,0.00964630225080386,0.10906104421331173,-0.08278136506252656,-0.7848967930315299,0.1918424092758383,-0.5930543837556916
ussak--sarki--aksak--zeybeklerle_gezer--sevki_bey.txt,sarki,vocal,399,0.19095477386934673,14.037735849056604,0.020100502512562814,0.44899980579520016,-0.57728203710474,-0.43252624367024434,1.02628184289994,0.5937555992296957
ussak--sarki--curcuna--bu_yaz--yesari_asim_arsoy.txt,sarki,vocal,294,0.1296928327645051,16.9811320754717,0.0034129692832764505,-0.3232335740898086,-0.08278136506252656,-0.9949982744575119,-0.240452209027282,-1.235450483484794
ussak--sarki--curcuna--derdimi_anlatirdim--tahsin_karakus.txt,sarki,vocal,400,0.18546365914786966,16.9811320754717,0.05513784461152882,0.3797819193843591,-0.08278136506252656,0.7484466834252493,0.46256328444688566,1.211009967872135
ussak--sarki--curcuna--esiri_zulfunum--sevki_bey.txt,sarki,vocal,397,0.18181818181818182,16.30188679245283,0.045454545454545456,0.3338290940440512,-0.19689690476457594,0.4220602207460083,0.5307259988086271,0.9527862195546355
ussak--sarki--curcuna--hastasin_zannim--sevki_bey.txt,sarki,vocal,340,0.21238938053097345,14.037735849056604,0.02064896755162242,0.719192333983073,-0.57728203710474,-0.4140396141548485,1.296474371087813,0.8824347569329645
ussak--sarki--curcuna--omrumun_gulusun--haydar_tatliyay.txt,sarki,vocal,580,0.09844559585492228,16.9811320754717,0.04835924006908463,-0.7171185691711626,-0.08278136506252656,0.5199662117758497,-0.634337204108636,-0.11437099233278636
ussak--sarki--curcuna--yad_ile--sevki_bey.txt,sarki,vocal,418,0.1366906474820144,18.339622641509433,0.014388489208633094,-0.23502307971675032,0.1454497143415716,-0.6250560609176935,-0.3804727940583219,-1.0055288549760153
ussak--sarki--devrihindi--bezm-i_gamda--mustafa_coskun.txt,sarki,vocal,432,0.18793503480278423,18.339622641509433,0.0,0.41093468308301656,0.1454497143415716,-1.1100362334777238,0.26548496874144495,-0.844551264736279
ussak--sarki--devrihindi--gozlerin_hayran--serif_icli.txt,sarki,vocal,397,0.16161616161616163,14.943396226415095,0.0,0.0791738536165105,-0.4251279841686744,-1.1100362334777238,0.5043018377851849,-0.605734395692539
ussak--sarki--duyek--aksam_oldu_huzunlendim--semahat_ozdenses.txt,sarki,vocal,216,0.15813953488372093,16.9811320754717,0.05116279069767442,0.035349463403398625,-0.08278136506252656,0.6144630312764304,0.11813082846592518,0.7325938597423556
ussak--sarki--duyek--bahari_beklerken--selcuk_tekay.txt,sarki,vocal,987,0.1612576064908722,14.037735849056604,0.06997971602434078,0.07465411050547373,-0.57728203710474,1.2487086118687525,0.6519361476102138,1.9006447594789662
ussak--sarki--duyek--dalinda_solarken--arif_sami_toker.txt,sarki,vocal,299,0.1342281879194631,19.0188679245283,0.03355704697986577,-0.2660634521980081,0.25956525404362096,0.021041685747850203,-0.525628706241629,-0.5045870204937788
ussak--sarki--duyek--gun_gelir_de--sekip_ayhan_ozisik.txt,sarki,vocal,492,0.1629327902240326,14.037735849056604,0.05091649694501019,0.09577052916372283,-0.57728203710474,0.6061614240030353,0.6730525662684629,1.279213990271498
ussak--sarki--duyek--hem_bakarsin--ugur_uzunhekim.txt,sarki,vocal,573,0.17657342657342656,14.037735849056604,0.07167832167832168,0.26771667585613174,-0.57728203710474,1.3059620212596998,0.8449987129608718,2.150960734220572
ussak--sarki--duyek--her_mevsim--semahat_ozdenses.txt,sarki,vocal,351,0.10571428571428572,19.0188679245283,0.04857142857142857,-0.6254935759665561,0.25956525404362096,0.5271182633213499,-0.885058830010177,-0.3579405666888271
ussak--sarki--duyek--mehtapli_gecelerde--sevim_sengul.txt,sarki,vocal,562,0.1497326203208556,14.037735849056604,0.04634581105169341,-0.07062334663498442,-0.57728203710474,0.45210132769157174,0.5066586904697556,0.9587600181613274
ussak--sarki--duyek--menekse_gozler--yesari_asim_arsoy.txt,sarki,vocal,566,0.18761061946902655,13.132075471698114,0.007079646017699115,0.40684528687460264,-0.7294360900408057,-0.8714088211384523,1.1362813769154083,0.264872555776956
ussak--sarki--duyek--sevgi_dolu--bilge_ozgen.txt,sarki,vocal,533,0.09210526315789473,19.0188679245283,0.08270676691729323,-0.7970412170650939,0.25956525404362096,1.677688141876736,-1.0566064711087149,0.6210816707680211
ussak--sarki--evfer--yavrucagim_guzellendi--tanburi_mustafa_cavus.txt,sarki,vocal,374,0.12064343163538874,16.07547169811321,0.00804289544235925,-0.4373052063926978,-0.23493541799859222,-0.8389414185212458,-0.2023697883941056,-1.0413112069153514
ussak--sarki--kapali_curcuna--cana_rakibi--giriftzen_asim_bey.txt,sarki,vocal,331,0.10303030303030303,15.39622641509434,0.07575757575757576,-0.6593263436233581,-0.3490509577006416,1.443457856895163,-0.3102753859227165,1.1331824709724465
ussak--sarki--muasser--dilber_sana--erol_basara.txt,sarki,vocal,214,0.16901408450704225,14.037735849056604,0.03755868544600939,0.1724278853223703,-0.57728203710474,0.1559214000592567,0.7497099224271103,0.905631322486367
ussak--sarki--musemmen--gelmedin_bir--fehmi_tokay.txt,sarki,vocal,275,0.13503649635036497,14.037735849056604,0.021897810218978103,-0.25587437329636725,-0.57728203710474,-0.37194597085899156,0.32140766380837277,-0.05053830705061879
ussak--sarki--musemmen--gonlumun_bir--emin_ongan.txt,sarki,vocal,313,0.13782051282051283,20.37735849056604,0.003205128205128205,-0.2207806363101602,0.4877963334477197,-1.002003791192717,-0.7085769697578799,-1.710580760950597
ussak--sarki--nimsofyan--gordum_seni--sadettin_kaynak.txt,sarki,vocal,400,0.20050125313283207,18.11320754716981,0.05764411027568922,0.5693373239131301,0.10741120110755534,0.8329231796481118,0.46192612280557477,1.2948493024536867
ussak--sarki--nimsofyan--yillar_sonra--cahit_deniz.txt,sarki,vocal,666,0.23458646616541354,19.0188679245283,0.015037593984962405,0.9989962408450112,0.25956525404362096,-0.6031772561405494,0.7394309868013902,0.1362537306608408
ussak--sarki--raksaksagi--gemim_gidiyor--sadettin_kaynak.txt,sarki,vocal,189,0.1276595744680851,12.0,0.05319148936170213,-0.348863678165952,-0.9196286562108879,0.6828425959330265,0.5707649780449359,1.2536075739779624
ussak--sarki--semai--gonlume_gir--yilmaz_yuksel.txt,sarki,vocal,416,0.21686746987951808,13.132075471698114,0.01927710843373494,0.7756405955087002,-0.7294360900408057,-0.4602796649394663,1.505076685549506,1.0447970206100397
ussak--sarki--semai--imza_attim--gulen_ertek.txt,sarki,vocal,481,0.15625,18.11320754716981,0.10625,0.011531055377944799,0.10741120110755534,2.47123922827025,-0.09588014572961054,2.3753590825406397
ussak--sarki--senginsemai--ey_suh-i_cefa--haci_arif_bey.txt,sarki,vocal,328,0.1926605504587156,16.07547169811321,0.03669724770642202,0.4705018606955296,-0.23493541799859222,0.12688567451941773,0.7054372786941218,0.8323229532135394
ussak--sarki--sofyan--bir_perikizi--.txt,sarki,vocal,236,0.1574468085106383,13.358490566037736,0.03404255319148936,0.02661734654954984,-0.6913975768067895,0.037406217345156395,0.7180149233563393,0.7554211407014957
ussak--sarki--sofyan--gamzedeyim_deva--tatyos_efendi.txt,sarki,vocal,539,0.14869888475836432,15.39622641509434,0.0037174721189591076,-0.08365403245611791,-0.3490509577006416,-0.9847346647308016,0.2653969252445237,-0.7193377394862779
ussak--sarki--turkaksagi--hala_aciyor--serif_icli.txt,sarki,vocal,449,0.16741071428571427,16.9811320754717,0.017857142857142856,0.15221670717664185,-0.08278136506252656,-0.5081411978898291,0.2349980722391684,-0.27314312565066073
ussak--sarki--turkaksagi--hasret_dolu--serif_icli.txt,sarki,vocal,477,0.19117647058823528,9.962264150943396,0.0,0.45179438924210297,-1.2619752753170357,-1.1100362334777238,1.7137696645591387,0.6037334310814149
ussak--sarki--turkaksagi--yalniz_birakip--misirli_udi_ibrahim_efendi.txt,sarki,vocal,423,0.12322274881516587,14.037735849056604,0.016587677725118485,-0.4047917928832237,-0.57728203710474,-0.5509299444956035,0.17249024422151632,-0.3784397002740872
ussak--sarki--yuruksemai--affeyle_guhanim--enderuni_ali_bey.txt,sarki,vocal,484,0.13871635610766045,15.622641509433961,0.0,-0.20948814252029843,-0.31101244446662535,-1.1100362334777238,0.10152430194632692,-1.0085119315313968
ussak--sarki--yuruksemai--askin_ile--enderuni_ali_bey.txt,sarki,vocal,223,0.22972972972972974,19.0188679245283,0.013513513513513514,0.9377749683012595,0.25956525404362096,-0.6545480984382359,0.6782097142576385,0.023661615819402626
ussak--sarki--yuruksemai_ii--tifl-i_nazim--tanburi_ali_efendi.txt,sarki,vocal,402,0.09226932668329177,20.60377358490566,0.017456359102244388,-0.794973125058078,0.525834846681736,-0.5216500640252183,-1.320807971739814,-1.8424580357650324
ussak--sazsemaisi--aksaksemai----corci.txt,sazsemaisi,instrumental,774,0.17464424320827943,19.92452830188679,0.03234152652005175,0.2433984814989541,0.4117193069796866,-0.01992879515553409,-0.16832082548073252,-0.1882496206362666
ussak--sazsemaisi--aksaksemai----dede_salih_efendi.txt,sazsemaisi,instrumental,786,0.11082802547770701,16.9811320754717,0.04076433121019108,-0.5610326648341288,-0.08278136506252656,0.2639712872528588,-0.4782512997716023,-0.2142800125187435
ussak--sazsemaisi--aksaksemai----kantemiroglu.txt,sazsemaisi,instrumental,513,0.046875,17.88679245283019,0.060546875,-1.367188332249288,0.06937268787353908,0.9307641215624818,-1.436561020122827,-0.5057968985603452
ussak--sazsemaisi--aksaksemai----neyzen_aziz_dede.txt,sazsemaisi,instrumental,650,0.07704160246533127,18.11320754716981,0.040061633281972264,-0.9869252037665843,0.10741120110755534,0.24028606516014173,-1.0943364048741397,-0.854050339713998
ussak--tevsihilahi--evsat--bir_ismi_mustafa--dede_efendi.txt,tevsihilahi,vocal,150,0.20134228187919462,19.0188679245283,0.013422818791946308,0.5799388566048957,0.25956525404362096,-0.6576050657874942,0.3203736025612748,-0.33723146322621944
ussak--turku--aksak--findikli_bizim--.txt,turku,vocal,394,0.24427480916030533,14.037735849056604,0.027989821882951654,1.1211220129230894,-0.57728203710474,-0.16660788253079464,1.6984040500278295,1.5317961674970348
ussak--turku--aksak--kizilciklar_oldu--edirne-kesan.txt,turku,vocal,202,0.3482587064676617,7.9245283018867925,0.024875621890547265,2.431884209208268,-1.6043218944231836,-0.2715754873851341,4.036206103631452,3.764630616246318
ussak--turku--aksak--sari_gulum--.txt,turku,vocal,456,0.15824175824175823,15.39622641509434,0.041758241758241756,0.03663803323740452,-0.3490509577006416,0.29747215743550687,0.3856889909380461,0.6831611483735529
ussak--turku--aksak--su_dalmanin--aydin.txt,turku,vocal,89,0.4318181818181818,12.0,0.011363636363636364,3.4851876943348685,-0.9196286562108879,-0.7270121199217908,4.404816350545756,3.6778042306239653
ussak--turku--aksak--yangin_olur--.txt,turku,vocal,210,0.2583732057416268,12.0,0.0,1.2988384261905217,-0.9196286562108879,-1.1100362334777238,2.2184670824014097,1.1084308489236858
ussak--turku--bulgardarbi--oklavayim_paziyim--.txt,turku,vocal,172,0.22807017543859648,4.981132075471698,0.14035087719298245,0.9168555655492102,-2.098822566465397,3.6206475550025714,3.015678132014607,6.6363256870171785
ussak--turku--devrihindi--menteseli--konya.txt,turku,vocal,572,0.2732049036777583,14.037735849056604,0.0,1.4857984215822957,-0.57728203710474,-1.1100362334777238,2.0630804586870357,0.9530442252093119
ussak--turku--devrisureyyasofyani--su_dereden--.txt,turku,vocal,74,0.1506849315068493,14.037735849056604,0.0547945205479452,-0.05861905045044679,-0.57728203710474,0.7368745606549942,0.5186629866542932,1.2555375473092876
ussak--turku--duyek--bahceye_indim_ki--.txt,turku,vocal,440,0.21867881548974943,16.9811320754717,0.04783599088838269,0.7984733937763067,-0.08278136506252656,0.5023295110584134,0.8812547588388332,1.3835842698972467
ussak--turku--musemmen--su_kislanin--adana.txt,turku,vocal,300,0.1605351170568562,9.962264150943396,0.020066889632107024,0.06554681733945134,-1.2619752753170357,-0.43365920351942067,1.327522092656487,0.8938628891370664
ussak--turku--nimsofyan--ayva_cicek--.txt,turku,vocal,436,0.21149425287356322,14.943396226415095,0.0,0.7079088610169214,-0.4251279841686744,-1.1100362334777238,1.1330368451855959,0.023000611707872043
ussak--turku--nimsofyan--kadifeden_kesesi--.txt,turku,vocal,467,0.11802575107296137,14.943396226415095,0.0,-0.4703022070055761,-0.4251279841686744,-1.1100362334777238,-0.0451742228369017,-1.1552104563146255
ussak--turku--nimsofyan--sabahtan_kalktim--.txt,turku,vocal,452,0.14855875831485588,10.415094339622641,0.03325942350332594,-0.0854203871476319,-1.1858982488490029,0.011009952539641026,1.1004778617013709,1.1114878142410118
ussak--turku--nimsofyan--sarardim_ben--.txt,turku,vocal,702,0.16547788873038516,9.962264150943396,0.018544935805991442,0.12785260143004873,-1.2619752753170357,-0.48495836485006705,1.3898278767470844,0.9048695118970174
ussak--turku--nimsofyan--urfaliyam_ezelden--.txt,turku,vocal,358,0.24089635854341737,9.056603773584905,0.014005602240896359,1.0785351752943386,-1.4141293282531013,-0.637961695761728,2.4926645035474397,1.8547028077857117
ussak--turku--nimsofyan--yine_gam--.txt,turku,vocal,450,0.33407572383073497,7.9245283018867925,0.0400890868596882,2.2531015519656505,-1.6043218944231836,0.24121141879977717,3.857423446388834,4.098634865188611
ussak--turku--sofyan--eledim_eledim--erzurum.txt,turku,vocal,273,0.2757352941176471,7.018867924528302,0.04044117647058824,1.5176950922816446,-1.7564759473592493,0.25307899417721436,3.274171039640894,3.5272500338181083
ussak--turku--sofyan--kalenin_burcu_muyam--.txt,turku,vocal,412,0.2141119221411192,7.018867924528302,0.0,0.7409057192530396,-1.7564759473592493,-1.1100362334777238,2.4973816666122888,1.387345433134565
ussak--turku--sofyan--mevlam_bircok--malatya.txt,turku,vocal,400,0.3659147869674185,13.358490566037736,0.015037593984962405,2.6544467737296107,-0.6913975768067895,-0.6031772561405494,3.3458443505364004,2.742667094395851
ussak--turku--sofyan--sigaramin_dumani--.txt,turku,vocal,228,0.1894273127753304,7.018867924528302,0.004405286343612335,0.4297454951742482,-1.7564759473592493,-0.9615511145661727,2.1862214425334976,1.224670327967325
ussak--turku--sofyan--uzun_ince--asik_veysel.txt,turku,vocal,265,0.32575757575757575,12.0,0.003787878787878788,2.1482476820902794,-0.9196286562108879,-0.9823615289590795,3.067876338301167,2.0855148093420874
ussak--turku--turkaksagi--drama_koprusu--.txt,turku,vocal,300,0.19732441471571907,12.0,0.0,0.5292918956431168,-0.9196286562108879,-1.1100362334777238,1.4489205518540047,0.33888431837628086
ussak--turku--yuruksemai_ii--cilveloy--artvin.txt,turku,vocal,105,0.23076923076923078,7.018867924528302,0.0,0.9508783304646309,-1.7564759473592493,-1.1100362334777238,2.70735427782388,1.597318044346156
ussak--yuruksemai--yuruksemai--dila_cunem--diyarbakirli_mahmut_celebi.txt,yuruksemai,vocal,358,0.23249299719887956,19.92452830188679,0.06162464985994398,0.972607155116496,0.4117193069796866,0.9670917324726582,0.5608878481368094,1.5279795806094676
ussak--yuruksemai--yuruksemai--ol_sim-beden--tabi_mustafa_efendi.txt,yuruksemai,vocal,641,0.184375,15.39622641509434,0.05,0.3660588979106619,-0.3490509577006416,0.5752698661683816,0.7151098556113035,1.290379721779685
ussak--yuruksemai--yuruksemai--omrun_su--suleyman_erguner.txt,yuruksemai,vocal,558,0.19030520646319568,14.037735849056604,0.0,0.44081172646782935,-0.57728203710474,-1.1100362334777238,1.0180937635725693,-0.09194246990515453
vecdidil--pesrev--muhammes----ruhi_ayangil.txt,pesrev,instrumental,801,0.0875,26.037735849056602,0.03125,-0.85509255970203,1.4387591642981299,-0.05671992119890802,-2.29385172400016,-2.350571645199068
yegah--agirsemai--aksaksemai--piyale_elde--dellalzade_haci_ismail_efendi.txt,agirsemai,vocal,548,0.13528336380255943,21.962264150943398,0.04021937842778794,-0.25276250182194765,0.7540659260858348,0.24560304228879606,-1.0068284279077824,-0.7612253856189863
yegah--aranagme--aksak--1--.txt,aranagme,flagged,69,0.20588235294117646,15.39622641509434,0.014705882352941176,0.6371684245533276,-0.3490509577006416,-0.6143579688759282,0.9862193822539691,0.3718614133780409
yegah--beste--zencir--gonul_ki--dellalzade_haci_ismail_efendi.txt,beste,vocal,741,0.12297297297297298,20.37735849056604,0.07837837837837838,-0.4079403258769815,0.4877963334477197,1.5317949497513064,-0.8957366593247011,0.6360582904266052
yegah--pesrev--devrikebir----rauf_yekta.txt,pesrev,instrumental,336,0.12835820895522387,25.358490566037737,0.03283582089552239,-0.3400570869679338,1.324643624596081,-0.0032680486355054572,-1.664700711564015,-1.6679687601995203
yegah--sarki--agiraksak--bais_oldu--bolahenk_nuri_bey.txt,sarki,vocal,488,0.1375770020533881,22.18867924528302,0.01642710472279261,-0.2238501953111279,0.7921044393198511,-0.5563422377007693,-1.015954634630979,-1.5722968723317483
yegah--sarki--agirduyek--yok_mu--hatipzade_ibrahim_efendi.txt,sarki,vocal,502,0.11976047904191617,23.32075471698113,0.05389221556886228,-0.44843520738905324,0.9822970054899329,0.7064613589552041,-1.430732212878986,-0.724270853923782
yegah--sarki--aksak--a_benim--dellalzade_haci_ismail_efendi.txt,sarki,vocal,271,0.10740740740740741,24.0,0.06296296296296296,-0.6041510415307241,1.0964125451919824,1.0122010771877419,-1.7005635867227065,-0.6883625095349646
yegah--sarki--aksak--du_cesmim--sevki_bey.txt,sarki,vocal,174,0.23121387283236994,20.37735849056604,0.03468208092485549,0.9564832368235294,0.4877963334477197,0.05896221714385198,0.4686869033758097,0.5276491205196617
yegah--sarki--aksaksemai--benim_afet-i--dellalzade_haci_ismail_efendi.txt,sarki,vocal,182,0.08839779005524862,15.849056603773585,0.0055248618784530384,-0.8437755260545768,-0.27297393123260877,-0.923814565008541,-0.570801594821968,-1.494616159830509
yegah--sarki--curcuna--ne_yapsam--haci_faik_bey.txt,sarki,vocal,386,0.08831168831168831,23.32075471698113,0.033766233766233764,-0.844860875934852,0.9822970054899329,0.028092561088477064,-1.8271578814247849,-1.7990653203363078
yegah--sarki--devrihindi--sad_ol--rifat_bey.txt,sarki,vocal,396,0.11645569620253164,23.32075471698113,0.002531645569620253,-0.49009343068100497,0.9822970054899329,-1.0247042790652627,-1.472390436170938,-2.4970947152362006
yegah--sarki--devrihindi--vadin_unutma--latif_aga.txt,sarki,vocal,523,0.08237547892720307,20.37735849056604,0.034482758620689655,-0.9196893739225506,0.4877963334477197,0.05224383524372809,-1.4074857073702702,-1.3552418721265422
yegah--sarki--duyek--ay_buyurken--alaeddin_yavasca.txt,sarki,vocal,316,0.08571428571428572,23.32075471698113,0.050793650793650794,-0.8776022639898216,0.9822970054899329,0.6020207566389546,-1.8598992694797545,-1.2578785128407999
yegah--sarki--duyek--meclisi_vaslinda--ali_rifat_cagatay.txt,sarki,vocal,452,0.06651884700665188,24.0,0.0598669623059867,-1.1195691074204501,1.0964125451919824,0.9078469013535331,-2.2159816526124327,-1.3081347512588997
yegah--sarki--kapali_curcuna--mutad_edeli--sevki_bey.txt,sarki,vocal,344,0.16909620991253643,20.37735849056604,0.03206997084548105,0.17346311173399614,0.4877963334477197,-0.029081883850484283,-0.3143332217137236,-0.34341510556420785
yegah--sarki--kapali_curcuna--ruhlerin_ey--tanburi_ali_efendi.txt,sarki,vocal,227,0.17699115044247787,20.37735849056604,0.08849557522123894,0.27298226668525816,0.4877963334477197,1.8728064207631705,-0.21481406676246156,1.6579923540007089
yegah--sarki--nimsofyan--edersen_de--sevki_bey.txt,sarki,vocal,301,0.07666666666666666,22.41509433962264,0.013333333333333334,-0.9916514323812988,0.8301429525538673,-0.6606212735720957,-1.821794384935166,-2.4824156585072616
yegah--sazsemaisi--aksaksemai----neyzen_aziz_dede.txt,sazsemaisi,instrumental,391,0.08205128205128205,24.0,0.04358974358974359,-0.923776016375035,1.0964125451919824,0.3592049815983679,-2.0201885615670174,-1.6609835799686494
yeni_cargah--destan--turkaksagi--bir_gemi--.txt,destan,vocal,244,0.32098765432098764,14.943396226415095,0.102880658436214,2.0881207503226653,-0.4251279841686744,2.3576717904854556,2.5132487344913397,4.870920524976795
yeni_cargah--pesrev--devrikebir----.txt,pesrev,instrumental,76,0.05333333333333334,14.943396226415095,0.02666666666666667,-1.2857782350751081,-0.4251279841686744,-0.2112063136664676,-0.8606502509064338,-1.0718565645729015
yeni_cargah--sazeseri--sofyan--sinsin--bunyan.txt,sazeseri,instrumental,576,0.23478260869565218,14.037735849056604,0.0,1.0014687026432125,-0.57728203710474,-1.1100362334777238,1.5787507397479525,0.4687145062702287
yeni_cargah--turku--kapali_curcuna--giderim_yolum--.txt,turku,vocal,312,0.19292604501607716,12.0,0.09967845659163987,0.4738485349222165,-0.9196286562108879,2.24973798446628,1.3934771911331043,3.6432151755993845
yeni_cargah--turku--sofyan--bilmem_su--.txt,turku,vocal,364,0.23415977961432508,10.867924528301886,0.0,0.9936176715154069,-1.10982122238097,-1.1100362334777238,2.103438893896377,0.9934026604186532
yeni_cargah--turku--sofyan--halkali_seker--eskisehir.txt,turku,vocal,476,0.1431578947368421,9.962264150943396,0.01263157894736842,-0.15350061868991655,-1.2619752753170357,-0.6842746925144972,1.108474656627119,0.42419996411262184
zavil--agirsemai--aksaksemai--bulunmaz_nev-civansin--kucuk_mehmet_aga.txt,agirsemai,vocal,581,0.14482758620689656,14.943396226415095,0.03793103448275862,-0.1324534323939631,-0.4251279841686744,0.1684718421158733,0.29267455177471136,0.46114639389058465
zavil--pesrev--hafif----zeki_mehmet_aga.txt,pesrev,instrumental,656,0.0717557251908397,20.150943396226417,0.02748091603053435,-1.0535559830027876,0.4497578202137035,-0.1837611252752843,-1.503313803216491,-1.6870749284917752
zavil--sarki--semai--hub_sada--muallim_ismail_hakki_bey.txt,sarki,vocal,175,0.12643678160919541,18.11320754716981,0.06321839080459771,-0.3642775133348968,0.10741120110755534,1.0208105591782717,-0.4716887144424521,0.5491218447358196
zavil--turku--aksak--bahceye_bar--.txt,turku,vocal,402,0.22942643391521197,14.943396226415095,0.0,0.9339517928072084,-0.4251279841686744,-1.1100362334777238,1.359079776975883,0.24904354349815905
zavil--turku--sofyan--ela_gozlum_yiktin--sadettin_kaynak.txt,turku,vocal,303,0.152317880794702,19.0188679245283,0.052980132450331126,-0.03803501532199355,0.25956525404362096,0.6757185740943082,-0.2976002693656145,0.37811830472869373
zavil--turku--sofyan--uc_gun--.txt,turku,vocal,188,0.16042780748663102,14.943396226415095,0.0213903743315508,0.0641941335913609,-0.4251279841686744,-0.3890496667842029,0.4893221177600353,0.10027245097583243
zirefkend--pesrev--darbifetih----gazi_giray_han.txt,pesrev,instrumental,198,0.116751269035533,24.0,0.030456852791878174,-0.4863676067238404,1.0964125451919824,-0.08345383775420788,-1.5827801519158227,-1.6662339896700304
